2025-09-05 12:31:24,188 ; PT3S                                                         ; DEBUG   ; PT3S.dxAndMxHelperFcts.readDxAndMx: Start.
2025-09-05 12:31:24,190 ; PT3S                                                         ; DEBUG   ; Dx.__init__: Start.#########
2025-09-05 12:31:24,191 ; PT3S                                                         ; INFO    ; Dx.__init__: dbFile (abspath): c:\Users\aUserName\3S\PT3S\PT3S\Examples\Example5.db3 exists readable ...
2025-09-05 12:31:24,250 ; PT3S                                                         ; DEBUG   ; Dx.__init__: tableNames: ['AB_DEF', 'AGSN', 'ALLG', 'ALLG_BZ', 'ANTP', 'ANTP_ROWS', 'ARRW', 'ATMO', 'AVOS', 'AVOS_ROWS', 'BENUTZER', 'BEVE', 'BEVE_BZ', 'BEWI', 'BEWI_BZ', 'BREF', 'BZAG', 'BZAG_BZ', 'CIRC', 'CONT', 'CRGL', 'DATENEBENE', 'DPGR', 'DPGR_BZ', 'DPGR_DPKT', 'DPKT', 'DPKT_BZ', 'DPRG', 'DPRG_BZ', 'DRNP', 'DTRO', 'DTRO_ROWD', 'EBES', 'EBES_BZ', 'ELEMENTQUERY', 'ETAM', 'ETAM_ROWS', 'ETAR', 'ETAR_ROWS', 'ETAU', 'ETAU_ROWS', 'FKNL', 'FKNL_BZ', 'FQPS', 'FQPS_BZ', 'FSTF', 'FWBZ', 'FWEA', 'FWEA_BZ', 'FWES', 'FWES_BZ', 'FWVB', 'FWVB_BZ', 'FWWU', 'FWWU_BZ', 'GEOMETRY_COLUMNS', 'GKMP', 'GMIX', 'GRAV', 'GTXT', 'GVWK', 'GVWK_BZ', 'HAUS', 'HYDR', 'HYDR_BZ', 'KLAP', 'KLAP_BZ', 'KNOT', 'KNOT_BZ', 'KOMK', 'KOMK_ROWS', 'KOMP', 'KOMP_BZ', 'LAYR', 'LFAL', 'LFAL_BZ', 'LFKT', 'LFKT_ROWT', 'LTGR', 'MAPG', 'MAPG_ROWS', 'MODELL', 'MREG', 'MREG_BZ', 'NRCV', 'NSCH', 'NSCH_BZ', 'OBEH', 'OBEH_BZ', 'OVAL', 'PARI', 'PARI_BZ', 'PARV', 'PARZ', 'PARZ_BZ', 'PGPR', 'PGRP', 'PGRP_BZ', 'PGRP_PUMP', 'PGRP_PUMP_BZ', 'PHI1', 'PHI1_ROWT', 'PHI2', 'PHI2_ROWS', 'PHIV', 'PHIV_ROWS', 'PHTR', 'PHTR_BZ', 'PLYG', 'POLY', 'PREG', 'PREG_BZ', 'PROZESSE', 'PUMD', 'PUMD_ROWT', 'PUMK', 'PUMK_ROWS', 'PUMP', 'PUMP_BZ', 'PVAR', 'PVAR_ROWT', 'PZON', 'PZVR', 'PZVR_BZ', 'QVAR', 'QVAR_ROWT', 'RADD', 'RADD_BZ', 'RART', 'RART_BZ', 'RCON', 'RCPL', 'RCPL_ROWT', 'RDIV', 'RDIV_BZ', 'RECT', 'REGP', 'REGV', 'REGV_BZ', 'RFKT', 'RFKT_BZ', 'RHYS', 'RHYS_BZ', 'RINT', 'RINT_BZ', 'RLSR', 'RLSR_BZ', 'RLVG', 'RLVG_BZ', 'RMES', 'RMES_BZ', 'RMES_DPTS', 'RMES_DPTS_BZ', 'RMMA', 'RMMA_BZ', 'RMUL', 'RMUL_BZ', 'ROHR', 'ROHR_BZ', 'ROHR_VRTX', 'RPFL', 'RPID', 'RPID_BZ', 'RPLAN', 'RPLAN_ROWS', 'RPT1', 'RPT1_BZ', 'RRCT', 'RSLW', 'RSLW_BZ', 'RSTE', 'RSTE_BZ', 'RSTN', 'RSTN_BZ', 'RTOT', 'RTOT_BZ', 'RUES', 'RUES_BZ', 'SIRGRAF', 'SIVE', 'SIVE_BZ', 'SOKO', 'SPLZ', 'SRAT', 'SRAT_ROWS', 'STOF', 'STOF_ROWS', 'STRASSE', 'STRO', 'STRO_BZ', 'SWVT', 'SWVT_ROWT', 'SYSTEMKONFIG', 'TEVT', 'TEVT_ROWT', 'TFKT', 'TFKT_ROWS', 'TIMD', 'TRFT', 'TRFT_ROWS', 'TRVA', 'UTMP', 'VARA_ROWS', 'VENT', 'VENT_BZ', 'VERB', 'VKNO', 'VRCT', 'WBLZ', 'WEVT', 'WEVT_ROWT', 'WIND', 'WIND_BZ', 'WTTR', 'WTTR_ROWT', 'ZEP1', 'ZEP1_ROWS', 'ZEP2', 'ZEP2_ROWS', 'VARA']
2025-09-05 12:31:24,298 ; PT3S                                                         ; DEBUG   ; Dx.__init__: viewNames: ['VARRW', 'VFWES', 'VFWVB', 'VGTXT', 'VKLAP', 'VKNOT', 'VOBEH', 'VPOLY', 'VPUMP', 'VRECT', 'VREGV', 'VROHR', 'VVENT', 'VIEW_MODELLE']
2025-09-05 12:31:24,388 ; PT3S                                                         ; DEBUG   ; Dx.__init__: pair-tables: pairType: _BZ:
2025-09-05 12:31:24,525 ; PT3S                                                         ; DEBUG   ; Dx.__init__: BV: ALLG         BVZ: ALLG_BZ      V: V_BVZ_ALLG      constructed with        1 rows and  44 cols.
2025-09-05 12:31:24,582 ; PT3S                                                         ; DEBUG   ; Dx.__init__: BV: BEVE         BVZ: BEVE_BZ      V: V_BVZ_BEVE      constructed with        1 rows and  76 cols.
2025-09-05 12:31:24,621 ; PT3S                                                         ; DEBUG   ; Dx.__init__: BV: BEWI         BVZ: BEWI_BZ      V: V_BVZ_BEWI      constructed with        1 rows and  75 cols.
2025-09-05 12:31:24,633 ; PT3S                                                         ; DEBUG   ; Dx.__init__: BV: BZAG         BVZ: BZAG_BZ      V: V_BVZ_BZAG      constructed with        1 rows and  26 cols.
2025-09-05 12:31:24,652 ; PT3S                                                         ; DEBUG   ; Dx.__init__: BV: DPGR         BVZ: DPGR_BZ      V: V_BVZ_DPGR      constructed with       14 rows and  32 cols.
2025-09-05 12:31:24,826 ; PT3S                                                         ; DEBUG   ; Dx.__init__: BV: DPKT         BVZ: DPKT_BZ      V: V_BVZ_DPKT      constructed with     2774 rows and  49 cols.
2025-09-05 12:31:24,862 ; PT3S                                                         ; DEBUG   ; Dx.__init__: BV: DPRG         BVZ: DPRG_BZ      V: V_BVZ_DPRG      constructed with        1 rows and  72 cols.
2025-09-05 12:31:24,875 ; PT3S                                                         ; DEBUG   ; Dx.__init__: BV: EBES         BVZ: EBES_BZ      V: V_BVZ_EBES      constructed with        2 rows and  30 cols.
2025-09-05 12:31:24,899 ; PT3S                                                         ; DEBUG   ; Dx.__init__: BV: FKNL         BVZ: FKNL_BZ      V: V_BVZ_FKNL      constructed with        1 rows and  69 cols.
2025-09-05 12:31:24,908 ; PT3S                                                         ; DEBUG   ; Dx.__init__: BV: FQPS         BVZ: FQPS_BZ      V: V_BVZ_FQPS      constructed with        1 rows and  71 cols.
2025-09-05 12:31:24,956 ; PT3S                                                         ; DEBUG   ; Dx.__init__: BV: FWEA         BVZ: FWEA_BZ      V: V_BVZ_FWEA      constructed with        1 rows and 134 cols.
2025-09-05 12:31:24,979 ; PT3S                                                         ; DEBUG   ; Dx.__init__: BV: FWES         BVZ: FWES_BZ      V: V_BVZ_FWES      constructed with        2 rows and  60 cols.
2025-09-05 12:31:25,056 ; PT3S                                                         ; DEBUG   ; Dx.__init__: BV: FWVB         BVZ: FWVB_BZ      V: V_BVZ_FWVB      constructed with      657 rows and  83 cols.
2025-09-05 12:31:25,099 ; PT3S                                                         ; DEBUG   ; Dx.__init__: BV: FWWU         BVZ: FWWU_BZ      V: V_BVZ_FWWU      constructed with        1 rows and  93 cols.
2025-09-05 12:31:25,129 ; PT3S                                                         ; DEBUG   ; Dx.__init__: BV: GVWK         BVZ: GVWK_BZ      V: V_BVZ_GVWK      constructed with        1 rows and  67 cols.
2025-09-05 12:31:25,155 ; PT3S                                                         ; DEBUG   ; Dx.__init__: BV: HYDR         BVZ: HYDR_BZ      V: V_BVZ_HYDR      constructed with        1 rows and  58 cols.
2025-09-05 12:31:25,181 ; PT3S                                                         ; DEBUG   ; Dx.__init__: BV: KLAP         BVZ: KLAP_BZ      V: V_BVZ_KLAP      constructed with        5 rows and  56 cols.
2025-09-05 12:31:25,343 ; PT3S                                                         ; DEBUG   ; Dx.__init__: BV: KNOT         BVZ: KNOT_BZ      V: V_BVZ_KNOT      constructed with     1562 rows and  65 cols.
2025-09-05 12:31:25,384 ; PT3S                                                         ; DEBUG   ; Dx.__init__: BV: KOMP         BVZ: KOMP_BZ      V: V_BVZ_KOMP      constructed with        1 rows and  80 cols.
2025-09-05 12:31:25,398 ; PT3S                                                         ; DEBUG   ; Dx.__init__: BV: LFAL         BVZ: LFAL_BZ      V: V_BVZ_LFAL      constructed with        1 rows and  25 cols.
2025-09-05 12:31:25,438 ; PT3S                                                         ; DEBUG   ; Dx.__init__: BV: MREG         BVZ: MREG_BZ      V: V_BVZ_MREG      constructed with        1 rows and  73 cols.
2025-09-05 12:31:25,535 ; PT3S                                                         ; DEBUG   ; Dx.__init__: BV: NSCH         BVZ: NSCH_BZ      V: V_BVZ_NSCH      constructed with     1672 rows and  33 cols.
2025-09-05 12:31:25,576 ; PT3S                                                         ; DEBUG   ; Dx.__init__: BV: OBEH         BVZ: OBEH_BZ      V: V_BVZ_OBEH      constructed with        1 rows and  62 cols.
2025-09-05 12:31:25,595 ; PT3S                                                         ; DEBUG   ; Dx.__init__: BV: PARI         BVZ: PARI_BZ      V: V_BVZ_PARI      constructed with        1 rows and  31 cols.
2025-09-05 12:31:25,612 ; PT3S                                                         ; DEBUG   ; Dx.__init__: BV: PARZ         BVZ: PARZ_BZ      V: V_BVZ_PARZ      constructed with        1 rows and  28 cols.
2025-09-05 12:31:25,646 ; PT3S                                                         ; DEBUG   ; Dx.__init__: BV: PGRP         BVZ: PGRP_BZ      V: V_BVZ_PGRP      constructed with        2 rows and  61 cols.
2025-09-05 12:31:25,663 ; PT3S                                                         ; DEBUG   ; Dx.__init__: BV: PGRP_PUMP    BVZ: PGRP_PUMP_BZ V: V_BVZ_PGRP_PUMP constructed with        2 rows and  26 cols.
2025-09-05 12:31:25,709 ; PT3S                                                         ; DEBUG   ; Dx.__init__: BV: PHTR         BVZ: PHTR_BZ      V: V_BVZ_PHTR      constructed with        1 rows and  65 cols.
2025-09-05 12:31:25,757 ; PT3S                                                         ; DEBUG   ; Dx.__init__: BV: PREG         BVZ: PREG_BZ      V: V_BVZ_PREG      constructed with        1 rows and  71 cols.
2025-09-05 12:31:25,822 ; PT3S                                                         ; DEBUG   ; Dx.__init__: BV: PUMP         BVZ: PUMP_BZ      V: V_BVZ_PUMP      constructed with        3 rows and 142 cols.
2025-09-05 12:31:25,842 ; PT3S                                                         ; DEBUG   ; Dx.__init__: BV: PZVR         BVZ: PZVR_BZ      V: V_BVZ_PZVR      constructed with        1 rows and  30 cols.
2025-09-05 12:31:25,887 ; PT3S                                                         ; DEBUG   ; Dx.__init__: BV: RADD         BVZ: RADD_BZ      V: V_BVZ_RADD      constructed with        2 rows and  42 cols.
2025-09-05 12:31:25,910 ; PT3S                                                         ; DEBUG   ; Dx.__init__: BV: RART         BVZ: RART_BZ      V: V_BVZ_RART      constructed with       11 rows and  35 cols.
2025-09-05 12:31:25,938 ; PT3S                                                         ; DEBUG   ; Dx.__init__: BV: RDIV         BVZ: RDIV_BZ      V: V_BVZ_RDIV      constructed with        1 rows and  56 cols.
2025-09-05 12:31:25,972 ; PT3S                                                         ; DEBUG   ; Dx.__init__: BV: REGV         BVZ: REGV_BZ      V: V_BVZ_REGV      constructed with        1 rows and  55 cols.
2025-09-05 12:31:25,989 ; PT3S                                                         ; DEBUG   ; Dx.__init__: BV: RFKT         BVZ: RFKT_BZ      V: V_BVZ_RFKT      constructed with        1 rows and  57 cols.
2025-09-05 12:31:26,022 ; PT3S                                                         ; DEBUG   ; Dx.__init__: BV: RHYS         BVZ: RHYS_BZ      V: V_BVZ_RHYS      constructed with        2 rows and  45 cols.
2025-09-05 12:31:26,038 ; PT3S                                                         ; DEBUG   ; Dx.__init__: BV: RINT         BVZ: RINT_BZ      V: V_BVZ_RINT      constructed with        1 rows and  56 cols.
2025-09-05 12:31:26,065 ; PT3S                                                         ; DEBUG   ; Dx.__init__: BV: RLSR         BVZ: RLSR_BZ      V: V_BVZ_RLSR      constructed with        1 rows and  54 cols.
2025-09-05 12:31:26,088 ; PT3S                                                         ; DEBUG   ; Dx.__init__: BV: RLVG         BVZ: RLVG_BZ      V: V_BVZ_RLVG      constructed with       14 rows and  42 cols.
2025-09-05 12:31:26,131 ; PT3S                                                         ; DEBUG   ; Dx.__init__: BV: RMES         BVZ: RMES_BZ      V: V_BVZ_RMES      constructed with       12 rows and  52 cols.
2025-09-05 12:31:26,146 ; PT3S                                                         ; DEBUG   ; Dx.__init__: BV: RMES_DPTS    BVZ: RMES_DPTS_BZ V: V_BVZ_RMES_DPTS constructed with       23 rows and  29 cols.
2025-09-05 12:31:26,157 ; PT3S                                                         ; DEBUG   ; Dx.__init__: BV: RMMA         BVZ: RMMA_BZ      V: V_BVZ_RMMA      constructed with        1 rows and  55 cols.
2025-09-05 12:31:26,192 ; PT3S                                                         ; DEBUG   ; Dx.__init__: BV: RMUL         BVZ: RMUL_BZ      V: V_BVZ_RMUL      constructed with        1 rows and  43 cols.
2025-09-05 12:31:26,312 ; PT3S                                                         ; DEBUG   ; Dx.__init__: BV: ROHR         BVZ: ROHR_BZ      V: V_BVZ_ROHR      constructed with     1675 rows and  74 cols.
2025-09-05 12:31:26,338 ; PT3S                                                         ; DEBUG   ; Dx.__init__: BV: RPID         BVZ: RPID_BZ      V: V_BVZ_RPID      constructed with        1 rows and  63 cols.
2025-09-05 12:31:26,355 ; PT3S                                                         ; DEBUG   ; Dx.__init__: BV: RPT1         BVZ: RPT1_BZ      V: V_BVZ_RPT1      constructed with        1 rows and  56 cols.
2025-09-05 12:31:26,396 ; PT3S                                                         ; DEBUG   ; Dx.__init__: BV: RSLW         BVZ: RSLW_BZ      V: V_BVZ_RSLW      constructed with       17 rows and  50 cols.
2025-09-05 12:31:26,436 ; PT3S                                                         ; DEBUG   ; Dx.__init__: BV: RSTE         BVZ: RSTE_BZ      V: V_BVZ_RSTE      constructed with        1 rows and 104 cols.
2025-09-05 12:31:26,654 ; PT3S                                                         ; DEBUG   ; Dx.__init__: BV: RSTN         BVZ: RSTN_BZ      V: V_BVZ_RSTN      constructed with       20 rows and  77 cols.
2025-09-05 12:31:26,674 ; PT3S                                                         ; DEBUG   ; Dx.__init__: BV: RTOT         BVZ: RTOT_BZ      V: V_BVZ_RTOT      constructed with        1 rows and  55 cols.
2025-09-05 12:31:26,710 ; PT3S                                                         ; DEBUG   ; Dx.__init__: BV: RUES         BVZ: RUES_BZ      V: V_BVZ_RUES      constructed with      104 rows and  43 cols.
2025-09-05 12:31:26,734 ; PT3S                                                         ; DEBUG   ; Dx.__init__: BV: SIVE         BVZ: SIVE_BZ      V: V_BVZ_SIVE      constructed with        1 rows and  70 cols.
2025-09-05 12:31:26,758 ; PT3S                                                         ; DEBUG   ; Dx.__init__: BV: STRO         BVZ: STRO_BZ      V: V_BVZ_STRO      constructed with        1 rows and  72 cols.
2025-09-05 12:31:26,806 ; PT3S                                                         ; DEBUG   ; Dx.__init__: BV: VENT         BVZ: VENT_BZ      V: V_BVZ_VENT      constructed with      119 rows and  69 cols.
2025-09-05 12:31:26,826 ; PT3S                                                         ; DEBUG   ; Dx.__init__: BV: WIND         BVZ: WIND_BZ      V: V_BVZ_WIND      constructed with        1 rows and  76 cols.
2025-09-05 12:31:26,831 ; PT3S                                                         ; DEBUG   ; Dx.__init__: pair-tables: pairType: _ROWS:
2025-09-05 12:31:26,838 ; PT3S                                                         ; DEBUG   ; Dx.__init__: BV: ANTP         BVZ: ANTP_ROWS    V: V_BVZ_ANTP      constructed with        1 rows and  43 cols.
2025-09-05 12:31:26,868 ; PT3S                                                         ; DEBUG   ; Dx.__init__: BV: AVOS         BVZ: AVOS_ROWS    V: V_BVZ_AVOS      constructed with        3 rows and  43 cols.
2025-09-05 12:31:26,887 ; PT3S                                                         ; DEBUG   ; Dx.__init__: BV: ETAM         BVZ: ETAM_ROWS    V: V_BVZ_ETAM      constructed with        7 rows and  43 cols.
2025-09-05 12:31:26,905 ; PT3S                                                         ; DEBUG   ; Dx.__init__: BV: ETAR         BVZ: ETAR_ROWS    V: V_BVZ_ETAR      constructed with        7 rows and  43 cols.
2025-09-05 12:31:26,933 ; PT3S                                                         ; DEBUG   ; Dx.__init__: BV: ETAU         BVZ: ETAU_ROWS    V: V_BVZ_ETAU      constructed with        7 rows and  43 cols.
2025-09-05 12:31:26,956 ; PT3S                                                         ; DEBUG   ; Dx.__init__: BV: KOMK         BVZ: KOMK_ROWS    V: V_BVZ_KOMK      constructed with        1 rows and  53 cols.
2025-09-05 12:31:26,991 ; PT3S                                                         ; DEBUG   ; Dx.__init__: BV: MAPG         BVZ: MAPG_ROWS    V: V_BVZ_MAPG      constructed with        1 rows and  60 cols.
2025-09-05 12:31:27,022 ; PT3S                                                         ; DEBUG   ; Dx.__init__: BV: PHI2         BVZ: PHI2_ROWS    V: V_BVZ_PHI2      constructed with        8 rows and  44 cols.
2025-09-05 12:31:27,051 ; PT3S                                                         ; DEBUG   ; Dx.__init__: BV: PHIV         BVZ: PHIV_ROWS    V: V_BVZ_PHIV      constructed with       18 rows and  43 cols.
2025-09-05 12:31:27,083 ; PT3S                                                         ; DEBUG   ; Dx.__init__: BV: PUMK         BVZ: PUMK_ROWS    V: V_BVZ_PUMK      constructed with       40 rows and  49 cols.
2025-09-05 12:31:27,112 ; PT3S                                                         ; DEBUG   ; Dx.__init__: BV: RPLAN        BVZ: RPLAN_ROWS   V: V_BVZ_RPLAN     constructed with        1 rows and  54 cols.
2025-09-05 12:31:27,142 ; PT3S                                                         ; DEBUG   ; Dx.__init__: BV: SRAT         BVZ: SRAT_ROWS    V: V_BVZ_SRAT      constructed with      203 rows and  44 cols.
2025-09-05 12:31:27,168 ; PT3S                                                         ; DEBUG   ; Dx.__init__: BV: STOF         BVZ: STOF_ROWS    V: V_BVZ_STOF      constructed with      201 rows and  47 cols.
2025-09-05 12:31:27,188 ; PT3S                                                         ; DEBUG   ; Dx.__init__: BV: TFKT         BVZ: TFKT_ROWS    V: V_BVZ_TFKT      constructed with      116 rows and  43 cols.
2025-09-05 12:31:27,208 ; PT3S                                                         ; DEBUG   ; Dx.__init__: BV: TRFT         BVZ: TRFT_ROWS    V: V_BVZ_TRFT      constructed with        2 rows and  43 cols.
2025-09-05 12:31:27,227 ; PT3S                                                         ; DEBUG   ; Dx.__init__: BV: VARA         BVZ: VARA_ROWS    V: V_BVZ_VARA      constructed with        5 rows and  63 cols.
2025-09-05 12:31:27,242 ; PT3S                                                         ; DEBUG   ; Dx.__init__: BV: ZEP1         BVZ: ZEP1_ROWS    V: V_BVZ_ZEP1      constructed with       45 rows and  46 cols.
2025-09-05 12:31:27,258 ; PT3S                                                         ; DEBUG   ; Dx.__init__: BV: ZEP2         BVZ: ZEP2_ROWS    V: V_BVZ_ZEP2      constructed with       79 rows and  48 cols.
2025-09-05 12:31:27,258 ; PT3S                                                         ; DEBUG   ; Dx.__init__: pair-tables: pairType: _ROWT:
2025-09-05 12:31:27,284 ; PT3S                                                         ; DEBUG   ; Dx.__init__: BV: LFKT         BVZ: LFKT_ROWT    V: V_BVZ_LFKT      constructed with       20 rows and  38 cols.
2025-09-05 12:31:27,301 ; PT3S                                                         ; DEBUG   ; Dx.__init__: BV: PHI1         BVZ: PHI1_ROWT    V: V_BVZ_PHI1      constructed with        4 rows and  38 cols.
2025-09-05 12:31:27,305 ; PT3S                                                         ; DEBUG   ; Dx.__init__: BV: PUMD         BVZ: PUMD_ROWT    V: V_BVZ_PUMD      constructed with        2 rows and  38 cols.
2025-09-05 12:31:27,331 ; PT3S                                                         ; DEBUG   ; Dx.__init__: BV: PVAR         BVZ: PVAR_ROWT    V: V_BVZ_PVAR      constructed with        1 rows and  38 cols.
2025-09-05 12:31:27,349 ; PT3S                                                         ; DEBUG   ; Dx.__init__: BV: QVAR         BVZ: QVAR_ROWT    V: V_BVZ_QVAR      constructed with        1 rows and  38 cols.
2025-09-05 12:31:27,361 ; PT3S                                                         ; DEBUG   ; PT3S.Dx.fHelperCONTetc: pairType ROWT: df RCPL hat keine Spalte ZEIT? Keine Sortierung nach Zeit.
2025-09-05 12:31:27,363 ; PT3S                                                         ; DEBUG   ; Dx.__init__: BV: RCPL         BVZ: RCPL_ROWT    V: V_BVZ_RCPL      constructed with        3 rows and  13 cols.
2025-09-05 12:31:27,379 ; PT3S                                                         ; DEBUG   ; Dx.__init__: BV: SWVT         BVZ: SWVT_ROWT    V: V_BVZ_SWVT      constructed with      316 rows and  38 cols.
2025-09-05 12:31:27,401 ; PT3S                                                         ; DEBUG   ; Dx.__init__: BV: TEVT         BVZ: TEVT_ROWT    V: V_BVZ_TEVT      constructed with        2 rows and  38 cols.
2025-09-05 12:31:27,420 ; PT3S                                                         ; DEBUG   ; Dx.__init__: BV: WEVT         BVZ: WEVT_ROWT    V: V_BVZ_WEVT      constructed with        1 rows and  38 cols.
2025-09-05 12:31:27,437 ; PT3S                                                         ; DEBUG   ; Dx.__init__: BV: WTTR         BVZ: WTTR_ROWT    V: V_BVZ_WTTR      constructed with        0 rows and  45 cols.
2025-09-05 12:31:27,437 ; PT3S                                                         ; DEBUG   ; Dx.__init__: pair-tables: pairType: _ROWD:
2025-09-05 12:31:27,462 ; PT3S                                                         ; DEBUG   ; Dx.__init__: BV: DTRO         BVZ: DTRO_ROWD    V: V_BVZ_DTRO      constructed with       75 rows and  55 cols.
2025-09-05 12:31:27,462 ; PT3S                                                         ; DEBUG   ; Dx.__init__: tables which are not pair-tables:
2025-09-05 12:31:27,464 ; PT3S                                                         ; DEBUG   ; Dx.__init__: table: AB_DEF           V: V_AB_DEF             constructed with        1 rows and  16 cols.
2025-09-05 12:31:27,474 ; PT3S                                                         ; DEBUG   ; Dx.__init__: table: AGSN             V: V_AGSN               constructed with        2 rows and  37 cols.
2025-09-05 12:31:27,491 ; PT3S                                                         ; DEBUG   ; Dx.__init__: table: ARRW             V: V_ARRW               constructed with        5 rows and  52 cols.
2025-09-05 12:31:27,499 ; PT3S                                                         ; DEBUG   ; Dx.__init__: table: ATMO             V: V_ATMO               constructed with        2 rows and  37 cols.
2025-09-05 12:31:27,505 ; PT3S                                                         ; DEBUG   ; Dx.__init__: table: BENUTZER         V: V_BENUTZER           constructed with        0 rows and  26 cols.
2025-09-05 12:31:27,518 ; PT3S                                                         ; DEBUG   ; Dx.__init__: table: BREF             V: V_BREF               constructed with        1 rows and  52 cols.
2025-09-05 12:31:27,529 ; PT3S                                                         ; DEBUG   ; Dx.__init__: table: CIRC             V: V_CIRC               constructed with        1 rows and  52 cols.
2025-09-05 12:31:27,543 ; PT3S                                                         ; DEBUG   ; Dx.__init__: table: CONT             V: V_CONT               constructed with       15 rows and  41 cols.
2025-09-05 12:31:27,576 ; PT3S                                                         ; DEBUG   ; Dx.__init__: table: CRGL             V: V_CRGL               constructed with      111 rows and  53 cols.
2025-09-05 12:31:27,576 ; PT3S                                                         ; DEBUG   ; Dx.__init__: table: DATENEBENE       V: V_DATENEBENE         constructed with        4 rows and  11 cols.
2025-09-05 12:31:27,629 ; PT3S                                                         ; DEBUG   ; Dx.__init__: table: DPGR_DPKT        V: V_DPGR_DPKT          constructed with     3233 rows and  34 cols.
2025-09-05 12:31:27,635 ; PT3S                                                         ; DEBUG   ; Dx.__init__: table: DRNP             V: V_DRNP               constructed with        2 rows and  38 cols.
2025-09-05 12:31:27,638 ; PT3S                                                         ; DEBUG   ; Dx.__init__: table: ELEMENTQUERY     V: V_ELEMENTQUERY       constructed with       57 rows and  36 cols.
2025-09-05 12:31:27,655 ; PT3S                                                         ; DEBUG   ; Dx.__init__: table: FSTF             V: V_FSTF               constructed with        2 rows and  51 cols.
2025-09-05 12:31:27,663 ; PT3S                                                         ; DEBUG   ; Dx.__init__: table: FWBZ             V: V_FWBZ               constructed with        2 rows and  40 cols.
2025-09-05 12:31:27,666 ; PT3S                                                         ; DEBUG   ; Dx.__init__: table: GEOMETRY_COLUMNS V: V_GEOMETRY_COLUMNS   constructed with       13 rows and   7 cols.
2025-09-05 12:31:27,676 ; PT3S                                                         ; DEBUG   ; Dx.__init__: table: GKMP             V: V_GKMP               constructed with        1 rows and  55 cols.
2025-09-05 12:31:27,692 ; PT3S                                                         ; DEBUG   ; Dx.__init__: table: GMIX             V: V_GMIX               constructed with        1 rows and  80 cols.
2025-09-05 12:31:27,699 ; PT3S                                                         ; DEBUG   ; Dx.__init__: table: GRAV             V: V_GRAV               constructed with        2 rows and  35 cols.
2025-09-05 12:31:27,751 ; PT3S                                                         ; DEBUG   ; Dx.__init__: table: GTXT             V: V_GTXT               constructed with      123 rows and  54 cols.
2025-09-05 12:31:27,762 ; PT3S                                                         ; DEBUG   ; Dx.__init__: table: HAUS             V: V_HAUS               constructed with        1 rows and  43 cols.
2025-09-05 12:31:27,772 ; PT3S                                                         ; DEBUG   ; Dx.__init__: table: LAYR             V: V_LAYR               constructed with       21 rows and  38 cols.
2025-09-05 12:31:27,776 ; PT3S                                                         ; DEBUG   ; Dx.__init__: table: LTGR             V: V_LTGR               constructed with        4 rows and  38 cols.
2025-09-05 12:31:27,776 ; PT3S                                                         ; DEBUG   ; Dx.__init__: table: MODELL           V: V_MODELL             constructed with        1 rows and  18 cols.
2025-09-05 12:31:27,855 ; PT3S                                                         ; DEBUG   ; Dx.__init__: table: NRCV             V: V_NRCV               constructed with      420 rows and  61 cols.
2025-09-05 12:31:27,868 ; PT3S                                                         ; DEBUG   ; Dx.__init__: table: OVAL             V: V_OVAL               constructed with        1 rows and  52 cols.
2025-09-05 12:31:27,878 ; PT3S                                                         ; DEBUG   ; Dx.__init__: table: PARV             V: V_PARV               constructed with        2 rows and  45 cols.
2025-09-05 12:31:27,884 ; PT3S                                                         ; DEBUG   ; Dx.__init__: table: PGPR             V: V_PGPR               constructed with        2 rows and  36 cols.
2025-09-05 12:31:27,905 ; PT3S                                                         ; DEBUG   ; Dx.__init__: table: PLYG             V: V_PLYG               constructed with        1 rows and  53 cols.
2025-09-05 12:31:27,932 ; PT3S                                                         ; DEBUG   ; Dx.__init__: table: POLY             V: V_POLY               constructed with       12 rows and  53 cols.
2025-09-05 12:31:27,936 ; PT3S                                                         ; DEBUG   ; Dx.__init__: table: PROZESSE         V: V_PROZESSE           constructed with        0 rows and  21 cols.
2025-09-05 12:31:27,945 ; PT3S                                                         ; DEBUG   ; Dx.__init__: table: PZON             V: V_PZON               constructed with       27 rows and  43 cols.
2025-09-05 12:31:27,952 ; PT3S                                                         ; DEBUG   ; Dx.__init__: table: RCON             V: V_RCON               constructed with        2 rows and  35 cols.
2025-09-05 12:31:27,965 ; PT3S                                                         ; DEBUG   ; Dx.__init__: table: RECT             V: V_RECT               constructed with        5 rows and  52 cols.
2025-09-05 12:31:27,972 ; PT3S                                                         ; DEBUG   ; Dx.__init__: table: REGP             V: V_REGP               constructed with        2 rows and  34 cols.
2025-09-05 12:31:27,976 ; PT3S                                                         ; DEBUG   ; Dx.__init__: table: ROHR_VRTX        V: V_ROHR_VRTX          constructed with        1 rows and  36 cols.
2025-09-05 12:31:27,992 ; PT3S                                                         ; DEBUG   ; Dx.__init__: table: RPFL             V: V_RPFL               constructed with        1 rows and  52 cols.
2025-09-05 12:31:28,005 ; PT3S                                                         ; DEBUG   ; Dx.__init__: table: RRCT             V: V_RRCT               constructed with        1 rows and  52 cols.
2025-09-05 12:31:28,018 ; PT3S                                                         ; DEBUG   ; Dx.__init__: table: SIRGRAF          V: V_SIRGRAF            constructed with        2 rows and  67 cols.
2025-09-05 12:31:28,029 ; PT3S                                                         ; DEBUG   ; Dx.__init__: table: SOKO             V: V_SOKO               constructed with       26 rows and  69 cols.
2025-09-05 12:31:28,039 ; PT3S                                                         ; DEBUG   ; Dx.__init__: table: SPLZ             V: V_SPLZ               constructed with       16 rows and  44 cols.
2025-09-05 12:31:28,045 ; PT3S                                                         ; DEBUG   ; Dx.__init__: table: STRASSE          V: V_STRASSE            constructed with        1 rows and  37 cols.
2025-09-05 12:31:28,047 ; PT3S                                                         ; DEBUG   ; Dx.__init__: table: SYSTEMKONFIG     V: V_SYSTEMKONFIG       constructed with        4 rows and   4 cols.
2025-09-05 12:31:28,055 ; PT3S                                                         ; DEBUG   ; Dx.__init__: table: TIMD             V: V_TIMD               constructed with        2 rows and  40 cols.
2025-09-05 12:31:28,062 ; PT3S                                                         ; DEBUG   ; Dx.__init__: table: TRVA             V: V_TRVA               constructed with        2 rows and  45 cols.
2025-09-05 12:31:28,062 ; PT3S                                                         ; DEBUG   ; Dx.__init__: table: UTMP             V: V_UTMP               constructed with        2 rows and  35 cols.
2025-09-05 12:31:28,072 ; PT3S                                                         ; DEBUG   ; Dx.__init__: table: VARA             V: V_VARA               constructed with        3 rows and  35 cols.
2025-09-05 12:31:28,084 ; PT3S                                                         ; DEBUG   ; Dx.__init__: table: VERB             V: V_VERB               constructed with        2 rows and  74 cols.
2025-09-05 12:31:28,118 ; PT3S                                                         ; DEBUG   ; Dx.__init__: table: VKNO             V: V_VKNO               constructed with      216 rows and  54 cols.
2025-09-05 12:31:28,121 ; PT3S                                                         ; DEBUG   ; Dx.__init__: table: VRCT             V: V_VRCT               constructed with        1 rows and  37 cols.
2025-09-05 12:31:28,128 ; PT3S                                                         ; DEBUG   ; Dx.__init__: table: WBLZ             V: V_WBLZ               constructed with       27 rows and  39 cols.
2025-09-05 12:31:28,128 ; PT3S                                                         ; DEBUG   ; Dx._dfLAYR: Start.
2025-09-05 12:31:28,128 ; PT3S                                                         ; DEBUG   ; PT3S.dxDecodeObjsData.Layr: Start.
2025-09-05 12:31:30,707 ; PT3S                                                         ; DEBUG   ; PT3S.dxDecodeObjsData.Layr: _Done.
2025-09-05 12:31:30,737 ; PT3S                                                         ; DEBUG   ; Dx._dfLAYR: _Done.
2025-09-05 12:31:30,737 ; PT3S                                                         ; DEBUG   ; Dx.__init__: expanding V_BVZ_ROHR with NAME_DTRO, DN, DI, DA, S, KT, PN, Am2, Vm3 ...
2025-09-05 12:31:30,772 ; PT3S                                                         ; DEBUG   ; Dx.__init__: expanding V_BVZ_ROHR: rows before: 1675 rows now: 1675
2025-09-05 12:31:30,785 ; PT3S                                                         ; DEBUG   ; Dx.__init__: V3_ROHR: expanding V_BVZ_ROHR with  NAME_LTGR, NAME_STRASSE, tk_i, NAME_i, tk_k, NAME_k ...
2025-09-05 12:31:30,817 ; PT3S                                                         ; DEBUG   ; Dx.__init__: V3_SWVT: expanding V_BVZ_SWVT ...
2025-09-05 12:31:30,817 ; PT3S                                                         ; DEBUG   ; Dx.__init__: vSWVT handA: ZEIT und/oder W sind Null?!: ZEIT: nan W: 0.0: Null-Wert(e) wird (werden) auf 0. gesetzt.
2025-09-05 12:31:30,817 ; PT3S                                                         ; DEBUG   ; Dx.__init__: vSWVT wDH_RD_A: ZEIT und/oder W sind Null?!: ZEIT: nan W: 4.199999809265137: Null-Wert(e) wird (werden) auf 0. gesetzt.
2025-09-05 12:31:30,817 ; PT3S                                                         ; DEBUG   ; Dx.__init__: vSWVT wNA: ZEIT und/oder W sind Null?!: ZEIT: nan W: 1525.0: Null-Wert(e) wird (werden) auf 0. gesetzt.
2025-09-05 12:31:30,820 ; PT3S                                                         ; DEBUG   ; Dx.__init__: vSWVT wDH_MD_A: ZEIT und/oder W sind Null?!: ZEIT: nan W: 6.980000019073486: Null-Wert(e) wird (werden) auf 0. gesetzt.
2025-09-05 12:31:30,820 ; PT3S                                                         ; DEBUG   ; Dx.__init__: vSWVT wNB: ZEIT und/oder W sind Null?!: ZEIT: nan W: 1255.0: Null-Wert(e) wird (werden) auf 0. gesetzt.
2025-09-05 12:31:30,821 ; PT3S                                                         ; DEBUG   ; Dx.__init__: vSWVT zLeck_RL: ZEIT und/oder W sind Null?!: ZEIT: nan W: 0.0: Null-Wert(e) wird (werden) auf 0. gesetzt.
2025-09-05 12:31:30,821 ; PT3S                                                         ; DEBUG   ; Dx.__init__: vSWVT wLast: ZEIT und/oder W sind Null?!: ZEIT: nan W: 0.9092400074005127: Null-Wert(e) wird (werden) auf 0. gesetzt.
2025-09-05 12:31:30,821 ; PT3S                                                         ; DEBUG   ; Dx.__init__: vSWVT zLeck3: ZEIT und/oder W sind Null?!: ZEIT: nan W: 0.0: Null-Wert(e) wird (werden) auf 0. gesetzt.
2025-09-05 12:31:30,821 ; PT3S                                                         ; DEBUG   ; Dx.__init__: vSWVT zLeckMenge: ZEIT und/oder W sind Null?!: ZEIT: nan W: 0.0: Null-Wert(e) wird (werden) auf 0. gesetzt.
2025-09-05 12:31:30,821 ; PT3S                                                         ; DEBUG   ; Dx.__init__: vSWVT wAutoA: ZEIT und/oder W sind Null?!: ZEIT: nan W: 1.0: Null-Wert(e) wird (werden) auf 0. gesetzt.
2025-09-05 12:31:30,822 ; PT3S                                                         ; DEBUG   ; Dx.__init__: vSWVT zLeck2: ZEIT und/oder W sind Null?!: ZEIT: nan W: 0.0: Null-Wert(e) wird (werden) auf 0. gesetzt.
2025-09-05 12:31:30,822 ; PT3S                                                         ; DEBUG   ; Dx.__init__: vSWVT handB: ZEIT und/oder W sind Null?!: ZEIT: nan W: 0.0: Null-Wert(e) wird (werden) auf 0. gesetzt.
2025-09-05 12:31:30,822 ; PT3S                                                         ; DEBUG   ; Dx.__init__: vSWVT wDH_BA_A: ZEIT und/oder W sind Null?!: ZEIT: nan W: 0.0: Null-Wert(e) wird (werden) auf 0. gesetzt.
2025-09-05 12:31:30,822 ; PT3S                                                         ; DEBUG   ; Dx.__init__: vSWVT zLeck_VL: ZEIT und/oder W sind Null?!: ZEIT: nan W: 0.0: Null-Wert(e) wird (werden) auf 0. gesetzt.
2025-09-05 12:31:30,822 ; PT3S                                                         ; DEBUG   ; Dx.__init__: vSWVT wAutoB: ZEIT und/oder W sind Null?!: ZEIT: nan W: 1849.0: Null-Wert(e) wird (werden) auf 0. gesetzt.
2025-09-05 12:31:30,822 ; PT3S                                                         ; DEBUG   ; Dx.__init__: vSWVT wTRSP: ZEIT und/oder W sind Null?!: ZEIT: nan W: 55.0: Null-Wert(e) wird (werden) auf 0. gesetzt.
2025-09-05 12:31:30,822 ; PT3S                                                         ; DEBUG   ; Dx.__init__: vSWVT zLeck1: ZEIT und/oder W sind Null?!: ZEIT: nan W: 0.0: Null-Wert(e) wird (werden) auf 0. gesetzt.
2025-09-05 12:31:30,831 ; PT3S                                                         ; DEBUG   ; Dx.__init__: V3_ROWT: combining ROWT_tables like V_BVZ_LFKT, V_BVZ_PVAR, ...
2025-09-05 12:31:30,843 ; PT3S                                                         ; DEBUG   ; Dx.__init__: V3_TFKT: ...
2025-09-05 12:31:30,849 ; PT3S                                                         ; DEBUG   ; Dx.__init__: V3_RSLW_SWVT: combining RSLW and SWVT ...
2025-09-05 12:31:30,855 ; PT3S                                                         ; DEBUG   ; Dx.__init__: V3_KNOT: expanding V_BVZ_KNOT with XKOR, YKOR, NAME_LFKT, NAME_PVAR, NAME_PZON,NAME_QVAR,NAME_UTMP,NAME_FSTF,NAME_FQPS ...
2025-09-05 12:31:30,905 ; PT3S                                                         ; DEBUG   ; Dx.__init__:  Converting and creating geometry with x, y coordinates for nodes successful
2025-09-05 12:31:30,978 ; PT3S                                                         ; DEBUG   ; Dx.__init__: V3_FWVB: expanding V_BVZ_FWVB with NAME_LFKT, NAME_ZEP1VL, NAME_ZEP1RL, NAME_TEVT, NAME_TRFT, tk_i, NAME_i, tk_k, NAME_k, ...
2025-09-05 12:31:31,008 ; PT3S                                                         ; DEBUG   ; Dx.__init__: V3_:ROHR,KNOT,FWVB: filterTemplateObjects ...
2025-09-05 12:31:31,008 ; PT3S                                                         ; DEBUG   ; Dx._filterTemplateObjects: Start.
2025-09-05 12:31:31,020 ; PT3S                                                         ; DEBUG   ; Dx._filterTemplateObjects: V3_KNOT: Zeilen vorher: 1562 Zeilen jetzt: 1559
2025-09-05 12:31:31,024 ; PT3S                                                         ; DEBUG   ; Dx._filterTemplateObjects: V3_ROHR: Zeilen vorher: 1672 Zeilen jetzt: 1672
2025-09-05 12:31:31,027 ; PT3S                                                         ; DEBUG   ; Dx._filterTemplateObjects: V3_FWVB: Zeilen vorher: 656 Zeilen jetzt: 656
2025-09-05 12:31:31,027 ; PT3S                                                         ; DEBUG   ; Dx._filterTemplateObjects: _Done.
2025-09-05 12:31:31,027 ; PT3S                                                         ; DEBUG   ; Dx.__init__: V3_VBEL: ...
2025-09-05 12:31:31,112 ; PT3S                                                         ; DEBUG   ; Dx.__init__: FWES final in V3_VBEL-View (2,301) ...
2025-09-05 12:31:31,144 ; PT3S                                                         ; DEBUG   ; Dx.__init__: FWVB final in V3_VBEL-View (656,324) ...
2025-09-05 12:31:31,188 ; PT3S                                                         ; DEBUG   ; Dx.__init__: KLAP final in V3_VBEL-View (5,297) ...
2025-09-05 12:31:31,281 ; PT3S                                                         ; DEBUG   ; Dx.__init__: PGRP final in V3_VBEL-View (2,302) ...
2025-09-05 12:31:31,355 ; PT3S                                                         ; DEBUG   ; Dx.__init__: PUMP final in V3_VBEL-View (3,383) ...
2025-09-05 12:31:31,378 ; PT3S                                                         ; DEBUG   ; Dx.__init__: REGV final in V3_VBEL-View (1,296) ...
2025-09-05 12:31:31,438 ; PT3S                                                         ; DEBUG   ; Dx.__init__: ROHR final in V3_VBEL-View (1672,324) ...
2025-09-05 12:31:31,512 ; PT3S                                                         ; DEBUG   ; Dx.__init__: VENT final in V3_VBEL-View (119,310) ...
2025-09-05 12:31:32,005 ; PT3S                                                         ; DEBUG   ; Dx.__init__: V3_DPKT ...
2025-09-05 12:31:32,064 ; PT3S                                                         ; DEBUG   ; Dx.__init__: V3_RKNOT ...
2025-09-05 12:31:32,111 ; PT3S                                                         ; DEBUG   ; Dx.__init__: V3_RRUES ...
2025-09-05 12:31:32,324 ; PT3S                                                         ; DEBUG   ; Dx.__init__: V3_RVBEL ...
2025-09-05 12:31:32,338 ; PT3S                                                         ; DEBUG   ; Dx.__init__: V3_RVBEL RUES-Verbindungen zur Quelle hin aufloesen ...
2025-09-05 12:31:32,443 ; PT3S                                                         ; DEBUG   ; Dx.__init__: _Done.#########
2025-09-05 12:31:32,456 ; PT3S                                                         ; DEBUG   ; PT3S.dxAndMxHelperFcts.readDxAndMx: detecting MX-Source for dx.dbFile (abspath) c:\Users\jablonski\3S\PT3S\PT3S\Examples\Example5.db3 ...
2025-09-05 12:31:32,456 ; PT3S                                                         ; DEBUG   ; PT3S.dxAndMxHelperFcts.readDxAndMx: wDir from dbFile: .\WDExample5
2025-09-05 12:31:32,456 ; PT3S                                                         ; DEBUG   ; PT3S.dxAndMxHelperFcts.readDxAndMx: abspath of wDir from dbFile: c:\Users\jablonski\3S\PT3S\PT3S\Examples\WDExample5
2025-09-05 12:31:32,456 ; PT3S                                                         ; DEBUG   ; PT3S.dxAndMxHelperFcts.readDxAndMx: wDirMx from abspath of wDir from dbFile: c:\Users\jablonski\3S\PT3S\PT3S\Examples\WDExample5\B1\V0\BZ1
2025-09-05 12:31:32,459 ; PT3S                                                         ; DEBUG   ; PT3S.dxAndMxHelperFcts.readDxAndMx: mx1File: PT3S\Examples\WDExample5\B1\V0\BZ1\M-1-0-1.1.MX1
2025-09-05 12:31:32,459 ; PT3S                                                         ; DEBUG   ; PT3S.dxAndMxHelperFcts.readDxAndMx: corresponding dbFileMxPkl-File: PT3S\Examples\Example5-mx-PT3S_Examples_WDExample5_B1_V0_BZ1_M_1_0_1_1_MX1.pkl
2025-09-05 12:31:32,459 ; PT3S                                                         ; INFO    ; PT3S.dxAndMxHelperFcts.readDxAndMx: 
+PT3S\Examples\Example5.db3 is newer than
+PT3S\Examples\WDExample5\B1\V0\BZ1\M-1-0-1.1.MX1:
+SIR 3S' dbFile is newer than SIR 3S' mx1File
+in this case the results are maybe dated or (worse) incompatible to the model
2025-09-05 12:31:32,459 ; PT3S                                                         ; INFO    ; PT3S.dxAndMxHelperFcts.readDxAndMx: 
+PT3S\Examples\WDExample5\B1\V0\BZ1\M-1-0-1.XML is newer than
+PT3S\Examples\WDExample5\B1\V0\BZ1\M-1-0-1.1.MX1:
+SirCalc's xmlFile is newer than SIR 3S' mx1File
+in this case the results are maybe dated or (worse) incompatible to the model
2025-09-05 12:31:48,414 ; PT3S                                                         ; INFO    ; PT3S.dxAndMxHelperFcts.readDxAndMx: Model is being recalculated using C:\\3S\SIR 3S Entwicklung\SirCalc-90-15-02-03_Quebec_x64\SirCalc.exe
2025-09-05 12:31:48,416 ; PT3S                                                         ; DEBUG   ; Mx.__init__: Start.#########
2025-09-05 12:31:48,417 ; PT3S                                                         ; DEBUG   ; Mx._initWithMx1: Start.
2025-09-05 12:31:48,417 ; PT3S                                                         ; DEBUG   ; Mx._parseMx1: Start.
2025-09-05 12:31:48,469 ; PT3S                                                         ; DEBUG   ; Mx._parseMx1: mx1File: c:\Users\jablonski\3S\PT3S\PT3S\Examples\WDExample5\B1\V0\BZ1\M-1-0-1.1.MX1 mx1Df read. Shape: (2328, 22).
2025-09-05 12:31:48,489 ; PT3S                                                         ; DEBUG   ; Mx._parseMx1: mx1Df after some generated Columns: Shape: (2328, 27).
2025-09-05 12:31:48,489 ; PT3S                                                         ; DEBUG   ; Mx._parseMx1: _Done.
2025-09-05 12:31:48,490 ; PT3S                                                         ; DEBUG   ; Mx._parseMx2: Start.
2025-09-05 12:31:48,496 ; PT3S                                                         ; DEBUG   ; Mx._parseMx2: _Done.
2025-09-05 12:31:48,496 ; PT3S                                                         ; DEBUG   ; Mx._buildMxRecordStructUnpackFmtString: Start.
2025-09-05 12:31:48,509 ; PT3S                                                         ; DEBUG   ; Mx._buildMxRecordStructUnpackFmtString: Bytes per MX-Record=580468. Bytes Unpacked=580468 (making up 100.00 Bytes-%).
2025-09-05 12:31:48,510 ; PT3S                                                         ; DEBUG   ; Mx._buildMxRecordStructUnpackFmtString: mx1Df after generated Column: Shape: (2328, 28).
2025-09-05 12:31:48,510 ; PT3S                                                         ; DEBUG   ; Mx._buildMxRecordStructUnpackFmtString: _Done.
2025-09-05 12:31:48,510 ; PT3S                                                         ; DEBUG   ; Mx._buildMxRecordStructUnpackFmtStringPost: Start.
2025-09-05 12:31:48,578 ; PT3S                                                         ; DEBUG   ; Mx._buildMxRecordStructUnpackFmtStringPost: _Done.
2025-09-05 12:31:48,578 ; PT3S                                                         ; DEBUG   ; Mx._initWithMx1: _Done.
2025-09-05 12:31:48,578 ; PT3S                                                         ; DEBUG   ; Mx.__init__: mxsFile c:\Users\jablonski\3S\PT3S\PT3S\Examples\WDExample5\B1\V0\BZ1\M-1-0-1.1.MXS exists _and is newer than mx1File c:\Users\jablonski\3S\PT3S\PT3S\Examples\WDExample5\B1\V0\BZ1\M-1-0-1.1.MX1 _and NoMxsRead False:
2025-09-05 12:31:48,578 ; PT3S                                                         ; DEBUG   ; Mx.__init__: mxsFile is read.
2025-09-05 12:31:48,578 ; PT3S                                                         ; DEBUG   ; Mx.setResultsToMxsFile: Start.
2025-09-05 12:31:48,578 ; PT3S                                                         ; DEBUG   ; Mx.setResultsToMxsFile: Mxs: Implicit specified.
2025-09-05 12:31:48,578 ; PT3S                                                         ; DEBUG   ; Mx._handleMxsVecsFileDeletion: Start.
2025-09-05 12:31:48,579 ; PT3S                                                         ; DEBUG   ; Mx._handleMxsVecsFileDeletion: Delete H5Dump because Mxs c:\Users\jablonski\3S\PT3S\PT3S\Examples\WDExample5\B1\V0\BZ1\M-1-0-1.1.MXS To Read is newer than H5Dump c:\Users\jablonski\3S\PT3S\PT3S\Examples\WDExample5\B1\V0\BZ1\M-1-0-1.1.vec.h5 ...
2025-09-05 12:31:48,579 ; PT3S                                                         ; DEBUG   ; Mx._handleMxsVecsFileDeletion: _Done.
2025-09-05 12:31:48,583 ; PT3S                                                         ; DEBUG   ; Mx.setResultsToMxsFile: Mxs: c:\Users\jablonski\3S\PT3S\PT3S\Examples\WDExample5\B1\V0\BZ1\M-1-0-1.1.MXS opening ...
2025-09-05 12:31:48,587 ; PT3S                                                         ; INFO    ; Mx.setResultsToMxsFile: Mxs: PT3S\Examples\WDExample5\B1\V0\BZ1\M-1-0-1.1.MXS reading ...
2025-09-05 12:31:48,589 ; PT3S                                                         ; DEBUG   ; Mx._readMxsFile: Start.
2025-09-05 12:31:48,591 ; PT3S                                                         ; DEBUG   ; Mx._readMxsFileSingleRecord: CVERSO: SIR 3S 90-15-02-03 3S Consult, 30827 Garbsen - 05.09.2025 12:31 - M-1-0-1       .
2025-09-05 12:31:48,751 ; PT3S                                                         ; DEBUG   ; Mx._processToDfVecAggs: cSNAPSHOTTYPE STAT     processed to (empty) dfVecAggs with TIMESTAMPL: 2024-01-09 23:00:00+00:00
2025-09-05 12:31:48,751 ; PT3S                                                         ; DEBUG   ; Mx._readMxsFile: TimeNr.      1 read and processed finally=2024-01-09 23:00:00.000000+0000 Values (without TIMESTAMP): 2225 - Actual SNAPSHOTTYPE: STAT. - H5Dump: YES: key=/                   0 not in keys.
2025-09-05 12:31:48,751 ; PT3S                                                         ; DEBUG   ; Mx._readMxsFile: File finished: Records read=1. Last Time read=2024-01-09 23:00:00.000000+0000. MB read=0000.58.
2025-09-05 12:31:48,788 ; PT3S                                                         ; DEBUG   ; Mx._readMxsFile: df.shape(): (1, 2225).
2025-09-05 12:31:48,788 ; PT3S                                                         ; DEBUG   ; Mx._readMxsFile: _Done.
2025-09-05 12:31:48,791 ; PT3S                                                         ; DEBUG   ; Mx.setResultsToMxsFile: Mxs: c:\Users\jablonski\3S\PT3S\PT3S\Examples\WDExample5\B1\V0\BZ1\M-1-0-1.1.MXS: Assigned.     df Shape: (1, 2225).
2025-09-05 12:31:48,791 ; PT3S                                                         ; DEBUG   ; Mx.setResultsToMxsFile: RESULT after c:\Users\jablonski\3S\PT3S\PT3S\Examples\WDExample5\B1\V0\BZ1\M-1-0-1.1.MXS: df Shape: (1, 2225) First Time: 2024-01-09 23:00:00+00:00 Last Time: 2024-01-09 23:00:00+00:00.
2025-09-05 12:31:48,803 ; PT3S                                                         ; DEBUG   ; Mx.setResultsToMxsFile: _Done.
2025-09-05 12:31:48,803 ; PT3S                                                         ; DEBUG   ; Mx.__init__: _Done.#########
2025-09-05 12:31:48,803 ; PT3S                                                         ; DEBUG   ; PT3S.dxAndMxHelperFcts.readDxAndMx: MX read ok so far.
2025-09-05 12:31:48,803 ; PT3S                                                         ; DEBUG   ; PT3S.dxAndMxHelperFcts.processMxVectorResults: Start.
2025-09-05 12:31:48,803 ; PT3S                                                         ; DEBUG   ; PT3S.dxAndMxHelperFcts.processMxVectorResults: _Done.
2025-09-05 12:31:48,803 ; PT3S                                                         ; DEBUG   ; dxWithMx.__init__: Start.
2025-09-05 12:31:48,804 ; PT3S                                                         ; DEBUG   ; PT3S.dxDecodeObjsData.Wblz: Start.
2025-09-05 12:31:48,808 ; PT3S                                                         ; DEBUG   ; PT3S.dxDecodeObjsData.Wblz: no WBLZs available ...
2025-09-05 12:31:48,808 ; PT3S                                                         ; DEBUG   ; PT3S.dxDecodeObjsData.Wblz: _Done.
2025-09-05 12:31:48,808 ; PT3S                                                         ; DEBUG   ; PT3S.dxDecodeObjsData.Agsn: Start.
2025-09-05 12:31:49,194 ; PT3S                                                         ; DEBUG   ; PT3S.dxDecodeObjsData.Agsn: _Done.
2025-09-05 12:31:49,211 ; PT3S                                                         ; INFO    ; dxWithMx.__init__: Example5: processing dx and mx ...
2025-09-05 12:31:49,211 ; PT3S                                                         ; DEBUG   ; Dx.MxSync: Start.
2025-09-05 12:31:49,381 ; PT3S                                                         ; DEBUG   ; Dx.MxSync: _Done.
2025-09-05 12:31:49,408 ; PT3S                                                         ; DEBUG   ; Dx.MxAdd: Start.
2025-09-05 12:31:49,409 ; PT3S                                                         ; DEBUG   ; Dx.MxAdd: dfName: V3_KNOT: read Results:
2025-09-05 12:31:49,428 ; PT3S                                                         ; DEBUG   ; Dx.MxAdd: dfName: V3_ROHR: read Results:
2025-09-05 12:31:49,445 ; PT3S                                                         ; DEBUG   ; Dx.MxAdd: dfName: V3_FWVB: read Results:
2025-09-05 12:31:49,453 ; PT3S                                                         ; DEBUG   ; Dx.MxAdd: dfName: V3_ROHR: addNodeData:
2025-09-05 12:31:49,471 ; PT3S                                                         ; DEBUG   ; Dx.MxAdd: dfName: V3_FWVB: addNodeData:
2025-09-05 12:31:49,477 ; PT3S                                                         ; DEBUG   ; Mx.getVecAggsResultsForAttributeType: Start.
2025-09-05 12:31:49,478 ; PT3S                                                         ; DEBUG   ; Mx.getVecAggsResultsForAttributeType: Sir3sIDsMatching: ['FWES~*~*~*~QM', 'FWVB~*~*~*~QM', 'KLAP~*~*~*~QM', 'KNOT~*~*~*~QM', 'PUMP~*~*~*~QM', 'REGV~*~*~*~QM', 'ROHR~*~*~*~QMAV', 'VENT~*~*~*~QM']
2025-09-05 12:31:49,478 ; PT3S                                                         ; DEBUG   ; Mx.getVecAggsResultsForAttributeType: choosen Name of 'common' ATTR: QM.
2025-09-05 12:31:49,516 ; PT3S                                                         ; DEBUG   ; Mx.getVecAggsResultsForAttributeType: _Done.
2025-09-05 12:31:49,535 ; PT3S                                                         ; DEBUG   ; Dx.MxAdd: Exception: Line: 1654: <class 'KeyError'>: 'OBEH': Edge-Type OBEH: adding Vec-Results for ~QMA{0,1}V{0,1}$ failed (maybe because not available in mx).
2025-09-05 12:31:49,535 ; PT3S                                                         ; DEBUG   ; Dx.MxAdd: Exception: Line: 1654: <class 'KeyError'>: 'PGRP': Edge-Type PGRP: adding Vec-Results for ~QMA{0,1}V{0,1}$ failed (maybe because not available in mx).
2025-09-05 12:31:49,589 ; PT3S                                                         ; DEBUG   ; Mx.getVecAggsResultsForAttributeType: Start.
2025-09-05 12:31:49,589 ; PT3S                                                         ; DEBUG   ; Mx.getVecAggsResultsForAttributeType: Sir3sIDsMatching: []
2025-09-05 12:31:49,590 ; PT3S                                                         ; DEBUG   ; Mx.getVecAggsResultsForAttributeType: _Done.
2025-09-05 12:31:49,590 ; PT3S                                                         ; DEBUG   ; Dx.MxAdd: Exception: Line: 1654: <class 'KeyError'>: 'FWES': Edge-Type FWES: adding Vec-Results for ~MA{0,1}V{0,1}$ failed (maybe because not available in mx).
2025-09-05 12:31:49,590 ; PT3S                                                         ; DEBUG   ; Dx.MxAdd: Exception: Line: 1654: <class 'KeyError'>: 'FWVB': Edge-Type FWVB: adding Vec-Results for ~MA{0,1}V{0,1}$ failed (maybe because not available in mx).
2025-09-05 12:31:49,590 ; PT3S                                                         ; DEBUG   ; Dx.MxAdd: Exception: Line: 1654: <class 'KeyError'>: 'KLAP': Edge-Type KLAP: adding Vec-Results for ~MA{0,1}V{0,1}$ failed (maybe because not available in mx).
2025-09-05 12:31:49,590 ; PT3S                                                         ; DEBUG   ; Dx.MxAdd: Exception: Line: 1654: <class 'KeyError'>: 'OBEH': Edge-Type OBEH: adding Vec-Results for ~MA{0,1}V{0,1}$ failed (maybe because not available in mx).
2025-09-05 12:31:49,590 ; PT3S                                                         ; DEBUG   ; Dx.MxAdd: Exception: Line: 1654: <class 'KeyError'>: 'PGRP': Edge-Type PGRP: adding Vec-Results for ~MA{0,1}V{0,1}$ failed (maybe because not available in mx).
2025-09-05 12:31:49,591 ; PT3S                                                         ; DEBUG   ; Dx.MxAdd: Exception: Line: 1654: <class 'KeyError'>: 'PUMP': Edge-Type PUMP: adding Vec-Results for ~MA{0,1}V{0,1}$ failed (maybe because not available in mx).
2025-09-05 12:31:49,591 ; PT3S                                                         ; DEBUG   ; Dx.MxAdd: Exception: Line: 1654: <class 'KeyError'>: 'REGV': Edge-Type REGV: adding Vec-Results for ~MA{0,1}V{0,1}$ failed (maybe because not available in mx).
2025-09-05 12:31:49,591 ; PT3S                                                         ; DEBUG   ; Dx.MxAdd: Exception: Line: 1654: <class 'KeyError'>: 'ROHR': Edge-Type ROHR: adding Vec-Results for ~MA{0,1}V{0,1}$ failed (maybe because not available in mx).
2025-09-05 12:31:49,591 ; PT3S                                                         ; DEBUG   ; Dx.MxAdd: Exception: Line: 1654: <class 'KeyError'>: 'VENT': Edge-Type VENT: adding Vec-Results for ~MA{0,1}V{0,1}$ failed (maybe because not available in mx).
2025-09-05 12:31:49,704 ; PT3S                                                         ; DEBUG   ; Dx.MxAdd: _Done.
2025-09-05 12:31:49,705 ; PT3S                                                         ; DEBUG   ; dxWithMx._V3_ROHR: Start.
2025-09-05 12:31:49,735 ; PT3S                                                         ; DEBUG   ; dxWithMx._V3_ROHR: Constructing of V3_ROHR['QMAVAbs'] ok so far.
2025-09-05 12:31:49,755 ; PT3S                                                         ; DEBUG   ; dxWithMx._V3_ROHR: Constructing of V3_ROHR['VAVAbs'] ok so far.
2025-09-05 12:31:49,795 ; PT3S                                                         ; DEBUG   ; dxWithMx._V3_ROHR: Constructing of V3_ROHR['PHRAbs'] ok so far.
2025-09-05 12:31:49,822 ; PT3S                                                         ; DEBUG   ; dxWithMx._V3_ROHR: Constructing of V3_ROHR['JVAbs'] ok so far.
2025-09-05 12:31:49,822 ; PT3S                                                         ; DEBUG   ; dxWithMx._V3_ROHR: Exception: Line: 332: <class 'KeyError'>: ('STAT', 'ROHR~*~*~*~MAV', Timestamp('2024-01-09 23:00:00'), Timestamp('2024-01-09 23:00:00'))
2025-09-05 12:31:49,822 ; PT3S                                                         ; DEBUG   ; dxWithMx._V3_ROHR: Constructing col MAV=STAT ROHR~*~*~*~MAV in V3_ROHR failed.
2025-09-05 12:31:49,822 ; PT3S                                                         ; DEBUG   ; dxWithMx._V3_ROHR: Constructing of V3_ROHR['LAMBDA'] ok so far.
2025-09-05 12:31:49,822 ; PT3S                                                         ; DEBUG   ; dxWithMx._V3_ROHR: _Done.
2025-09-05 12:31:49,822 ; PT3S                                                         ; DEBUG   ; dxWithMx._V3_KNOT: Start.
2025-09-05 12:31:49,822 ; PT3S                                                         ; DEBUG   ; dxWithMx._V3_KNOT: Constructing of V3_KNOT['PH'] ok so far.
2025-09-05 12:31:49,822 ; PT3S                                                         ; DEBUG   ; dxWithMx._V3_KNOT: Constructing of V3_KNOT['QM'] ok so far.
2025-09-05 12:31:50,971 ; PT3S                                                         ; DEBUG   ; dxWithMx._V3_KNOT: Constructing of V3_KNOT[dPH] ok so far.
2025-09-05 12:31:50,986 ; PT3S                                                         ; DEBUG   ; dxWithMx._V3_KNOT: Constructing of V3_KNOT['srcvector'] ok so far.
2025-09-05 12:31:50,986 ; PT3S                                                         ; DEBUG   ; dxWithMx._V3_KNOT: Constructing of V3_KNOT['T'] ok so far.
2025-09-05 12:31:50,986 ; PT3S                                                         ; DEBUG   ; dxWithMx._V3_KNOT: Exception: Line: 819: <class 'KeyError'>: ('STAT', 'KNOT~*~*~*~M', Timestamp('2024-01-09 23:00:00'), Timestamp('2024-01-09 23:00:00'))
2025-09-05 12:31:50,986 ; PT3S                                                         ; DEBUG   ; dxWithMx._V3_KNOT: Constructing col M in V3_KNOT failed.
2025-09-05 12:31:50,986 ; PT3S                                                         ; DEBUG   ; dxWithMx._V3_KNOT: _Done.
2025-09-05 12:31:50,986 ; PT3S                                                         ; DEBUG   ; dxWithMx._V3_VBEL: Start.
2025-09-05 12:31:50,986 ; PT3S                                                         ; DEBUG   ; dxWithMx._V3_VBEL: Constructing of V3_VBEL['QM'] ok so far.
2025-09-05 12:31:50,988 ; PT3S                                                         ; DEBUG   ; dxWithMx._V3_VBEL: Exception: Line: 902: <class 'KeyError'>: "('STAT', 'M', Timestamp('2024-01-09 23:00:00'), Timestamp('2024-01-09 23:00:00'))"
2025-09-05 12:31:50,988 ; PT3S                                                         ; DEBUG   ; dxWithMx._V3_VBEL: Constructing col M in V3_VBEL failed.
2025-09-05 12:31:50,988 ; PT3S                                                         ; DEBUG   ; dxWithMx._V3_VBEL: Constructing of V3_VBEL['PH_i'] ok so far.
2025-09-05 12:31:50,988 ; PT3S                                                         ; DEBUG   ; dxWithMx._V3_VBEL: Constructing of V3_VBEL['PH_k'] ok so far.
2025-09-05 12:31:50,988 ; PT3S                                                         ; DEBUG   ; dxWithMx._V3_VBEL: Constructing of V3_VBEL['T_i'] ok so far.
2025-09-05 12:31:50,988 ; PT3S                                                         ; DEBUG   ; dxWithMx._V3_VBEL: Constructing of V3_VBEL['T_k'] ok so far.
2025-09-05 12:31:50,988 ; PT3S                                                         ; DEBUG   ; dxWithMx._V3_VBEL: Constructing of V3_VBEL['H_i'] ok so far.
2025-09-05 12:31:50,988 ; PT3S                                                         ; DEBUG   ; dxWithMx._V3_VBEL: Constructing of V3_VBEL['H_k'] ok so far.
2025-09-05 12:31:50,988 ; PT3S                                                         ; DEBUG   ; dxWithMx._V3_VBEL: Constructing of V3_VBEL['RHO_i'] ok so far.
2025-09-05 12:31:50,988 ; PT3S                                                         ; DEBUG   ; dxWithMx._V3_VBEL: Constructing of V3_VBEL['RHO_k'] ok so far.
2025-09-05 12:31:50,988 ; PT3S                                                         ; DEBUG   ; dxWithMx._V3_VBEL: Constructing of V3_VBEL['mlc_i'] ok so far.
2025-09-05 12:31:50,988 ; PT3S                                                         ; DEBUG   ; dxWithMx._V3_VBEL: Constructing of V3_VBEL['mlc_k'] ok so far.
2025-09-05 12:31:50,988 ; PT3S                                                         ; DEBUG   ; dxWithMx._V3_VBEL: _Done.
2025-09-05 12:31:51,002 ; PT3S                                                         ; DEBUG   ; dxWithMx._V3_FWVB: Start.
2025-09-05 12:31:51,003 ; PT3S                                                         ; DEBUG   ; dxWithMx._V3_FWVB: Constructing of V3_FWVB['W'] ok so far.
2025-09-05 12:31:51,003 ; PT3S                                                         ; DEBUG   ; dxWithMx._V3_FWVB: Constructing of V3_FWVB['QM'] ok so far.
2025-09-05 12:31:51,003 ; PT3S                                                         ; DEBUG   ; dxWithMx._V3_FWVB: Constructing of V3_FWVB['PH_i'] ok so far.
2025-09-05 12:31:51,003 ; PT3S                                                         ; DEBUG   ; dxWithMx._V3_FWVB: Constructing of V3_FWVB['PH_k'] ok so far.
2025-09-05 12:31:51,003 ; PT3S                                                         ; DEBUG   ; dxWithMx._V3_FWVB: Constructing of V3_FWVB['T_i'] ok so far.
2025-09-05 12:31:51,005 ; PT3S                                                         ; DEBUG   ; dxWithMx._V3_FWVB: Constructing of V3_FWVB['T_k'] ok so far.
2025-09-05 12:31:51,005 ; PT3S                                                         ; DEBUG   ; dxWithMx._V3_FWVB: _Done.
2025-09-05 12:31:51,005 ; PT3S                                                         ; DEBUG   ; dxWithMx._V3_ROHRVEC: Start.
2025-09-05 12:31:51,285 ; PT3S                                                         ; DEBUG   ; dxWithMx._V3_ROHRVEC: _Done.
2025-09-05 12:31:51,285 ; PT3S                                                         ; DEBUG   ; dxWithMx.__init__: Constructing of V3_ROHRVEC ok so far.
2025-09-05 12:31:51,288 ; PT3S                                                         ; DEBUG   ; dxWithMx.__init__: Adding MX-Results to V3_WBLZ: no such results.
2025-09-05 12:31:51,288 ; PT3S                                                         ; DEBUG   ; dxWithMx._gdfs: Start.
2025-09-05 12:31:51,288 ; PT3S                                                         ; DEBUG   ; dxWithMx._gdfs: crs reading failed.
2025-09-05 12:31:51,309 ; PT3S                                                         ; DEBUG   ; dxWithMx._gdfs: Constructing of gdfs ok so far.
2025-09-05 12:31:51,309 ; PT3S                                                         ; DEBUG   ; dxWithMx._gdfs: _Done.
2025-09-05 12:31:51,309 ; PT3S                                                         ; DEBUG   ; dxWithMx._G: Start.
2025-09-05 12:31:51,352 ; PT3S                                                         ; DEBUG   ; dxWithMx._G: : dfKNOT: col is not a string: ('STAT', 'KNOT~*~*~*~BCIND', Timestamp('2024-01-09 23:00:00'), Timestamp('2024-01-09 23:00:00')) - might be a problem later on in working with nx node attributes ...
2025-09-05 12:31:51,353 ; PT3S                                                         ; DEBUG   ; dxWithMx._G: : dfKNOT: col is not a string: ('STAT', 'KNOT~*~*~*~DP', Timestamp('2024-01-09 23:00:00'), Timestamp('2024-01-09 23:00:00')) - might be a problem later on in working with nx node attributes ...
2025-09-05 12:31:51,353 ; PT3S                                                         ; DEBUG   ; dxWithMx._G: : dfKNOT: col is not a string: ('STAT', 'KNOT~*~*~*~DPH', Timestamp('2024-01-09 23:00:00'), Timestamp('2024-01-09 23:00:00')) - might be a problem later on in working with nx node attributes ...
2025-09-05 12:31:51,353 ; PT3S                                                         ; DEBUG   ; dxWithMx._G: : dfKNOT: col is not a string: ('STAT', 'KNOT~*~*~*~ESQUELLSP', Timestamp('2024-01-09 23:00:00'), Timestamp('2024-01-09 23:00:00')) - might be a problem later on in working with nx node attributes ...
2025-09-05 12:31:51,353 ; PT3S                                                         ; DEBUG   ; dxWithMx._G: : dfKNOT: col is not a string: ('STAT', 'KNOT~*~*~*~H', Timestamp('2024-01-09 23:00:00'), Timestamp('2024-01-09 23:00:00')) - might be a problem later on in working with nx node attributes ...
2025-09-05 12:31:51,353 ; PT3S                                                         ; DEBUG   ; dxWithMx._G: : dfKNOT: col is not a string: ('STAT', 'KNOT~*~*~*~HMAX_INST', Timestamp('2024-01-09 23:00:00'), Timestamp('2024-01-09 23:00:00')) - might be a problem later on in working with nx node attributes ...
2025-09-05 12:31:51,353 ; PT3S                                                         ; DEBUG   ; dxWithMx._G: : dfKNOT: col is not a string: ('STAT', 'KNOT~*~*~*~HMIN_INST', Timestamp('2024-01-09 23:00:00'), Timestamp('2024-01-09 23:00:00')) - might be a problem later on in working with nx node attributes ...
2025-09-05 12:31:51,353 ; PT3S                                                         ; DEBUG   ; dxWithMx._G: : dfKNOT: col is not a string: ('STAT', 'KNOT~*~*~*~IAKTIV', Timestamp('2024-01-09 23:00:00'), Timestamp('2024-01-09 23:00:00')) - might be a problem later on in working with nx node attributes ...
2025-09-05 12:31:51,353 ; PT3S                                                         ; DEBUG   ; dxWithMx._G: : dfKNOT: col is not a string: ('STAT', 'KNOT~*~*~*~P', Timestamp('2024-01-09 23:00:00'), Timestamp('2024-01-09 23:00:00')) - might be a problem later on in working with nx node attributes ...
2025-09-05 12:31:51,353 ; PT3S                                                         ; DEBUG   ; dxWithMx._G: : dfKNOT: col is not a string: ('STAT', 'KNOT~*~*~*~PDAMPF', Timestamp('2024-01-09 23:00:00'), Timestamp('2024-01-09 23:00:00')) - might be a problem later on in working with nx node attributes ...
2025-09-05 12:31:51,353 ; PT3S                                                         ; DEBUG   ; dxWithMx._G: : dfKNOT: col is not a string: ('STAT', 'KNOT~*~*~*~PH', Timestamp('2024-01-09 23:00:00'), Timestamp('2024-01-09 23:00:00')) - might be a problem later on in working with nx node attributes ...
2025-09-05 12:31:51,353 ; PT3S                                                         ; DEBUG   ; dxWithMx._G: : dfKNOT: col is not a string: ('STAT', 'KNOT~*~*~*~PH_EIN', Timestamp('2024-01-09 23:00:00'), Timestamp('2024-01-09 23:00:00')) - might be a problem later on in working with nx node attributes ...
2025-09-05 12:31:51,353 ; PT3S                                                         ; DEBUG   ; dxWithMx._G: : dfKNOT: col is not a string: ('STAT', 'KNOT~*~*~*~PH_MIN', Timestamp('2024-01-09 23:00:00'), Timestamp('2024-01-09 23:00:00')) - might be a problem later on in working with nx node attributes ...
2025-09-05 12:31:51,353 ; PT3S                                                         ; DEBUG   ; dxWithMx._G: : dfKNOT: col is not a string: ('STAT', 'KNOT~*~*~*~PMAX_INST', Timestamp('2024-01-09 23:00:00'), Timestamp('2024-01-09 23:00:00')) - might be a problem later on in working with nx node attributes ...
2025-09-05 12:31:51,353 ; PT3S                                                         ; DEBUG   ; dxWithMx._G: : dfKNOT: col is not a string: ('STAT', 'KNOT~*~*~*~PMIN_INST', Timestamp('2024-01-09 23:00:00'), Timestamp('2024-01-09 23:00:00')) - might be a problem later on in working with nx node attributes ...
2025-09-05 12:31:51,353 ; PT3S                                                         ; DEBUG   ; dxWithMx._G: : dfKNOT: col is not a string: ('STAT', 'KNOT~*~*~*~QM', Timestamp('2024-01-09 23:00:00'), Timestamp('2024-01-09 23:00:00')) - might be a problem later on in working with nx node attributes ...
2025-09-05 12:31:51,353 ; PT3S                                                         ; DEBUG   ; dxWithMx._G: : dfKNOT: col is not a string: ('STAT', 'KNOT~*~*~*~RHO', Timestamp('2024-01-09 23:00:00'), Timestamp('2024-01-09 23:00:00')) - might be a problem later on in working with nx node attributes ...
2025-09-05 12:31:51,353 ; PT3S                                                         ; DEBUG   ; dxWithMx._G: : dfKNOT: col is not a string: ('STAT', 'KNOT~*~*~*~T', Timestamp('2024-01-09 23:00:00'), Timestamp('2024-01-09 23:00:00')) - might be a problem later on in working with nx node attributes ...
2025-09-05 12:31:51,353 ; PT3S                                                         ; DEBUG   ; dxWithMx._G: : dfKNOT: col is not a string: ('STAT', 'KNOT~*~*~*~VOLD', Timestamp('2024-01-09 23:00:00'), Timestamp('2024-01-09 23:00:00')) - might be a problem later on in working with nx node attributes ...
2025-09-05 12:31:52,068 ; PT3S                                                         ; DEBUG   ; dxWithMx._G: Constructing NetworkX Graph G ok so far.
2025-09-05 12:31:52,072 ; PT3S                                                         ; DEBUG   ; dxWithMx._G: Constructing NetworkX Graph G nodeposDct ok so far.
2025-09-05 12:31:52,073 ; PT3S                                                         ; DEBUG   ; dxWithMx._G: _Done.
2025-09-05 12:31:52,087 ; PT3S                                                         ; DEBUG   ; dxWithMx._GSig: Start.
2025-09-05 12:31:52,105 ; PT3S                                                         ; DEBUG   ; dxWithMx._GSig: Constructing NetworkX Graph GSig ok so far.
2025-09-05 12:31:52,105 ; PT3S                                                         ; DEBUG   ; dxWithMx._GSig: _Done.
2025-09-05 12:31:52,105 ; PT3S                                                         ; DEBUG   ; dxWithMx._V3_AGSN: Start.
2025-09-05 12:31:52,155 ; PT3S                                                         ; DEBUG   ; dxWithMx._V3_AGSN: dfAGSN.columns.to_list(): zugeh. Sachspalten _n angelegt: ['ZKOR_n', 'BESCHREIBUNG_n', 'KVR_n']
2025-09-05 12:31:52,157 ; PT3S                                                         ; DEBUG   ; dxWithMx._V3_AGSN: dfAGSN.columns.to_list(): zugeh. Ergspalten _n angelegt: ["('STAT', 'KNOT~*~*~*~PH', Timestamp('2024-01-09 23:00:00'), Timestamp('2024-01-09 23:00:00'))_n", "('STAT', 'KNOT~*~*~*~H', Timestamp('2024-01-09 23:00:00'), Timestamp('2024-01-09 23:00:00'))_n", "('STAT', 'KNOT~*~*~*~T', Timestamp('2024-01-09 23:00:00'), Timestamp('2024-01-09 23:00:00'))_n", "('STAT', 'KNOT~*~*~*~RHO', Timestamp('2024-01-09 23:00:00'), Timestamp('2024-01-09 23:00:00'))_n", 'PH_n', 'T_n', 'H_n', 'RHO_n', 'mlc_n']
2025-09-05 12:31:53,924 ; PT3S                                                         ; DEBUG   ; dxWithMx._V3_AGSN: dfAGSN.columns.to_list(): zugeh. Ergspalten mlc _n angelegt: ["('STAT', 'mlc', Timestamp('2024-01-09 23:00:00'), Timestamp('2024-01-09 23:00:00'))_n"]
2025-09-05 12:31:54,105 ; PT3S                                                         ; DEBUG   ; dxWithMx._V3_AGSN: tuple-cols:
2025-09-05 12:31:54,105 ; PT3S                                                         ; DEBUG   ; dxWithMx._V3_AGSN: str-cols:
2025-09-05 12:31:54,105 ; PT3S                                                         ; DEBUG   ; dxWithMx._V3_AGSN: Pos
2025-09-05 12:31:54,105 ; PT3S                                                         ; DEBUG   ; dxWithMx._V3_AGSN: pk
2025-09-05 12:31:54,105 ; PT3S                                                         ; DEBUG   ; dxWithMx._V3_AGSN: tk
2025-09-05 12:31:54,105 ; PT3S                                                         ; DEBUG   ; dxWithMx._V3_AGSN: LFDNR
2025-09-05 12:31:54,105 ; PT3S                                                         ; DEBUG   ; dxWithMx._V3_AGSN: NAME
2025-09-05 12:31:54,105 ; PT3S                                                         ; DEBUG   ; dxWithMx._V3_AGSN: XL
2025-09-05 12:31:54,105 ; PT3S                                                         ; DEBUG   ; dxWithMx._V3_AGSN: compNr
2025-09-05 12:31:54,105 ; PT3S                                                         ; DEBUG   ; dxWithMx._V3_AGSN: nextNODE
2025-09-05 12:31:54,105 ; PT3S                                                         ; DEBUG   ; dxWithMx._V3_AGSN: OBJTYPE
2025-09-05 12:31:54,105 ; PT3S                                                         ; DEBUG   ; dxWithMx._V3_AGSN: OBJID
2025-09-05 12:31:54,110 ; PT3S                                                         ; DEBUG   ; dxWithMx._V3_AGSN: L
2025-09-05 12:31:54,110 ; PT3S                                                         ; DEBUG   ; dxWithMx._V3_AGSN: DN
2025-09-05 12:31:54,110 ; PT3S                                                         ; DEBUG   ; dxWithMx._V3_AGSN: Am2
2025-09-05 12:31:54,110 ; PT3S                                                         ; DEBUG   ; dxWithMx._V3_AGSN: Vm3
2025-09-05 12:31:54,110 ; PT3S                                                         ; DEBUG   ; dxWithMx._V3_AGSN: NAME_CONT
2025-09-05 12:31:54,111 ; PT3S                                                         ; DEBUG   ; dxWithMx._V3_AGSN: NAME_i
2025-09-05 12:31:54,111 ; PT3S                                                         ; DEBUG   ; dxWithMx._V3_AGSN: NAME_k
2025-09-05 12:31:54,111 ; PT3S                                                         ; DEBUG   ; dxWithMx._V3_AGSN: ZKOR_n
2025-09-05 12:31:54,111 ; PT3S                                                         ; DEBUG   ; dxWithMx._V3_AGSN: BESCHREIBUNG_n
2025-09-05 12:31:54,111 ; PT3S                                                         ; DEBUG   ; dxWithMx._V3_AGSN: KVR_n
2025-09-05 12:31:54,111 ; PT3S                                                         ; DEBUG   ; dxWithMx._V3_AGSN: LSum
2025-09-05 12:31:54,111 ; PT3S                                                         ; DEBUG   ; dxWithMx._V3_AGSN: direction
2025-09-05 12:31:54,111 ; PT3S                                                         ; DEBUG   ; dxWithMx._V3_AGSN: ('STAT', 'QM', Timestamp('2024-01-09 23:00:00'), Timestamp('2024-01-09 23:00:00'))
2025-09-05 12:31:54,111 ; PT3S                                                         ; DEBUG   ; dxWithMx._V3_AGSN: QM
2025-09-05 12:31:54,111 ; PT3S                                                         ; DEBUG   ; dxWithMx._V3_AGSN: ('STAT', 'KNOT~*~*~*~PH', Timestamp('2024-01-09 23:00:00'), Timestamp('2024-01-09 23:00:00'))_n
2025-09-05 12:31:54,111 ; PT3S                                                         ; DEBUG   ; dxWithMx._V3_AGSN: ('STAT', 'KNOT~*~*~*~H', Timestamp('2024-01-09 23:00:00'), Timestamp('2024-01-09 23:00:00'))_n
2025-09-05 12:31:54,111 ; PT3S                                                         ; DEBUG   ; dxWithMx._V3_AGSN: ('STAT', 'KNOT~*~*~*~T', Timestamp('2024-01-09 23:00:00'), Timestamp('2024-01-09 23:00:00'))_n
2025-09-05 12:31:54,111 ; PT3S                                                         ; DEBUG   ; dxWithMx._V3_AGSN: ('STAT', 'KNOT~*~*~*~RHO', Timestamp('2024-01-09 23:00:00'), Timestamp('2024-01-09 23:00:00'))_n
2025-09-05 12:31:54,111 ; PT3S                                                         ; DEBUG   ; dxWithMx._V3_AGSN: PH_n
2025-09-05 12:31:54,111 ; PT3S                                                         ; DEBUG   ; dxWithMx._V3_AGSN: T_n
2025-09-05 12:31:54,111 ; PT3S                                                         ; DEBUG   ; dxWithMx._V3_AGSN: H_n
2025-09-05 12:31:54,111 ; PT3S                                                         ; DEBUG   ; dxWithMx._V3_AGSN: RHO_n
2025-09-05 12:31:54,111 ; PT3S                                                         ; DEBUG   ; dxWithMx._V3_AGSN: mlc_n
2025-09-05 12:31:54,111 ; PT3S                                                         ; DEBUG   ; dxWithMx._V3_AGSN: ('STAT', 'mlc', Timestamp('2024-01-09 23:00:00'), Timestamp('2024-01-09 23:00:00'))_n
2025-09-05 12:31:54,111 ; PT3S                                                         ; DEBUG   ; dxWithMx._V3_AGSN: _Done.
2025-09-05 12:31:54,111 ; PT3S                                                         ; DEBUG   ; dxWithMx._V3_AGSNVEC: Start.
2025-09-05 12:31:54,115 ; PT3S                                                         ; DEBUG   ; dxWithMx._V3_AGSNVEC: self.V3_ROHRVEC: tuple-cols:
2025-09-05 12:31:54,115 ; PT3S                                                         ; DEBUG   ; dxWithMx._V3_AGSNVEC: ('STAT', 'ROHR~*~*~*~ETAAV', Timestamp('2024-01-09 23:00:00'), Timestamp('2024-01-09 23:00:00'))
2025-09-05 12:31:54,116 ; PT3S                                                         ; DEBUG   ; dxWithMx._V3_AGSNVEC: ('STAT', 'ROHR~*~*~*~IAKTIV', Timestamp('2024-01-09 23:00:00'), Timestamp('2024-01-09 23:00:00'))
2025-09-05 12:31:54,116 ; PT3S                                                         ; DEBUG   ; dxWithMx._V3_AGSNVEC: ('STAT', 'ROHR~*~*~*~IRTRENN', Timestamp('2024-01-09 23:00:00'), Timestamp('2024-01-09 23:00:00'))
2025-09-05 12:31:54,116 ; PT3S                                                         ; DEBUG   ; dxWithMx._V3_AGSNVEC: ('STAT', 'ROHR~*~*~*~JV', Timestamp('2024-01-09 23:00:00'), Timestamp('2024-01-09 23:00:00'))
2025-09-05 12:31:54,116 ; PT3S                                                         ; DEBUG   ; dxWithMx._V3_AGSNVEC: ('STAT', 'ROHR~*~*~*~LAMBDA', Timestamp('2024-01-09 23:00:00'), Timestamp('2024-01-09 23:00:00'))
2025-09-05 12:31:54,116 ; PT3S                                                         ; DEBUG   ; dxWithMx._V3_AGSNVEC: ('STAT', 'ROHR~*~*~*~LECKEINAUS', Timestamp('2024-01-09 23:00:00'), Timestamp('2024-01-09 23:00:00'))
2025-09-05 12:31:54,116 ; PT3S                                                         ; DEBUG   ; dxWithMx._V3_AGSNVEC: ('STAT', 'ROHR~*~*~*~LECKMENGE', Timestamp('2024-01-09 23:00:00'), Timestamp('2024-01-09 23:00:00'))
2025-09-05 12:31:54,116 ; PT3S                                                         ; DEBUG   ; dxWithMx._V3_AGSNVEC: ('STAT', 'ROHR~*~*~*~LECKORT', Timestamp('2024-01-09 23:00:00'), Timestamp('2024-01-09 23:00:00'))
2025-09-05 12:31:54,117 ; PT3S                                                         ; DEBUG   ; dxWithMx._V3_AGSNVEC: ('STAT', 'ROHR~*~*~*~PDAMPF', Timestamp('2024-01-09 23:00:00'), Timestamp('2024-01-09 23:00:00'))
2025-09-05 12:31:54,117 ; PT3S                                                         ; DEBUG   ; dxWithMx._V3_AGSNVEC: ('STAT', 'ROHR~*~*~*~PHR', Timestamp('2024-01-09 23:00:00'), Timestamp('2024-01-09 23:00:00'))
2025-09-05 12:31:54,117 ; PT3S                                                         ; DEBUG   ; dxWithMx._V3_AGSNVEC: ('STAT', 'ROHR~*~*~*~PMIN', Timestamp('2024-01-09 23:00:00'), Timestamp('2024-01-09 23:00:00'))
2025-09-05 12:31:54,117 ; PT3S                                                         ; DEBUG   ; dxWithMx._V3_AGSNVEC: ('STAT', 'ROHR~*~*~*~QI2', Timestamp('2024-01-09 23:00:00'), Timestamp('2024-01-09 23:00:00'))
2025-09-05 12:31:54,117 ; PT3S                                                         ; DEBUG   ; dxWithMx._V3_AGSNVEC: ('STAT', 'ROHR~*~*~*~QK2', Timestamp('2024-01-09 23:00:00'), Timestamp('2024-01-09 23:00:00'))
2025-09-05 12:31:54,117 ; PT3S                                                         ; DEBUG   ; dxWithMx._V3_AGSNVEC: ('STAT', 'ROHR~*~*~*~QMAV', Timestamp('2024-01-09 23:00:00'), Timestamp('2024-01-09 23:00:00'))
2025-09-05 12:31:54,117 ; PT3S                                                         ; DEBUG   ; dxWithMx._V3_AGSNVEC: ('STAT', 'ROHR~*~*~*~QMI', Timestamp('2024-01-09 23:00:00'), Timestamp('2024-01-09 23:00:00'))
2025-09-05 12:31:54,117 ; PT3S                                                         ; DEBUG   ; dxWithMx._V3_AGSNVEC: ('STAT', 'ROHR~*~*~*~QMK', Timestamp('2024-01-09 23:00:00'), Timestamp('2024-01-09 23:00:00'))
2025-09-05 12:31:54,117 ; PT3S                                                         ; DEBUG   ; dxWithMx._V3_AGSNVEC: ('STAT', 'ROHR~*~*~*~RHOAV', Timestamp('2024-01-09 23:00:00'), Timestamp('2024-01-09 23:00:00'))
2025-09-05 12:31:54,117 ; PT3S                                                         ; DEBUG   ; dxWithMx._V3_AGSNVEC: ('STAT', 'ROHR~*~*~*~VAV', Timestamp('2024-01-09 23:00:00'), Timestamp('2024-01-09 23:00:00'))
2025-09-05 12:31:54,117 ; PT3S                                                         ; DEBUG   ; dxWithMx._V3_AGSNVEC: ('STAT', 'ROHR~*~*~*~VI', Timestamp('2024-01-09 23:00:00'), Timestamp('2024-01-09 23:00:00'))
2025-09-05 12:31:54,117 ; PT3S                                                         ; DEBUG   ; dxWithMx._V3_AGSNVEC: ('STAT', 'ROHR~*~*~*~VK', Timestamp('2024-01-09 23:00:00'), Timestamp('2024-01-09 23:00:00'))
2025-09-05 12:31:54,117 ; PT3S                                                         ; DEBUG   ; dxWithMx._V3_AGSNVEC: ('STAT', 'ROHR~*~*~*~VOLDA', Timestamp('2024-01-09 23:00:00'), Timestamp('2024-01-09 23:00:00'))
2025-09-05 12:31:54,117 ; PT3S                                                         ; DEBUG   ; dxWithMx._V3_AGSNVEC: ('STAT', 'ROHR~*~*~*~WVL', Timestamp('2024-01-09 23:00:00'), Timestamp('2024-01-09 23:00:00'))
2025-09-05 12:31:54,117 ; PT3S                                                         ; DEBUG   ; dxWithMx._V3_AGSNVEC: ('STAT', 'ROHR~*~*~*~MVEC', Timestamp('2024-01-09 23:00:00'), Timestamp('2024-01-09 23:00:00'))
2025-09-05 12:31:54,119 ; PT3S                                                         ; DEBUG   ; dxWithMx._V3_AGSNVEC: ('STAT', 'ROHR~*~*~*~PVEC', Timestamp('2024-01-09 23:00:00'), Timestamp('2024-01-09 23:00:00'))
2025-09-05 12:31:54,119 ; PT3S                                                         ; DEBUG   ; dxWithMx._V3_AGSNVEC: ('STAT', 'ROHR~*~*~*~PVECMAX_INST', Timestamp('2024-01-09 23:00:00'), Timestamp('2024-01-09 23:00:00'))
2025-09-05 12:31:54,119 ; PT3S                                                         ; DEBUG   ; dxWithMx._V3_AGSNVEC: ('STAT', 'ROHR~*~*~*~PVECMIN_INST', Timestamp('2024-01-09 23:00:00'), Timestamp('2024-01-09 23:00:00'))
2025-09-05 12:31:54,119 ; PT3S                                                         ; DEBUG   ; dxWithMx._V3_AGSNVEC: ('STAT', 'ROHR~*~*~*~RHOVEC', Timestamp('2024-01-09 23:00:00'), Timestamp('2024-01-09 23:00:00'))
2025-09-05 12:31:54,119 ; PT3S                                                         ; DEBUG   ; dxWithMx._V3_AGSNVEC: ('STAT', 'ROHR~*~*~*~TVEC', Timestamp('2024-01-09 23:00:00'), Timestamp('2024-01-09 23:00:00'))
2025-09-05 12:31:54,119 ; PT3S                                                         ; DEBUG   ; dxWithMx._V3_AGSNVEC: ('STAT', 'manPVECMAX_INST', Timestamp('2024-01-09 23:00:00'), Timestamp('2024-01-09 23:00:00'))
2025-09-05 12:31:54,119 ; PT3S                                                         ; DEBUG   ; dxWithMx._V3_AGSNVEC: ('STAT', 'mlcPVECMAX_INST', Timestamp('2024-01-09 23:00:00'), Timestamp('2024-01-09 23:00:00'))
2025-09-05 12:31:54,119 ; PT3S                                                         ; DEBUG   ; dxWithMx._V3_AGSNVEC: ('STAT', 'barBzgPVECMAX_INST', Timestamp('2024-01-09 23:00:00'), Timestamp('2024-01-09 23:00:00'))
2025-09-05 12:31:54,119 ; PT3S                                                         ; DEBUG   ; dxWithMx._V3_AGSNVEC: ('STAT', 'manPVECMIN_INST', Timestamp('2024-01-09 23:00:00'), Timestamp('2024-01-09 23:00:00'))
2025-09-05 12:31:54,119 ; PT3S                                                         ; DEBUG   ; dxWithMx._V3_AGSNVEC: ('STAT', 'mlcPVECMIN_INST', Timestamp('2024-01-09 23:00:00'), Timestamp('2024-01-09 23:00:00'))
2025-09-05 12:31:54,119 ; PT3S                                                         ; DEBUG   ; dxWithMx._V3_AGSNVEC: ('STAT', 'barBzgPVECMIN_INST', Timestamp('2024-01-09 23:00:00'), Timestamp('2024-01-09 23:00:00'))
2025-09-05 12:31:54,119 ; PT3S                                                         ; DEBUG   ; dxWithMx._V3_AGSNVEC: ('STAT', 'manPVEC', Timestamp('2024-01-09 23:00:00'), Timestamp('2024-01-09 23:00:00'))
2025-09-05 12:31:54,119 ; PT3S                                                         ; DEBUG   ; dxWithMx._V3_AGSNVEC: ('STAT', 'mlcPVEC', Timestamp('2024-01-09 23:00:00'), Timestamp('2024-01-09 23:00:00'))
2025-09-05 12:31:54,119 ; PT3S                                                         ; DEBUG   ; dxWithMx._V3_AGSNVEC: ('STAT', 'barBzgPVEC', Timestamp('2024-01-09 23:00:00'), Timestamp('2024-01-09 23:00:00'))
2025-09-05 12:31:54,119 ; PT3S                                                         ; DEBUG   ; dxWithMx._V3_AGSNVEC: ('STAT', 'QMVEC', Timestamp('2024-01-09 23:00:00'), Timestamp('2024-01-09 23:00:00'))
2025-09-05 12:31:54,119 ; PT3S                                                         ; DEBUG   ; dxWithMx._V3_AGSNVEC: ('STAT', 'tMVEC', Timestamp('2024-01-09 23:00:00'), Timestamp('2024-01-09 23:00:00'))
2025-09-05 12:31:54,119 ; PT3S                                                         ; DEBUG   ; dxWithMx._V3_AGSNVEC: self.V3_ROHRVEC: str-cols:
2025-09-05 12:31:54,119 ; PT3S                                                         ; DEBUG   ; dxWithMx._V3_AGSNVEC: pk
2025-09-05 12:31:54,119 ; PT3S                                                         ; DEBUG   ; dxWithMx._V3_AGSNVEC: fkDE
2025-09-05 12:31:54,121 ; PT3S                                                         ; DEBUG   ; dxWithMx._V3_AGSNVEC: rk
2025-09-05 12:31:54,121 ; PT3S                                                         ; DEBUG   ; dxWithMx._V3_AGSNVEC: tk
2025-09-05 12:31:54,121 ; PT3S                                                         ; DEBUG   ; dxWithMx._V3_AGSNVEC: fkKI
2025-09-05 12:31:54,121 ; PT3S                                                         ; DEBUG   ; dxWithMx._V3_AGSNVEC: fkKK
2025-09-05 12:31:54,121 ; PT3S                                                         ; DEBUG   ; dxWithMx._V3_AGSNVEC: fkDTRO_ROWD
2025-09-05 12:31:54,121 ; PT3S                                                         ; DEBUG   ; dxWithMx._V3_AGSNVEC: fkLTGR
2025-09-05 12:31:54,121 ; PT3S                                                         ; DEBUG   ; dxWithMx._V3_AGSNVEC: fkSTRASSE
2025-09-05 12:31:54,121 ; PT3S                                                         ; DEBUG   ; dxWithMx._V3_AGSNVEC: L
2025-09-05 12:31:54,121 ; PT3S                                                         ; DEBUG   ; dxWithMx._V3_AGSNVEC: LZU
2025-09-05 12:31:54,121 ; PT3S                                                         ; DEBUG   ; dxWithMx._V3_AGSNVEC: RAU
2025-09-05 12:31:54,121 ; PT3S                                                         ; DEBUG   ; dxWithMx._V3_AGSNVEC: JLAMBS
2025-09-05 12:31:54,121 ; PT3S                                                         ; DEBUG   ; dxWithMx._V3_AGSNVEC: LAMBDA0
2025-09-05 12:31:54,121 ; PT3S                                                         ; DEBUG   ; dxWithMx._V3_AGSNVEC: ZEIN
2025-09-05 12:31:54,123 ; PT3S                                                         ; DEBUG   ; dxWithMx._V3_AGSNVEC: ZAUS
2025-09-05 12:31:54,123 ; PT3S                                                         ; DEBUG   ; dxWithMx._V3_AGSNVEC: ZUML
2025-09-05 12:31:54,123 ; PT3S                                                         ; DEBUG   ; dxWithMx._V3_AGSNVEC: ASOLL
2025-09-05 12:31:54,123 ; PT3S                                                         ; DEBUG   ; dxWithMx._V3_AGSNVEC: INDSCHALL
2025-09-05 12:31:54,123 ; PT3S                                                         ; DEBUG   ; dxWithMx._V3_AGSNVEC: BAUJAHR
2025-09-05 12:31:54,123 ; PT3S                                                         ; DEBUG   ; dxWithMx._V3_AGSNVEC: HAL
2025-09-05 12:31:54,123 ; PT3S                                                         ; DEBUG   ; dxWithMx._V3_AGSNVEC: fkCONT
2025-09-05 12:31:54,123 ; PT3S                                                         ; DEBUG   ; dxWithMx._V3_AGSNVEC: fk2LROHR
2025-09-05 12:31:54,123 ; PT3S                                                         ; DEBUG   ; dxWithMx._V3_AGSNVEC: BESCHREIBUNG
2025-09-05 12:31:54,123 ; PT3S                                                         ; DEBUG   ; dxWithMx._V3_AGSNVEC: GEOMWKB
2025-09-05 12:31:54,123 ; PT3S                                                         ; DEBUG   ; dxWithMx._V3_AGSNVEC: DELETED
2025-09-05 12:31:54,123 ; PT3S                                                         ; DEBUG   ; dxWithMx._V3_AGSNVEC: SELECT1
2025-09-05 12:31:54,123 ; PT3S                                                         ; DEBUG   ; dxWithMx._V3_AGSNVEC: IDREFERENZ
2025-09-05 12:31:54,123 ; PT3S                                                         ; DEBUG   ; dxWithMx._V3_AGSNVEC: KENNUNG
2025-09-05 12:31:54,123 ; PT3S                                                         ; DEBUG   ; dxWithMx._V3_AGSNVEC: IPLANUNG
2025-09-05 12:31:54,123 ; PT3S                                                         ; DEBUG   ; dxWithMx._V3_AGSNVEC: KVR
2025-09-05 12:31:54,123 ; PT3S                                                         ; DEBUG   ; dxWithMx._V3_AGSNVEC: pk_BZ
2025-09-05 12:31:54,123 ; PT3S                                                         ; DEBUG   ; dxWithMx._V3_AGSNVEC: fkDE_BZ
2025-09-05 12:31:54,123 ; PT3S                                                         ; DEBUG   ; dxWithMx._V3_AGSNVEC: fk
2025-09-05 12:31:54,123 ; PT3S                                                         ; DEBUG   ; dxWithMx._V3_AGSNVEC: QSVB
2025-09-05 12:31:54,123 ; PT3S                                                         ; DEBUG   ; dxWithMx._V3_AGSNVEC: IRTRENN
2025-09-05 12:31:54,123 ; PT3S                                                         ; DEBUG   ; dxWithMx._V3_AGSNVEC: LECKSTATUS
2025-09-05 12:31:54,123 ; PT3S                                                         ; DEBUG   ; dxWithMx._V3_AGSNVEC: LECKSTART
2025-09-05 12:31:54,123 ; PT3S                                                         ; DEBUG   ; dxWithMx._V3_AGSNVEC: LECKEND
2025-09-05 12:31:54,123 ; PT3S                                                         ; DEBUG   ; dxWithMx._V3_AGSNVEC: LECKORT
2025-09-05 12:31:54,123 ; PT3S                                                         ; DEBUG   ; dxWithMx._V3_AGSNVEC: LECKMENGE
2025-09-05 12:31:54,123 ; PT3S                                                         ; DEBUG   ; dxWithMx._V3_AGSNVEC: IMPTNZ
2025-09-05 12:31:54,123 ; PT3S                                                         ; DEBUG   ; dxWithMx._V3_AGSNVEC: ZVLIMPTNZ
2025-09-05 12:31:54,123 ; PT3S                                                         ; DEBUG   ; dxWithMx._V3_AGSNVEC: KANTENZV
2025-09-05 12:31:54,123 ; PT3S                                                         ; DEBUG   ; dxWithMx._V3_AGSNVEC: GEOM
2025-09-05 12:31:54,123 ; PT3S                                                         ; DEBUG   ; dxWithMx._V3_AGSNVEC: GRAF
2025-09-05 12:31:54,123 ; PT3S                                                         ; DEBUG   ; dxWithMx._V3_AGSNVEC: MId
2025-09-05 12:31:54,123 ; PT3S                                                         ; DEBUG   ; dxWithMx._V3_AGSNVEC: MText
2025-09-05 12:31:54,123 ; PT3S                                                         ; DEBUG   ; dxWithMx._V3_AGSNVEC: Basis
2025-09-05 12:31:54,123 ; PT3S                                                         ; DEBUG   ; dxWithMx._V3_AGSNVEC: Variante
2025-09-05 12:31:54,123 ; PT3S                                                         ; DEBUG   ; dxWithMx._V3_AGSNVEC: BZ
2025-09-05 12:31:54,123 ; PT3S                                                         ; DEBUG   ; dxWithMx._V3_AGSNVEC: Geaendert
2025-09-05 12:31:54,123 ; PT3S                                                         ; DEBUG   ; dxWithMx._V3_AGSNVEC: Erstellt
2025-09-05 12:31:54,123 ; PT3S                                                         ; DEBUG   ; dxWithMx._V3_AGSNVEC: pk_VMBZ
2025-09-05 12:31:54,123 ; PT3S                                                         ; DEBUG   ; dxWithMx._V3_AGSNVEC: fkBASIS
2025-09-05 12:31:54,123 ; PT3S                                                         ; DEBUG   ; dxWithMx._V3_AGSNVEC: fkVARIANTE
2025-09-05 12:31:54,123 ; PT3S                                                         ; DEBUG   ; dxWithMx._V3_AGSNVEC: fkBZ
2025-09-05 12:31:54,123 ; PT3S                                                         ; DEBUG   ; dxWithMx._V3_AGSNVEC: MZ
2025-09-05 12:31:54,123 ; PT3S                                                         ; DEBUG   ; dxWithMx._V3_AGSNVEC: MT
2025-09-05 12:31:54,123 ; PT3S                                                         ; DEBUG   ; dxWithMx._V3_AGSNVEC: pk_CONT
2025-09-05 12:31:54,127 ; PT3S                                                         ; DEBUG   ; dxWithMx._V3_AGSNVEC: fkDE_CONT
2025-09-05 12:31:54,127 ; PT3S                                                         ; DEBUG   ; dxWithMx._V3_AGSNVEC: rk_CONT
2025-09-05 12:31:54,127 ; PT3S                                                         ; DEBUG   ; dxWithMx._V3_AGSNVEC: tk_CONT
2025-09-05 12:31:54,127 ; PT3S                                                         ; DEBUG   ; dxWithMx._V3_AGSNVEC: ID_CONT
2025-09-05 12:31:54,127 ; PT3S                                                         ; DEBUG   ; dxWithMx._V3_AGSNVEC: NAME_CONT
2025-09-05 12:31:54,127 ; PT3S                                                         ; DEBUG   ; dxWithMx._V3_AGSNVEC: IDPARENT_CONT
2025-09-05 12:31:54,128 ; PT3S                                                         ; DEBUG   ; dxWithMx._V3_AGSNVEC: rkPARENT_CONT
2025-09-05 12:31:54,128 ; PT3S                                                         ; DEBUG   ; dxWithMx._V3_AGSNVEC: LFDNR_CONT
2025-09-05 12:31:54,128 ; PT3S                                                         ; DEBUG   ; dxWithMx._V3_AGSNVEC: GRAF_CONT
2025-09-05 12:31:54,128 ; PT3S                                                         ; DEBUG   ; dxWithMx._V3_AGSNVEC: FONT_CONT
2025-09-05 12:31:54,128 ; PT3S                                                         ; DEBUG   ; dxWithMx._V3_AGSNVEC: GEOM_CONT
2025-09-05 12:31:54,128 ; PT3S                                                         ; DEBUG   ; dxWithMx._V3_AGSNVEC: DELETED_CONT
2025-09-05 12:31:54,128 ; PT3S                                                         ; DEBUG   ; dxWithMx._V3_AGSNVEC: SELECT1_CONT
2025-09-05 12:31:54,128 ; PT3S                                                         ; DEBUG   ; dxWithMx._V3_AGSNVEC: IDREFERENZ_CONT
2025-09-05 12:31:54,128 ; PT3S                                                         ; DEBUG   ; dxWithMx._V3_AGSNVEC: NAME_DTRO
2025-09-05 12:31:54,128 ; PT3S                                                         ; DEBUG   ; dxWithMx._V3_AGSNVEC: DN
2025-09-05 12:31:54,128 ; PT3S                                                         ; DEBUG   ; dxWithMx._V3_AGSNVEC: DI
2025-09-05 12:31:54,128 ; PT3S                                                         ; DEBUG   ; dxWithMx._V3_AGSNVEC: DA
2025-09-05 12:31:54,128 ; PT3S                                                         ; DEBUG   ; dxWithMx._V3_AGSNVEC: S
2025-09-05 12:31:54,128 ; PT3S                                                         ; DEBUG   ; dxWithMx._V3_AGSNVEC: KT
2025-09-05 12:31:54,128 ; PT3S                                                         ; DEBUG   ; dxWithMx._V3_AGSNVEC: PN
2025-09-05 12:31:54,128 ; PT3S                                                         ; DEBUG   ; dxWithMx._V3_AGSNVEC: Am2
2025-09-05 12:31:54,128 ; PT3S                                                         ; DEBUG   ; dxWithMx._V3_AGSNVEC: Vm3
2025-09-05 12:31:54,128 ; PT3S                                                         ; DEBUG   ; dxWithMx._V3_AGSNVEC: NAME_LTGR
2025-09-05 12:31:54,128 ; PT3S                                                         ; DEBUG   ; dxWithMx._V3_AGSNVEC: NAME_STRASSE
2025-09-05 12:31:54,128 ; PT3S                                                         ; DEBUG   ; dxWithMx._V3_AGSNVEC: tk_i
2025-09-05 12:31:54,128 ; PT3S                                                         ; DEBUG   ; dxWithMx._V3_AGSNVEC: NAME_i
2025-09-05 12:31:54,128 ; PT3S                                                         ; DEBUG   ; dxWithMx._V3_AGSNVEC: tk_k
2025-09-05 12:31:54,128 ; PT3S                                                         ; DEBUG   ; dxWithMx._V3_AGSNVEC: NAME_k
2025-09-05 12:31:54,128 ; PT3S                                                         ; DEBUG   ; dxWithMx._V3_AGSNVEC: mx2NofPts
2025-09-05 12:31:54,128 ; PT3S                                                         ; DEBUG   ; dxWithMx._V3_AGSNVEC: dL
2025-09-05 12:31:54,128 ; PT3S                                                         ; DEBUG   ; dxWithMx._V3_AGSNVEC: mx2Idx
2025-09-05 12:31:54,128 ; PT3S                                                         ; DEBUG   ; dxWithMx._V3_AGSNVEC: ('STAT', 'KNOT~*~*~*~PH', Timestamp('2024-01-09 23:00:00'), Timestamp('2024-01-09 23:00:00'))_i
2025-09-05 12:31:54,128 ; PT3S                                                         ; DEBUG   ; dxWithMx._V3_AGSNVEC: ('STAT', 'KNOT~*~*~*~H', Timestamp('2024-01-09 23:00:00'), Timestamp('2024-01-09 23:00:00'))_i
2025-09-05 12:31:54,128 ; PT3S                                                         ; DEBUG   ; dxWithMx._V3_AGSNVEC: ('STAT', 'KNOT~*~*~*~T', Timestamp('2024-01-09 23:00:00'), Timestamp('2024-01-09 23:00:00'))_i
2025-09-05 12:31:54,128 ; PT3S                                                         ; DEBUG   ; dxWithMx._V3_AGSNVEC: ('STAT', 'KNOT~*~*~*~RHO', Timestamp('2024-01-09 23:00:00'), Timestamp('2024-01-09 23:00:00'))_i
2025-09-05 12:31:54,128 ; PT3S                                                         ; DEBUG   ; dxWithMx._V3_AGSNVEC: ('STAT', 'KNOT~*~*~*~PH', Timestamp('2024-01-09 23:00:00'), Timestamp('2024-01-09 23:00:00'))_k
2025-09-05 12:31:54,128 ; PT3S                                                         ; DEBUG   ; dxWithMx._V3_AGSNVEC: ('STAT', 'KNOT~*~*~*~H', Timestamp('2024-01-09 23:00:00'), Timestamp('2024-01-09 23:00:00'))_k
2025-09-05 12:31:54,128 ; PT3S                                                         ; DEBUG   ; dxWithMx._V3_AGSNVEC: ('STAT', 'KNOT~*~*~*~T', Timestamp('2024-01-09 23:00:00'), Timestamp('2024-01-09 23:00:00'))_k
2025-09-05 12:31:54,128 ; PT3S                                                         ; DEBUG   ; dxWithMx._V3_AGSNVEC: ('STAT', 'KNOT~*~*~*~RHO', Timestamp('2024-01-09 23:00:00'), Timestamp('2024-01-09 23:00:00'))_k
2025-09-05 12:31:54,128 ; PT3S                                                         ; DEBUG   ; dxWithMx._V3_AGSNVEC: QMAVAbs
2025-09-05 12:31:54,128 ; PT3S                                                         ; DEBUG   ; dxWithMx._V3_AGSNVEC: VAVAbs
2025-09-05 12:31:54,128 ; PT3S                                                         ; DEBUG   ; dxWithMx._V3_AGSNVEC: PHRAbs
2025-09-05 12:31:54,128 ; PT3S                                                         ; DEBUG   ; dxWithMx._V3_AGSNVEC: JVAbs
2025-09-05 12:31:54,128 ; PT3S                                                         ; DEBUG   ; dxWithMx._V3_AGSNVEC: LAMBDA
2025-09-05 12:31:54,132 ; PT3S                                                         ; DEBUG   ; dxWithMx._V3_AGSNVEC: IptIdx
2025-09-05 12:31:54,132 ; PT3S                                                         ; DEBUG   ; dxWithMx._V3_AGSNVEC: SVEC
2025-09-05 12:31:54,133 ; PT3S                                                         ; DEBUG   ; dxWithMx._V3_AGSNVEC: SVECRev
2025-09-05 12:31:54,133 ; PT3S                                                         ; DEBUG   ; dxWithMx._V3_AGSNVEC: IptIdxAsNo
2025-09-05 12:31:54,133 ; PT3S                                                         ; DEBUG   ; dxWithMx._V3_AGSNVEC: IptIdxAsNoRev
2025-09-05 12:31:54,133 ; PT3S                                                         ; DEBUG   ; dxWithMx._V3_AGSNVEC: ZVEC
2025-09-05 12:31:55,326 ; PT3S                                                         ; DEBUG   ; dxWithMx._V3_AGSNVEC_mapExistingColWithVecResults: Start.
2025-09-05 12:31:55,327 ; PT3S                                                         ; DEBUG   ; mapping PH_n with ('STAT', 'manPVEC', Timestamp('2024-01-09 23:00:00'), Timestamp('2024-01-09 23:00:00'))
2025-09-05 12:31:55,366 ; PT3S                                                         ; DEBUG   ; dxWithMx._V3_AGSNVEC_mapExistingColWithVecResults: _Done.
2025-09-05 12:31:55,366 ; PT3S                                                         ; DEBUG   ; dxWithMx._V3_AGSNVEC_mapExistingColWithVecResults: Start.
2025-09-05 12:31:55,366 ; PT3S                                                         ; DEBUG   ; mapping mlc_n with ('STAT', 'mlcPVEC', Timestamp('2024-01-09 23:00:00'), Timestamp('2024-01-09 23:00:00'))
2025-09-05 12:31:55,411 ; PT3S                                                         ; DEBUG   ; dxWithMx._V3_AGSNVEC_mapExistingColWithVecResults: _Done.
2025-09-05 12:31:55,411 ; PT3S                                                         ; DEBUG   ; dxWithMx._V3_AGSNVEC_mapExistingColWithVecResults: Start.
2025-09-05 12:31:55,411 ; PT3S                                                         ; DEBUG   ; mapping H_n with ('STAT', 'barBzgPVEC', Timestamp('2024-01-09 23:00:00'), Timestamp('2024-01-09 23:00:00'))
2025-09-05 12:31:55,454 ; PT3S                                                         ; DEBUG   ; dxWithMx._V3_AGSNVEC_mapExistingColWithVecResults: _Done.
2025-09-05 12:31:55,455 ; PT3S                                                         ; DEBUG   ; dxWithMx._V3_AGSNVEC_mapExistingColWithVecResults: Start.
2025-09-05 12:31:55,455 ; PT3S                                                         ; DEBUG   ; mapping T_n with ('STAT', 'ROHR~*~*~*~TVEC', Timestamp('2024-01-09 23:00:00'), Timestamp('2024-01-09 23:00:00'))
2025-09-05 12:31:55,495 ; PT3S                                                         ; DEBUG   ; dxWithMx._V3_AGSNVEC_mapExistingColWithVecResults: _Done.
2025-09-05 12:31:55,496 ; PT3S                                                         ; DEBUG   ; dxWithMx._V3_AGSNVEC: IDQM=5.0 (t/h). tMVEC wird verwendet fuer das Mapping in VBEL-QM.
2025-09-05 12:31:55,496 ; PT3S                                                         ; DEBUG   ; dxWithMx._V3_AGSNVEC_mapExistingColWithVecResults: Start.
2025-09-05 12:31:55,496 ; PT3S                                                         ; DEBUG   ; mapping QM with ('STAT', 'tMVEC', Timestamp('2024-01-09 23:00:00'), Timestamp('2024-01-09 23:00:00'))
2025-09-05 12:31:55,543 ; PT3S                                                         ; DEBUG   ; dxWithMx._V3_AGSNVEC_mapExistingColWithVecResults: _Done.
2025-09-05 12:31:55,553 ; PT3S                                                         ; DEBUG   ; dxWithMx._V3_AGSNVEC: tuple-cols vor min, max, end:
2025-09-05 12:31:55,553 ; PT3S                                                         ; DEBUG   ; dxWithMx._V3_AGSNVEC: ('STAT', 'ROHR~*~*~*~ETAAV', Timestamp('2024-01-09 23:00:00'), Timestamp('2024-01-09 23:00:00'))
2025-09-05 12:31:55,555 ; PT3S                                                         ; DEBUG   ; dxWithMx._V3_AGSNVEC: ('STAT', 'ROHR~*~*~*~IAKTIV', Timestamp('2024-01-09 23:00:00'), Timestamp('2024-01-09 23:00:00'))
2025-09-05 12:31:55,555 ; PT3S                                                         ; DEBUG   ; dxWithMx._V3_AGSNVEC: ('STAT', 'ROHR~*~*~*~IRTRENN', Timestamp('2024-01-09 23:00:00'), Timestamp('2024-01-09 23:00:00'))
2025-09-05 12:31:55,555 ; PT3S                                                         ; DEBUG   ; dxWithMx._V3_AGSNVEC: ('STAT', 'ROHR~*~*~*~JV', Timestamp('2024-01-09 23:00:00'), Timestamp('2024-01-09 23:00:00'))
2025-09-05 12:31:55,555 ; PT3S                                                         ; DEBUG   ; dxWithMx._V3_AGSNVEC: ('STAT', 'ROHR~*~*~*~LAMBDA', Timestamp('2024-01-09 23:00:00'), Timestamp('2024-01-09 23:00:00'))
2025-09-05 12:31:55,555 ; PT3S                                                         ; DEBUG   ; dxWithMx._V3_AGSNVEC: ('STAT', 'ROHR~*~*~*~LECKEINAUS', Timestamp('2024-01-09 23:00:00'), Timestamp('2024-01-09 23:00:00'))
2025-09-05 12:31:55,555 ; PT3S                                                         ; DEBUG   ; dxWithMx._V3_AGSNVEC: ('STAT', 'ROHR~*~*~*~LECKMENGE', Timestamp('2024-01-09 23:00:00'), Timestamp('2024-01-09 23:00:00'))
2025-09-05 12:31:55,555 ; PT3S                                                         ; DEBUG   ; dxWithMx._V3_AGSNVEC: ('STAT', 'ROHR~*~*~*~LECKORT', Timestamp('2024-01-09 23:00:00'), Timestamp('2024-01-09 23:00:00'))
2025-09-05 12:31:55,555 ; PT3S                                                         ; DEBUG   ; dxWithMx._V3_AGSNVEC: ('STAT', 'ROHR~*~*~*~PDAMPF', Timestamp('2024-01-09 23:00:00'), Timestamp('2024-01-09 23:00:00'))
2025-09-05 12:31:55,555 ; PT3S                                                         ; DEBUG   ; dxWithMx._V3_AGSNVEC: ('STAT', 'ROHR~*~*~*~PHR', Timestamp('2024-01-09 23:00:00'), Timestamp('2024-01-09 23:00:00'))
2025-09-05 12:31:55,555 ; PT3S                                                         ; DEBUG   ; dxWithMx._V3_AGSNVEC: ('STAT', 'ROHR~*~*~*~PMIN', Timestamp('2024-01-09 23:00:00'), Timestamp('2024-01-09 23:00:00'))
2025-09-05 12:31:55,555 ; PT3S                                                         ; DEBUG   ; dxWithMx._V3_AGSNVEC: ('STAT', 'ROHR~*~*~*~QI2', Timestamp('2024-01-09 23:00:00'), Timestamp('2024-01-09 23:00:00'))
2025-09-05 12:31:55,555 ; PT3S                                                         ; DEBUG   ; dxWithMx._V3_AGSNVEC: ('STAT', 'ROHR~*~*~*~QK2', Timestamp('2024-01-09 23:00:00'), Timestamp('2024-01-09 23:00:00'))
2025-09-05 12:31:55,555 ; PT3S                                                         ; DEBUG   ; dxWithMx._V3_AGSNVEC: ('STAT', 'ROHR~*~*~*~QMAV', Timestamp('2024-01-09 23:00:00'), Timestamp('2024-01-09 23:00:00'))
2025-09-05 12:31:55,555 ; PT3S                                                         ; DEBUG   ; dxWithMx._V3_AGSNVEC: ('STAT', 'ROHR~*~*~*~QMI', Timestamp('2024-01-09 23:00:00'), Timestamp('2024-01-09 23:00:00'))
2025-09-05 12:31:55,555 ; PT3S                                                         ; DEBUG   ; dxWithMx._V3_AGSNVEC: ('STAT', 'ROHR~*~*~*~QMK', Timestamp('2024-01-09 23:00:00'), Timestamp('2024-01-09 23:00:00'))
2025-09-05 12:31:55,555 ; PT3S                                                         ; DEBUG   ; dxWithMx._V3_AGSNVEC: ('STAT', 'ROHR~*~*~*~RHOAV', Timestamp('2024-01-09 23:00:00'), Timestamp('2024-01-09 23:00:00'))
2025-09-05 12:31:55,555 ; PT3S                                                         ; DEBUG   ; dxWithMx._V3_AGSNVEC: ('STAT', 'ROHR~*~*~*~VAV', Timestamp('2024-01-09 23:00:00'), Timestamp('2024-01-09 23:00:00'))
2025-09-05 12:31:55,555 ; PT3S                                                         ; DEBUG   ; dxWithMx._V3_AGSNVEC: ('STAT', 'ROHR~*~*~*~VI', Timestamp('2024-01-09 23:00:00'), Timestamp('2024-01-09 23:00:00'))
2025-09-05 12:31:55,555 ; PT3S                                                         ; DEBUG   ; dxWithMx._V3_AGSNVEC: ('STAT', 'ROHR~*~*~*~VK', Timestamp('2024-01-09 23:00:00'), Timestamp('2024-01-09 23:00:00'))
2025-09-05 12:31:55,555 ; PT3S                                                         ; DEBUG   ; dxWithMx._V3_AGSNVEC: ('STAT', 'ROHR~*~*~*~VOLDA', Timestamp('2024-01-09 23:00:00'), Timestamp('2024-01-09 23:00:00'))
2025-09-05 12:31:55,555 ; PT3S                                                         ; DEBUG   ; dxWithMx._V3_AGSNVEC: ('STAT', 'ROHR~*~*~*~WVL', Timestamp('2024-01-09 23:00:00'), Timestamp('2024-01-09 23:00:00'))
2025-09-05 12:31:55,555 ; PT3S                                                         ; DEBUG   ; dxWithMx._V3_AGSNVEC: ('STAT', 'ROHR~*~*~*~MVEC', Timestamp('2024-01-09 23:00:00'), Timestamp('2024-01-09 23:00:00'))
2025-09-05 12:31:55,555 ; PT3S                                                         ; DEBUG   ; dxWithMx._V3_AGSNVEC: ('STAT', 'ROHR~*~*~*~PVEC', Timestamp('2024-01-09 23:00:00'), Timestamp('2024-01-09 23:00:00'))
2025-09-05 12:31:55,555 ; PT3S                                                         ; DEBUG   ; dxWithMx._V3_AGSNVEC: ('STAT', 'ROHR~*~*~*~PVECMAX_INST', Timestamp('2024-01-09 23:00:00'), Timestamp('2024-01-09 23:00:00'))
2025-09-05 12:31:55,555 ; PT3S                                                         ; DEBUG   ; dxWithMx._V3_AGSNVEC: ('STAT', 'ROHR~*~*~*~PVECMIN_INST', Timestamp('2024-01-09 23:00:00'), Timestamp('2024-01-09 23:00:00'))
2025-09-05 12:31:55,555 ; PT3S                                                         ; DEBUG   ; dxWithMx._V3_AGSNVEC: ('STAT', 'ROHR~*~*~*~RHOVEC', Timestamp('2024-01-09 23:00:00'), Timestamp('2024-01-09 23:00:00'))
2025-09-05 12:31:55,555 ; PT3S                                                         ; DEBUG   ; dxWithMx._V3_AGSNVEC: ('STAT', 'ROHR~*~*~*~TVEC', Timestamp('2024-01-09 23:00:00'), Timestamp('2024-01-09 23:00:00'))
2025-09-05 12:31:55,560 ; PT3S                                                         ; DEBUG   ; dxWithMx._V3_AGSNVEC: ('STAT', 'manPVECMAX_INST', Timestamp('2024-01-09 23:00:00'), Timestamp('2024-01-09 23:00:00'))
2025-09-05 12:31:55,560 ; PT3S                                                         ; DEBUG   ; dxWithMx._V3_AGSNVEC: ('STAT', 'mlcPVECMAX_INST', Timestamp('2024-01-09 23:00:00'), Timestamp('2024-01-09 23:00:00'))
2025-09-05 12:31:55,560 ; PT3S                                                         ; DEBUG   ; dxWithMx._V3_AGSNVEC: ('STAT', 'barBzgPVECMAX_INST', Timestamp('2024-01-09 23:00:00'), Timestamp('2024-01-09 23:00:00'))
2025-09-05 12:31:55,560 ; PT3S                                                         ; DEBUG   ; dxWithMx._V3_AGSNVEC: ('STAT', 'manPVECMIN_INST', Timestamp('2024-01-09 23:00:00'), Timestamp('2024-01-09 23:00:00'))
2025-09-05 12:31:55,560 ; PT3S                                                         ; DEBUG   ; dxWithMx._V3_AGSNVEC: ('STAT', 'mlcPVECMIN_INST', Timestamp('2024-01-09 23:00:00'), Timestamp('2024-01-09 23:00:00'))
2025-09-05 12:31:55,560 ; PT3S                                                         ; DEBUG   ; dxWithMx._V3_AGSNVEC: ('STAT', 'barBzgPVECMIN_INST', Timestamp('2024-01-09 23:00:00'), Timestamp('2024-01-09 23:00:00'))
2025-09-05 12:31:55,560 ; PT3S                                                         ; DEBUG   ; dxWithMx._V3_AGSNVEC: ('STAT', 'manPVEC', Timestamp('2024-01-09 23:00:00'), Timestamp('2024-01-09 23:00:00'))
2025-09-05 12:31:55,560 ; PT3S                                                         ; DEBUG   ; dxWithMx._V3_AGSNVEC: ('STAT', 'mlcPVEC', Timestamp('2024-01-09 23:00:00'), Timestamp('2024-01-09 23:00:00'))
2025-09-05 12:31:55,560 ; PT3S                                                         ; DEBUG   ; dxWithMx._V3_AGSNVEC: ('STAT', 'barBzgPVEC', Timestamp('2024-01-09 23:00:00'), Timestamp('2024-01-09 23:00:00'))
2025-09-05 12:31:55,560 ; PT3S                                                         ; DEBUG   ; dxWithMx._V3_AGSNVEC: ('STAT', 'QMVEC', Timestamp('2024-01-09 23:00:00'), Timestamp('2024-01-09 23:00:00'))
2025-09-05 12:31:55,560 ; PT3S                                                         ; DEBUG   ; dxWithMx._V3_AGSNVEC: ('STAT', 'tMVEC', Timestamp('2024-01-09 23:00:00'), Timestamp('2024-01-09 23:00:00'))
2025-09-05 12:31:55,560 ; PT3S                                                         ; DEBUG   ; dxWithMx._V3_AGSNVEC: str-cols vor min, max, end:
2025-09-05 12:31:55,560 ; PT3S                                                         ; DEBUG   ; dxWithMx._V3_AGSNVEC: Pos
2025-09-05 12:31:55,560 ; PT3S                                                         ; DEBUG   ; dxWithMx._V3_AGSNVEC: pk
2025-09-05 12:31:55,560 ; PT3S                                                         ; DEBUG   ; dxWithMx._V3_AGSNVEC: tk
2025-09-05 12:31:55,560 ; PT3S                                                         ; DEBUG   ; dxWithMx._V3_AGSNVEC: LFDNR
2025-09-05 12:31:55,560 ; PT3S                                                         ; DEBUG   ; dxWithMx._V3_AGSNVEC: NAME
2025-09-05 12:31:55,560 ; PT3S                                                         ; DEBUG   ; dxWithMx._V3_AGSNVEC: XL
2025-09-05 12:31:55,565 ; PT3S                                                         ; DEBUG   ; dxWithMx._V3_AGSNVEC: compNr
2025-09-05 12:31:55,565 ; PT3S                                                         ; DEBUG   ; dxWithMx._V3_AGSNVEC: nextNODE
2025-09-05 12:31:55,565 ; PT3S                                                         ; DEBUG   ; dxWithMx._V3_AGSNVEC: OBJTYPE
2025-09-05 12:31:55,565 ; PT3S                                                         ; DEBUG   ; dxWithMx._V3_AGSNVEC: OBJID
2025-09-05 12:31:55,565 ; PT3S                                                         ; DEBUG   ; dxWithMx._V3_AGSNVEC: L
2025-09-05 12:31:55,565 ; PT3S                                                         ; DEBUG   ; dxWithMx._V3_AGSNVEC: DN
2025-09-05 12:31:55,565 ; PT3S                                                         ; DEBUG   ; dxWithMx._V3_AGSNVEC: Am2
2025-09-05 12:31:55,565 ; PT3S                                                         ; DEBUG   ; dxWithMx._V3_AGSNVEC: Vm3
2025-09-05 12:31:55,565 ; PT3S                                                         ; DEBUG   ; dxWithMx._V3_AGSNVEC: NAME_CONT
2025-09-05 12:31:55,565 ; PT3S                                                         ; DEBUG   ; dxWithMx._V3_AGSNVEC: NAME_i
2025-09-05 12:31:55,565 ; PT3S                                                         ; DEBUG   ; dxWithMx._V3_AGSNVEC: NAME_k
2025-09-05 12:31:55,565 ; PT3S                                                         ; DEBUG   ; dxWithMx._V3_AGSNVEC: ZKOR_n
2025-09-05 12:31:55,565 ; PT3S                                                         ; DEBUG   ; dxWithMx._V3_AGSNVEC: BESCHREIBUNG_n
2025-09-05 12:31:55,565 ; PT3S                                                         ; DEBUG   ; dxWithMx._V3_AGSNVEC: KVR_n
2025-09-05 12:31:55,568 ; PT3S                                                         ; DEBUG   ; dxWithMx._V3_AGSNVEC: LSum
2025-09-05 12:31:55,568 ; PT3S                                                         ; DEBUG   ; dxWithMx._V3_AGSNVEC: direction
2025-09-05 12:31:55,568 ; PT3S                                                         ; DEBUG   ; dxWithMx._V3_AGSNVEC: ('STAT', 'QM', Timestamp('2024-01-09 23:00:00'), Timestamp('2024-01-09 23:00:00'))
2025-09-05 12:31:55,568 ; PT3S                                                         ; DEBUG   ; dxWithMx._V3_AGSNVEC: QM
2025-09-05 12:31:55,568 ; PT3S                                                         ; DEBUG   ; dxWithMx._V3_AGSNVEC: ('STAT', 'KNOT~*~*~*~PH', Timestamp('2024-01-09 23:00:00'), Timestamp('2024-01-09 23:00:00'))_n
2025-09-05 12:31:55,568 ; PT3S                                                         ; DEBUG   ; dxWithMx._V3_AGSNVEC: ('STAT', 'KNOT~*~*~*~H', Timestamp('2024-01-09 23:00:00'), Timestamp('2024-01-09 23:00:00'))_n
2025-09-05 12:31:55,568 ; PT3S                                                         ; DEBUG   ; dxWithMx._V3_AGSNVEC: ('STAT', 'KNOT~*~*~*~T', Timestamp('2024-01-09 23:00:00'), Timestamp('2024-01-09 23:00:00'))_n
2025-09-05 12:31:55,568 ; PT3S                                                         ; DEBUG   ; dxWithMx._V3_AGSNVEC: ('STAT', 'KNOT~*~*~*~RHO', Timestamp('2024-01-09 23:00:00'), Timestamp('2024-01-09 23:00:00'))_n
2025-09-05 12:31:55,568 ; PT3S                                                         ; DEBUG   ; dxWithMx._V3_AGSNVEC: PH_n
2025-09-05 12:31:55,568 ; PT3S                                                         ; DEBUG   ; dxWithMx._V3_AGSNVEC: T_n
2025-09-05 12:31:55,568 ; PT3S                                                         ; DEBUG   ; dxWithMx._V3_AGSNVEC: H_n
2025-09-05 12:31:55,568 ; PT3S                                                         ; DEBUG   ; dxWithMx._V3_AGSNVEC: RHO_n
2025-09-05 12:31:55,568 ; PT3S                                                         ; DEBUG   ; dxWithMx._V3_AGSNVEC: mlc_n
2025-09-05 12:31:55,568 ; PT3S                                                         ; DEBUG   ; dxWithMx._V3_AGSNVEC: ('STAT', 'mlc', Timestamp('2024-01-09 23:00:00'), Timestamp('2024-01-09 23:00:00'))_n
2025-09-05 12:31:55,568 ; PT3S                                                         ; DEBUG   ; dxWithMx._V3_AGSNVEC: pk_ROHRVEC
2025-09-05 12:31:55,568 ; PT3S                                                         ; DEBUG   ; dxWithMx._V3_AGSNVEC: fkDE
2025-09-05 12:31:55,568 ; PT3S                                                         ; DEBUG   ; dxWithMx._V3_AGSNVEC: rk
2025-09-05 12:31:55,571 ; PT3S                                                         ; DEBUG   ; dxWithMx._V3_AGSNVEC: tk_ROHRVEC
2025-09-05 12:31:55,571 ; PT3S                                                         ; DEBUG   ; dxWithMx._V3_AGSNVEC: fkKI
2025-09-05 12:31:55,571 ; PT3S                                                         ; DEBUG   ; dxWithMx._V3_AGSNVEC: fkKK
2025-09-05 12:31:55,572 ; PT3S                                                         ; DEBUG   ; dxWithMx._V3_AGSNVEC: fkDTRO_ROWD
2025-09-05 12:31:55,572 ; PT3S                                                         ; DEBUG   ; dxWithMx._V3_AGSNVEC: fkLTGR
2025-09-05 12:31:55,572 ; PT3S                                                         ; DEBUG   ; dxWithMx._V3_AGSNVEC: fkSTRASSE
2025-09-05 12:31:55,572 ; PT3S                                                         ; DEBUG   ; dxWithMx._V3_AGSNVEC: L_ROHRVEC
2025-09-05 12:31:55,572 ; PT3S                                                         ; DEBUG   ; dxWithMx._V3_AGSNVEC: LZU
2025-09-05 12:31:55,572 ; PT3S                                                         ; DEBUG   ; dxWithMx._V3_AGSNVEC: RAU
2025-09-05 12:31:55,572 ; PT3S                                                         ; DEBUG   ; dxWithMx._V3_AGSNVEC: JLAMBS
2025-09-05 12:31:55,572 ; PT3S                                                         ; DEBUG   ; dxWithMx._V3_AGSNVEC: LAMBDA0
2025-09-05 12:31:55,574 ; PT3S                                                         ; DEBUG   ; dxWithMx._V3_AGSNVEC: ZEIN
2025-09-05 12:31:55,574 ; PT3S                                                         ; DEBUG   ; dxWithMx._V3_AGSNVEC: ZAUS
2025-09-05 12:31:55,574 ; PT3S                                                         ; DEBUG   ; dxWithMx._V3_AGSNVEC: ZUML
2025-09-05 12:31:55,574 ; PT3S                                                         ; DEBUG   ; dxWithMx._V3_AGSNVEC: ASOLL
2025-09-05 12:31:55,574 ; PT3S                                                         ; DEBUG   ; dxWithMx._V3_AGSNVEC: INDSCHALL
2025-09-05 12:31:55,574 ; PT3S                                                         ; DEBUG   ; dxWithMx._V3_AGSNVEC: BAUJAHR
2025-09-05 12:31:55,574 ; PT3S                                                         ; DEBUG   ; dxWithMx._V3_AGSNVEC: HAL
2025-09-05 12:31:55,574 ; PT3S                                                         ; DEBUG   ; dxWithMx._V3_AGSNVEC: fkCONT
2025-09-05 12:31:55,574 ; PT3S                                                         ; DEBUG   ; dxWithMx._V3_AGSNVEC: fk2LROHR
2025-09-05 12:31:55,574 ; PT3S                                                         ; DEBUG   ; dxWithMx._V3_AGSNVEC: BESCHREIBUNG
2025-09-05 12:31:55,574 ; PT3S                                                         ; DEBUG   ; dxWithMx._V3_AGSNVEC: GEOMWKB
2025-09-05 12:31:55,574 ; PT3S                                                         ; DEBUG   ; dxWithMx._V3_AGSNVEC: DELETED
2025-09-05 12:31:55,574 ; PT3S                                                         ; DEBUG   ; dxWithMx._V3_AGSNVEC: SELECT1
2025-09-05 12:31:55,576 ; PT3S                                                         ; DEBUG   ; dxWithMx._V3_AGSNVEC: IDREFERENZ
2025-09-05 12:31:55,576 ; PT3S                                                         ; DEBUG   ; dxWithMx._V3_AGSNVEC: KENNUNG
2025-09-05 12:31:55,576 ; PT3S                                                         ; DEBUG   ; dxWithMx._V3_AGSNVEC: IPLANUNG
2025-09-05 12:31:55,577 ; PT3S                                                         ; DEBUG   ; dxWithMx._V3_AGSNVEC: KVR
2025-09-05 12:31:55,577 ; PT3S                                                         ; DEBUG   ; dxWithMx._V3_AGSNVEC: pk_BZ
2025-09-05 12:31:55,577 ; PT3S                                                         ; DEBUG   ; dxWithMx._V3_AGSNVEC: fkDE_BZ
2025-09-05 12:31:55,577 ; PT3S                                                         ; DEBUG   ; dxWithMx._V3_AGSNVEC: fk
2025-09-05 12:31:55,577 ; PT3S                                                         ; DEBUG   ; dxWithMx._V3_AGSNVEC: QSVB
2025-09-05 12:31:55,577 ; PT3S                                                         ; DEBUG   ; dxWithMx._V3_AGSNVEC: IRTRENN
2025-09-05 12:31:55,577 ; PT3S                                                         ; DEBUG   ; dxWithMx._V3_AGSNVEC: LECKSTATUS
2025-09-05 12:31:55,577 ; PT3S                                                         ; DEBUG   ; dxWithMx._V3_AGSNVEC: LECKSTART
2025-09-05 12:31:55,577 ; PT3S                                                         ; DEBUG   ; dxWithMx._V3_AGSNVEC: LECKEND
2025-09-05 12:31:55,577 ; PT3S                                                         ; DEBUG   ; dxWithMx._V3_AGSNVEC: LECKORT
2025-09-05 12:31:55,577 ; PT3S                                                         ; DEBUG   ; dxWithMx._V3_AGSNVEC: LECKMENGE
2025-09-05 12:31:55,577 ; PT3S                                                         ; DEBUG   ; dxWithMx._V3_AGSNVEC: IMPTNZ
2025-09-05 12:31:55,579 ; PT3S                                                         ; DEBUG   ; dxWithMx._V3_AGSNVEC: ZVLIMPTNZ
2025-09-05 12:31:55,579 ; PT3S                                                         ; DEBUG   ; dxWithMx._V3_AGSNVEC: KANTENZV
2025-09-05 12:31:55,579 ; PT3S                                                         ; DEBUG   ; dxWithMx._V3_AGSNVEC: GEOM
2025-09-05 12:31:55,579 ; PT3S                                                         ; DEBUG   ; dxWithMx._V3_AGSNVEC: GRAF
2025-09-05 12:31:55,579 ; PT3S                                                         ; DEBUG   ; dxWithMx._V3_AGSNVEC: MId
2025-09-05 12:31:55,579 ; PT3S                                                         ; DEBUG   ; dxWithMx._V3_AGSNVEC: MText
2025-09-05 12:31:55,579 ; PT3S                                                         ; DEBUG   ; dxWithMx._V3_AGSNVEC: Basis
2025-09-05 12:31:55,579 ; PT3S                                                         ; DEBUG   ; dxWithMx._V3_AGSNVEC: Variante
2025-09-05 12:31:55,580 ; PT3S                                                         ; DEBUG   ; dxWithMx._V3_AGSNVEC: BZ
2025-09-05 12:31:55,580 ; PT3S                                                         ; DEBUG   ; dxWithMx._V3_AGSNVEC: Geaendert
2025-09-05 12:31:55,580 ; PT3S                                                         ; DEBUG   ; dxWithMx._V3_AGSNVEC: Erstellt
2025-09-05 12:31:55,580 ; PT3S                                                         ; DEBUG   ; dxWithMx._V3_AGSNVEC: pk_VMBZ
2025-09-05 12:31:55,580 ; PT3S                                                         ; DEBUG   ; dxWithMx._V3_AGSNVEC: fkBASIS
2025-09-05 12:31:55,580 ; PT3S                                                         ; DEBUG   ; dxWithMx._V3_AGSNVEC: fkVARIANTE
2025-09-05 12:31:55,580 ; PT3S                                                         ; DEBUG   ; dxWithMx._V3_AGSNVEC: fkBZ
2025-09-05 12:31:55,580 ; PT3S                                                         ; DEBUG   ; dxWithMx._V3_AGSNVEC: MZ
2025-09-05 12:31:55,580 ; PT3S                                                         ; DEBUG   ; dxWithMx._V3_AGSNVEC: MT
2025-09-05 12:31:55,582 ; PT3S                                                         ; DEBUG   ; dxWithMx._V3_AGSNVEC: pk_CONT
2025-09-05 12:31:55,582 ; PT3S                                                         ; DEBUG   ; dxWithMx._V3_AGSNVEC: fkDE_CONT
2025-09-05 12:31:55,582 ; PT3S                                                         ; DEBUG   ; dxWithMx._V3_AGSNVEC: rk_CONT
2025-09-05 12:31:55,582 ; PT3S                                                         ; DEBUG   ; dxWithMx._V3_AGSNVEC: tk_CONT
2025-09-05 12:31:55,582 ; PT3S                                                         ; DEBUG   ; dxWithMx._V3_AGSNVEC: ID_CONT
2025-09-05 12:31:55,583 ; PT3S                                                         ; DEBUG   ; dxWithMx._V3_AGSNVEC: NAME_CONT_ROHRVEC
2025-09-05 12:31:55,583 ; PT3S                                                         ; DEBUG   ; dxWithMx._V3_AGSNVEC: IDPARENT_CONT
2025-09-05 12:31:55,583 ; PT3S                                                         ; DEBUG   ; dxWithMx._V3_AGSNVEC: rkPARENT_CONT
2025-09-05 12:31:55,583 ; PT3S                                                         ; DEBUG   ; dxWithMx._V3_AGSNVEC: LFDNR_CONT
2025-09-05 12:31:55,583 ; PT3S                                                         ; DEBUG   ; dxWithMx._V3_AGSNVEC: GRAF_CONT
2025-09-05 12:31:55,583 ; PT3S                                                         ; DEBUG   ; dxWithMx._V3_AGSNVEC: FONT_CONT
2025-09-05 12:31:55,583 ; PT3S                                                         ; DEBUG   ; dxWithMx._V3_AGSNVEC: GEOM_CONT
2025-09-05 12:31:55,583 ; PT3S                                                         ; DEBUG   ; dxWithMx._V3_AGSNVEC: DELETED_CONT
2025-09-05 12:31:55,585 ; PT3S                                                         ; DEBUG   ; dxWithMx._V3_AGSNVEC: SELECT1_CONT
2025-09-05 12:31:55,585 ; PT3S                                                         ; DEBUG   ; dxWithMx._V3_AGSNVEC: IDREFERENZ_CONT
2025-09-05 12:31:55,585 ; PT3S                                                         ; DEBUG   ; dxWithMx._V3_AGSNVEC: NAME_DTRO
2025-09-05 12:31:55,585 ; PT3S                                                         ; DEBUG   ; dxWithMx._V3_AGSNVEC: DN_ROHRVEC
2025-09-05 12:31:55,585 ; PT3S                                                         ; DEBUG   ; dxWithMx._V3_AGSNVEC: DI
2025-09-05 12:31:55,585 ; PT3S                                                         ; DEBUG   ; dxWithMx._V3_AGSNVEC: DA
2025-09-05 12:31:55,585 ; PT3S                                                         ; DEBUG   ; dxWithMx._V3_AGSNVEC: S
2025-09-05 12:31:55,585 ; PT3S                                                         ; DEBUG   ; dxWithMx._V3_AGSNVEC: KT
2025-09-05 12:31:55,585 ; PT3S                                                         ; DEBUG   ; dxWithMx._V3_AGSNVEC: PN
2025-09-05 12:31:55,585 ; PT3S                                                         ; DEBUG   ; dxWithMx._V3_AGSNVEC: Am2_ROHRVEC
2025-09-05 12:31:55,585 ; PT3S                                                         ; DEBUG   ; dxWithMx._V3_AGSNVEC: Vm3_ROHRVEC
2025-09-05 12:31:55,585 ; PT3S                                                         ; DEBUG   ; dxWithMx._V3_AGSNVEC: NAME_LTGR
2025-09-05 12:31:55,585 ; PT3S                                                         ; DEBUG   ; dxWithMx._V3_AGSNVEC: NAME_STRASSE
2025-09-05 12:31:55,585 ; PT3S                                                         ; DEBUG   ; dxWithMx._V3_AGSNVEC: tk_i
2025-09-05 12:31:55,585 ; PT3S                                                         ; DEBUG   ; dxWithMx._V3_AGSNVEC: NAME_i_ROHRVEC
2025-09-05 12:31:55,585 ; PT3S                                                         ; DEBUG   ; dxWithMx._V3_AGSNVEC: tk_k
2025-09-05 12:31:55,585 ; PT3S                                                         ; DEBUG   ; dxWithMx._V3_AGSNVEC: NAME_k_ROHRVEC
2025-09-05 12:31:55,585 ; PT3S                                                         ; DEBUG   ; dxWithMx._V3_AGSNVEC: mx2NofPts
2025-09-05 12:31:55,585 ; PT3S                                                         ; DEBUG   ; dxWithMx._V3_AGSNVEC: dL
2025-09-05 12:31:55,585 ; PT3S                                                         ; DEBUG   ; dxWithMx._V3_AGSNVEC: mx2Idx
2025-09-05 12:31:55,585 ; PT3S                                                         ; DEBUG   ; dxWithMx._V3_AGSNVEC: ('STAT', 'KNOT~*~*~*~PH', Timestamp('2024-01-09 23:00:00'), Timestamp('2024-01-09 23:00:00'))_i
2025-09-05 12:31:55,588 ; PT3S                                                         ; DEBUG   ; dxWithMx._V3_AGSNVEC: ('STAT', 'KNOT~*~*~*~H', Timestamp('2024-01-09 23:00:00'), Timestamp('2024-01-09 23:00:00'))_i
2025-09-05 12:31:55,588 ; PT3S                                                         ; DEBUG   ; dxWithMx._V3_AGSNVEC: ('STAT', 'KNOT~*~*~*~T', Timestamp('2024-01-09 23:00:00'), Timestamp('2024-01-09 23:00:00'))_i
2025-09-05 12:31:55,588 ; PT3S                                                         ; DEBUG   ; dxWithMx._V3_AGSNVEC: ('STAT', 'KNOT~*~*~*~RHO', Timestamp('2024-01-09 23:00:00'), Timestamp('2024-01-09 23:00:00'))_i
2025-09-05 12:31:55,588 ; PT3S                                                         ; DEBUG   ; dxWithMx._V3_AGSNVEC: ('STAT', 'KNOT~*~*~*~PH', Timestamp('2024-01-09 23:00:00'), Timestamp('2024-01-09 23:00:00'))_k
2025-09-05 12:31:55,588 ; PT3S                                                         ; DEBUG   ; dxWithMx._V3_AGSNVEC: ('STAT', 'KNOT~*~*~*~H', Timestamp('2024-01-09 23:00:00'), Timestamp('2024-01-09 23:00:00'))_k
2025-09-05 12:31:55,588 ; PT3S                                                         ; DEBUG   ; dxWithMx._V3_AGSNVEC: ('STAT', 'KNOT~*~*~*~T', Timestamp('2024-01-09 23:00:00'), Timestamp('2024-01-09 23:00:00'))_k
2025-09-05 12:31:55,588 ; PT3S                                                         ; DEBUG   ; dxWithMx._V3_AGSNVEC: ('STAT', 'KNOT~*~*~*~RHO', Timestamp('2024-01-09 23:00:00'), Timestamp('2024-01-09 23:00:00'))_k
2025-09-05 12:31:55,588 ; PT3S                                                         ; DEBUG   ; dxWithMx._V3_AGSNVEC: QMAVAbs
2025-09-05 12:31:55,588 ; PT3S                                                         ; DEBUG   ; dxWithMx._V3_AGSNVEC: VAVAbs
2025-09-05 12:31:55,588 ; PT3S                                                         ; DEBUG   ; dxWithMx._V3_AGSNVEC: PHRAbs
2025-09-05 12:31:55,588 ; PT3S                                                         ; DEBUG   ; dxWithMx._V3_AGSNVEC: JVAbs
2025-09-05 12:31:55,588 ; PT3S                                                         ; DEBUG   ; dxWithMx._V3_AGSNVEC: LAMBDA
2025-09-05 12:31:55,588 ; PT3S                                                         ; DEBUG   ; dxWithMx._V3_AGSNVEC: IptIdx
2025-09-05 12:31:55,588 ; PT3S                                                         ; DEBUG   ; dxWithMx._V3_AGSNVEC: SVEC
2025-09-05 12:31:55,588 ; PT3S                                                         ; DEBUG   ; dxWithMx._V3_AGSNVEC: IptIdxAsNo
2025-09-05 12:31:55,588 ; PT3S                                                         ; DEBUG   ; dxWithMx._V3_AGSNVEC: ZVEC
2025-09-05 12:31:55,588 ; PT3S                                                         ; DEBUG   ; dxWithMx._V3_AGSNVEC_addNewCols: Start.
2025-09-05 12:31:55,588 ; PT3S                                                         ; DEBUG   ; dxWithMx._V3_AGSNVEC_addNewCols: Exception: Line: 2144: <class 'KeyError'>: "None of [Index(['('TMIN', 'KNOT~*~*~*~T', Timestamp('2024-01-09 23:00:00'), Timestamp('2024-01-09 23:00:00'))_n', ('TMIN', 'ROHR~*~*~*~TVEC', 2024-01-09 23:00:00, 2024-01-09 23:00:00)], dtype='object')] are in the [columns]"
2025-09-05 12:31:55,588 ; PT3S                                                         ; DEBUG   ; dxWithMx._V3_AGSNVEC_addNewCols: colNameNewFlat:T_n_min: Spaltenpaare NCHT extrahiert:
2025-09-05 12:31:55,588 ; PT3S                                                         ; DEBUG   ; dxWithMx._V3_AGSNVEC_addNewCols: referencing ('TMIN', 'KNOT~*~*~*~T', Timestamp('2024-01-09 23:00:00'), Timestamp('2024-01-09 23:00:00'))_n and ('TMIN', 'ROHR~*~*~*~TVEC', Timestamp('2024-01-09 23:00:00'), Timestamp('2024-01-09 23:00:00')) FAILED
2025-09-05 12:31:55,588 ; PT3S                                                         ; DEBUG   ; dxWithMx._V3_AGSNVEC_addNewCols: Exception: Line: 2144: <class 'KeyError'>: "None of [Index(['('TMAX', 'KNOT~*~*~*~T', Timestamp('2024-01-09 23:00:00'), Timestamp('2024-01-09 23:00:00'))_n', ('TMAX', 'ROHR~*~*~*~TVEC', 2024-01-09 23:00:00, 2024-01-09 23:00:00)], dtype='object')] are in the [columns]"
2025-09-05 12:31:55,588 ; PT3S                                                         ; DEBUG   ; dxWithMx._V3_AGSNVEC_addNewCols: colNameNewFlat:T_n_max: Spaltenpaare NCHT extrahiert:
2025-09-05 12:31:55,588 ; PT3S                                                         ; DEBUG   ; dxWithMx._V3_AGSNVEC_addNewCols: referencing ('TMAX', 'KNOT~*~*~*~T', Timestamp('2024-01-09 23:00:00'), Timestamp('2024-01-09 23:00:00'))_n and ('TMAX', 'ROHR~*~*~*~TVEC', Timestamp('2024-01-09 23:00:00'), Timestamp('2024-01-09 23:00:00')) FAILED
2025-09-05 12:31:55,588 ; PT3S                                                         ; DEBUG   ; dxWithMx._V3_AGSNVEC_addNewCols: Exception: Line: 2144: <class 'KeyError'>: "None of [Index(['('TIME', 'KNOT~*~*~*~T', Timestamp('2024-01-09 23:00:00'), Timestamp('2024-01-09 23:00:00'))_n', ('TIME', 'ROHR~*~*~*~TVEC', 2024-01-09 23:00:00, 2024-01-09 23:00:00)], dtype='object')] are in the [columns]"
2025-09-05 12:31:55,588 ; PT3S                                                         ; DEBUG   ; dxWithMx._V3_AGSNVEC_addNewCols: colNameNewFlat:T_n_end: Spaltenpaare NCHT extrahiert:
2025-09-05 12:31:55,588 ; PT3S                                                         ; DEBUG   ; dxWithMx._V3_AGSNVEC_addNewCols: referencing ('TIME', 'KNOT~*~*~*~T', Timestamp('2024-01-09 23:00:00'), Timestamp('2024-01-09 23:00:00'))_n and ('TIME', 'ROHR~*~*~*~TVEC', Timestamp('2024-01-09 23:00:00'), Timestamp('2024-01-09 23:00:00')) FAILED
2025-09-05 12:31:55,596 ; PT3S                                                         ; DEBUG   ; dxWithMx._V3_AGSNVEC_addNewCols: Exception: Line: 2144: <class 'KeyError'>: "None of [Index(['('TMIN', 'KNOT~*~*~*~PH', Timestamp('2024-01-09 23:00:00'), Timestamp('2024-01-09 23:00:00'))_n', ('TMIN', 'manPVEC', 2024-01-09 23:00:00, 2024-01-09 23:00:00)], dtype='object')] are in the [columns]"
2025-09-05 12:31:55,596 ; PT3S                                                         ; DEBUG   ; dxWithMx._V3_AGSNVEC_addNewCols: colNameNewFlat:PH_n_min: Spaltenpaare NCHT extrahiert:
2025-09-05 12:31:55,596 ; PT3S                                                         ; DEBUG   ; dxWithMx._V3_AGSNVEC_addNewCols: referencing ('TMIN', 'KNOT~*~*~*~PH', Timestamp('2024-01-09 23:00:00'), Timestamp('2024-01-09 23:00:00'))_n and ('TMIN', 'manPVEC', Timestamp('2024-01-09 23:00:00'), Timestamp('2024-01-09 23:00:00')) FAILED
2025-09-05 12:31:55,596 ; PT3S                                                         ; DEBUG   ; dxWithMx._V3_AGSNVEC_addNewCols: Exception: Line: 2144: <class 'KeyError'>: "None of [Index(['('TMAX', 'KNOT~*~*~*~PH', Timestamp('2024-01-09 23:00:00'), Timestamp('2024-01-09 23:00:00'))_n', ('TMAX', 'manPVEC', 2024-01-09 23:00:00, 2024-01-09 23:00:00)], dtype='object')] are in the [columns]"
2025-09-05 12:31:55,596 ; PT3S                                                         ; DEBUG   ; dxWithMx._V3_AGSNVEC_addNewCols: colNameNewFlat:PH_n_max: Spaltenpaare NCHT extrahiert:
2025-09-05 12:31:55,600 ; PT3S                                                         ; DEBUG   ; dxWithMx._V3_AGSNVEC_addNewCols: referencing ('TMAX', 'KNOT~*~*~*~PH', Timestamp('2024-01-09 23:00:00'), Timestamp('2024-01-09 23:00:00'))_n and ('TMAX', 'manPVEC', Timestamp('2024-01-09 23:00:00'), Timestamp('2024-01-09 23:00:00')) FAILED
2025-09-05 12:31:55,602 ; PT3S                                                         ; DEBUG   ; dxWithMx._V3_AGSNVEC_addNewCols: Exception: Line: 2144: <class 'KeyError'>: "None of [Index(['('TIME', 'KNOT~*~*~*~PH', Timestamp('2024-01-09 23:00:00'), Timestamp('2024-01-09 23:00:00'))_n', ('TIME', 'manPVEC', 2024-01-09 23:00:00, 2024-01-09 23:00:00)], dtype='object')] are in the [columns]"
2025-09-05 12:31:55,602 ; PT3S                                                         ; DEBUG   ; dxWithMx._V3_AGSNVEC_addNewCols: colNameNewFlat:PH_n_end: Spaltenpaare NCHT extrahiert:
2025-09-05 12:31:55,602 ; PT3S                                                         ; DEBUG   ; dxWithMx._V3_AGSNVEC_addNewCols: referencing ('TIME', 'KNOT~*~*~*~PH', Timestamp('2024-01-09 23:00:00'), Timestamp('2024-01-09 23:00:00'))_n and ('TIME', 'manPVEC', Timestamp('2024-01-09 23:00:00'), Timestamp('2024-01-09 23:00:00')) FAILED
2025-09-05 12:31:55,602 ; PT3S                                                         ; DEBUG   ; dxWithMx._V3_AGSNVEC_addNewCols: Exception: Line: 2144: <class 'KeyError'>: "None of [Index(['('TMIN', 'mlc', Timestamp('2024-01-09 23:00:00'), Timestamp('2024-01-09 23:00:00'))_n', ('TMIN', 'mlcPVEC', 2024-01-09 23:00:00, 2024-01-09 23:00:00)], dtype='object')] are in the [columns]"
2025-09-05 12:31:55,602 ; PT3S                                                         ; DEBUG   ; dxWithMx._V3_AGSNVEC_addNewCols: colNameNewFlat:mlc_n_min: Spaltenpaare NCHT extrahiert:
2025-09-05 12:31:55,602 ; PT3S                                                         ; DEBUG   ; dxWithMx._V3_AGSNVEC_addNewCols: referencing ('TMIN', 'mlc', Timestamp('2024-01-09 23:00:00'), Timestamp('2024-01-09 23:00:00'))_n and ('TMIN', 'mlcPVEC', Timestamp('2024-01-09 23:00:00'), Timestamp('2024-01-09 23:00:00')) FAILED
2025-09-05 12:31:55,605 ; PT3S                                                         ; DEBUG   ; dxWithMx._V3_AGSNVEC_addNewCols: Exception: Line: 2144: <class 'KeyError'>: "None of [Index(['('TMAX', 'mlc', Timestamp('2024-01-09 23:00:00'), Timestamp('2024-01-09 23:00:00'))_n', ('TMAX', 'mlcPVEC', 2024-01-09 23:00:00, 2024-01-09 23:00:00)], dtype='object')] are in the [columns]"
2025-09-05 12:31:55,605 ; PT3S                                                         ; DEBUG   ; dxWithMx._V3_AGSNVEC_addNewCols: colNameNewFlat:mlc_n_max: Spaltenpaare NCHT extrahiert:
2025-09-05 12:31:55,605 ; PT3S                                                         ; DEBUG   ; dxWithMx._V3_AGSNVEC_addNewCols: referencing ('TMAX', 'mlc', Timestamp('2024-01-09 23:00:00'), Timestamp('2024-01-09 23:00:00'))_n and ('TMAX', 'mlcPVEC', Timestamp('2024-01-09 23:00:00'), Timestamp('2024-01-09 23:00:00')) FAILED
2025-09-05 12:31:55,605 ; PT3S                                                         ; DEBUG   ; dxWithMx._V3_AGSNVEC_addNewCols: Exception: Line: 2144: <class 'KeyError'>: "None of [Index(['('TIME', 'mlc', Timestamp('2024-01-09 23:00:00'), Timestamp('2024-01-09 23:00:00'))_n', ('TIME', 'mlcPVEC', 2024-01-09 23:00:00, 2024-01-09 23:00:00)], dtype='object')] are in the [columns]"
2025-09-05 12:31:55,605 ; PT3S                                                         ; DEBUG   ; dxWithMx._V3_AGSNVEC_addNewCols: colNameNewFlat:mlc_n_end: Spaltenpaare NCHT extrahiert:
2025-09-05 12:31:55,605 ; PT3S                                                         ; DEBUG   ; dxWithMx._V3_AGSNVEC_addNewCols: referencing ('TIME', 'mlc', Timestamp('2024-01-09 23:00:00'), Timestamp('2024-01-09 23:00:00'))_n and ('TIME', 'mlcPVEC', Timestamp('2024-01-09 23:00:00'), Timestamp('2024-01-09 23:00:00')) FAILED
2025-09-05 12:31:55,605 ; PT3S                                                         ; DEBUG   ; dxWithMx._V3_AGSNVEC_addNewCols: Exception: Line: 2144: <class 'KeyError'>: "None of [Index(['('TMIN', 'H', Timestamp('2024-01-09 23:00:00'), Timestamp('2024-01-09 23:00:00'))_n', ('TMIN', 'barBzgPVEC', 2024-01-09 23:00:00, 2024-01-09 23:00:00)], dtype='object')] are in the [columns]"
2025-09-05 12:31:55,605 ; PT3S                                                         ; DEBUG   ; dxWithMx._V3_AGSNVEC_addNewCols: colNameNewFlat:H_n_min: Spaltenpaare NCHT extrahiert:
2025-09-05 12:31:55,605 ; PT3S                                                         ; DEBUG   ; dxWithMx._V3_AGSNVEC_addNewCols: referencing ('TMIN', 'H', Timestamp('2024-01-09 23:00:00'), Timestamp('2024-01-09 23:00:00'))_n and ('TMIN', 'barBzgPVEC', Timestamp('2024-01-09 23:00:00'), Timestamp('2024-01-09 23:00:00')) FAILED
2025-09-05 12:31:55,605 ; PT3S                                                         ; DEBUG   ; dxWithMx._V3_AGSNVEC_addNewCols: Exception: Line: 2144: <class 'KeyError'>: "None of [Index(['('TMAX', 'H', Timestamp('2024-01-09 23:00:00'), Timestamp('2024-01-09 23:00:00'))_n', ('TMAX', 'barBzgPVEC', 2024-01-09 23:00:00, 2024-01-09 23:00:00)], dtype='object')] are in the [columns]"
2025-09-05 12:31:55,605 ; PT3S                                                         ; DEBUG   ; dxWithMx._V3_AGSNVEC_addNewCols: colNameNewFlat:H_n_max: Spaltenpaare NCHT extrahiert:
2025-09-05 12:31:55,605 ; PT3S                                                         ; DEBUG   ; dxWithMx._V3_AGSNVEC_addNewCols: referencing ('TMAX', 'H', Timestamp('2024-01-09 23:00:00'), Timestamp('2024-01-09 23:00:00'))_n and ('TMAX', 'barBzgPVEC', Timestamp('2024-01-09 23:00:00'), Timestamp('2024-01-09 23:00:00')) FAILED
2025-09-05 12:31:55,605 ; PT3S                                                         ; DEBUG   ; dxWithMx._V3_AGSNVEC_addNewCols: Exception: Line: 2144: <class 'KeyError'>: "None of [Index(['('TIME', 'H', Timestamp('2024-01-09 23:00:00'), Timestamp('2024-01-09 23:00:00'))_n', ('TIME', 'barBzgPVEC', 2024-01-09 23:00:00, 2024-01-09 23:00:00)], dtype='object')] are in the [columns]"
2025-09-05 12:31:55,605 ; PT3S                                                         ; DEBUG   ; dxWithMx._V3_AGSNVEC_addNewCols: colNameNewFlat:H_n_end: Spaltenpaare NCHT extrahiert:
2025-09-05 12:31:55,612 ; PT3S                                                         ; DEBUG   ; dxWithMx._V3_AGSNVEC_addNewCols: referencing ('TIME', 'H', Timestamp('2024-01-09 23:00:00'), Timestamp('2024-01-09 23:00:00'))_n and ('TIME', 'barBzgPVEC', Timestamp('2024-01-09 23:00:00'), Timestamp('2024-01-09 23:00:00')) FAILED
2025-09-05 12:31:55,613 ; PT3S                                                         ; DEBUG   ; dxWithMx._V3_AGSNVEC_addNewCols: Exception: Line: 2144: <class 'KeyError'>: "None of [Index(['('TMIN', 'QM', Timestamp('2024-01-09 23:00:00'), Timestamp('2024-01-09 23:00:00'))', ('TMIN', 'tMVEC', 2024-01-09 23:00:00, 2024-01-09 23:00:00)], dtype='object')] are in the [columns]"
2025-09-05 12:31:55,613 ; PT3S                                                         ; DEBUG   ; dxWithMx._V3_AGSNVEC_addNewCols: colNameNewFlat:QM_min: Spaltenpaare NCHT extrahiert:
2025-09-05 12:31:55,613 ; PT3S                                                         ; DEBUG   ; dxWithMx._V3_AGSNVEC_addNewCols: referencing ('TMIN', 'QM', Timestamp('2024-01-09 23:00:00'), Timestamp('2024-01-09 23:00:00')) and ('TMIN', 'tMVEC', Timestamp('2024-01-09 23:00:00'), Timestamp('2024-01-09 23:00:00')) FAILED
2025-09-05 12:31:55,613 ; PT3S                                                         ; DEBUG   ; dxWithMx._V3_AGSNVEC_addNewCols: Exception: Line: 2144: <class 'KeyError'>: "None of [Index(['('TMAX', 'QM', Timestamp('2024-01-09 23:00:00'), Timestamp('2024-01-09 23:00:00'))', ('TMAX', 'tMVEC', 2024-01-09 23:00:00, 2024-01-09 23:00:00)], dtype='object')] are in the [columns]"
2025-09-05 12:31:55,613 ; PT3S                                                         ; DEBUG   ; dxWithMx._V3_AGSNVEC_addNewCols: colNameNewFlat:QM_max: Spaltenpaare NCHT extrahiert:
2025-09-05 12:31:55,613 ; PT3S                                                         ; DEBUG   ; dxWithMx._V3_AGSNVEC_addNewCols: referencing ('TMAX', 'QM', Timestamp('2024-01-09 23:00:00'), Timestamp('2024-01-09 23:00:00')) and ('TMAX', 'tMVEC', Timestamp('2024-01-09 23:00:00'), Timestamp('2024-01-09 23:00:00')) FAILED
2025-09-05 12:31:55,617 ; PT3S                                                         ; DEBUG   ; dxWithMx._V3_AGSNVEC_addNewCols: Exception: Line: 2144: <class 'KeyError'>: "None of [Index(['('TIME', 'QM', Timestamp('2024-01-09 23:00:00'), Timestamp('2024-01-09 23:00:00'))', ('TIME', 'tMVEC', 2024-01-09 23:00:00, 2024-01-09 23:00:00)], dtype='object')] are in the [columns]"
2025-09-05 12:31:55,617 ; PT3S                                                         ; DEBUG   ; dxWithMx._V3_AGSNVEC_addNewCols: colNameNewFlat:QM_end: Spaltenpaare NCHT extrahiert:
2025-09-05 12:31:55,617 ; PT3S                                                         ; DEBUG   ; dxWithMx._V3_AGSNVEC_addNewCols: referencing ('TIME', 'QM', Timestamp('2024-01-09 23:00:00'), Timestamp('2024-01-09 23:00:00')) and ('TIME', 'tMVEC', Timestamp('2024-01-09 23:00:00'), Timestamp('2024-01-09 23:00:00')) FAILED
2025-09-05 12:31:55,617 ; PT3S                                                         ; DEBUG   ; dxWithMx._V3_AGSNVEC_addNewCols: _Done.
2025-09-05 12:31:55,617 ; PT3S                                                         ; DEBUG   ; dxWithMx._V3_AGSNVEC: Starting to filter columns based on timestamps.
2025-09-05 12:31:55,617 ; PT3S                                                         ; DEBUG   ; dxWithMx._V3_AGSNVEC: Unique timestamps sorted: []
2025-09-05 12:31:55,617 ; PT3S                                                         ; DEBUG   ; dxWithMx._V3_AGSNVEC: tuple-cols:
2025-09-05 12:31:55,617 ; PT3S                                                         ; DEBUG   ; dxWithMx._V3_AGSNVEC: ('STAT', 'ROHR~*~*~*~ETAAV', Timestamp('2024-01-09 23:00:00'), Timestamp('2024-01-09 23:00:00'))
2025-09-05 12:31:55,617 ; PT3S                                                         ; DEBUG   ; dxWithMx._V3_AGSNVEC: ('STAT', 'ROHR~*~*~*~IAKTIV', Timestamp('2024-01-09 23:00:00'), Timestamp('2024-01-09 23:00:00'))
2025-09-05 12:31:55,617 ; PT3S                                                         ; DEBUG   ; dxWithMx._V3_AGSNVEC: ('STAT', 'ROHR~*~*~*~IRTRENN', Timestamp('2024-01-09 23:00:00'), Timestamp('2024-01-09 23:00:00'))
2025-09-05 12:31:55,617 ; PT3S                                                         ; DEBUG   ; dxWithMx._V3_AGSNVEC: ('STAT', 'ROHR~*~*~*~JV', Timestamp('2024-01-09 23:00:00'), Timestamp('2024-01-09 23:00:00'))
2025-09-05 12:31:55,617 ; PT3S                                                         ; DEBUG   ; dxWithMx._V3_AGSNVEC: ('STAT', 'ROHR~*~*~*~LAMBDA', Timestamp('2024-01-09 23:00:00'), Timestamp('2024-01-09 23:00:00'))
2025-09-05 12:31:55,617 ; PT3S                                                         ; DEBUG   ; dxWithMx._V3_AGSNVEC: ('STAT', 'ROHR~*~*~*~LECKEINAUS', Timestamp('2024-01-09 23:00:00'), Timestamp('2024-01-09 23:00:00'))
2025-09-05 12:31:55,617 ; PT3S                                                         ; DEBUG   ; dxWithMx._V3_AGSNVEC: ('STAT', 'ROHR~*~*~*~LECKMENGE', Timestamp('2024-01-09 23:00:00'), Timestamp('2024-01-09 23:00:00'))
2025-09-05 12:31:55,617 ; PT3S                                                         ; DEBUG   ; dxWithMx._V3_AGSNVEC: ('STAT', 'ROHR~*~*~*~LECKORT', Timestamp('2024-01-09 23:00:00'), Timestamp('2024-01-09 23:00:00'))
2025-09-05 12:31:55,617 ; PT3S                                                         ; DEBUG   ; dxWithMx._V3_AGSNVEC: ('STAT', 'ROHR~*~*~*~PDAMPF', Timestamp('2024-01-09 23:00:00'), Timestamp('2024-01-09 23:00:00'))
2025-09-05 12:31:55,617 ; PT3S                                                         ; DEBUG   ; dxWithMx._V3_AGSNVEC: ('STAT', 'ROHR~*~*~*~PHR', Timestamp('2024-01-09 23:00:00'), Timestamp('2024-01-09 23:00:00'))
2025-09-05 12:31:55,617 ; PT3S                                                         ; DEBUG   ; dxWithMx._V3_AGSNVEC: ('STAT', 'ROHR~*~*~*~PMIN', Timestamp('2024-01-09 23:00:00'), Timestamp('2024-01-09 23:00:00'))
2025-09-05 12:31:55,622 ; PT3S                                                         ; DEBUG   ; dxWithMx._V3_AGSNVEC: ('STAT', 'ROHR~*~*~*~QI2', Timestamp('2024-01-09 23:00:00'), Timestamp('2024-01-09 23:00:00'))
2025-09-05 12:31:55,622 ; PT3S                                                         ; DEBUG   ; dxWithMx._V3_AGSNVEC: ('STAT', 'ROHR~*~*~*~QK2', Timestamp('2024-01-09 23:00:00'), Timestamp('2024-01-09 23:00:00'))
2025-09-05 12:31:55,622 ; PT3S                                                         ; DEBUG   ; dxWithMx._V3_AGSNVEC: ('STAT', 'ROHR~*~*~*~QMAV', Timestamp('2024-01-09 23:00:00'), Timestamp('2024-01-09 23:00:00'))
2025-09-05 12:31:55,622 ; PT3S                                                         ; DEBUG   ; dxWithMx._V3_AGSNVEC: ('STAT', 'ROHR~*~*~*~QMI', Timestamp('2024-01-09 23:00:00'), Timestamp('2024-01-09 23:00:00'))
2025-09-05 12:31:55,622 ; PT3S                                                         ; DEBUG   ; dxWithMx._V3_AGSNVEC: ('STAT', 'ROHR~*~*~*~QMK', Timestamp('2024-01-09 23:00:00'), Timestamp('2024-01-09 23:00:00'))
2025-09-05 12:31:55,622 ; PT3S                                                         ; DEBUG   ; dxWithMx._V3_AGSNVEC: ('STAT', 'ROHR~*~*~*~RHOAV', Timestamp('2024-01-09 23:00:00'), Timestamp('2024-01-09 23:00:00'))
2025-09-05 12:31:55,622 ; PT3S                                                         ; DEBUG   ; dxWithMx._V3_AGSNVEC: ('STAT', 'ROHR~*~*~*~VAV', Timestamp('2024-01-09 23:00:00'), Timestamp('2024-01-09 23:00:00'))
2025-09-05 12:31:55,622 ; PT3S                                                         ; DEBUG   ; dxWithMx._V3_AGSNVEC: ('STAT', 'ROHR~*~*~*~VI', Timestamp('2024-01-09 23:00:00'), Timestamp('2024-01-09 23:00:00'))
2025-09-05 12:31:55,622 ; PT3S                                                         ; DEBUG   ; dxWithMx._V3_AGSNVEC: ('STAT', 'ROHR~*~*~*~VK', Timestamp('2024-01-09 23:00:00'), Timestamp('2024-01-09 23:00:00'))
2025-09-05 12:31:55,622 ; PT3S                                                         ; DEBUG   ; dxWithMx._V3_AGSNVEC: ('STAT', 'ROHR~*~*~*~VOLDA', Timestamp('2024-01-09 23:00:00'), Timestamp('2024-01-09 23:00:00'))
2025-09-05 12:31:55,622 ; PT3S                                                         ; DEBUG   ; dxWithMx._V3_AGSNVEC: ('STAT', 'ROHR~*~*~*~WVL', Timestamp('2024-01-09 23:00:00'), Timestamp('2024-01-09 23:00:00'))
2025-09-05 12:31:55,622 ; PT3S                                                         ; DEBUG   ; dxWithMx._V3_AGSNVEC: ('STAT', 'ROHR~*~*~*~MVEC', Timestamp('2024-01-09 23:00:00'), Timestamp('2024-01-09 23:00:00'))
2025-09-05 12:31:55,624 ; PT3S                                                         ; DEBUG   ; dxWithMx._V3_AGSNVEC: ('STAT', 'ROHR~*~*~*~PVEC', Timestamp('2024-01-09 23:00:00'), Timestamp('2024-01-09 23:00:00'))
2025-09-05 12:31:55,624 ; PT3S                                                         ; DEBUG   ; dxWithMx._V3_AGSNVEC: ('STAT', 'ROHR~*~*~*~PVECMAX_INST', Timestamp('2024-01-09 23:00:00'), Timestamp('2024-01-09 23:00:00'))
2025-09-05 12:31:55,624 ; PT3S                                                         ; DEBUG   ; dxWithMx._V3_AGSNVEC: ('STAT', 'ROHR~*~*~*~PVECMIN_INST', Timestamp('2024-01-09 23:00:00'), Timestamp('2024-01-09 23:00:00'))
2025-09-05 12:31:55,624 ; PT3S                                                         ; DEBUG   ; dxWithMx._V3_AGSNVEC: ('STAT', 'ROHR~*~*~*~RHOVEC', Timestamp('2024-01-09 23:00:00'), Timestamp('2024-01-09 23:00:00'))
2025-09-05 12:31:55,624 ; PT3S                                                         ; DEBUG   ; dxWithMx._V3_AGSNVEC: ('STAT', 'ROHR~*~*~*~TVEC', Timestamp('2024-01-09 23:00:00'), Timestamp('2024-01-09 23:00:00'))
2025-09-05 12:31:55,624 ; PT3S                                                         ; DEBUG   ; dxWithMx._V3_AGSNVEC: ('STAT', 'manPVECMAX_INST', Timestamp('2024-01-09 23:00:00'), Timestamp('2024-01-09 23:00:00'))
2025-09-05 12:31:55,624 ; PT3S                                                         ; DEBUG   ; dxWithMx._V3_AGSNVEC: ('STAT', 'mlcPVECMAX_INST', Timestamp('2024-01-09 23:00:00'), Timestamp('2024-01-09 23:00:00'))
2025-09-05 12:31:55,624 ; PT3S                                                         ; DEBUG   ; dxWithMx._V3_AGSNVEC: ('STAT', 'barBzgPVECMAX_INST', Timestamp('2024-01-09 23:00:00'), Timestamp('2024-01-09 23:00:00'))
2025-09-05 12:31:55,624 ; PT3S                                                         ; DEBUG   ; dxWithMx._V3_AGSNVEC: ('STAT', 'manPVECMIN_INST', Timestamp('2024-01-09 23:00:00'), Timestamp('2024-01-09 23:00:00'))
2025-09-05 12:31:55,624 ; PT3S                                                         ; DEBUG   ; dxWithMx._V3_AGSNVEC: ('STAT', 'mlcPVECMIN_INST', Timestamp('2024-01-09 23:00:00'), Timestamp('2024-01-09 23:00:00'))
2025-09-05 12:31:55,624 ; PT3S                                                         ; DEBUG   ; dxWithMx._V3_AGSNVEC: ('STAT', 'barBzgPVECMIN_INST', Timestamp('2024-01-09 23:00:00'), Timestamp('2024-01-09 23:00:00'))
2025-09-05 12:31:55,624 ; PT3S                                                         ; DEBUG   ; dxWithMx._V3_AGSNVEC: ('STAT', 'manPVEC', Timestamp('2024-01-09 23:00:00'), Timestamp('2024-01-09 23:00:00'))
2025-09-05 12:31:55,624 ; PT3S                                                         ; DEBUG   ; dxWithMx._V3_AGSNVEC: ('STAT', 'mlcPVEC', Timestamp('2024-01-09 23:00:00'), Timestamp('2024-01-09 23:00:00'))
2025-09-05 12:31:55,624 ; PT3S                                                         ; DEBUG   ; dxWithMx._V3_AGSNVEC: ('STAT', 'barBzgPVEC', Timestamp('2024-01-09 23:00:00'), Timestamp('2024-01-09 23:00:00'))
2025-09-05 12:31:55,624 ; PT3S                                                         ; DEBUG   ; dxWithMx._V3_AGSNVEC: ('STAT', 'QMVEC', Timestamp('2024-01-09 23:00:00'), Timestamp('2024-01-09 23:00:00'))
2025-09-05 12:31:55,624 ; PT3S                                                         ; DEBUG   ; dxWithMx._V3_AGSNVEC: ('STAT', 'tMVEC', Timestamp('2024-01-09 23:00:00'), Timestamp('2024-01-09 23:00:00'))
2025-09-05 12:31:55,624 ; PT3S                                                         ; DEBUG   ; dxWithMx._V3_AGSNVEC: str-cols:
2025-09-05 12:31:55,624 ; PT3S                                                         ; DEBUG   ; dxWithMx._V3_AGSNVEC: Pos
2025-09-05 12:31:55,624 ; PT3S                                                         ; DEBUG   ; dxWithMx._V3_AGSNVEC: pk
2025-09-05 12:31:55,624 ; PT3S                                                         ; DEBUG   ; dxWithMx._V3_AGSNVEC: tk
2025-09-05 12:31:55,627 ; PT3S                                                         ; DEBUG   ; dxWithMx._V3_AGSNVEC: LFDNR
2025-09-05 12:31:55,627 ; PT3S                                                         ; DEBUG   ; dxWithMx._V3_AGSNVEC: NAME
2025-09-05 12:31:55,627 ; PT3S                                                         ; DEBUG   ; dxWithMx._V3_AGSNVEC: XL
2025-09-05 12:31:55,627 ; PT3S                                                         ; DEBUG   ; dxWithMx._V3_AGSNVEC: compNr
2025-09-05 12:31:55,627 ; PT3S                                                         ; DEBUG   ; dxWithMx._V3_AGSNVEC: nextNODE
2025-09-05 12:31:55,627 ; PT3S                                                         ; DEBUG   ; dxWithMx._V3_AGSNVEC: OBJTYPE
2025-09-05 12:31:55,627 ; PT3S                                                         ; DEBUG   ; dxWithMx._V3_AGSNVEC: OBJID
2025-09-05 12:31:55,627 ; PT3S                                                         ; DEBUG   ; dxWithMx._V3_AGSNVEC: L
2025-09-05 12:31:55,629 ; PT3S                                                         ; DEBUG   ; dxWithMx._V3_AGSNVEC: DN
2025-09-05 12:31:55,629 ; PT3S                                                         ; DEBUG   ; dxWithMx._V3_AGSNVEC: Am2
2025-09-05 12:31:55,629 ; PT3S                                                         ; DEBUG   ; dxWithMx._V3_AGSNVEC: Vm3
2025-09-05 12:31:55,629 ; PT3S                                                         ; DEBUG   ; dxWithMx._V3_AGSNVEC: NAME_CONT
2025-09-05 12:31:55,629 ; PT3S                                                         ; DEBUG   ; dxWithMx._V3_AGSNVEC: NAME_i
2025-09-05 12:31:55,629 ; PT3S                                                         ; DEBUG   ; dxWithMx._V3_AGSNVEC: NAME_k
2025-09-05 12:31:55,629 ; PT3S                                                         ; DEBUG   ; dxWithMx._V3_AGSNVEC: ZKOR_n
2025-09-05 12:31:55,629 ; PT3S                                                         ; DEBUG   ; dxWithMx._V3_AGSNVEC: BESCHREIBUNG_n
2025-09-05 12:31:55,630 ; PT3S                                                         ; DEBUG   ; dxWithMx._V3_AGSNVEC: KVR_n
2025-09-05 12:31:55,630 ; PT3S                                                         ; DEBUG   ; dxWithMx._V3_AGSNVEC: LSum
2025-09-05 12:31:55,630 ; PT3S                                                         ; DEBUG   ; dxWithMx._V3_AGSNVEC: direction
2025-09-05 12:31:55,630 ; PT3S                                                         ; DEBUG   ; dxWithMx._V3_AGSNVEC: ('STAT', 'QM', Timestamp('2024-01-09 23:00:00'), Timestamp('2024-01-09 23:00:00'))
2025-09-05 12:31:55,630 ; PT3S                                                         ; DEBUG   ; dxWithMx._V3_AGSNVEC: QM
2025-09-05 12:31:55,630 ; PT3S                                                         ; DEBUG   ; dxWithMx._V3_AGSNVEC: ('STAT', 'KNOT~*~*~*~PH', Timestamp('2024-01-09 23:00:00'), Timestamp('2024-01-09 23:00:00'))_n
2025-09-05 12:31:55,630 ; PT3S                                                         ; DEBUG   ; dxWithMx._V3_AGSNVEC: ('STAT', 'KNOT~*~*~*~H', Timestamp('2024-01-09 23:00:00'), Timestamp('2024-01-09 23:00:00'))_n
2025-09-05 12:31:55,630 ; PT3S                                                         ; DEBUG   ; dxWithMx._V3_AGSNVEC: ('STAT', 'KNOT~*~*~*~T', Timestamp('2024-01-09 23:00:00'), Timestamp('2024-01-09 23:00:00'))_n
2025-09-05 12:31:55,632 ; PT3S                                                         ; DEBUG   ; dxWithMx._V3_AGSNVEC: ('STAT', 'KNOT~*~*~*~RHO', Timestamp('2024-01-09 23:00:00'), Timestamp('2024-01-09 23:00:00'))_n
2025-09-05 12:31:55,632 ; PT3S                                                         ; DEBUG   ; dxWithMx._V3_AGSNVEC: PH_n
2025-09-05 12:31:55,632 ; PT3S                                                         ; DEBUG   ; dxWithMx._V3_AGSNVEC: T_n
2025-09-05 12:31:55,632 ; PT3S                                                         ; DEBUG   ; dxWithMx._V3_AGSNVEC: H_n
2025-09-05 12:31:55,632 ; PT3S                                                         ; DEBUG   ; dxWithMx._V3_AGSNVEC: RHO_n
2025-09-05 12:31:55,632 ; PT3S                                                         ; DEBUG   ; dxWithMx._V3_AGSNVEC: mlc_n
2025-09-05 12:31:55,632 ; PT3S                                                         ; DEBUG   ; dxWithMx._V3_AGSNVEC: ('STAT', 'mlc', Timestamp('2024-01-09 23:00:00'), Timestamp('2024-01-09 23:00:00'))_n
2025-09-05 12:31:55,632 ; PT3S                                                         ; DEBUG   ; dxWithMx._V3_AGSNVEC: pk_ROHRVEC
2025-09-05 12:31:55,632 ; PT3S                                                         ; DEBUG   ; dxWithMx._V3_AGSNVEC: fkDE
2025-09-05 12:31:55,632 ; PT3S                                                         ; DEBUG   ; dxWithMx._V3_AGSNVEC: rk
2025-09-05 12:31:55,632 ; PT3S                                                         ; DEBUG   ; dxWithMx._V3_AGSNVEC: tk_ROHRVEC
2025-09-05 12:31:55,632 ; PT3S                                                         ; DEBUG   ; dxWithMx._V3_AGSNVEC: fkKI
2025-09-05 12:31:55,632 ; PT3S                                                         ; DEBUG   ; dxWithMx._V3_AGSNVEC: fkKK
2025-09-05 12:31:55,632 ; PT3S                                                         ; DEBUG   ; dxWithMx._V3_AGSNVEC: fkDTRO_ROWD
2025-09-05 12:31:55,632 ; PT3S                                                         ; DEBUG   ; dxWithMx._V3_AGSNVEC: fkLTGR
2025-09-05 12:31:55,632 ; PT3S                                                         ; DEBUG   ; dxWithMx._V3_AGSNVEC: fkSTRASSE
2025-09-05 12:31:55,632 ; PT3S                                                         ; DEBUG   ; dxWithMx._V3_AGSNVEC: L_ROHRVEC
2025-09-05 12:31:55,632 ; PT3S                                                         ; DEBUG   ; dxWithMx._V3_AGSNVEC: LZU
2025-09-05 12:31:55,632 ; PT3S                                                         ; DEBUG   ; dxWithMx._V3_AGSNVEC: RAU
2025-09-05 12:31:55,632 ; PT3S                                                         ; DEBUG   ; dxWithMx._V3_AGSNVEC: JLAMBS
2025-09-05 12:31:55,632 ; PT3S                                                         ; DEBUG   ; dxWithMx._V3_AGSNVEC: LAMBDA0
2025-09-05 12:31:55,632 ; PT3S                                                         ; DEBUG   ; dxWithMx._V3_AGSNVEC: ZEIN
2025-09-05 12:31:55,632 ; PT3S                                                         ; DEBUG   ; dxWithMx._V3_AGSNVEC: ZAUS
2025-09-05 12:31:55,632 ; PT3S                                                         ; DEBUG   ; dxWithMx._V3_AGSNVEC: ZUML
2025-09-05 12:31:55,632 ; PT3S                                                         ; DEBUG   ; dxWithMx._V3_AGSNVEC: ASOLL
2025-09-05 12:31:55,632 ; PT3S                                                         ; DEBUG   ; dxWithMx._V3_AGSNVEC: INDSCHALL
2025-09-05 12:31:55,632 ; PT3S                                                         ; DEBUG   ; dxWithMx._V3_AGSNVEC: BAUJAHR
2025-09-05 12:31:55,632 ; PT3S                                                         ; DEBUG   ; dxWithMx._V3_AGSNVEC: HAL
2025-09-05 12:31:55,632 ; PT3S                                                         ; DEBUG   ; dxWithMx._V3_AGSNVEC: fkCONT
2025-09-05 12:31:55,632 ; PT3S                                                         ; DEBUG   ; dxWithMx._V3_AGSNVEC: fk2LROHR
2025-09-05 12:31:55,632 ; PT3S                                                         ; DEBUG   ; dxWithMx._V3_AGSNVEC: BESCHREIBUNG
2025-09-05 12:31:55,632 ; PT3S                                                         ; DEBUG   ; dxWithMx._V3_AGSNVEC: GEOMWKB
2025-09-05 12:31:55,638 ; PT3S                                                         ; DEBUG   ; dxWithMx._V3_AGSNVEC: DELETED
2025-09-05 12:31:55,638 ; PT3S                                                         ; DEBUG   ; dxWithMx._V3_AGSNVEC: SELECT1
2025-09-05 12:31:55,638 ; PT3S                                                         ; DEBUG   ; dxWithMx._V3_AGSNVEC: IDREFERENZ
2025-09-05 12:31:55,638 ; PT3S                                                         ; DEBUG   ; dxWithMx._V3_AGSNVEC: KENNUNG
2025-09-05 12:31:55,638 ; PT3S                                                         ; DEBUG   ; dxWithMx._V3_AGSNVEC: IPLANUNG
2025-09-05 12:31:55,638 ; PT3S                                                         ; DEBUG   ; dxWithMx._V3_AGSNVEC: KVR
2025-09-05 12:31:55,638 ; PT3S                                                         ; DEBUG   ; dxWithMx._V3_AGSNVEC: pk_BZ
2025-09-05 12:31:55,638 ; PT3S                                                         ; DEBUG   ; dxWithMx._V3_AGSNVEC: fkDE_BZ
2025-09-05 12:31:55,638 ; PT3S                                                         ; DEBUG   ; dxWithMx._V3_AGSNVEC: fk
2025-09-05 12:31:55,638 ; PT3S                                                         ; DEBUG   ; dxWithMx._V3_AGSNVEC: QSVB
2025-09-05 12:31:55,638 ; PT3S                                                         ; DEBUG   ; dxWithMx._V3_AGSNVEC: IRTRENN
2025-09-05 12:31:55,638 ; PT3S                                                         ; DEBUG   ; dxWithMx._V3_AGSNVEC: LECKSTATUS
2025-09-05 12:31:55,638 ; PT3S                                                         ; DEBUG   ; dxWithMx._V3_AGSNVEC: LECKSTART
2025-09-05 12:31:55,638 ; PT3S                                                         ; DEBUG   ; dxWithMx._V3_AGSNVEC: LECKEND
2025-09-05 12:31:55,638 ; PT3S                                                         ; DEBUG   ; dxWithMx._V3_AGSNVEC: LECKORT
2025-09-05 12:31:55,638 ; PT3S                                                         ; DEBUG   ; dxWithMx._V3_AGSNVEC: LECKMENGE
2025-09-05 12:31:55,638 ; PT3S                                                         ; DEBUG   ; dxWithMx._V3_AGSNVEC: IMPTNZ
2025-09-05 12:31:55,638 ; PT3S                                                         ; DEBUG   ; dxWithMx._V3_AGSNVEC: ZVLIMPTNZ
2025-09-05 12:31:55,638 ; PT3S                                                         ; DEBUG   ; dxWithMx._V3_AGSNVEC: KANTENZV
2025-09-05 12:31:55,638 ; PT3S                                                         ; DEBUG   ; dxWithMx._V3_AGSNVEC: GEOM
2025-09-05 12:31:55,638 ; PT3S                                                         ; DEBUG   ; dxWithMx._V3_AGSNVEC: GRAF
2025-09-05 12:31:55,638 ; PT3S                                                         ; DEBUG   ; dxWithMx._V3_AGSNVEC: MId
2025-09-05 12:31:55,638 ; PT3S                                                         ; DEBUG   ; dxWithMx._V3_AGSNVEC: MText
2025-09-05 12:31:55,638 ; PT3S                                                         ; DEBUG   ; dxWithMx._V3_AGSNVEC: Basis
2025-09-05 12:31:55,643 ; PT3S                                                         ; DEBUG   ; dxWithMx._V3_AGSNVEC: Variante
2025-09-05 12:31:55,643 ; PT3S                                                         ; DEBUG   ; dxWithMx._V3_AGSNVEC: BZ
2025-09-05 12:31:55,643 ; PT3S                                                         ; DEBUG   ; dxWithMx._V3_AGSNVEC: Geaendert
2025-09-05 12:31:55,643 ; PT3S                                                         ; DEBUG   ; dxWithMx._V3_AGSNVEC: Erstellt
2025-09-05 12:31:55,643 ; PT3S                                                         ; DEBUG   ; dxWithMx._V3_AGSNVEC: pk_VMBZ
2025-09-05 12:31:55,644 ; PT3S                                                         ; DEBUG   ; dxWithMx._V3_AGSNVEC: fkBASIS
2025-09-05 12:31:55,644 ; PT3S                                                         ; DEBUG   ; dxWithMx._V3_AGSNVEC: fkVARIANTE
2025-09-05 12:31:55,644 ; PT3S                                                         ; DEBUG   ; dxWithMx._V3_AGSNVEC: fkBZ
2025-09-05 12:31:55,644 ; PT3S                                                         ; DEBUG   ; dxWithMx._V3_AGSNVEC: MZ
2025-09-05 12:31:55,644 ; PT3S                                                         ; DEBUG   ; dxWithMx._V3_AGSNVEC: MT
2025-09-05 12:31:55,644 ; PT3S                                                         ; DEBUG   ; dxWithMx._V3_AGSNVEC: pk_CONT
2025-09-05 12:31:55,644 ; PT3S                                                         ; DEBUG   ; dxWithMx._V3_AGSNVEC: fkDE_CONT
2025-09-05 12:31:55,644 ; PT3S                                                         ; DEBUG   ; dxWithMx._V3_AGSNVEC: rk_CONT
2025-09-05 12:31:55,644 ; PT3S                                                         ; DEBUG   ; dxWithMx._V3_AGSNVEC: tk_CONT
2025-09-05 12:31:55,644 ; PT3S                                                         ; DEBUG   ; dxWithMx._V3_AGSNVEC: ID_CONT
2025-09-05 12:31:55,644 ; PT3S                                                         ; DEBUG   ; dxWithMx._V3_AGSNVEC: NAME_CONT_ROHRVEC
2025-09-05 12:31:55,644 ; PT3S                                                         ; DEBUG   ; dxWithMx._V3_AGSNVEC: IDPARENT_CONT
2025-09-05 12:31:55,644 ; PT3S                                                         ; DEBUG   ; dxWithMx._V3_AGSNVEC: rkPARENT_CONT
2025-09-05 12:31:55,644 ; PT3S                                                         ; DEBUG   ; dxWithMx._V3_AGSNVEC: LFDNR_CONT
2025-09-05 12:31:55,644 ; PT3S                                                         ; DEBUG   ; dxWithMx._V3_AGSNVEC: GRAF_CONT
2025-09-05 12:31:55,644 ; PT3S                                                         ; DEBUG   ; dxWithMx._V3_AGSNVEC: FONT_CONT
2025-09-05 12:31:55,644 ; PT3S                                                         ; DEBUG   ; dxWithMx._V3_AGSNVEC: GEOM_CONT
2025-09-05 12:31:55,644 ; PT3S                                                         ; DEBUG   ; dxWithMx._V3_AGSNVEC: DELETED_CONT
2025-09-05 12:31:55,644 ; PT3S                                                         ; DEBUG   ; dxWithMx._V3_AGSNVEC: SELECT1_CONT
2025-09-05 12:31:55,644 ; PT3S                                                         ; DEBUG   ; dxWithMx._V3_AGSNVEC: IDREFERENZ_CONT
2025-09-05 12:31:55,644 ; PT3S                                                         ; DEBUG   ; dxWithMx._V3_AGSNVEC: NAME_DTRO
2025-09-05 12:31:55,644 ; PT3S                                                         ; DEBUG   ; dxWithMx._V3_AGSNVEC: DN_ROHRVEC
2025-09-05 12:31:55,644 ; PT3S                                                         ; DEBUG   ; dxWithMx._V3_AGSNVEC: DI
2025-09-05 12:31:55,644 ; PT3S                                                         ; DEBUG   ; dxWithMx._V3_AGSNVEC: DA
2025-09-05 12:31:55,644 ; PT3S                                                         ; DEBUG   ; dxWithMx._V3_AGSNVEC: S
2025-09-05 12:31:55,644 ; PT3S                                                         ; DEBUG   ; dxWithMx._V3_AGSNVEC: KT
2025-09-05 12:31:55,644 ; PT3S                                                         ; DEBUG   ; dxWithMx._V3_AGSNVEC: PN
2025-09-05 12:31:55,644 ; PT3S                                                         ; DEBUG   ; dxWithMx._V3_AGSNVEC: Am2_ROHRVEC
2025-09-05 12:31:55,644 ; PT3S                                                         ; DEBUG   ; dxWithMx._V3_AGSNVEC: Vm3_ROHRVEC
2025-09-05 12:31:55,644 ; PT3S                                                         ; DEBUG   ; dxWithMx._V3_AGSNVEC: NAME_LTGR
2025-09-05 12:31:55,644 ; PT3S                                                         ; DEBUG   ; dxWithMx._V3_AGSNVEC: NAME_STRASSE
2025-09-05 12:31:55,644 ; PT3S                                                         ; DEBUG   ; dxWithMx._V3_AGSNVEC: tk_i
2025-09-05 12:31:55,644 ; PT3S                                                         ; DEBUG   ; dxWithMx._V3_AGSNVEC: NAME_i_ROHRVEC
2025-09-05 12:31:55,644 ; PT3S                                                         ; DEBUG   ; dxWithMx._V3_AGSNVEC: tk_k
2025-09-05 12:31:55,644 ; PT3S                                                         ; DEBUG   ; dxWithMx._V3_AGSNVEC: NAME_k_ROHRVEC
2025-09-05 12:31:55,644 ; PT3S                                                         ; DEBUG   ; dxWithMx._V3_AGSNVEC: mx2NofPts
2025-09-05 12:31:55,644 ; PT3S                                                         ; DEBUG   ; dxWithMx._V3_AGSNVEC: dL
2025-09-05 12:31:55,644 ; PT3S                                                         ; DEBUG   ; dxWithMx._V3_AGSNVEC: mx2Idx
2025-09-05 12:31:55,644 ; PT3S                                                         ; DEBUG   ; dxWithMx._V3_AGSNVEC: ('STAT', 'KNOT~*~*~*~PH', Timestamp('2024-01-09 23:00:00'), Timestamp('2024-01-09 23:00:00'))_i
2025-09-05 12:31:55,652 ; PT3S                                                         ; DEBUG   ; dxWithMx._V3_AGSNVEC: ('STAT', 'KNOT~*~*~*~H', Timestamp('2024-01-09 23:00:00'), Timestamp('2024-01-09 23:00:00'))_i
2025-09-05 12:31:55,652 ; PT3S                                                         ; DEBUG   ; dxWithMx._V3_AGSNVEC: ('STAT', 'KNOT~*~*~*~T', Timestamp('2024-01-09 23:00:00'), Timestamp('2024-01-09 23:00:00'))_i
2025-09-05 12:31:55,652 ; PT3S                                                         ; DEBUG   ; dxWithMx._V3_AGSNVEC: ('STAT', 'KNOT~*~*~*~RHO', Timestamp('2024-01-09 23:00:00'), Timestamp('2024-01-09 23:00:00'))_i
2025-09-05 12:31:55,652 ; PT3S                                                         ; DEBUG   ; dxWithMx._V3_AGSNVEC: ('STAT', 'KNOT~*~*~*~PH', Timestamp('2024-01-09 23:00:00'), Timestamp('2024-01-09 23:00:00'))_k
2025-09-05 12:31:55,652 ; PT3S                                                         ; DEBUG   ; dxWithMx._V3_AGSNVEC: ('STAT', 'KNOT~*~*~*~H', Timestamp('2024-01-09 23:00:00'), Timestamp('2024-01-09 23:00:00'))_k
2025-09-05 12:31:55,652 ; PT3S                                                         ; DEBUG   ; dxWithMx._V3_AGSNVEC: ('STAT', 'KNOT~*~*~*~T', Timestamp('2024-01-09 23:00:00'), Timestamp('2024-01-09 23:00:00'))_k
2025-09-05 12:31:55,652 ; PT3S                                                         ; DEBUG   ; dxWithMx._V3_AGSNVEC: ('STAT', 'KNOT~*~*~*~RHO', Timestamp('2024-01-09 23:00:00'), Timestamp('2024-01-09 23:00:00'))_k
2025-09-05 12:31:55,652 ; PT3S                                                         ; DEBUG   ; dxWithMx._V3_AGSNVEC: QMAVAbs
2025-09-05 12:31:55,652 ; PT3S                                                         ; DEBUG   ; dxWithMx._V3_AGSNVEC: VAVAbs
2025-09-05 12:31:55,652 ; PT3S                                                         ; DEBUG   ; dxWithMx._V3_AGSNVEC: PHRAbs
2025-09-05 12:31:55,652 ; PT3S                                                         ; DEBUG   ; dxWithMx._V3_AGSNVEC: JVAbs
2025-09-05 12:31:55,652 ; PT3S                                                         ; DEBUG   ; dxWithMx._V3_AGSNVEC: LAMBDA
2025-09-05 12:31:55,652 ; PT3S                                                         ; DEBUG   ; dxWithMx._V3_AGSNVEC: IptIdx
2025-09-05 12:31:55,652 ; PT3S                                                         ; DEBUG   ; dxWithMx._V3_AGSNVEC: SVEC
2025-09-05 12:31:55,652 ; PT3S                                                         ; DEBUG   ; dxWithMx._V3_AGSNVEC: IptIdxAsNo
2025-09-05 12:31:55,655 ; PT3S                                                         ; DEBUG   ; dxWithMx._V3_AGSNVEC: ZVEC
2025-09-05 12:31:55,655 ; PT3S                                                         ; DEBUG   ; dxWithMx._V3_AGSNVEC: _Done.
2025-09-05 12:31:55,658 ; PT3S                                                         ; DEBUG   ; dxWithMx.__init__: _Done.
2025-09-05 12:31:55,661 ; PT3S                                                         ; DEBUG   ; PT3S.dxAndMxHelperFcts.readDxAndMx: _Done.
PT3S.dxAndMxHelperFcts.readDxAndMx: _Done.
