2025-09-26 17:04:24,396 ; PT3S                                                         ; DEBUG   ; PT3S.dxAndMxHelperFcts.readDxAndMx: Start.
2025-09-26 17:04:24,399 ; PT3S                                                         ; DEBUG   ; Dx.__init__: Start.#########
2025-09-26 17:04:24,400 ; PT3S                                                         ; INFO    ; Dx.__init__: dbFile (abspath): c:\users\aUserName\3s\pt3s\PT3S\Examples\Example6.db3 exists readable ...
2025-09-26 17:04:24,449 ; PT3S                                                         ; DEBUG   ; Dx.__init__: tableNames: ['AB_DEF', 'AGSN', 'ALLG', 'ALLG_BZ', 'ANTP', 'ANTP_ROWS', 'ARRW', 'ATMO', 'AVOS', 'AVOS_ROWS', 'BENUTZER', 'BEVE', 'BEVE_BZ', 'BEWI', 'BEWI_BZ', 'BREF', 'BZAG', 'BZAG_BZ', 'CIRC', 'CONT', 'CRGL', 'DATENEBENE', 'DPGR', 'DPGR_BZ', 'DPGR_DPKT', 'DPKT', 'DPKT_BZ', 'DPRG', 'DPRG_BZ', 'DRNP', 'DTRO', 'DTRO_ROWD', 'EBES', 'EBES_BZ', 'ELEMENTQUERY', 'ETAM', 'ETAM_ROWS', 'ETAR', 'ETAR_ROWS', 'ETAU', 'ETAU_ROWS', 'FKNL', 'FKNL_BZ', 'FQPS', 'FQPS_BZ', 'FSTF', 'FWBZ', 'FWEA', 'FWEA_BZ', 'FWES', 'FWES_BZ', 'FWVB', 'FWVB_BZ', 'FWWU', 'FWWU_BZ', 'GEOMETRY_COLUMNS', 'GKMP', 'GMIX', 'GRAV', 'GTXT', 'GVWK', 'GVWK_BZ', 'HAUS', 'HYDR', 'HYDR_BZ', 'KLAP', 'KLAP_BZ', 'KNOT', 'KNOT_BZ', 'KOMK', 'KOMK_ROWS', 'KOMP', 'KOMP_BZ', 'LAYR', 'LFAL', 'LFAL_BZ', 'LFKT', 'LFKT_ROWT', 'LTGR', 'MAPG', 'MAPG_ROWS', 'MODELL', 'MREG', 'MREG_BZ', 'NRCV', 'NSCH', 'NSCH_BZ', 'OBEH', 'OBEH_BZ', 'OVAL', 'PARI', 'PARI_BZ', 'PARV', 'PARZ', 'PARZ_BZ', 'PGPR', 'PGRP', 'PGRP_BZ', 'PGRP_PUMP', 'PGRP_PUMP_BZ', 'PHI1', 'PHI1_ROWT', 'PHI2', 'PHI2_ROWS', 'PHIV', 'PHIV_ROWS', 'PHTR', 'PHTR_BZ', 'PLYG', 'POLY', 'PREG', 'PREG_BZ', 'PROZESSE', 'PUMD', 'PUMD_ROWT', 'PUMK', 'PUMK_ROWS', 'PUMP', 'PUMP_BZ', 'PVAR', 'PVAR_ROWT', 'PZON', 'PZVR', 'PZVR_BZ', 'QVAR', 'QVAR_ROWT', 'RADD', 'RADD_BZ', 'RART', 'RART_BZ', 'RCON', 'RCPL', 'RCPL_ROWT', 'RDIV', 'RDIV_BZ', 'RECT', 'REGP', 'REGV', 'REGV_BZ', 'RFKT', 'RFKT_BZ', 'RHYS', 'RHYS_BZ', 'RINT', 'RINT_BZ', 'RLSR', 'RLSR_BZ', 'RLVG', 'RLVG_BZ', 'RMES', 'RMES_BZ', 'RMES_DPTS', 'RMES_DPTS_BZ', 'RMMA', 'RMMA_BZ', 'RMUL', 'RMUL_BZ', 'ROHR', 'ROHR_BZ', 'ROHR_VRTX', 'RPFL', 'RPID', 'RPID_BZ', 'RPLAN', 'RPLAN_ROWS', 'RPT1', 'RPT1_BZ', 'RRCT', 'RSLW', 'RSLW_BZ', 'RSTE', 'RSTE_BZ', 'RSTN', 'RSTN_BZ', 'RTOT', 'RTOT_BZ', 'RUES', 'RUES_BZ', 'SIRGRAF', 'SIVE', 'SIVE_BZ', 'SOKO', 'SPLZ', 'SRAT', 'SRAT_ROWS', 'STOF', 'STOF_ROWS', 'STRASSE', 'STRO', 'STRO_BZ', 'SWVT', 'SWVT_ROWT', 'SYSTEMKONFIG', 'TEVT', 'TEVT_ROWT', 'TFKT', 'TFKT_ROWS', 'TIMD', 'TRFT', 'TRFT_ROWS', 'TRVA', 'UTMP', 'VARA_ROWS', 'VENT', 'VENT_BZ', 'VERB', 'VKNO', 'VRCT', 'WBLZ', 'WEVT', 'WEVT_ROWT', 'WIND', 'WIND_BZ', 'WTTR', 'WTTR_ROWT', 'ZEP1', 'ZEP1_ROWS', 'ZEP2', 'ZEP2_ROWS', 'VARA', 'ARRW_BZ', 'CIRC_BZ', 'CONT_BZ', 'GTXT_BZ', 'HAUS_BZ', 'HIDDEN_ACTIVITIES', 'NRCV_BZ', 'OVAL_BZ', 'PLYG_BZ', 'POLY_BZ', 'RECT_BZ', 'RPFL_BZ', 'RRCT_BZ', 'USCH', 'UTMP_BZ', 'VERB_BZ']
2025-09-26 17:04:24,450 ; PT3S                                                         ; DEBUG   ; Dx.__init__: viewNames: ['VARRW', 'VBEVE', 'VBEWI', 'VCIRC', 'VCONT', 'VDPRG', 'VFWEA', 'VFWES', 'VFWVB', 'VFWWU', 'VGTXT', 'VGVWK', 'VHAUS', 'VHYDR', 'VKLAP', 'VKNOT', 'VKOMP', 'VMREG', 'VNRCV', 'VNSCH', 'VOBEH', 'VOVAL', 'VPHTR', 'VPLYG', 'VPOLY', 'VPREG', 'VPUMP', 'VRECT', 'VREGV', 'VROHR', 'VRPFL', 'VRRCT', 'VSIVE', 'VVENT', 'VVERB', 'VWIND', 'VSTRO', 'VIEW_MODELLE']
2025-09-26 17:04:24,461 ; PT3S                                                         ; DEBUG   ; Dx.__init__: pair-tables: pairType: _BZ:
2025-09-26 17:04:24,481 ; PT3S                                                         ; DEBUG   ; Dx.__init__: BV: ALLG         BVZ: ALLG_BZ      V: V_BVZ_ALLG      constructed with        1 rows and  44 cols.
2025-09-26 17:04:24,513 ; PT3S                                                         ; DEBUG   ; Dx.__init__: BV: BEVE         BVZ: BEVE_BZ      V: V_BVZ_BEVE      constructed with        1 rows and  80 cols.
2025-09-26 17:04:24,559 ; PT3S                                                         ; DEBUG   ; Dx.__init__: BV: BEWI         BVZ: BEWI_BZ      V: V_BVZ_BEWI      constructed with        1 rows and  79 cols.
2025-09-26 17:04:24,569 ; PT3S                                                         ; DEBUG   ; Dx.__init__: BV: BZAG         BVZ: BZAG_BZ      V: V_BVZ_BZAG      constructed with        1 rows and  26 cols.
2025-09-26 17:04:24,587 ; PT3S                                                         ; DEBUG   ; Dx.__init__: BV: DPGR         BVZ: DPGR_BZ      V: V_BVZ_DPGR      constructed with       14 rows and  32 cols.
2025-09-26 17:04:24,721 ; PT3S                                                         ; DEBUG   ; Dx.__init__: BV: DPKT         BVZ: DPKT_BZ      V: V_BVZ_DPKT      constructed with     2774 rows and  49 cols.
2025-09-26 17:04:24,753 ; PT3S                                                         ; DEBUG   ; Dx.__init__: BV: DPRG         BVZ: DPRG_BZ      V: V_BVZ_DPRG      constructed with        1 rows and  76 cols.
2025-09-26 17:04:24,765 ; PT3S                                                         ; DEBUG   ; Dx.__init__: BV: EBES         BVZ: EBES_BZ      V: V_BVZ_EBES      constructed with        2 rows and  30 cols.
2025-09-26 17:04:24,794 ; PT3S                                                         ; DEBUG   ; Dx.__init__: BV: FKNL         BVZ: FKNL_BZ      V: V_BVZ_FKNL      constructed with        1 rows and  70 cols.
2025-09-26 17:04:24,818 ; PT3S                                                         ; DEBUG   ; Dx.__init__: BV: FQPS         BVZ: FQPS_BZ      V: V_BVZ_FQPS      constructed with        1 rows and  71 cols.
2025-09-26 17:04:24,864 ; PT3S                                                         ; DEBUG   ; Dx.__init__: BV: FWEA         BVZ: FWEA_BZ      V: V_BVZ_FWEA      constructed with        1 rows and 162 cols.
2025-09-26 17:04:24,897 ; PT3S                                                         ; DEBUG   ; Dx.__init__: BV: FWES         BVZ: FWES_BZ      V: V_BVZ_FWES      constructed with        2 rows and  64 cols.
2025-09-26 17:04:24,968 ; PT3S                                                         ; DEBUG   ; Dx.__init__: BV: FWVB         BVZ: FWVB_BZ      V: V_BVZ_FWVB      constructed with      657 rows and  87 cols.
2025-09-26 17:04:25,000 ; PT3S                                                         ; DEBUG   ; Dx.__init__: BV: FWWU         BVZ: FWWU_BZ      V: V_BVZ_FWWU      constructed with        1 rows and  97 cols.
2025-09-26 17:04:25,038 ; PT3S                                                         ; DEBUG   ; Dx.__init__: BV: GVWK         BVZ: GVWK_BZ      V: V_BVZ_GVWK      constructed with        1 rows and  71 cols.
2025-09-26 17:04:25,066 ; PT3S                                                         ; DEBUG   ; Dx.__init__: BV: HYDR         BVZ: HYDR_BZ      V: V_BVZ_HYDR      constructed with        1 rows and  61 cols.
2025-09-26 17:04:25,092 ; PT3S                                                         ; DEBUG   ; Dx.__init__: BV: KLAP         BVZ: KLAP_BZ      V: V_BVZ_KLAP      constructed with        5 rows and  60 cols.
2025-09-26 17:04:25,204 ; PT3S                                                         ; DEBUG   ; Dx.__init__: BV: KNOT         BVZ: KNOT_BZ      V: V_BVZ_KNOT      constructed with     1562 rows and  67 cols.
2025-09-26 17:04:25,229 ; PT3S                                                         ; DEBUG   ; Dx.__init__: BV: KOMP         BVZ: KOMP_BZ      V: V_BVZ_KOMP      constructed with        1 rows and  84 cols.
2025-09-26 17:04:25,242 ; PT3S                                                         ; DEBUG   ; Dx.__init__: BV: LFAL         BVZ: LFAL_BZ      V: V_BVZ_LFAL      constructed with        1 rows and  25 cols.
2025-09-26 17:04:25,266 ; PT3S                                                         ; DEBUG   ; Dx.__init__: BV: MREG         BVZ: MREG_BZ      V: V_BVZ_MREG      constructed with        1 rows and  77 cols.
2025-09-26 17:04:25,337 ; PT3S                                                         ; DEBUG   ; Dx.__init__: BV: NSCH         BVZ: NSCH_BZ      V: V_BVZ_NSCH      constructed with     1672 rows and  37 cols.
2025-09-26 17:04:25,362 ; PT3S                                                         ; DEBUG   ; Dx.__init__: BV: OBEH         BVZ: OBEH_BZ      V: V_BVZ_OBEH      constructed with        1 rows and  66 cols.
2025-09-26 17:04:25,379 ; PT3S                                                         ; DEBUG   ; Dx.__init__: BV: PARI         BVZ: PARI_BZ      V: V_BVZ_PARI      constructed with        1 rows and  31 cols.
2025-09-26 17:04:25,385 ; PT3S                                                         ; DEBUG   ; Dx.__init__: BV: PARZ         BVZ: PARZ_BZ      V: V_BVZ_PARZ      constructed with        1 rows and  28 cols.
2025-09-26 17:04:25,415 ; PT3S                                                         ; DEBUG   ; Dx.__init__: BV: PGRP         BVZ: PGRP_BZ      V: V_BVZ_PGRP      constructed with        2 rows and  63 cols.
2025-09-26 17:04:25,431 ; PT3S                                                         ; DEBUG   ; Dx.__init__: BV: PGRP_PUMP    BVZ: PGRP_PUMP_BZ V: V_BVZ_PGRP_PUMP constructed with        2 rows and  26 cols.
2025-09-26 17:04:25,460 ; PT3S                                                         ; DEBUG   ; Dx.__init__: BV: PHTR         BVZ: PHTR_BZ      V: V_BVZ_PHTR      constructed with        1 rows and  69 cols.
2025-09-26 17:04:25,496 ; PT3S                                                         ; DEBUG   ; Dx.__init__: BV: PREG         BVZ: PREG_BZ      V: V_BVZ_PREG      constructed with        1 rows and  75 cols.
2025-09-26 17:04:25,536 ; PT3S                                                         ; DEBUG   ; Dx.__init__: BV: PUMP         BVZ: PUMP_BZ      V: V_BVZ_PUMP      constructed with        3 rows and 146 cols.
2025-09-26 17:04:25,548 ; PT3S                                                         ; DEBUG   ; Dx.__init__: BV: PZVR         BVZ: PZVR_BZ      V: V_BVZ_PZVR      constructed with        1 rows and  30 cols.
2025-09-26 17:04:25,593 ; PT3S                                                         ; DEBUG   ; Dx.__init__: BV: RADD         BVZ: RADD_BZ      V: V_BVZ_RADD      constructed with        2 rows and  43 cols.
2025-09-26 17:04:25,601 ; PT3S                                                         ; DEBUG   ; Dx.__init__: BV: RART         BVZ: RART_BZ      V: V_BVZ_RART      constructed with       11 rows and  35 cols.
2025-09-26 17:04:25,631 ; PT3S                                                         ; DEBUG   ; Dx.__init__: BV: RDIV         BVZ: RDIV_BZ      V: V_BVZ_RDIV      constructed with        1 rows and  57 cols.
2025-09-26 17:04:25,648 ; PT3S                                                         ; DEBUG   ; Dx.__init__: BV: REGV         BVZ: REGV_BZ      V: V_BVZ_REGV      constructed with        1 rows and  59 cols.
2025-09-26 17:04:25,678 ; PT3S                                                         ; DEBUG   ; Dx.__init__: BV: RFKT         BVZ: RFKT_BZ      V: V_BVZ_RFKT      constructed with        1 rows and  58 cols.
2025-09-26 17:04:25,713 ; PT3S                                                         ; DEBUG   ; Dx.__init__: BV: RHYS         BVZ: RHYS_BZ      V: V_BVZ_RHYS      constructed with        2 rows and  46 cols.
2025-09-26 17:04:25,737 ; PT3S                                                         ; DEBUG   ; Dx.__init__: BV: RINT         BVZ: RINT_BZ      V: V_BVZ_RINT      constructed with        1 rows and  57 cols.
2025-09-26 17:04:25,761 ; PT3S                                                         ; DEBUG   ; Dx.__init__: BV: RLSR         BVZ: RLSR_BZ      V: V_BVZ_RLSR      constructed with        1 rows and  55 cols.
2025-09-26 17:04:25,787 ; PT3S                                                         ; DEBUG   ; Dx.__init__: BV: RLVG         BVZ: RLVG_BZ      V: V_BVZ_RLVG      constructed with       14 rows and  43 cols.
2025-09-26 17:04:25,825 ; PT3S                                                         ; DEBUG   ; Dx.__init__: BV: RMES         BVZ: RMES_BZ      V: V_BVZ_RMES      constructed with       12 rows and  53 cols.
2025-09-26 17:04:25,836 ; PT3S                                                         ; DEBUG   ; Dx.__init__: BV: RMES_DPTS    BVZ: RMES_DPTS_BZ V: V_BVZ_RMES_DPTS constructed with       23 rows and  29 cols.
2025-09-26 17:04:25,860 ; PT3S                                                         ; DEBUG   ; Dx.__init__: BV: RMMA         BVZ: RMMA_BZ      V: V_BVZ_RMMA      constructed with        1 rows and  56 cols.
2025-09-26 17:04:26,028 ; PT3S                                                         ; DEBUG   ; Dx.__init__: BV: RMUL         BVZ: RMUL_BZ      V: V_BVZ_RMUL      constructed with        1 rows and  44 cols.
2025-09-26 17:04:26,167 ; PT3S                                                         ; DEBUG   ; Dx.__init__: BV: ROHR         BVZ: ROHR_BZ      V: V_BVZ_ROHR      constructed with     1675 rows and  77 cols.
2025-09-26 17:04:26,192 ; PT3S                                                         ; DEBUG   ; Dx.__init__: BV: RPID         BVZ: RPID_BZ      V: V_BVZ_RPID      constructed with        1 rows and  64 cols.
2025-09-26 17:04:26,219 ; PT3S                                                         ; DEBUG   ; Dx.__init__: BV: RPT1         BVZ: RPT1_BZ      V: V_BVZ_RPT1      constructed with        1 rows and  57 cols.
2025-09-26 17:04:26,249 ; PT3S                                                         ; DEBUG   ; Dx.__init__: BV: RSLW         BVZ: RSLW_BZ      V: V_BVZ_RSLW      constructed with       17 rows and  51 cols.
2025-09-26 17:04:26,275 ; PT3S                                                         ; DEBUG   ; Dx.__init__: BV: RSTE         BVZ: RSTE_BZ      V: V_BVZ_RSTE      constructed with        1 rows and 105 cols.
2025-09-26 17:04:26,321 ; PT3S                                                         ; DEBUG   ; Dx.__init__: BV: RSTN         BVZ: RSTN_BZ      V: V_BVZ_RSTN      constructed with       20 rows and  79 cols.
2025-09-26 17:04:26,343 ; PT3S                                                         ; DEBUG   ; Dx.__init__: BV: RTOT         BVZ: RTOT_BZ      V: V_BVZ_RTOT      constructed with        1 rows and  56 cols.
2025-09-26 17:04:26,386 ; PT3S                                                         ; DEBUG   ; Dx.__init__: BV: RUES         BVZ: RUES_BZ      V: V_BVZ_RUES      constructed with      104 rows and  44 cols.
2025-09-26 17:04:26,417 ; PT3S                                                         ; DEBUG   ; Dx.__init__: BV: SIVE         BVZ: SIVE_BZ      V: V_BVZ_SIVE      constructed with        1 rows and  74 cols.
2025-09-26 17:04:26,443 ; PT3S                                                         ; DEBUG   ; Dx.__init__: BV: STRO         BVZ: STRO_BZ      V: V_BVZ_STRO      constructed with        1 rows and  76 cols.
2025-09-26 17:04:26,492 ; PT3S                                                         ; DEBUG   ; Dx.__init__: BV: VENT         BVZ: VENT_BZ      V: V_BVZ_VENT      constructed with      119 rows and  73 cols.
2025-09-26 17:04:26,510 ; PT3S                                                         ; DEBUG   ; Dx.__init__: BV: WIND         BVZ: WIND_BZ      V: V_BVZ_WIND      constructed with        1 rows and  80 cols.
2025-09-26 17:04:26,532 ; PT3S                                                         ; DEBUG   ; Dx.__init__: BV: ARRW         BVZ: ARRW_BZ      V: V_BVZ_ARRW      constructed with        4 rows and  46 cols.
2025-09-26 17:04:26,558 ; PT3S                                                         ; DEBUG   ; Dx.__init__: BV: CIRC         BVZ: CIRC_BZ      V: V_BVZ_CIRC      constructed with        1 rows and  59 cols.
2025-09-26 17:04:26,575 ; PT3S                                                         ; DEBUG   ; Dx.__init__: BV: CONT         BVZ: CONT_BZ      V: V_BVZ_CONT      constructed with       14 rows and  34 cols.
2025-09-26 17:04:26,619 ; PT3S                                                         ; DEBUG   ; Dx.__init__: BV: GTXT         BVZ: GTXT_BZ      V: V_BVZ_GTXT      constructed with      122 rows and  48 cols.
2025-09-26 17:04:26,635 ; PT3S                                                         ; DEBUG   ; Dx.__init__: BV: HAUS         BVZ: HAUS_BZ      V: V_BVZ_HAUS      constructed with        1 rows and  47 cols.
2025-09-26 17:04:26,698 ; PT3S                                                         ; DEBUG   ; Dx.__init__: BV: NRCV         BVZ: NRCV_BZ      V: V_BVZ_NRCV      constructed with      419 rows and  60 cols.
2025-09-26 17:04:26,708 ; PT3S                                                         ; DEBUG   ; Dx.__init__: BV: OVAL         BVZ: OVAL_BZ      V: V_BVZ_OVAL      constructed with        1 rows and  59 cols.
2025-09-26 17:04:26,742 ; PT3S                                                         ; DEBUG   ; Dx.__init__: BV: PLYG         BVZ: PLYG_BZ      V: V_BVZ_PLYG      constructed with        1 rows and  59 cols.
2025-09-26 17:04:26,762 ; PT3S                                                         ; DEBUG   ; Dx.__init__: BV: POLY         BVZ: POLY_BZ      V: V_BVZ_POLY      constructed with       11 rows and  46 cols.
2025-09-26 17:04:26,781 ; PT3S                                                         ; DEBUG   ; Dx.__init__: BV: RECT         BVZ: RECT_BZ      V: V_BVZ_RECT      constructed with        4 rows and  46 cols.
2025-09-26 17:04:26,808 ; PT3S                                                         ; DEBUG   ; Dx.__init__: BV: RPFL         BVZ: RPFL_BZ      V: V_BVZ_RPFL      constructed with        1 rows and  61 cols.
2025-09-26 17:04:26,833 ; PT3S                                                         ; DEBUG   ; Dx.__init__: BV: RRCT         BVZ: RRCT_BZ      V: V_BVZ_RRCT      constructed with        1 rows and  59 cols.
2025-09-26 17:04:26,843 ; PT3S                                                         ; DEBUG   ; Dx.__init__: BV: UTMP         BVZ: UTMP_BZ      V: V_BVZ_UTMP      constructed with        1 rows and  28 cols.
2025-09-26 17:04:26,870 ; PT3S                                                         ; DEBUG   ; Dx.__init__: BV: VERB         BVZ: VERB_BZ      V: V_BVZ_VERB      constructed with        1 rows and  65 cols.
2025-09-26 17:04:26,870 ; PT3S                                                         ; DEBUG   ; Dx.__init__: pair-tables: pairType: _ROWS:
2025-09-26 17:04:26,894 ; PT3S                                                         ; DEBUG   ; Dx.__init__: BV: ANTP         BVZ: ANTP_ROWS    V: V_BVZ_ANTP      constructed with        1 rows and  43 cols.
2025-09-26 17:04:26,917 ; PT3S                                                         ; DEBUG   ; Dx.__init__: BV: AVOS         BVZ: AVOS_ROWS    V: V_BVZ_AVOS      constructed with        3 rows and  43 cols.
2025-09-26 17:04:26,937 ; PT3S                                                         ; DEBUG   ; Dx.__init__: BV: ETAM         BVZ: ETAM_ROWS    V: V_BVZ_ETAM      constructed with        7 rows and  43 cols.
2025-09-26 17:04:26,959 ; PT3S                                                         ; DEBUG   ; Dx.__init__: BV: ETAR         BVZ: ETAR_ROWS    V: V_BVZ_ETAR      constructed with        7 rows and  43 cols.
2025-09-26 17:04:26,979 ; PT3S                                                         ; DEBUG   ; Dx.__init__: BV: ETAU         BVZ: ETAU_ROWS    V: V_BVZ_ETAU      constructed with        7 rows and  43 cols.
2025-09-26 17:04:26,999 ; PT3S                                                         ; DEBUG   ; Dx.__init__: BV: KOMK         BVZ: KOMK_ROWS    V: V_BVZ_KOMK      constructed with        1 rows and  53 cols.
2025-09-26 17:04:27,025 ; PT3S                                                         ; DEBUG   ; Dx.__init__: BV: MAPG         BVZ: MAPG_ROWS    V: V_BVZ_MAPG      constructed with        1 rows and  61 cols.
2025-09-26 17:04:27,042 ; PT3S                                                         ; DEBUG   ; Dx.__init__: BV: PHI2         BVZ: PHI2_ROWS    V: V_BVZ_PHI2      constructed with        8 rows and  44 cols.
2025-09-26 17:04:27,061 ; PT3S                                                         ; DEBUG   ; Dx.__init__: BV: PHIV         BVZ: PHIV_ROWS    V: V_BVZ_PHIV      constructed with       18 rows and  43 cols.
2025-09-26 17:04:27,085 ; PT3S                                                         ; DEBUG   ; Dx.__init__: BV: PUMK         BVZ: PUMK_ROWS    V: V_BVZ_PUMK      constructed with       40 rows and  49 cols.
2025-09-26 17:04:27,112 ; PT3S                                                         ; DEBUG   ; Dx.__init__: BV: RPLAN        BVZ: RPLAN_ROWS   V: V_BVZ_RPLAN     constructed with        1 rows and  54 cols.
2025-09-26 17:04:27,134 ; PT3S                                                         ; DEBUG   ; Dx.__init__: BV: SRAT         BVZ: SRAT_ROWS    V: V_BVZ_SRAT      constructed with      203 rows and  44 cols.
2025-09-26 17:04:27,160 ; PT3S                                                         ; DEBUG   ; Dx.__init__: BV: STOF         BVZ: STOF_ROWS    V: V_BVZ_STOF      constructed with      201 rows and  47 cols.
2025-09-26 17:04:27,189 ; PT3S                                                         ; DEBUG   ; Dx.__init__: BV: TFKT         BVZ: TFKT_ROWS    V: V_BVZ_TFKT      constructed with      116 rows and  43 cols.
2025-09-26 17:04:27,208 ; PT3S                                                         ; DEBUG   ; Dx.__init__: BV: TRFT         BVZ: TRFT_ROWS    V: V_BVZ_TRFT      constructed with        2 rows and  43 cols.
2025-09-26 17:04:27,229 ; PT3S                                                         ; DEBUG   ; Dx.__init__: BV: VARA         BVZ: VARA_ROWS    V: V_BVZ_VARA      constructed with        5 rows and  63 cols.
2025-09-26 17:04:27,258 ; PT3S                                                         ; DEBUG   ; Dx.__init__: BV: ZEP1         BVZ: ZEP1_ROWS    V: V_BVZ_ZEP1      constructed with       45 rows and  46 cols.
2025-09-26 17:04:27,284 ; PT3S                                                         ; DEBUG   ; Dx.__init__: BV: ZEP2         BVZ: ZEP2_ROWS    V: V_BVZ_ZEP2      constructed with       79 rows and  48 cols.
2025-09-26 17:04:27,284 ; PT3S                                                         ; DEBUG   ; Dx.__init__: pair-tables: pairType: _ROWT:
2025-09-26 17:04:27,309 ; PT3S                                                         ; DEBUG   ; Dx.__init__: BV: LFKT         BVZ: LFKT_ROWT    V: V_BVZ_LFKT      constructed with       20 rows and  39 cols.
2025-09-26 17:04:27,333 ; PT3S                                                         ; DEBUG   ; Dx.__init__: BV: PHI1         BVZ: PHI1_ROWT    V: V_BVZ_PHI1      constructed with        4 rows and  39 cols.
2025-09-26 17:04:27,348 ; PT3S                                                         ; DEBUG   ; Dx.__init__: BV: PUMD         BVZ: PUMD_ROWT    V: V_BVZ_PUMD      constructed with        2 rows and  39 cols.
2025-09-26 17:04:27,373 ; PT3S                                                         ; DEBUG   ; Dx.__init__: BV: PVAR         BVZ: PVAR_ROWT    V: V_BVZ_PVAR      constructed with        1 rows and  39 cols.
2025-09-26 17:04:27,392 ; PT3S                                                         ; DEBUG   ; Dx.__init__: BV: QVAR         BVZ: QVAR_ROWT    V: V_BVZ_QVAR      constructed with        1 rows and  39 cols.
2025-09-26 17:04:27,405 ; PT3S                                                         ; DEBUG   ; PT3S.Dx.fHelperCONTetc: pairType ROWT: df RCPL hat keine Spalte ZEIT? Keine Sortierung nach Zeit.
2025-09-26 17:04:27,405 ; PT3S                                                         ; DEBUG   ; Dx.__init__: BV: RCPL         BVZ: RCPL_ROWT    V: V_BVZ_RCPL      constructed with        3 rows and  13 cols.
2025-09-26 17:04:27,429 ; PT3S                                                         ; DEBUG   ; Dx.__init__: BV: SWVT         BVZ: SWVT_ROWT    V: V_BVZ_SWVT      constructed with      316 rows and  39 cols.
2025-09-26 17:04:27,449 ; PT3S                                                         ; DEBUG   ; Dx.__init__: BV: TEVT         BVZ: TEVT_ROWT    V: V_BVZ_TEVT      constructed with        2 rows and  39 cols.
2025-09-26 17:04:27,460 ; PT3S                                                         ; DEBUG   ; Dx.__init__: BV: WEVT         BVZ: WEVT_ROWT    V: V_BVZ_WEVT      constructed with        1 rows and  39 cols.
2025-09-26 17:04:27,480 ; PT3S                                                         ; DEBUG   ; Dx.__init__: BV: WTTR         BVZ: WTTR_ROWT    V: V_BVZ_WTTR      constructed with        0 rows and  46 cols.
2025-09-26 17:04:27,480 ; PT3S                                                         ; DEBUG   ; Dx.__init__: pair-tables: pairType: _ROWD:
2025-09-26 17:04:27,513 ; PT3S                                                         ; DEBUG   ; Dx.__init__: BV: DTRO         BVZ: DTRO_ROWD    V: V_BVZ_DTRO      constructed with       75 rows and  55 cols.
2025-09-26 17:04:27,513 ; PT3S                                                         ; DEBUG   ; Dx.__init__: tables which are not pair-tables:
2025-09-26 17:04:27,513 ; PT3S                                                         ; DEBUG   ; Dx.__init__: table: AB_DEF           V: V_AB_DEF             constructed with        1 rows and  16 cols.
2025-09-26 17:04:27,525 ; PT3S                                                         ; DEBUG   ; Dx.__init__: table: AGSN             V: V_AGSN               constructed with        2 rows and  37 cols.
2025-09-26 17:04:27,546 ; PT3S                                                         ; DEBUG   ; Dx.__init__: table: ARRW             V: V_ARRW               constructed with        5 rows and  54 cols.
2025-09-26 17:04:27,552 ; PT3S                                                         ; DEBUG   ; Dx.__init__: table: ATMO             V: V_ATMO               constructed with        2 rows and  37 cols.
2025-09-26 17:04:27,559 ; PT3S                                                         ; DEBUG   ; Dx.__init__: table: BENUTZER         V: V_BENUTZER           constructed with        0 rows and  26 cols.
2025-09-26 17:04:27,561 ; PT3S                                                         ; DEBUG   ; Dx.__init__: table: BREF             V: V_BREF               constructed with        1 rows and  53 cols.
2025-09-26 17:04:27,578 ; PT3S                                                         ; DEBUG   ; Dx.__init__: table: CIRC             V: V_CIRC               constructed with        1 rows and  54 cols.
2025-09-26 17:04:27,595 ; PT3S                                                         ; DEBUG   ; Dx.__init__: table: CONT             V: V_CONT               constructed with       15 rows and  42 cols.
2025-09-26 17:04:27,639 ; PT3S                                                         ; DEBUG   ; Dx.__init__: table: CRGL             V: V_CRGL               constructed with      111 rows and  54 cols.
2025-09-26 17:04:27,642 ; PT3S                                                         ; DEBUG   ; Dx.__init__: table: DATENEBENE       V: V_DATENEBENE         constructed with        4 rows and  11 cols.
2025-09-26 17:04:27,687 ; PT3S                                                         ; DEBUG   ; Dx.__init__: table: DPGR_DPKT        V: V_DPGR_DPKT          constructed with     3233 rows and  34 cols.
2025-09-26 17:04:27,694 ; PT3S                                                         ; DEBUG   ; Dx.__init__: table: DRNP             V: V_DRNP               constructed with        2 rows and  38 cols.
2025-09-26 17:04:27,708 ; PT3S                                                         ; DEBUG   ; Dx.__init__: table: ELEMENTQUERY     V: V_ELEMENTQUERY       constructed with       57 rows and  36 cols.
2025-09-26 17:04:27,708 ; PT3S                                                         ; DEBUG   ; Dx.__init__: table: FSTF             V: V_FSTF               constructed with        2 rows and  51 cols.
2025-09-26 17:04:27,728 ; PT3S                                                         ; DEBUG   ; Dx.__init__: table: FWBZ             V: V_FWBZ               constructed with        2 rows and  40 cols.
2025-09-26 17:04:27,728 ; PT3S                                                         ; DEBUG   ; Dx.__init__: table: GEOMETRY_COLUMNS V: V_GEOMETRY_COLUMNS   constructed with       37 rows and   7 cols.
2025-09-26 17:04:27,746 ; PT3S                                                         ; DEBUG   ; Dx.__init__: table: GKMP             V: V_GKMP               constructed with        1 rows and  55 cols.
2025-09-26 17:04:27,767 ; PT3S                                                         ; DEBUG   ; Dx.__init__: table: GMIX             V: V_GMIX               constructed with        1 rows and  80 cols.
2025-09-26 17:04:27,773 ; PT3S                                                         ; DEBUG   ; Dx.__init__: table: GRAV             V: V_GRAV               constructed with        2 rows and  35 cols.
2025-09-26 17:04:27,819 ; PT3S                                                         ; DEBUG   ; Dx.__init__: table: GTXT             V: V_GTXT               constructed with      123 rows and  56 cols.
2025-09-26 17:04:27,831 ; PT3S                                                         ; DEBUG   ; Dx.__init__: table: HAUS             V: V_HAUS               constructed with        1 rows and  42 cols.
2025-09-26 17:04:27,836 ; PT3S                                                         ; DEBUG   ; Dx.__init__: table: LAYR             V: V_LAYR               constructed with       21 rows and  38 cols.
2025-09-26 17:04:27,852 ; PT3S                                                         ; DEBUG   ; Dx.__init__: table: LTGR             V: V_LTGR               constructed with        4 rows and  37 cols.
2025-09-26 17:04:27,852 ; PT3S                                                         ; DEBUG   ; Dx.__init__: table: MODELL           V: V_MODELL             constructed with        1 rows and  18 cols.
2025-09-26 17:04:27,938 ; PT3S                                                         ; DEBUG   ; Dx.__init__: table: NRCV             V: V_NRCV               constructed with      420 rows and  68 cols.
2025-09-26 17:04:27,961 ; PT3S                                                         ; DEBUG   ; Dx.__init__: table: OVAL             V: V_OVAL               constructed with        1 rows and  54 cols.
2025-09-26 17:04:27,970 ; PT3S                                                         ; DEBUG   ; Dx.__init__: table: PARV             V: V_PARV               constructed with        2 rows and  48 cols.
2025-09-26 17:04:27,980 ; PT3S                                                         ; DEBUG   ; Dx.__init__: table: PGPR             V: V_PGPR               constructed with        2 rows and  36 cols.
2025-09-26 17:04:28,002 ; PT3S                                                         ; DEBUG   ; Dx.__init__: table: PLYG             V: V_PLYG               constructed with        1 rows and  54 cols.
2025-09-26 17:04:28,036 ; PT3S                                                         ; DEBUG   ; Dx.__init__: table: POLY             V: V_POLY               constructed with       12 rows and  54 cols.
2025-09-26 17:04:28,042 ; PT3S                                                         ; DEBUG   ; Dx.__init__: table: PROZESSE         V: V_PROZESSE           constructed with        0 rows and  21 cols.
2025-09-26 17:04:28,052 ; PT3S                                                         ; DEBUG   ; Dx.__init__: table: PZON             V: V_PZON               constructed with       27 rows and  43 cols.
2025-09-26 17:04:28,061 ; PT3S                                                         ; DEBUG   ; Dx.__init__: table: RCON             V: V_RCON               constructed with        2 rows and  35 cols.
2025-09-26 17:04:28,075 ; PT3S                                                         ; DEBUG   ; Dx.__init__: table: RECT             V: V_RECT               constructed with        5 rows and  54 cols.
2025-09-26 17:04:28,084 ; PT3S                                                         ; DEBUG   ; Dx.__init__: table: REGP             V: V_REGP               constructed with        2 rows and  34 cols.
2025-09-26 17:04:28,092 ; PT3S                                                         ; DEBUG   ; Dx.__init__: table: ROHR_VRTX        V: V_ROHR_VRTX          constructed with        1 rows and  36 cols.
2025-09-26 17:04:28,113 ; PT3S                                                         ; DEBUG   ; Dx.__init__: table: RPFL             V: V_RPFL               constructed with        1 rows and  55 cols.
2025-09-26 17:04:28,128 ; PT3S                                                         ; DEBUG   ; Dx.__init__: table: RRCT             V: V_RRCT               constructed with        1 rows and  54 cols.
2025-09-26 17:04:28,145 ; PT3S                                                         ; DEBUG   ; Dx.__init__: table: SIRGRAF          V: V_SIRGRAF            constructed with        2 rows and  74 cols.
2025-09-26 17:04:28,162 ; PT3S                                                         ; DEBUG   ; Dx.__init__: table: SOKO             V: V_SOKO               constructed with       26 rows and  69 cols.
2025-09-26 17:04:28,171 ; PT3S                                                         ; DEBUG   ; Dx.__init__: table: SPLZ             V: V_SPLZ               constructed with       16 rows and  44 cols.
2025-09-26 17:04:28,183 ; PT3S                                                         ; DEBUG   ; Dx.__init__: table: STRASSE          V: V_STRASSE            constructed with        1 rows and  37 cols.
2025-09-26 17:04:28,185 ; PT3S                                                         ; DEBUG   ; Dx.__init__: table: SYSTEMKONFIG     V: V_SYSTEMKONFIG       constructed with        4 rows and   4 cols.
2025-09-26 17:04:28,198 ; PT3S                                                         ; DEBUG   ; Dx.__init__: table: TIMD             V: V_TIMD               constructed with        2 rows and  40 cols.
2025-09-26 17:04:28,204 ; PT3S                                                         ; DEBUG   ; Dx.__init__: table: TRVA             V: V_TRVA               constructed with        2 rows and  45 cols.
2025-09-26 17:04:28,212 ; PT3S                                                         ; DEBUG   ; Dx.__init__: table: UTMP             V: V_UTMP               constructed with        2 rows and  34 cols.
2025-09-26 17:04:28,224 ; PT3S                                                         ; DEBUG   ; Dx.__init__: table: VARA             V: V_VARA               constructed with        3 rows and  35 cols.
2025-09-26 17:04:28,226 ; PT3S                                                         ; DEBUG   ; Dx.__init__: table: VERB             V: V_VERB               constructed with        2 rows and  73 cols.
2025-09-26 17:04:28,287 ; PT3S                                                         ; DEBUG   ; Dx.__init__: table: VKNO             V: V_VKNO               constructed with      216 rows and  55 cols.
2025-09-26 17:04:28,293 ; PT3S                                                         ; DEBUG   ; Dx.__init__: table: VRCT             V: V_VRCT               constructed with        1 rows and  37 cols.
2025-09-26 17:04:28,304 ; PT3S                                                         ; DEBUG   ; Dx.__init__: table: WBLZ             V: V_WBLZ               constructed with       27 rows and  39 cols.
2025-09-26 17:04:28,304 ; PT3S                                                         ; DEBUG   ; Dx.__init__: tableName: HIDDEN_ACTIVITIES: Tabelle keine SIR 3S Tabelle aus Sicht dieses Moduls. Trotzdem lesen. 
2025-09-26 17:04:28,312 ; PT3S                                                         ; DEBUG   ; Dx.__init__: V: V_HIDDEN_ACTIVITIES
2025-09-26 17:04:28,312 ; PT3S                                                         ; DEBUG   ; Dx.__init__: tableName: USCH: Tabelle keine SIR 3S Tabelle aus Sicht dieses Moduls. Trotzdem lesen. 
2025-09-26 17:04:28,321 ; PT3S                                                         ; DEBUG   ; Dx.__init__: V: V_USCH
2025-09-26 17:04:28,321 ; PT3S                                                         ; DEBUG   ; Dx._dfLAYR: Start.
2025-09-26 17:04:28,325 ; PT3S                                                         ; DEBUG   ; PT3S.dxDecodeObjsData.Layr: Start.
2025-09-26 17:04:33,254 ; PT3S                                                         ; DEBUG   ; PT3S.dxDecodeObjsData.Layr: _Done.
2025-09-26 17:04:33,284 ; PT3S                                                         ; DEBUG   ; Dx._dfLAYR: _Done.
2025-09-26 17:04:33,284 ; PT3S                                                         ; DEBUG   ; Dx.__init__: expanding V_BVZ_ROHR with NAME_DTRO, DN, DI, DA, S, KT, PN, Am2, Vm3 ...
2025-09-26 17:04:33,389 ; PT3S                                                         ; DEBUG   ; Dx.__init__: expanding V_BVZ_ROHR: rows before: 1675 rows now: 1675
2025-09-26 17:04:33,389 ; PT3S                                                         ; DEBUG   ; Dx.__init__: V3_ROHR: expanding V_BVZ_ROHR with  NAME_LTGR, NAME_STRASSE, tk_i, NAME_i, tk_k, NAME_k ...
2025-09-26 17:04:33,434 ; PT3S                                                         ; DEBUG   ; Dx.__init__: V3_SWVT: expanding V_BVZ_SWVT ...
2025-09-26 17:04:33,442 ; PT3S                                                         ; DEBUG   ; Dx.__init__: vSWVT handA: ZEIT und/oder W sind Null?!: ZEIT: nan W: 0.0: Null-Wert(e) wird (werden) auf 0. gesetzt.
2025-09-26 17:04:33,442 ; PT3S                                                         ; DEBUG   ; Dx.__init__: vSWVT wDH_RD_A: ZEIT und/oder W sind Null?!: ZEIT: nan W: 4.199999809265137: Null-Wert(e) wird (werden) auf 0. gesetzt.
2025-09-26 17:04:33,442 ; PT3S                                                         ; DEBUG   ; Dx.__init__: vSWVT wNA: ZEIT und/oder W sind Null?!: ZEIT: nan W: 1525.0: Null-Wert(e) wird (werden) auf 0. gesetzt.
2025-09-26 17:04:33,442 ; PT3S                                                         ; DEBUG   ; Dx.__init__: vSWVT wDH_MD_A: ZEIT und/oder W sind Null?!: ZEIT: nan W: 6.980000019073486: Null-Wert(e) wird (werden) auf 0. gesetzt.
2025-09-26 17:04:33,445 ; PT3S                                                         ; DEBUG   ; Dx.__init__: vSWVT wNB: ZEIT und/oder W sind Null?!: ZEIT: nan W: 1255.0: Null-Wert(e) wird (werden) auf 0. gesetzt.
2025-09-26 17:04:33,445 ; PT3S                                                         ; DEBUG   ; Dx.__init__: vSWVT zLeck_RL: ZEIT und/oder W sind Null?!: ZEIT: nan W: 0.0: Null-Wert(e) wird (werden) auf 0. gesetzt.
2025-09-26 17:04:33,445 ; PT3S                                                         ; DEBUG   ; Dx.__init__: vSWVT wLast: ZEIT und/oder W sind Null?!: ZEIT: nan W: 0.9092400074005127: Null-Wert(e) wird (werden) auf 0. gesetzt.
2025-09-26 17:04:33,445 ; PT3S                                                         ; DEBUG   ; Dx.__init__: vSWVT zLeck3: ZEIT und/oder W sind Null?!: ZEIT: nan W: 0.0: Null-Wert(e) wird (werden) auf 0. gesetzt.
2025-09-26 17:04:33,445 ; PT3S                                                         ; DEBUG   ; Dx.__init__: vSWVT zLeckMenge: ZEIT und/oder W sind Null?!: ZEIT: nan W: 0.0: Null-Wert(e) wird (werden) auf 0. gesetzt.
2025-09-26 17:04:33,445 ; PT3S                                                         ; DEBUG   ; Dx.__init__: vSWVT wAutoA: ZEIT und/oder W sind Null?!: ZEIT: nan W: 1.0: Null-Wert(e) wird (werden) auf 0. gesetzt.
2025-09-26 17:04:33,445 ; PT3S                                                         ; DEBUG   ; Dx.__init__: vSWVT zLeck2: ZEIT und/oder W sind Null?!: ZEIT: nan W: 0.0: Null-Wert(e) wird (werden) auf 0. gesetzt.
2025-09-26 17:04:33,445 ; PT3S                                                         ; DEBUG   ; Dx.__init__: vSWVT handB: ZEIT und/oder W sind Null?!: ZEIT: nan W: 0.0: Null-Wert(e) wird (werden) auf 0. gesetzt.
2025-09-26 17:04:33,445 ; PT3S                                                         ; DEBUG   ; Dx.__init__: vSWVT wDH_BA_A: ZEIT und/oder W sind Null?!: ZEIT: nan W: 0.0: Null-Wert(e) wird (werden) auf 0. gesetzt.
2025-09-26 17:04:33,445 ; PT3S                                                         ; DEBUG   ; Dx.__init__: vSWVT zLeck_VL: ZEIT und/oder W sind Null?!: ZEIT: nan W: 0.0: Null-Wert(e) wird (werden) auf 0. gesetzt.
2025-09-26 17:04:33,445 ; PT3S                                                         ; DEBUG   ; Dx.__init__: vSWVT wAutoB: ZEIT und/oder W sind Null?!: ZEIT: nan W: 1849.0: Null-Wert(e) wird (werden) auf 0. gesetzt.
2025-09-26 17:04:33,445 ; PT3S                                                         ; DEBUG   ; Dx.__init__: vSWVT wTRSP: ZEIT und/oder W sind Null?!: ZEIT: nan W: 55.0: Null-Wert(e) wird (werden) auf 0. gesetzt.
2025-09-26 17:04:33,445 ; PT3S                                                         ; DEBUG   ; Dx.__init__: vSWVT zLeck1: ZEIT und/oder W sind Null?!: ZEIT: nan W: 0.0: Null-Wert(e) wird (werden) auf 0. gesetzt.
2025-09-26 17:04:33,460 ; PT3S                                                         ; DEBUG   ; Dx.__init__: V3_ROWT: combining ROWT_tables like V_BVZ_LFKT, V_BVZ_PVAR, ...
2025-09-26 17:04:33,484 ; PT3S                                                         ; DEBUG   ; Dx.__init__: V3_TFKT: ...
2025-09-26 17:04:33,495 ; PT3S                                                         ; DEBUG   ; Dx.__init__: V3_RSLW_SWVT: combining RSLW and SWVT ...
2025-09-26 17:04:33,519 ; PT3S                                                         ; DEBUG   ; Dx.__init__: V3_KNOT: expanding V_BVZ_KNOT with XKOR, YKOR, NAME_LFKT, NAME_PVAR, NAME_PZON,NAME_QVAR,NAME_UTMP,NAME_FSTF,NAME_FQPS ...
2025-09-26 17:04:33,592 ; PT3S                                                         ; DEBUG   ; Dx.__init__:  Converting and creating geometry with x, y coordinates for nodes successful
2025-09-26 17:04:33,726 ; PT3S                                                         ; DEBUG   ; Dx.__init__: V3_FWVB: expanding V_BVZ_FWVB with NAME_LFKT, NAME_ZEP1VL, NAME_ZEP1RL, NAME_TEVT, NAME_TRFT, tk_i, NAME_i, tk_k, NAME_k, ...
2025-09-26 17:04:33,792 ; PT3S                                                         ; DEBUG   ; Dx.__init__: V3_:ROHR,KNOT,FWVB: filterTemplateObjects ...
2025-09-26 17:04:33,792 ; PT3S                                                         ; DEBUG   ; Dx._filterTemplateObjects: Start.
2025-09-26 17:04:33,800 ; PT3S                                                         ; DEBUG   ; Dx._filterTemplateObjects: V3_KNOT: Zeilen vorher: 1562 Zeilen jetzt: 1559
2025-09-26 17:04:33,805 ; PT3S                                                         ; DEBUG   ; Dx._filterTemplateObjects: V3_ROHR: Zeilen vorher: 1672 Zeilen jetzt: 1672
2025-09-26 17:04:33,809 ; PT3S                                                         ; DEBUG   ; Dx._filterTemplateObjects: V3_FWVB: Zeilen vorher: 656 Zeilen jetzt: 656
2025-09-26 17:04:33,809 ; PT3S                                                         ; DEBUG   ; Dx._filterTemplateObjects: _Done.
2025-09-26 17:04:33,809 ; PT3S                                                         ; DEBUG   ; Dx.__init__: V3_VBEL: ...
2025-09-26 17:04:33,970 ; PT3S                                                         ; DEBUG   ; Dx.__init__: FWES final in V3_VBEL-View (2,315) ...
2025-09-26 17:04:34,019 ; PT3S                                                         ; DEBUG   ; Dx.__init__: FWVB final in V3_VBEL-View (656,338) ...
2025-09-26 17:04:34,103 ; PT3S                                                         ; DEBUG   ; Dx.__init__: KLAP final in V3_VBEL-View (5,311) ...
2025-09-26 17:04:34,248 ; PT3S                                                         ; DEBUG   ; Dx.__init__: PGRP final in V3_VBEL-View (2,314) ...
2025-09-26 17:04:34,373 ; PT3S                                                         ; DEBUG   ; Dx.__init__: PUMP final in V3_VBEL-View (3,397) ...
2025-09-26 17:04:34,393 ; PT3S                                                         ; DEBUG   ; Dx.__init__: REGV final in V3_VBEL-View (1,310) ...
2025-09-26 17:04:34,478 ; PT3S                                                         ; DEBUG   ; Dx.__init__: ROHR final in V3_VBEL-View (1672,337) ...
2025-09-26 17:04:34,573 ; PT3S                                                         ; DEBUG   ; Dx.__init__: VENT final in V3_VBEL-View (119,324) ...
2025-09-26 17:04:35,365 ; PT3S                                                         ; DEBUG   ; Dx.__init__: V3_DPKT ...
2025-09-26 17:04:35,448 ; PT3S                                                         ; DEBUG   ; Dx.__init__: V3_RKNOT ...
2025-09-26 17:04:35,543 ; PT3S                                                         ; DEBUG   ; Dx.__init__: V3_RRUES ...
2025-09-26 17:04:35,845 ; PT3S                                                         ; DEBUG   ; Dx.__init__: V3_RVBEL ...
2025-09-26 17:04:35,879 ; PT3S                                                         ; DEBUG   ; Dx.__init__: V3_RVBEL RUES-Verbindungen zur Quelle hin aufloesen ...
2025-09-26 17:04:36,035 ; PT3S                                                         ; DEBUG   ; Dx.__init__: _Done.#########
2025-09-26 17:04:36,049 ; PT3S                                                         ; DEBUG   ; dxWithMx.__init__: Start.
2025-09-26 17:04:36,049 ; PT3S                                                         ; DEBUG   ; PT3S.dxDecodeObjsData.Wblz: Start.
2025-09-26 17:04:36,049 ; PT3S                                                         ; DEBUG   ; PT3S.dxDecodeObjsData.Wblz: no WBLZs available ...
2025-09-26 17:04:36,049 ; PT3S                                                         ; DEBUG   ; PT3S.dxDecodeObjsData.Wblz: _Done.
2025-09-26 17:04:36,049 ; PT3S                                                         ; DEBUG   ; PT3S.dxDecodeObjsData.Agsn: Start.
2025-09-26 17:04:36,664 ; PT3S                                                         ; DEBUG   ; PT3S.dxDecodeObjsData.Agsn: _Done.
2025-09-26 17:04:36,693 ; PT3S                                                         ; DEBUG   ; dxWithMx._gdfs: Start.
2025-09-26 17:04:36,696 ; PT3S                                                         ; DEBUG   ; dxWithMx._gdfs: crs reading successful:  EPSG:25832
2025-09-26 17:04:36,745 ; PT3S                                                         ; DEBUG   ; dxWithMx._gdfs: Constructing of gdfs ok so far.
2025-09-26 17:04:36,745 ; PT3S                                                         ; DEBUG   ; dxWithMx._gdfs: _Done.
2025-09-26 17:04:36,745 ; PT3S                                                         ; DEBUG   ; dxWithMx._G: Start.
2025-09-26 17:04:37,879 ; PT3S                                                         ; DEBUG   ; dxWithMx._G: Constructing NetworkX Graph G ok so far.
2025-09-26 17:04:37,887 ; PT3S                                                         ; DEBUG   ; dxWithMx._G: Constructing NetworkX Graph G nodeposDct ok so far.
2025-09-26 17:04:37,887 ; PT3S                                                         ; DEBUG   ; dxWithMx._G: _Done.
2025-09-26 17:04:37,904 ; PT3S                                                         ; DEBUG   ; dxWithMx._GSig: Start.
2025-09-26 17:04:37,937 ; PT3S                                                         ; DEBUG   ; dxWithMx._GSig: Constructing NetworkX Graph GSig ok so far.
2025-09-26 17:04:37,938 ; PT3S                                                         ; DEBUG   ; dxWithMx._GSig: _Done.
2025-09-26 17:04:37,938 ; PT3S                                                         ; DEBUG   ; dxWithMx._V3_AGSN: Start.
2025-09-26 17:04:37,978 ; PT3S                                                         ; DEBUG   ; dxWithMx._V3_AGSN: Exception: Line: 1469: <class 'ValueError'>: 'mx2Idx' is not in list
2025-09-26 17:04:37,978 ; PT3S                                                         ; DEBUG   ; dxWithMx._V3_AGSN: _Done.
2025-09-26 17:04:37,978 ; PT3S                                                         ; DEBUG   ; dxWithMx.__init__: Exception: Line: 215: <class 'PT3S.dxAndMxHelperFcts.dxWithMxError'>: "dxWithMx._V3_AGSN: Exception: Line: 1469: <class 'ValueError'>: 'mx2Idx' is not in list"
2025-09-26 17:04:37,978 ; PT3S                                                         ; DEBUG   ; dxWithMx.__init__: Constructing V3_AGSN failed.
2025-09-26 17:04:37,978 ; PT3S                                                         ; DEBUG   ; dxWithMx.__init__: Exception: Line: 223: <class 'AttributeError'>: 'dxWithMx' object has no attribute 'V3_AGSN'
2025-09-26 17:04:37,978 ; PT3S                                                         ; DEBUG   ; dxWithMx.__init__: Constructing V3_AGSNVEC failed.
2025-09-26 17:04:37,978 ; PT3S                                                         ; DEBUG   ; dxWithMx.__init__: _Done.
2025-09-26 17:04:37,978 ; PT3S                                                         ; DEBUG   ; PT3S.dxAndMxHelperFcts.readDxAndMx: _Done.
2025-09-26 17:04:38,105 ; matplotlib.pyplot                                            ; DEBUG   ; Loaded backend module://matplotlib_inline.backend_inline version unknown.
2025-09-26 17:04:38,107 ; matplotlib.pyplot                                            ; DEBUG   ; Loaded backend module://matplotlib_inline.backend_inline version unknown.
2025-09-26 17:04:38,114 ; matplotlib.font_manager                                      ; DEBUG   ; findfont: Matching sans\-serif:style=normal:variant=normal:weight=normal:stretch=normal:size=10.0.
2025-09-26 17:04:38,115 ; matplotlib.font_manager                                      ; DEBUG   ; findfont: score(FontEntry(fname='c:\\Users\\jablonski\\AppData\\Local\\anaconda3\\Lib\\site-packages\\matplotlib\\mpl-data\\fonts\\ttf\\cmsy10.ttf', name='cmsy10', style='normal', variant='normal', weight=400, stretch='normal', size='scalable')) = 10.05
2025-09-26 17:04:38,116 ; matplotlib.font_manager                                      ; DEBUG   ; findfont: score(FontEntry(fname='c:\\Users\\jablonski\\AppData\\Local\\anaconda3\\Lib\\site-packages\\matplotlib\\mpl-data\\fonts\\ttf\\STIXGeneralBolIta.ttf', name='STIXGeneral', style='italic', variant='normal', weight=700, stretch='normal', size='scalable')) = 11.335
2025-09-26 17:04:38,116 ; matplotlib.font_manager                                      ; DEBUG   ; findfont: score(FontEntry(fname='c:\\Users\\jablonski\\AppData\\Local\\anaconda3\\Lib\\site-packages\\matplotlib\\mpl-data\\fonts\\ttf\\DejaVuSansMono-Oblique.ttf', name='DejaVu Sans Mono', style='oblique', variant='normal', weight=400, stretch='normal', size='scalable')) = 11.05
2025-09-26 17:04:38,116 ; matplotlib.font_manager                                      ; DEBUG   ; findfont: score(FontEntry(fname='c:\\Users\\jablonski\\AppData\\Local\\anaconda3\\Lib\\site-packages\\matplotlib\\mpl-data\\fonts\\ttf\\STIXSizOneSymBol.ttf', name='STIXSizeOneSym', style='normal', variant='normal', weight=700, stretch='normal', size='scalable')) = 10.335
2025-09-26 17:04:38,116 ; matplotlib.font_manager                                      ; DEBUG   ; findfont: score(FontEntry(fname='c:\\Users\\jablonski\\AppData\\Local\\anaconda3\\Lib\\site-packages\\matplotlib\\mpl-data\\fonts\\ttf\\STIXSizThreeSymReg.ttf', name='STIXSizeThreeSym', style='normal', variant='normal', weight=400, stretch='normal', size='scalable')) = 10.05
2025-09-26 17:04:38,116 ; matplotlib.font_manager                                      ; DEBUG   ; findfont: score(FontEntry(fname='c:\\Users\\jablonski\\AppData\\Local\\anaconda3\\Lib\\site-packages\\matplotlib\\mpl-data\\fonts\\ttf\\STIXSizTwoSymReg.ttf', name='STIXSizeTwoSym', style='normal', variant='normal', weight=400, stretch='normal', size='scalable')) = 10.05
2025-09-26 17:04:38,116 ; matplotlib.font_manager                                      ; DEBUG   ; findfont: score(FontEntry(fname='c:\\Users\\jablonski\\AppData\\Local\\anaconda3\\Lib\\site-packages\\matplotlib\\mpl-data\\fonts\\ttf\\cmr10.ttf', name='cmr10', style='normal', variant='normal', weight=400, stretch='normal', size='scalable')) = 10.05
2025-09-26 17:04:38,116 ; matplotlib.font_manager                                      ; DEBUG   ; findfont: score(FontEntry(fname='c:\\Users\\jablonski\\AppData\\Local\\anaconda3\\Lib\\site-packages\\matplotlib\\mpl-data\\fonts\\ttf\\STIXSizFiveSymReg.ttf', name='STIXSizeFiveSym', style='normal', variant='normal', weight=400, stretch='normal', size='scalable')) = 10.05
2025-09-26 17:04:38,116 ; matplotlib.font_manager                                      ; DEBUG   ; findfont: score(FontEntry(fname='c:\\Users\\jablonski\\AppData\\Local\\anaconda3\\Lib\\site-packages\\matplotlib\\mpl-data\\fonts\\ttf\\STIXSizFourSymBol.ttf', name='STIXSizeFourSym', style='normal', variant='normal', weight=700, stretch='normal', size='scalable')) = 10.335
2025-09-26 17:04:38,116 ; matplotlib.font_manager                                      ; DEBUG   ; findfont: score(FontEntry(fname='c:\\Users\\jablonski\\AppData\\Local\\anaconda3\\Lib\\site-packages\\matplotlib\\mpl-data\\fonts\\ttf\\DejaVuSansMono.ttf', name='DejaVu Sans Mono', style='normal', variant='normal', weight=400, stretch='normal', size='scalable')) = 10.05
2025-09-26 17:04:38,118 ; matplotlib.font_manager                                      ; DEBUG   ; findfont: score(FontEntry(fname='c:\\Users\\jablonski\\AppData\\Local\\anaconda3\\Lib\\site-packages\\matplotlib\\mpl-data\\fonts\\ttf\\cmex10.ttf', name='cmex10', style='normal', variant='normal', weight=400, stretch='normal', size='scalable')) = 10.05
2025-09-26 17:04:38,118 ; matplotlib.font_manager                                      ; DEBUG   ; findfont: score(FontEntry(fname='c:\\Users\\jablonski\\AppData\\Local\\anaconda3\\Lib\\site-packages\\matplotlib\\mpl-data\\fonts\\ttf\\STIXSizTwoSymBol.ttf', name='STIXSizeTwoSym', style='normal', variant='normal', weight=700, stretch='normal', size='scalable')) = 10.335
2025-09-26 17:04:38,118 ; matplotlib.font_manager                                      ; DEBUG   ; findfont: score(FontEntry(fname='c:\\Users\\jablonski\\AppData\\Local\\anaconda3\\Lib\\site-packages\\matplotlib\\mpl-data\\fonts\\ttf\\DejaVuSans-Bold.ttf', name='DejaVu Sans', style='normal', variant='normal', weight=700, stretch='normal', size='scalable')) = 0.33499999999999996
2025-09-26 17:04:38,118 ; matplotlib.font_manager                                      ; DEBUG   ; findfont: score(FontEntry(fname='c:\\Users\\jablonski\\AppData\\Local\\anaconda3\\Lib\\site-packages\\matplotlib\\mpl-data\\fonts\\ttf\\DejaVuSerif.ttf', name='DejaVu Serif', style='normal', variant='normal', weight=400, stretch='normal', size='scalable')) = 10.05
2025-09-26 17:04:38,118 ; matplotlib.font_manager                                      ; DEBUG   ; findfont: score(FontEntry(fname='c:\\Users\\jablonski\\AppData\\Local\\anaconda3\\Lib\\site-packages\\matplotlib\\mpl-data\\fonts\\ttf\\STIXNonUniBol.ttf', name='STIXNonUnicode', style='normal', variant='normal', weight=700, stretch='normal', size='scalable')) = 10.335
2025-09-26 17:04:38,118 ; matplotlib.font_manager                                      ; DEBUG   ; findfont: score(FontEntry(fname='c:\\Users\\jablonski\\AppData\\Local\\anaconda3\\Lib\\site-packages\\matplotlib\\mpl-data\\fonts\\ttf\\cmmi10.ttf', name='cmmi10', style='normal', variant='normal', weight=400, stretch='normal', size='scalable')) = 10.05
2025-09-26 17:04:38,118 ; matplotlib.font_manager                                      ; DEBUG   ; findfont: score(FontEntry(fname='c:\\Users\\jablonski\\AppData\\Local\\anaconda3\\Lib\\site-packages\\matplotlib\\mpl-data\\fonts\\ttf\\DejaVuSans-Oblique.ttf', name='DejaVu Sans', style='oblique', variant='normal', weight=400, stretch='normal', size='scalable')) = 1.05
2025-09-26 17:04:38,118 ; matplotlib.font_manager                                      ; DEBUG   ; findfont: score(FontEntry(fname='c:\\Users\\jablonski\\AppData\\Local\\anaconda3\\Lib\\site-packages\\matplotlib\\mpl-data\\fonts\\ttf\\STIXNonUniIta.ttf', name='STIXNonUnicode', style='italic', variant='normal', weight=400, stretch='normal', size='scalable')) = 11.05
2025-09-26 17:04:38,118 ; matplotlib.font_manager                                      ; DEBUG   ; findfont: score(FontEntry(fname='c:\\Users\\jablonski\\AppData\\Local\\anaconda3\\Lib\\site-packages\\matplotlib\\mpl-data\\fonts\\ttf\\STIXNonUniBolIta.ttf', name='STIXNonUnicode', style='italic', variant='normal', weight=700, stretch='normal', size='scalable')) = 11.335
2025-09-26 17:04:38,118 ; matplotlib.font_manager                                      ; DEBUG   ; findfont: score(FontEntry(fname='c:\\Users\\jablonski\\AppData\\Local\\anaconda3\\Lib\\site-packages\\matplotlib\\mpl-data\\fonts\\ttf\\DejaVuSerif-BoldItalic.ttf', name='DejaVu Serif', style='italic', variant='normal', weight=700, stretch='normal', size='scalable')) = 11.335
2025-09-26 17:04:38,121 ; matplotlib.font_manager                                      ; DEBUG   ; findfont: score(FontEntry(fname='c:\\Users\\jablonski\\AppData\\Local\\anaconda3\\Lib\\site-packages\\matplotlib\\mpl-data\\fonts\\ttf\\DejaVuSansMono-Bold.ttf', name='DejaVu Sans Mono', style='normal', variant='normal', weight=700, stretch='normal', size='scalable')) = 10.335
2025-09-26 17:04:38,121 ; matplotlib.font_manager                                      ; DEBUG   ; findfont: score(FontEntry(fname='c:\\Users\\jablonski\\AppData\\Local\\anaconda3\\Lib\\site-packages\\matplotlib\\mpl-data\\fonts\\ttf\\STIXSizFourSymReg.ttf', name='STIXSizeFourSym', style='normal', variant='normal', weight=400, stretch='normal', size='scalable')) = 10.05
2025-09-26 17:04:38,122 ; matplotlib.font_manager                                      ; DEBUG   ; findfont: score(FontEntry(fname='c:\\Users\\jablonski\\AppData\\Local\\anaconda3\\Lib\\site-packages\\matplotlib\\mpl-data\\fonts\\ttf\\cmb10.ttf', name='cmb10', style='normal', variant='normal', weight=400, stretch='normal', size='scalable')) = 10.05
2025-09-26 17:04:38,122 ; matplotlib.font_manager                                      ; DEBUG   ; findfont: score(FontEntry(fname='c:\\Users\\jablonski\\AppData\\Local\\anaconda3\\Lib\\site-packages\\matplotlib\\mpl-data\\fonts\\ttf\\STIXGeneralBol.ttf', name='STIXGeneral', style='normal', variant='normal', weight=700, stretch='normal', size='scalable')) = 10.335
2025-09-26 17:04:38,122 ; matplotlib.font_manager                                      ; DEBUG   ; findfont: score(FontEntry(fname='c:\\Users\\jablonski\\AppData\\Local\\anaconda3\\Lib\\site-packages\\matplotlib\\mpl-data\\fonts\\ttf\\DejaVuSans-BoldOblique.ttf', name='DejaVu Sans', style='oblique', variant='normal', weight=700, stretch='normal', size='scalable')) = 1.335
2025-09-26 17:04:38,122 ; matplotlib.font_manager                                      ; DEBUG   ; findfont: score(FontEntry(fname='c:\\Users\\jablonski\\AppData\\Local\\anaconda3\\Lib\\site-packages\\matplotlib\\mpl-data\\fonts\\ttf\\DejaVuSerif-Bold.ttf', name='DejaVu Serif', style='normal', variant='normal', weight=700, stretch='normal', size='scalable')) = 10.335
2025-09-26 17:04:38,122 ; matplotlib.font_manager                                      ; DEBUG   ; findfont: score(FontEntry(fname='c:\\Users\\jablonski\\AppData\\Local\\anaconda3\\Lib\\site-packages\\matplotlib\\mpl-data\\fonts\\ttf\\DejaVuSerif-Italic.ttf', name='DejaVu Serif', style='italic', variant='normal', weight=400, stretch='normal', size='scalable')) = 11.05
2025-09-26 17:04:38,123 ; matplotlib.font_manager                                      ; DEBUG   ; findfont: score(FontEntry(fname='c:\\Users\\jablonski\\AppData\\Local\\anaconda3\\Lib\\site-packages\\matplotlib\\mpl-data\\fonts\\ttf\\cmss10.ttf', name='cmss10', style='normal', variant='normal', weight=400, stretch='normal', size='scalable')) = 10.05
2025-09-26 17:04:38,123 ; matplotlib.font_manager                                      ; DEBUG   ; findfont: score(FontEntry(fname='c:\\Users\\jablonski\\AppData\\Local\\anaconda3\\Lib\\site-packages\\matplotlib\\mpl-data\\fonts\\ttf\\DejaVuSans.ttf', name='DejaVu Sans', style='normal', variant='normal', weight=400, stretch='normal', size='scalable')) = 0.05
2025-09-26 17:04:38,123 ; matplotlib.font_manager                                      ; DEBUG   ; findfont: score(FontEntry(fname='c:\\Users\\jablonski\\AppData\\Local\\anaconda3\\Lib\\site-packages\\matplotlib\\mpl-data\\fonts\\ttf\\STIXGeneral.ttf', name='STIXGeneral', style='normal', variant='normal', weight=400, stretch='normal', size='scalable')) = 10.05
2025-09-26 17:04:38,123 ; matplotlib.font_manager                                      ; DEBUG   ; findfont: score(FontEntry(fname='c:\\Users\\jablonski\\AppData\\Local\\anaconda3\\Lib\\site-packages\\matplotlib\\mpl-data\\fonts\\ttf\\STIXSizThreeSymBol.ttf', name='STIXSizeThreeSym', style='normal', variant='normal', weight=700, stretch='normal', size='scalable')) = 10.335
2025-09-26 17:04:38,123 ; matplotlib.font_manager                                      ; DEBUG   ; findfont: score(FontEntry(fname='c:\\Users\\jablonski\\AppData\\Local\\anaconda3\\Lib\\site-packages\\matplotlib\\mpl-data\\fonts\\ttf\\cmtt10.ttf', name='cmtt10', style='normal', variant='normal', weight=400, stretch='normal', size='scalable')) = 10.05
2025-09-26 17:04:38,123 ; matplotlib.font_manager                                      ; DEBUG   ; findfont: score(FontEntry(fname='c:\\Users\\jablonski\\AppData\\Local\\anaconda3\\Lib\\site-packages\\matplotlib\\mpl-data\\fonts\\ttf\\DejaVuSansDisplay.ttf', name='DejaVu Sans Display', style='normal', variant='normal', weight=400, stretch='normal', size='scalable')) = 10.05
2025-09-26 17:04:38,123 ; matplotlib.font_manager                                      ; DEBUG   ; findfont: score(FontEntry(fname='c:\\Users\\jablonski\\AppData\\Local\\anaconda3\\Lib\\site-packages\\matplotlib\\mpl-data\\fonts\\ttf\\STIXGeneralItalic.ttf', name='STIXGeneral', style='italic', variant='normal', weight=400, stretch='normal', size='scalable')) = 11.05
2025-09-26 17:04:38,125 ; matplotlib.font_manager                                      ; DEBUG   ; findfont: score(FontEntry(fname='c:\\Users\\jablonski\\AppData\\Local\\anaconda3\\Lib\\site-packages\\matplotlib\\mpl-data\\fonts\\ttf\\STIXSizOneSymReg.ttf', name='STIXSizeOneSym', style='normal', variant='normal', weight=400, stretch='normal', size='scalable')) = 10.05
2025-09-26 17:04:38,126 ; matplotlib.font_manager                                      ; DEBUG   ; findfont: score(FontEntry(fname='c:\\Users\\jablonski\\AppData\\Local\\anaconda3\\Lib\\site-packages\\matplotlib\\mpl-data\\fonts\\ttf\\STIXNonUni.ttf', name='STIXNonUnicode', style='normal', variant='normal', weight=400, stretch='normal', size='scalable')) = 10.05
2025-09-26 17:04:38,126 ; matplotlib.font_manager                                      ; DEBUG   ; findfont: score(FontEntry(fname='c:\\Users\\jablonski\\AppData\\Local\\anaconda3\\Lib\\site-packages\\matplotlib\\mpl-data\\fonts\\ttf\\DejaVuSansMono-BoldOblique.ttf', name='DejaVu Sans Mono', style='oblique', variant='normal', weight=700, stretch='normal', size='scalable')) = 11.335
2025-09-26 17:04:38,126 ; matplotlib.font_manager                                      ; DEBUG   ; findfont: score(FontEntry(fname='c:\\Users\\jablonski\\AppData\\Local\\anaconda3\\Lib\\site-packages\\matplotlib\\mpl-data\\fonts\\ttf\\DejaVuSerifDisplay.ttf', name='DejaVu Serif Display', style='normal', variant='normal', weight=400, stretch='normal', size='scalable')) = 10.05
2025-09-26 17:04:38,127 ; matplotlib.font_manager                                      ; DEBUG   ; findfont: score(FontEntry(fname='C:\\Windows\\Fonts\\SCHLBKB.TTF', name='Century Schoolbook', style='normal', variant='normal', weight=700, stretch='normal', size='scalable')) = 10.335
2025-09-26 17:04:38,127 ; matplotlib.font_manager                                      ; DEBUG   ; findfont: score(FontEntry(fname='C:\\Windows\\Fonts\\segmdl2.ttf', name='Segoe MDL2 Assets', style='normal', variant='normal', weight=400, stretch='normal', size='scalable')) = 10.05
2025-09-26 17:04:38,127 ; matplotlib.font_manager                                      ; DEBUG   ; findfont: score(FontEntry(fname='C:\\Windows\\Fonts\\timesbd.ttf', name='Times New Roman', style='normal', variant='normal', weight=700, stretch='normal', size='scalable')) = 10.335
2025-09-26 17:04:38,128 ; matplotlib.font_manager                                      ; DEBUG   ; findfont: score(FontEntry(fname='C:\\Windows\\Fonts\\dutchbi.ttf', name='Dutch801 Rm BT', style='italic', variant='normal', weight=700, stretch='normal', size='scalable')) = 11.335
2025-09-26 17:04:38,128 ; matplotlib.font_manager                                      ; DEBUG   ; findfont: score(FontEntry(fname='C:\\Windows\\Fonts\\FRSCRIPT.TTF', name='French Script MT', style='normal', variant='normal', weight=400, stretch='normal', size='scalable')) = 10.05
2025-09-26 17:04:38,129 ; matplotlib.font_manager                                      ; DEBUG   ; findfont: score(FontEntry(fname='C:\\Windows\\Fonts\\CALIFR.TTF', name='Californian FB', style='normal', variant='normal', weight=400, stretch='normal', size='scalable')) = 10.05
2025-09-26 17:04:38,129 ; matplotlib.font_manager                                      ; DEBUG   ; findfont: score(FontEntry(fname='C:\\Windows\\Fonts\\swisscki.ttf', name='Swis721 BlkCn BT', style='italic', variant='normal', weight=400, stretch='condensed', size='scalable')) = 11.25
2025-09-26 17:04:38,129 ; matplotlib.font_manager                                      ; DEBUG   ; findfont: score(FontEntry(fname='C:\\Windows\\Fonts\\AMGDT___.ttf', name='AMGDT', style='normal', variant='normal', weight=400, stretch='normal', size='scalable')) = 10.05
2025-09-26 17:04:38,130 ; matplotlib.font_manager                                      ; DEBUG   ; findfont: score(FontEntry(fname='C:\\Windows\\Fonts\\LeelawUI.ttf', name='Leelawadee UI', style='normal', variant='normal', weight=400, stretch='normal', size='scalable')) = 10.05
2025-09-26 17:04:38,130 ; matplotlib.font_manager                                      ; DEBUG   ; findfont: score(FontEntry(fname='C:\\Windows\\Fonts\\BROADW.TTF', name='Broadway', style='normal', variant='normal', weight=400, stretch='normal', size='scalable')) = 10.05
2025-09-26 17:04:38,130 ; matplotlib.font_manager                                      ; DEBUG   ; findfont: score(FontEntry(fname='C:\\Windows\\Fonts\\ARLRDBD.TTF', name='Arial Rounded MT Bold', style='normal', variant='normal', weight=400, stretch='normal', size='scalable')) = 10.05
2025-09-26 17:04:38,131 ; matplotlib.font_manager                                      ; DEBUG   ; findfont: score(FontEntry(fname='C:\\Windows\\Fonts\\segoeuib.ttf', name='Segoe UI', style='normal', variant='normal', weight=700, stretch='normal', size='scalable')) = 10.335
2025-09-26 17:04:38,131 ; matplotlib.font_manager                                      ; DEBUG   ; findfont: score(FontEntry(fname='C:\\Windows\\Fonts\\Candaraz.ttf', name='Candara', style='italic', variant='normal', weight=700, stretch='normal', size='scalable')) = 11.335
2025-09-26 17:04:38,131 ; matplotlib.font_manager                                      ; DEBUG   ; findfont: score(FontEntry(fname='C:\\Windows\\Fonts\\ENGR.TTF', name='Engravers MT', style='normal', variant='normal', weight=500, stretch='normal', size='scalable')) = 10.145
2025-09-26 17:04:38,132 ; matplotlib.font_manager                                      ; DEBUG   ; findfont: score(FontEntry(fname='C:\\Windows\\Fonts\\techl___.ttf', name='TechnicLite', style='normal', variant='normal', weight=400, stretch='normal', size='scalable')) = 10.05
2025-09-26 17:04:38,132 ; matplotlib.font_manager                                      ; DEBUG   ; findfont: score(FontEntry(fname='C:\\Windows\\Fonts\\GIGI.TTF', name='Gigi', style='normal', variant='normal', weight=400, stretch='normal', size='scalable')) = 10.05
2025-09-26 17:04:38,132 ; matplotlib.font_manager                                      ; DEBUG   ; findfont: score(FontEntry(fname='C:\\Windows\\Fonts\\OUTLOOK.TTF', name='MS Outlook', style='normal', variant='normal', weight=400, stretch='normal', size='scalable')) = 10.05
2025-09-26 17:04:38,133 ; matplotlib.font_manager                                      ; DEBUG   ; findfont: score(FontEntry(fname='C:\\Windows\\Fonts\\Artifakt Element Black Italic.ttf', name='Artifakt Element', style='italic', variant='normal', weight=800, stretch='normal', size='scalable')) = 11.43
2025-09-26 17:04:38,133 ; matplotlib.font_manager                                      ; DEBUG   ; findfont: score(FontEntry(fname='C:\\Windows\\Fonts\\consola.ttf', name='Consolas', style='normal', variant='normal', weight=400, stretch='normal', size='scalable')) = 10.05
2025-09-26 17:04:38,133 ; matplotlib.font_manager                                      ; DEBUG   ; findfont: score(FontEntry(fname='C:\\Windows\\Fonts\\YuGothM.ttc', name='Yu Gothic', style='normal', variant='normal', weight=500, stretch='normal', size='scalable')) = 10.145
2025-09-26 17:04:38,134 ; matplotlib.font_manager                                      ; DEBUG   ; findfont: score(FontEntry(fname='C:\\Windows\\Fonts\\umath.ttf', name='UniversalMath1 BT', style='normal', variant='normal', weight=400, stretch='normal', size='scalable')) = 10.05
2025-09-26 17:04:38,134 ; matplotlib.font_manager                                      ; DEBUG   ; findfont: score(FontEntry(fname='C:\\Windows\\Fonts\\GILI____.TTF', name='Gill Sans MT', style='italic', variant='normal', weight=400, stretch='normal', size='scalable')) = 11.05
2025-09-26 17:04:38,135 ; matplotlib.font_manager                                      ; DEBUG   ; findfont: score(FontEntry(fname='C:\\Windows\\Fonts\\LTYPE.TTF', name='Lucida Sans Typewriter', style='normal', variant='normal', weight=400, stretch='normal', size='scalable')) = 10.05
2025-09-26 17:04:38,135 ; matplotlib.font_manager                                      ; DEBUG   ; findfont: score(FontEntry(fname='C:\\Windows\\Fonts\\SegUIVar.ttf', name='Segoe UI Variable', style='normal', variant='normal', weight=400, stretch='normal', size='scalable')) = 10.05
2025-09-26 17:04:38,136 ; matplotlib.font_manager                                      ; DEBUG   ; findfont: score(FontEntry(fname='C:\\Windows\\Fonts\\CALIFI.TTF', name='Californian FB', style='italic', variant='normal', weight=400, stretch='normal', size='scalable')) = 11.05
2025-09-26 17:04:38,136 ; matplotlib.font_manager                                      ; DEBUG   ; findfont: score(FontEntry(fname='C:\\Windows\\Fonts\\cambriaz.ttf', name='Cambria', style='italic', variant='normal', weight=700, stretch='normal', size='scalable')) = 11.335
2025-09-26 17:04:38,136 ; matplotlib.font_manager                                      ; DEBUG   ; findfont: score(FontEntry(fname='C:\\Windows\\Fonts\\Artifakt Element Heavy Italic.ttf', name='Artifakt Element', style='italic', variant='normal', weight=900, stretch='normal', size='scalable')) = 11.525
2025-09-26 17:04:38,137 ; matplotlib.font_manager                                      ; DEBUG   ; findfont: score(FontEntry(fname='C:\\Windows\\Fonts\\SitkaVF.ttf', name='Sitka', style='normal', variant='normal', weight=400, stretch='normal', size='scalable')) = 10.05
2025-09-26 17:04:38,137 ; matplotlib.font_manager                                      ; DEBUG   ; findfont: score(FontEntry(fname='C:\\Windows\\Fonts\\LEELAWDB.TTF', name='Leelawadee', style='normal', variant='normal', weight=700, stretch='normal', size='scalable')) = 10.335
2025-09-26 17:04:38,137 ; matplotlib.font_manager                                      ; DEBUG   ; findfont: score(FontEntry(fname='C:\\Windows\\Fonts\\COOPBL.TTF', name='Cooper Black', style='normal', variant='normal', weight=400, stretch='normal', size='scalable')) = 10.05
2025-09-26 17:04:38,138 ; matplotlib.font_manager                                      ; DEBUG   ; findfont: score(FontEntry(fname='C:\\Windows\\Fonts\\Artifakt Element Medium Italic.ttf', name='Artifakt Element', style='italic', variant='normal', weight=600, stretch='normal', size='scalable')) = 11.24
2025-09-26 17:04:38,138 ; matplotlib.font_manager                                      ; DEBUG   ; findfont: score(FontEntry(fname='C:\\Windows\\Fonts\\segoescb.ttf', name='Segoe Script', style='normal', variant='normal', weight=700, stretch='normal', size='scalable')) = 10.335
2025-09-26 17:04:38,138 ; matplotlib.font_manager                                      ; DEBUG   ; findfont: score(FontEntry(fname='C:\\Windows\\Fonts\\romand__.ttf', name='RomanD', style='normal', variant='normal', weight=400, stretch='normal', size='scalable')) = 10.05
2025-09-26 17:04:38,138 ; matplotlib.font_manager                                      ; DEBUG   ; findfont: score(FontEntry(fname='C:\\Windows\\Fonts\\monbaiti.ttf', name='Mongolian Baiti', style='normal', variant='normal', weight=400, stretch='normal', size='scalable')) = 10.05
2025-09-26 17:04:38,139 ; matplotlib.font_manager                                      ; DEBUG   ; findfont: score(FontEntry(fname='C:\\Windows\\Fonts\\MSUIGHUB.TTF', name='Microsoft Uighur', style='normal', variant='normal', weight=700, stretch='normal', size='scalable')) = 10.335
2025-09-26 17:04:38,139 ; matplotlib.font_manager                                      ; DEBUG   ; findfont: score(FontEntry(fname='C:\\Windows\\Fonts\\msjh.ttc', name='Microsoft JhengHei', style='normal', variant='normal', weight=400, stretch='normal', size='scalable')) = 10.05
2025-09-26 17:04:38,140 ; matplotlib.font_manager                                      ; DEBUG   ; findfont: score(FontEntry(fname='C:\\Windows\\Fonts\\eurro___.ttf', name='EuroRoman', style='oblique', variant='normal', weight=400, stretch='normal', size='scalable')) = 11.05
2025-09-26 17:04:38,140 ; matplotlib.font_manager                                      ; DEBUG   ; findfont: score(FontEntry(fname='C:\\Windows\\Fonts\\isoct2__.ttf', name='ISOCT2', style='normal', variant='normal', weight=400, stretch='normal', size='scalable')) = 10.05
2025-09-26 17:04:38,140 ; matplotlib.font_manager                                      ; DEBUG   ; findfont: score(FontEntry(fname='C:\\Windows\\Fonts\\gothici_.ttf', name='GothicI', style='normal', variant='normal', weight=400, stretch='normal', size='scalable')) = 10.05
2025-09-26 17:04:38,140 ; matplotlib.font_manager                                      ; DEBUG   ; findfont: score(FontEntry(fname='C:\\Windows\\Fonts\\BOOKOS.TTF', name='Bookman Old Style', style='normal', variant='normal', weight=300, stretch='normal', size='scalable')) = 10.145
2025-09-26 17:04:38,140 ; matplotlib.font_manager                                      ; DEBUG   ; findfont: score(FontEntry(fname='C:\\Windows\\Fonts\\phagspa.ttf', name='Microsoft PhagsPa', style='normal', variant='normal', weight=400, stretch='normal', size='scalable')) = 10.05
2025-09-26 17:04:38,142 ; matplotlib.font_manager                                      ; DEBUG   ; findfont: score(FontEntry(fname='C:\\Windows\\Fonts\\bgothl.ttf', name='BankGothic Lt BT', style='normal', variant='normal', weight=400, stretch='normal', size='scalable')) = 10.05
2025-09-26 17:04:38,142 ; matplotlib.font_manager                                      ; DEBUG   ; findfont: score(FontEntry(fname='C:\\Windows\\Fonts\\INFROMAN.TTF', name='Informal Roman', style='normal', variant='normal', weight=400, stretch='normal', size='scalable')) = 10.05
2025-09-26 17:04:38,143 ; matplotlib.font_manager                                      ; DEBUG   ; findfont: score(FontEntry(fname='C:\\Windows\\Fonts\\LTYPEB.TTF', name='Lucida Sans Typewriter', style='normal', variant='normal', weight=600, stretch='normal', size='scalable')) = 10.24
2025-09-26 17:04:38,143 ; matplotlib.font_manager                                      ; DEBUG   ; findfont: score(FontEntry(fname='C:\\Windows\\Fonts\\LFAX.TTF', name='Lucida Fax', style='normal', variant='normal', weight=400, stretch='normal', size='scalable')) = 10.05
2025-09-26 17:04:38,143 ; matplotlib.font_manager                                      ; DEBUG   ; findfont: score(FontEntry(fname='C:\\Windows\\Fonts\\msyh.ttc', name='Microsoft YaHei', style='normal', variant='normal', weight=400, stretch='normal', size='scalable')) = 10.05
2025-09-26 17:04:38,143 ; matplotlib.font_manager                                      ; DEBUG   ; findfont: score(FontEntry(fname='C:\\Windows\\Fonts\\COLONNA.TTF', name='Colonna MT', style='normal', variant='normal', weight=400, stretch='normal', size='scalable')) = 10.05
2025-09-26 17:04:38,143 ; matplotlib.font_manager                                      ; DEBUG   ; findfont: score(FontEntry(fname='C:\\Windows\\Fonts\\BRUSHSCI.TTF', name='Brush Script MT', style='italic', variant='normal', weight=400, stretch='normal', size='scalable')) = 11.05
2025-09-26 17:04:38,145 ; matplotlib.font_manager                                      ; DEBUG   ; findfont: score(FontEntry(fname='C:\\Windows\\Fonts\\swissck.ttf', name='Swis721 BlkCn BT', style='normal', variant='normal', weight=400, stretch='condensed', size='scalable')) = 10.25
2025-09-26 17:04:38,145 ; matplotlib.font_manager                                      ; DEBUG   ; findfont: score(FontEntry(fname='C:\\Windows\\Fonts\\italict_.ttf', name='ItalicT', style='italic', variant='normal', weight=400, stretch='normal', size='scalable')) = 11.05
2025-09-26 17:04:38,145 ; matplotlib.font_manager                                      ; DEBUG   ; findfont: score(FontEntry(fname='C:\\Windows\\Fonts\\CHILLER.TTF', name='Chiller', style='normal', variant='normal', weight=400, stretch='normal', size='scalable')) = 10.05
2025-09-26 17:04:38,145 ; matplotlib.font_manager                                      ; DEBUG   ; findfont: score(FontEntry(fname='C:\\Windows\\Fonts\\Artifakt Element Medium.ttf', name='Artifakt Element', style='normal', variant='normal', weight=600, stretch='normal', size='scalable')) = 10.24
2025-09-26 17:04:38,146 ; matplotlib.font_manager                                      ; DEBUG   ; findfont: score(FontEntry(fname='C:\\Windows\\Fonts\\corbeli.ttf', name='Corbel', style='italic', variant='normal', weight=400, stretch='normal', size='scalable')) = 11.05
2025-09-26 17:04:38,146 ; matplotlib.font_manager                                      ; DEBUG   ; findfont: score(FontEntry(fname='C:\\Windows\\Fonts\\FRAMDCN.TTF', name='Franklin Gothic Medium Cond', style='normal', variant='normal', weight=400, stretch='condensed', size='scalable')) = 10.25
2025-09-26 17:04:38,146 ; matplotlib.font_manager                                      ; DEBUG   ; findfont: score(FontEntry(fname='C:\\Windows\\Fonts\\javatext.ttf', name='Javanese Text', style='normal', variant='normal', weight=400, stretch='normal', size='scalable')) = 10.05
2025-09-26 17:04:38,147 ; matplotlib.font_manager                                      ; DEBUG   ; findfont: score(FontEntry(fname='C:\\Windows\\Fonts\\AMDT_Symbols.ttf', name='AmdtSymbols', style='normal', variant='normal', weight=400, stretch='normal', size='scalable')) = 10.05
2025-09-26 17:04:38,147 ; matplotlib.font_manager                                      ; DEBUG   ; findfont: score(FontEntry(fname='C:\\Windows\\Fonts\\GILBI___.TTF', name='Gill Sans MT', style='italic', variant='normal', weight=700, stretch='normal', size='scalable')) = 11.335
2025-09-26 17:04:38,147 ; matplotlib.font_manager                                      ; DEBUG   ; findfont: score(FontEntry(fname='C:\\Windows\\Fonts\\AcadEref.ttf', name='AcadEref', style='normal', variant='normal', weight=400, stretch='normal', size='scalable')) = 10.05
2025-09-26 17:04:38,148 ; matplotlib.font_manager                                      ; DEBUG   ; findfont: score(FontEntry(fname='C:\\Windows\\Fonts\\seguili.ttf', name='Segoe UI', style='italic', variant='normal', weight=300, stretch='normal', size='scalable')) = 11.145
2025-09-26 17:04:38,148 ; matplotlib.font_manager                                      ; DEBUG   ; findfont: score(FontEntry(fname='C:\\Windows\\Fonts\\Artifakt Element Book.ttf', name='Artifakt Element', style='normal', variant='normal', weight=450, stretch='normal', size='scalable')) = 10.0975
2025-09-26 17:04:38,148 ; matplotlib.font_manager                                      ; DEBUG   ; findfont: score(FontEntry(fname='C:\\Windows\\Fonts\\YuGothL.ttc', name='Yu Gothic', style='normal', variant='normal', weight=300, stretch='normal', size='scalable')) = 10.145
2025-09-26 17:04:38,149 ; matplotlib.font_manager                                      ; DEBUG   ; findfont: score(FontEntry(fname='C:\\Windows\\Fonts\\gdt_____.ttf', name='GDT', style='normal', variant='normal', weight=400, stretch='normal', size='scalable')) = 10.05
2025-09-26 17:04:38,149 ; matplotlib.font_manager                                      ; DEBUG   ; findfont: score(FontEntry(fname='C:\\Windows\\Fonts\\BOD_CR.TTF', name='Bodoni MT', style='normal', variant='normal', weight=400, stretch='condensed', size='scalable')) = 10.25
2025-09-26 17:04:38,149 ; matplotlib.font_manager                                      ; DEBUG   ; findfont: score(FontEntry(fname='C:\\Windows\\Fonts\\MOD20.TTF', name='Modern No. 20', style='normal', variant='normal', weight=400, stretch='normal', size='scalable')) = 10.05
2025-09-26 17:04:38,149 ; matplotlib.font_manager                                      ; DEBUG   ; findfont: score(FontEntry(fname='C:\\Windows\\Fonts\\seguiemj.ttf', name='Segoe UI Emoji', style='normal', variant='normal', weight=400, stretch='normal', size='scalable')) = 10.05
2025-09-26 17:04:38,150 ; matplotlib.font_manager                                      ; DEBUG   ; findfont: score(FontEntry(fname='C:\\Windows\\Fonts\\Candara.ttf', name='Candara', style='normal', variant='normal', weight=400, stretch='normal', size='scalable')) = 10.05
2025-09-26 17:04:38,150 ; matplotlib.font_manager                                      ; DEBUG   ; findfont: score(FontEntry(fname='C:\\Windows\\Fonts\\gothicg_.ttf', name='GothicG', style='normal', variant='normal', weight=400, stretch='normal', size='scalable')) = 10.05
2025-09-26 17:04:38,150 ; matplotlib.font_manager                                      ; DEBUG   ; findfont: score(FontEntry(fname='C:\\Windows\\Fonts\\scriptc_.ttf', name='ScriptC', style='normal', variant='normal', weight=400, stretch='normal', size='scalable')) = 10.05
2025-09-26 17:04:38,151 ; matplotlib.font_manager                                      ; DEBUG   ; findfont: score(FontEntry(fname='C:\\Windows\\Fonts\\BAUHS93.TTF', name='Bauhaus 93', style='normal', variant='normal', weight=400, stretch='normal', size='scalable')) = 10.05
2025-09-26 17:04:38,151 ; matplotlib.font_manager                                      ; DEBUG   ; findfont: score(FontEntry(fname='C:\\Windows\\Fonts\\comsc.ttf', name='CommercialScript BT', style='normal', variant='normal', weight=400, stretch='normal', size='scalable')) = 10.05
2025-09-26 17:04:38,151 ; matplotlib.font_manager                                      ; DEBUG   ; findfont: score(FontEntry(fname='C:\\Windows\\Fonts\\PLAYBILL.TTF', name='Playbill', style='normal', variant='normal', weight=400, stretch='normal', size='scalable')) = 10.05
2025-09-26 17:04:38,151 ; matplotlib.font_manager                                      ; DEBUG   ; findfont: score(FontEntry(fname='C:\\Windows\\Fonts\\gadugi.ttf', name='Gadugi', style='normal', variant='normal', weight=400, stretch='normal', size='scalable')) = 10.05
2025-09-26 17:04:38,152 ; matplotlib.font_manager                                      ; DEBUG   ; findfont: score(FontEntry(fname='C:\\Windows\\Fonts\\sanss___.ttf', name='SansSerif', style='normal', variant='normal', weight=400, stretch='normal', size='scalable')) = 10.05
2025-09-26 17:04:38,152 ; matplotlib.font_manager                                      ; DEBUG   ; findfont: score(FontEntry(fname='C:\\Windows\\Fonts\\mtproxy9.ttf', name='Proxy 9', style='normal', variant='normal', weight=400, stretch='normal', size='scalable')) = 10.05
2025-09-26 17:04:38,152 ; matplotlib.font_manager                                      ; DEBUG   ; findfont: score(FontEntry(fname='C:\\Windows\\Fonts\\phagspab.ttf', name='Microsoft PhagsPa', style='normal', variant='normal', weight=700, stretch='normal', size='scalable')) = 10.335
2025-09-26 17:04:38,152 ; matplotlib.font_manager                                      ; DEBUG   ; findfont: score(FontEntry(fname='C:\\Windows\\Fonts\\TEMPSITC.TTF', name='Tempus Sans ITC', style='normal', variant='normal', weight=400, stretch='normal', size='scalable')) = 10.05
2025-09-26 17:04:38,153 ; matplotlib.font_manager                                      ; DEBUG   ; findfont: score(FontEntry(fname='C:\\Windows\\Fonts\\corbelz.ttf', name='Corbel', style='italic', variant='normal', weight=700, stretch='normal', size='scalable')) = 11.335
2025-09-26 17:04:38,153 ; matplotlib.font_manager                                      ; DEBUG   ; findfont: score(FontEntry(fname='C:\\Windows\\Fonts\\HATTEN.TTF', name='Haettenschweiler', style='normal', variant='normal', weight=400, stretch='normal', size='scalable')) = 10.05
2025-09-26 17:04:38,153 ; matplotlib.font_manager                                      ; DEBUG   ; findfont: score(FontEntry(fname='C:\\Windows\\Fonts\\ELEPHNTI.TTF', name='Elephant', style='italic', variant='normal', weight=400, stretch='normal', size='scalable')) = 11.05
2025-09-26 17:04:38,153 ; matplotlib.font_manager                                      ; DEBUG   ; findfont: score(FontEntry(fname='C:\\Windows\\Fonts\\ERASBD.TTF', name='Eras Bold ITC', style='normal', variant='normal', weight=400, stretch='normal', size='scalable')) = 10.05
2025-09-26 17:04:38,155 ; matplotlib.font_manager                                      ; DEBUG   ; findfont: score(FontEntry(fname='C:\\Windows\\Fonts\\TCCEB.TTF', name='Tw Cen MT Condensed Extra Bold', style='normal', variant='normal', weight=400, stretch='condensed', size='scalable')) = 10.25
2025-09-26 17:04:38,155 ; matplotlib.font_manager                                      ; DEBUG   ; findfont: score(FontEntry(fname='C:\\Windows\\Fonts\\isocpeui.ttf', name='ISOCPEUR', style='italic', variant='normal', weight=400, stretch='normal', size='scalable')) = 11.05
2025-09-26 17:04:38,155 ; matplotlib.font_manager                                      ; DEBUG   ; findfont: score(FontEntry(fname='C:\\Windows\\Fonts\\NIAGENG.TTF', name='Niagara Engraved', style='normal', variant='normal', weight=400, stretch='normal', size='scalable')) = 10.05
2025-09-26 17:04:38,156 ; matplotlib.font_manager                                      ; DEBUG   ; findfont: score(FontEntry(fname='C:\\Windows\\Fonts\\WINGDNG2.TTF', name='Wingdings 2', style='normal', variant='normal', weight=400, stretch='normal', size='scalable')) = 10.05
2025-09-26 17:04:38,156 ; matplotlib.font_manager                                      ; DEBUG   ; findfont: score(FontEntry(fname='C:\\Windows\\Fonts\\monosb.ttf', name='Monospac821 BT', style='normal', variant='normal', weight=700, stretch='normal', size='scalable')) = 10.335
2025-09-26 17:04:38,156 ; matplotlib.font_manager                                      ; DEBUG   ; findfont: score(FontEntry(fname='C:\\Windows\\Fonts\\LSANSI.TTF', name='Lucida Sans', style='italic', variant='normal', weight=400, stretch='normal', size='scalable')) = 11.05
2025-09-26 17:04:38,156 ; matplotlib.font_manager                                      ; DEBUG   ; findfont: score(FontEntry(fname='C:\\Windows\\Fonts\\swissi.ttf', name='Swis721 BT', style='italic', variant='normal', weight=400, stretch='normal', size='scalable')) = 11.05
2025-09-26 17:04:38,157 ; matplotlib.font_manager                                      ; DEBUG   ; findfont: score(FontEntry(fname='C:\\Windows\\Fonts\\Candarai.ttf', name='Candara', style='italic', variant='normal', weight=400, stretch='normal', size='scalable')) = 11.05
2025-09-26 17:04:38,157 ; matplotlib.font_manager                                      ; DEBUG   ; findfont: score(FontEntry(fname='C:\\Windows\\Fonts\\ROCKI.TTF', name='Rockwell', style='italic', variant='normal', weight=400, stretch='normal', size='scalable')) = 11.05
2025-09-26 17:04:38,158 ; matplotlib.font_manager                                      ; DEBUG   ; findfont: score(FontEntry(fname='C:\\Windows\\Fonts\\CASTELAR.TTF', name='Castellar', style='normal', variant='normal', weight=400, stretch='normal', size='scalable')) = 10.05
2025-09-26 17:04:38,158 ; matplotlib.font_manager                                      ; DEBUG   ; findfont: score(FontEntry(fname='C:\\Windows\\Fonts\\WINGDNG3.TTF', name='Wingdings 3', style='normal', variant='normal', weight=400, stretch='normal', size='scalable')) = 10.05
2025-09-26 17:04:38,160 ; matplotlib.font_manager                                      ; DEBUG   ; findfont: score(FontEntry(fname='C:\\Windows\\Fonts\\GILB____.TTF', name='Gill Sans MT', style='normal', variant='normal', weight=700, stretch='normal', size='scalable')) = 10.335
2025-09-26 17:04:38,160 ; matplotlib.font_manager                                      ; DEBUG   ; findfont: score(FontEntry(fname='C:\\Windows\\Fonts\\arialbd.ttf', name='Arial', style='normal', variant='normal', weight=700, stretch='normal', size='scalable')) = 6.698636363636363
2025-09-26 17:04:38,161 ; matplotlib.font_manager                                      ; DEBUG   ; findfont: score(FontEntry(fname='C:\\Windows\\Fonts\\isocp___.ttf', name='ISOCP', style='normal', variant='normal', weight=400, stretch='normal', size='scalable')) = 10.05
2025-09-26 17:04:38,162 ; matplotlib.font_manager                                      ; DEBUG   ; findfont: score(FontEntry(fname='C:\\Windows\\Fonts\\ERASDEMI.TTF', name='Eras Demi ITC', style='normal', variant='normal', weight=400, stretch='normal', size='scalable')) = 10.05
2025-09-26 17:04:38,162 ; matplotlib.font_manager                                      ; DEBUG   ; findfont: score(FontEntry(fname='C:\\Windows\\Fonts\\LeelUIsl.ttf', name='Leelawadee UI', style='normal', variant='normal', weight=350, stretch='normal', size='scalable')) = 10.0975
2025-09-26 17:04:38,163 ; matplotlib.font_manager                                      ; DEBUG   ; findfont: score(FontEntry(fname='C:\\Windows\\Fonts\\Gabriola.ttf', name='Gabriola', style='normal', variant='normal', weight=400, stretch='normal', size='scalable')) = 10.05
2025-09-26 17:04:38,163 ; matplotlib.font_manager                                      ; DEBUG   ; findfont: score(FontEntry(fname='C:\\Windows\\Fonts\\mtproxy7.ttf', name='Proxy 7', style='normal', variant='normal', weight=400, stretch='normal', size='scalable')) = 10.05
2025-09-26 17:04:38,164 ; matplotlib.font_manager                                      ; DEBUG   ; findfont: score(FontEntry(fname='C:\\Windows\\Fonts\\ANTQUAI.TTF', name='Book Antiqua', style='italic', variant='normal', weight=400, stretch='normal', size='scalable')) = 11.05
2025-09-26 17:04:38,164 ; matplotlib.font_manager                                      ; DEBUG   ; findfont: score(FontEntry(fname='C:\\Windows\\Fonts\\comicz.ttf', name='Comic Sans MS', style='italic', variant='normal', weight=700, stretch='normal', size='scalable')) = 11.335
2025-09-26 17:04:38,164 ; matplotlib.font_manager                                      ; DEBUG   ; findfont: score(FontEntry(fname='C:\\Windows\\Fonts\\CALISTBI.TTF', name='Calisto MT', style='italic', variant='normal', weight=700, stretch='normal', size='scalable')) = 11.335
2025-09-26 17:04:38,165 ; matplotlib.font_manager                                      ; DEBUG   ; findfont: score(FontEntry(fname='C:\\Windows\\Fonts\\dutchb.ttf', name='Dutch801 Rm BT', style='normal', variant='normal', weight=700, stretch='normal', size='scalable')) = 10.335
2025-09-26 17:04:38,165 ; matplotlib.font_manager                                      ; DEBUG   ; findfont: score(FontEntry(fname='C:\\Windows\\Fonts\\comici.ttf', name='Comic Sans MS', style='italic', variant='normal', weight=400, stretch='normal', size='scalable')) = 11.05
2025-09-26 17:04:38,165 ; matplotlib.font_manager                                      ; DEBUG   ; findfont: score(FontEntry(fname='C:\\Windows\\Fonts\\CENSCBK.TTF', name='Century Schoolbook', style='normal', variant='normal', weight=400, stretch='normal', size='scalable')) = 10.05
2025-09-26 17:04:38,166 ; matplotlib.font_manager                                      ; DEBUG   ; findfont: score(FontEntry(fname='C:\\Windows\\Fonts\\ebrima.ttf', name='Ebrima', style='normal', variant='normal', weight=400, stretch='normal', size='scalable')) = 10.05
2025-09-26 17:04:38,166 ; matplotlib.font_manager                                      ; DEBUG   ; findfont: score(FontEntry(fname='C:\\Windows\\Fonts\\BSSYM7.TTF', name='Bookshelf Symbol 7', style='normal', variant='normal', weight=400, stretch='normal', size='scalable')) = 10.05
2025-09-26 17:04:38,166 ; matplotlib.font_manager                                      ; DEBUG   ; findfont: score(FontEntry(fname='C:\\Windows\\Fonts\\PERTIBD.TTF', name='Perpetua Titling MT', style='normal', variant='normal', weight=700, stretch='normal', size='scalable')) = 10.335
2025-09-26 17:04:38,167 ; matplotlib.font_manager                                      ; DEBUG   ; findfont: score(FontEntry(fname='C:\\Windows\\Fonts\\RAVIE.TTF', name='Ravie', style='normal', variant='normal', weight=400, stretch='normal', size='scalable')) = 10.05
2025-09-26 17:04:38,167 ; matplotlib.font_manager                                      ; DEBUG   ; findfont: score(FontEntry(fname='C:\\Windows\\Fonts\\vinet.ttf', name='Vineta BT', style='normal', variant='normal', weight=400, stretch='normal', size='scalable')) = 10.05
2025-09-26 17:04:38,167 ; matplotlib.font_manager                                      ; DEBUG   ; findfont: score(FontEntry(fname='C:\\Windows\\Fonts\\palab.ttf', name='Palatino Linotype', style='normal', variant='normal', weight=700, stretch='normal', size='scalable')) = 10.335
2025-09-26 17:04:38,167 ; matplotlib.font_manager                                      ; DEBUG   ; findfont: score(FontEntry(fname='C:\\Windows\\Fonts\\GILC____.TTF', name='Gill Sans MT Condensed', style='normal', variant='normal', weight=400, stretch='condensed', size='scalable')) = 10.25
2025-09-26 17:04:38,168 ; matplotlib.font_manager                                      ; DEBUG   ; findfont: score(FontEntry(fname='C:\\Windows\\Fonts\\OLDENGL.TTF', name='Old English Text MT', style='normal', variant='normal', weight=400, stretch='normal', size='scalable')) = 10.05
2025-09-26 17:04:38,169 ; matplotlib.font_manager                                      ; DEBUG   ; findfont: score(FontEntry(fname='C:\\Windows\\Fonts\\swissb.ttf', name='Swis721 BT', style='normal', variant='normal', weight=700, stretch='normal', size='scalable')) = 10.335
2025-09-26 17:04:38,169 ; matplotlib.font_manager                                      ; DEBUG   ; findfont: score(FontEntry(fname='C:\\Windows\\Fonts\\SHOWG.TTF', name='Showcard Gothic', style='normal', variant='normal', weight=400, stretch='normal', size='scalable')) = 10.05
2025-09-26 17:04:38,169 ; matplotlib.font_manager                                      ; DEBUG   ; findfont: score(FontEntry(fname='C:\\Windows\\Fonts\\txt_____.ttf', name='Txt', style='normal', variant='normal', weight=400, stretch='normal', size='scalable')) = 10.05
2025-09-26 17:04:38,169 ; matplotlib.font_manager                                      ; DEBUG   ; findfont: score(FontEntry(fname='C:\\Windows\\Fonts\\himalaya.ttf', name='Microsoft Himalaya', style='normal', variant='normal', weight=400, stretch='normal', size='scalable')) = 10.05
2025-09-26 17:04:38,169 ; matplotlib.font_manager                                      ; DEBUG   ; findfont: score(FontEntry(fname='C:\\Windows\\Fonts\\technic_.ttf', name='Technic', style='normal', variant='normal', weight=400, stretch='normal', size='scalable')) = 10.05
2025-09-26 17:04:38,170 ; matplotlib.font_manager                                      ; DEBUG   ; findfont: score(FontEntry(fname='C:\\Windows\\Fonts\\ROCKEB.TTF', name='Rockwell Extra Bold', style='normal', variant='normal', weight=800, stretch='normal', size='scalable')) = 10.43
2025-09-26 17:04:38,171 ; matplotlib.font_manager                                      ; DEBUG   ; findfont: score(FontEntry(fname='C:\\Windows\\Fonts\\LFAXDI.TTF', name='Lucida Fax', style='italic', variant='normal', weight=600, stretch='normal', size='scalable')) = 11.24
2025-09-26 17:04:38,171 ; matplotlib.font_manager                                      ; DEBUG   ; findfont: score(FontEntry(fname='C:\\Windows\\Fonts\\segoeui.ttf', name='Segoe UI', style='normal', variant='normal', weight=400, stretch='normal', size='scalable')) = 10.05
2025-09-26 17:04:38,171 ; matplotlib.font_manager                                      ; DEBUG   ; findfont: score(FontEntry(fname='C:\\Windows\\Fonts\\TCCM____.TTF', name='Tw Cen MT Condensed', style='normal', variant='normal', weight=400, stretch='condensed', size='scalable')) = 10.25
2025-09-26 17:04:38,172 ; matplotlib.font_manager                                      ; DEBUG   ; findfont: score(FontEntry(fname='C:\\Windows\\Fonts\\DUBAI-MEDIUM.TTF', name='Dubai', style='normal', variant='normal', weight=500, stretch='normal', size='scalable')) = 10.145
2025-09-26 17:04:38,172 ; matplotlib.font_manager                                      ; DEBUG   ; findfont: score(FontEntry(fname='C:\\Windows\\Fonts\\symap___.ttf', name='Symap', style='normal', variant='normal', weight=400, stretch='normal', size='scalable')) = 10.05
2025-09-26 17:04:38,172 ; matplotlib.font_manager                                      ; DEBUG   ; findfont: score(FontEntry(fname='C:\\Windows\\Fonts\\GOUDOSB.TTF', name='Goudy Old Style', style='normal', variant='normal', weight=700, stretch='normal', size='scalable')) = 10.335
2025-09-26 17:04:38,172 ; matplotlib.font_manager                                      ; DEBUG   ; findfont: score(FontEntry(fname='C:\\Windows\\Fonts\\couri.ttf', name='Courier New', style='italic', variant='normal', weight=400, stretch='normal', size='scalable')) = 11.05
2025-09-26 17:04:38,173 ; matplotlib.font_manager                                      ; DEBUG   ; findfont: score(FontEntry(fname='C:\\Windows\\Fonts\\taile.ttf', name='Microsoft Tai Le', style='normal', variant='normal', weight=400, stretch='normal', size='scalable')) = 10.05
2025-09-26 17:04:38,173 ; matplotlib.font_manager                                      ; DEBUG   ; findfont: score(FontEntry(fname='C:\\Windows\\Fonts\\PERBI___.TTF', name='Perpetua', style='italic', variant='normal', weight=700, stretch='normal', size='scalable')) = 11.335
2025-09-26 17:04:38,173 ; matplotlib.font_manager                                      ; DEBUG   ; findfont: score(FontEntry(fname='C:\\Windows\\Fonts\\ELEPHNT.TTF', name='Elephant', style='normal', variant='normal', weight=400, stretch='normal', size='scalable')) = 10.05
2025-09-26 17:04:38,173 ; matplotlib.font_manager                                      ; DEBUG   ; findfont: score(FontEntry(fname='C:\\Windows\\Fonts\\FRABK.TTF', name='Franklin Gothic Book', style='normal', variant='normal', weight=400, stretch='normal', size='scalable')) = 10.05
2025-09-26 17:04:38,173 ; matplotlib.font_manager                                      ; DEBUG   ; findfont: score(FontEntry(fname='C:\\Windows\\Fonts\\ariali.ttf', name='Arial', style='italic', variant='normal', weight=400, stretch='normal', size='scalable')) = 7.413636363636363
2025-09-26 17:04:38,174 ; matplotlib.font_manager                                      ; DEBUG   ; findfont: score(FontEntry(fname='C:\\Windows\\Fonts\\swissk.ttf', name='Swis721 Blk BT', style='normal', variant='normal', weight=400, stretch='normal', size='scalable')) = 10.05
2025-09-26 17:04:38,174 ; matplotlib.font_manager                                      ; DEBUG   ; findfont: score(FontEntry(fname='C:\\Windows\\Fonts\\ALGER.TTF', name='Algerian', style='normal', variant='normal', weight=400, stretch='normal', size='scalable')) = 10.05
2025-09-26 17:04:38,174 ; matplotlib.font_manager                                      ; DEBUG   ; findfont: score(FontEntry(fname='C:\\Windows\\Fonts\\JOKERMAN.TTF', name='Jokerman', style='normal', variant='normal', weight=400, stretch='normal', size='scalable')) = 10.05
2025-09-26 17:04:38,174 ; matplotlib.font_manager                                      ; DEBUG   ; findfont: score(FontEntry(fname='C:\\Windows\\Fonts\\bgothm.ttf', name='BankGothic Md BT', style='normal', variant='normal', weight=400, stretch='normal', size='scalable')) = 10.05
2025-09-26 17:04:38,174 ; matplotlib.font_manager                                      ; DEBUG   ; findfont: score(FontEntry(fname='C:\\Windows\\Fonts\\LEELAWAD.TTF', name='Leelawadee', style='normal', variant='normal', weight=400, stretch='normal', size='scalable')) = 10.05
2025-09-26 17:04:38,174 ; matplotlib.font_manager                                      ; DEBUG   ; findfont: score(FontEntry(fname='C:\\Windows\\Fonts\\monosi.ttf', name='Monospac821 BT', style='italic', variant='normal', weight=400, stretch='normal', size='scalable')) = 11.05
2025-09-26 17:04:38,174 ; matplotlib.font_manager                                      ; DEBUG   ; findfont: score(FontEntry(fname='C:\\Windows\\Fonts\\trebucbd.ttf', name='Trebuchet MS', style='normal', variant='normal', weight=700, stretch='normal', size='scalable')) = 10.335
2025-09-26 17:04:38,175 ; matplotlib.font_manager                                      ; DEBUG   ; findfont: score(FontEntry(fname='C:\\Windows\\Fonts\\SCRIPTBL.TTF', name='Script MT Bold', style='normal', variant='normal', weight=700, stretch='normal', size='scalable')) = 10.335
2025-09-26 17:04:38,176 ; matplotlib.font_manager                                      ; DEBUG   ; findfont: score(FontEntry(fname='C:\\Windows\\Fonts\\FRABKIT.TTF', name='Franklin Gothic Book', style='italic', variant='normal', weight=400, stretch='normal', size='scalable')) = 11.05
2025-09-26 17:04:38,176 ; matplotlib.font_manager                                      ; DEBUG   ; findfont: score(FontEntry(fname='C:\\Windows\\Fonts\\GARABD.TTF', name='Garamond', style='normal', variant='normal', weight=700, stretch='normal', size='scalable')) = 10.335
2025-09-26 17:04:38,176 ; matplotlib.font_manager                                      ; DEBUG   ; findfont: score(FontEntry(fname='C:\\Windows\\Fonts\\simfang.ttf', name='FangSong', style='normal', variant='normal', weight=400, stretch='normal', size='scalable')) = 10.05
2025-09-26 17:04:38,176 ; matplotlib.font_manager                                      ; DEBUG   ; findfont: score(FontEntry(fname='C:\\Windows\\Fonts\\romanc__.ttf', name='RomanC', style='normal', variant='normal', weight=400, stretch='normal', size='scalable')) = 10.05
2025-09-26 17:04:38,177 ; matplotlib.font_manager                                      ; DEBUG   ; findfont: score(FontEntry(fname='C:\\Windows\\Fonts\\MISTRAL.TTF', name='Mistral', style='normal', variant='normal', weight=400, stretch='normal', size='scalable')) = 10.05
2025-09-26 17:04:38,178 ; matplotlib.font_manager                                      ; DEBUG   ; findfont: score(FontEntry(fname='C:\\Windows\\Fonts\\AGENCYB.TTF', name='Agency FB', style='normal', variant='normal', weight=700, stretch='normal', size='scalable')) = 10.335
2025-09-26 17:04:38,178 ; matplotlib.font_manager                                      ; DEBUG   ; findfont: score(FontEntry(fname='C:\\Windows\\Fonts\\GOUDOS.TTF', name='Goudy Old Style', style='normal', variant='normal', weight=400, stretch='normal', size='scalable')) = 10.05
2025-09-26 17:04:38,178 ; matplotlib.font_manager                                      ; DEBUG   ; findfont: score(FontEntry(fname='C:\\Windows\\Fonts\\calibrili.ttf', name='Calibri', style='italic', variant='normal', weight=300, stretch='normal', size='scalable')) = 11.145
2025-09-26 17:04:38,178 ; matplotlib.font_manager                                      ; DEBUG   ; findfont: score(FontEntry(fname='C:\\Windows\\Fonts\\simsun.ttc', name='SimSun', style='normal', variant='normal', weight=400, stretch='normal', size='scalable')) = 10.05
2025-09-26 17:04:38,179 ; matplotlib.font_manager                                      ; DEBUG   ; findfont: score(FontEntry(fname='C:\\Windows\\Fonts\\constani.ttf', name='Constantia', style='italic', variant='normal', weight=400, stretch='normal', size='scalable')) = 11.05
2025-09-26 17:04:38,179 ; matplotlib.font_manager                                      ; DEBUG   ; findfont: score(FontEntry(fname='C:\\Windows\\Fonts\\swissbi.ttf', name='Swis721 BT', style='italic', variant='normal', weight=700, stretch='normal', size='scalable')) = 11.335
2025-09-26 17:04:38,179 ; matplotlib.font_manager                                      ; DEBUG   ; findfont: score(FontEntry(fname='C:\\Windows\\Fonts\\BKANT.TTF', name='Book Antiqua', style='normal', variant='normal', weight=400, stretch='normal', size='scalable')) = 10.05
2025-09-26 17:04:38,179 ; matplotlib.font_manager                                      ; DEBUG   ; findfont: score(FontEntry(fname='C:\\Windows\\Fonts\\VLADIMIR.TTF', name='Vladimir Script', style='normal', variant='normal', weight=400, stretch='normal', size='scalable')) = 10.05
2025-09-26 17:04:38,179 ; matplotlib.font_manager                                      ; DEBUG   ; findfont: score(FontEntry(fname='C:\\Windows\\Fonts\\greekc__.ttf', name='GreekC', style='normal', variant='normal', weight=400, stretch='normal', size='scalable')) = 10.05
2025-09-26 17:04:38,180 ; matplotlib.font_manager                                      ; DEBUG   ; findfont: score(FontEntry(fname='C:\\Windows\\Fonts\\romans__.ttf', name='RomanS', style='normal', variant='normal', weight=400, stretch='normal', size='scalable')) = 10.05
2025-09-26 17:04:38,181 ; matplotlib.font_manager                                      ; DEBUG   ; findfont: score(FontEntry(fname='C:\\Windows\\Fonts\\ITCEDSCR.TTF', name='Edwardian Script ITC', style='normal', variant='normal', weight=400, stretch='normal', size='scalable')) = 10.05
2025-09-26 17:04:38,181 ; matplotlib.font_manager                                      ; DEBUG   ; findfont: score(FontEntry(fname='C:\\Windows\\Fonts\\DUBAI-REGULAR.TTF', name='Dubai', style='normal', variant='normal', weight=400, stretch='normal', size='scalable')) = 10.05
2025-09-26 17:04:38,181 ; matplotlib.font_manager                                      ; DEBUG   ; findfont: score(FontEntry(fname='C:\\Windows\\Fonts\\swiss.ttf', name='Swis721 BT', style='normal', variant='normal', weight=400, stretch='normal', size='scalable')) = 10.05
2025-09-26 17:04:38,181 ; matplotlib.font_manager                                      ; DEBUG   ; findfont: score(FontEntry(fname='C:\\Windows\\Fonts\\arial.ttf', name='Arial', style='normal', variant='normal', weight=400, stretch='normal', size='scalable')) = 6.413636363636363
2025-09-26 17:04:38,181 ; matplotlib.font_manager                                      ; DEBUG   ; findfont: score(FontEntry(fname='C:\\Windows\\Fonts\\verdanai.ttf', name='Verdana', style='italic', variant='normal', weight=400, stretch='normal', size='scalable')) = 4.6863636363636365
2025-09-26 17:04:38,183 ; matplotlib.font_manager                                      ; DEBUG   ; findfont: score(FontEntry(fname='C:\\Windows\\Fonts\\msyi.ttf', name='Microsoft Yi Baiti', style='normal', variant='normal', weight=400, stretch='normal', size='scalable')) = 10.05
2025-09-26 17:04:38,183 ; matplotlib.font_manager                                      ; DEBUG   ; findfont: score(FontEntry(fname='C:\\Windows\\Fonts\\SegoeIcons.ttf', name='Segoe Fluent Icons', style='normal', variant='normal', weight=400, stretch='normal', size='scalable')) = 10.05
2025-09-26 17:04:38,183 ; matplotlib.font_manager                                      ; DEBUG   ; findfont: score(FontEntry(fname='C:\\Windows\\Fonts\\COPRGTB.TTF', name='Copperplate Gothic Bold', style='normal', variant='normal', weight=400, stretch='normal', size='scalable')) = 10.05
2025-09-26 17:04:38,183 ; matplotlib.font_manager                                      ; DEBUG   ; findfont: score(FontEntry(fname='C:\\Windows\\Fonts\\BOD_CB.TTF', name='Bodoni MT', style='normal', variant='normal', weight=700, stretch='condensed', size='scalable')) = 10.535
2025-09-26 17:04:38,183 ; matplotlib.font_manager                                      ; DEBUG   ; findfont: score(FontEntry(fname='C:\\Windows\\Fonts\\trebucit.ttf', name='Trebuchet MS', style='italic', variant='normal', weight=400, stretch='normal', size='scalable')) = 11.05
2025-09-26 17:04:38,183 ; matplotlib.font_manager                                      ; DEBUG   ; findfont: score(FontEntry(fname='C:\\Windows\\Fonts\\FRADM.TTF', name='Franklin Gothic Demi', style='normal', variant='normal', weight=400, stretch='normal', size='scalable')) = 10.05
2025-09-26 17:04:38,183 ; matplotlib.font_manager                                      ; DEBUG   ; findfont: score(FontEntry(fname='C:\\Windows\\Fonts\\compi.ttf', name='CommercialPi BT', style='normal', variant='normal', weight=400, stretch='normal', size='scalable')) = 10.05
2025-09-26 17:04:38,183 ; matplotlib.font_manager                                      ; DEBUG   ; findfont: score(FontEntry(fname='C:\\Windows\\Fonts\\dutchi.ttf', name='Dutch801 Rm BT', style='italic', variant='normal', weight=400, stretch='normal', size='scalable')) = 11.05
2025-09-26 17:04:38,183 ; matplotlib.font_manager                                      ; DEBUG   ; findfont: score(FontEntry(fname='C:\\Windows\\Fonts\\MTCORSVA.TTF', name='Monotype Corsiva', style='normal', variant='normal', weight=400, stretch='normal', size='scalable')) = 10.05
2025-09-26 17:04:38,183 ; matplotlib.font_manager                                      ; DEBUG   ; findfont: score(FontEntry(fname='C:\\Windows\\Fonts\\mmrtext.ttf', name='Myanmar Text', style='normal', variant='normal', weight=400, stretch='normal', size='scalable')) = 10.05
2025-09-26 17:04:38,183 ; matplotlib.font_manager                                      ; DEBUG   ; findfont: score(FontEntry(fname='C:\\Windows\\Fonts\\Artifakt Element LIght.ttf', name='Artifakt Element', style='normal', variant='normal', weight=300, stretch='normal', size='scalable')) = 10.145
2025-09-26 17:04:38,183 ; matplotlib.font_manager                                      ; DEBUG   ; findfont: score(FontEntry(fname='C:\\Windows\\Fonts\\BRLNSDB.TTF', name='Berlin Sans FB Demi', style='normal', variant='normal', weight=700, stretch='normal', size='scalable')) = 10.335
2025-09-26 17:04:38,183 ; matplotlib.font_manager                                      ; DEBUG   ; findfont: score(FontEntry(fname='C:\\Windows\\Fonts\\TCCB____.TTF', name='Tw Cen MT Condensed', style='normal', variant='normal', weight=700, stretch='condensed', size='scalable')) = 10.535
2025-09-26 17:04:38,183 ; matplotlib.font_manager                                      ; DEBUG   ; findfont: score(FontEntry(fname='C:\\Windows\\Fonts\\POORICH.TTF', name='Poor Richard', style='normal', variant='normal', weight=400, stretch='normal', size='scalable')) = 10.05
2025-09-26 17:04:38,183 ; matplotlib.font_manager                                      ; DEBUG   ; findfont: score(FontEntry(fname='C:\\Windows\\Fonts\\Artifakt Element Hair Italic.ttf', name='Artifakt Element', style='italic', variant='normal', weight=100, stretch='normal', size='scalable')) = 11.335
2025-09-26 17:04:38,183 ; matplotlib.font_manager                                      ; DEBUG   ; findfont: score(FontEntry(fname='C:\\Windows\\Fonts\\verdanab.ttf', name='Verdana', style='normal', variant='normal', weight=700, stretch='normal', size='scalable')) = 3.9713636363636367
2025-09-26 17:04:38,183 ; matplotlib.font_manager                                      ; DEBUG   ; findfont: score(FontEntry(fname='C:\\Windows\\Fonts\\wingding.ttf', name='Wingdings', style='normal', variant='normal', weight=400, stretch='normal', size='scalable')) = 10.05
2025-09-26 17:04:38,183 ; matplotlib.font_manager                                      ; DEBUG   ; findfont: score(FontEntry(fname='C:\\Windows\\Fonts\\verdana.ttf', name='Verdana', style='normal', variant='normal', weight=400, stretch='normal', size='scalable')) = 3.6863636363636365
2025-09-26 17:04:38,183 ; matplotlib.font_manager                                      ; DEBUG   ; findfont: score(FontEntry(fname='C:\\Windows\\Fonts\\LFAXI.TTF', name='Lucida Fax', style='italic', variant='normal', weight=400, stretch='normal', size='scalable')) = 11.05
2025-09-26 17:04:38,190 ; matplotlib.font_manager                                      ; DEBUG   ; findfont: score(FontEntry(fname='C:\\Windows\\Fonts\\ariblk.ttf', name='Arial', style='normal', variant='normal', weight=900, stretch='normal', size='scalable')) = 6.888636363636364
2025-09-26 17:04:38,190 ; matplotlib.font_manager                                      ; DEBUG   ; findfont: score(FontEntry(fname='C:\\Windows\\Fonts\\VINERITC.TTF', name='Viner Hand ITC', style='normal', variant='normal', weight=400, stretch='normal', size='scalable')) = 10.05
2025-09-26 17:04:38,190 ; matplotlib.font_manager                                      ; DEBUG   ; findfont: score(FontEntry(fname='C:\\Windows\\Fonts\\italic__.ttf', name='Italic', style='italic', variant='normal', weight=400, stretch='normal', size='scalable')) = 11.05
2025-09-26 17:04:38,190 ; matplotlib.font_manager                                      ; DEBUG   ; findfont: score(FontEntry(fname='C:\\Windows\\Fonts\\FREESCPT.TTF', name='Freestyle Script', style='normal', variant='normal', weight=400, stretch='normal', size='scalable')) = 10.05
2025-09-26 17:04:38,190 ; matplotlib.font_manager                                      ; DEBUG   ; findfont: score(FontEntry(fname='C:\\Windows\\Fonts\\ARIALN.TTF', name='Arial', style='normal', variant='normal', weight=400, stretch='condensed', size='scalable')) = 6.613636363636363
2025-09-26 17:04:38,191 ; matplotlib.font_manager                                      ; DEBUG   ; findfont: score(FontEntry(fname='C:\\Windows\\Fonts\\sylfaen.ttf', name='Sylfaen', style='normal', variant='normal', weight=400, stretch='normal', size='scalable')) = 10.05
2025-09-26 17:04:38,191 ; matplotlib.font_manager                                      ; DEBUG   ; findfont: score(FontEntry(fname='C:\\Windows\\Fonts\\corbell.ttf', name='Corbel', style='normal', variant='normal', weight=300, stretch='normal', size='scalable')) = 10.145
2025-09-26 17:04:38,191 ; matplotlib.font_manager                                      ; DEBUG   ; findfont: score(FontEntry(fname='C:\\Windows\\Fonts\\GARA.TTF', name='Garamond', style='normal', variant='normal', weight=400, stretch='normal', size='scalable')) = 10.05
2025-09-26 17:04:38,192 ; matplotlib.font_manager                                      ; DEBUG   ; findfont: score(FontEntry(fname='C:\\Windows\\Fonts\\NirmalaB.ttf', name='Nirmala UI', style='normal', variant='normal', weight=700, stretch='normal', size='scalable')) = 10.335
2025-09-26 17:04:38,192 ; matplotlib.font_manager                                      ; DEBUG   ; findfont: score(FontEntry(fname='C:\\Windows\\Fonts\\HTOWERTI.TTF', name='High Tower Text', style='italic', variant='normal', weight=400, stretch='normal', size='scalable')) = 11.05
2025-09-26 17:04:38,192 ; matplotlib.font_manager                                      ; DEBUG   ; findfont: score(FontEntry(fname='C:\\Windows\\Fonts\\FORTE.TTF', name='Forte', style='normal', variant='normal', weight=400, stretch='normal', size='scalable')) = 10.05
2025-09-26 17:04:38,192 ; matplotlib.font_manager                                      ; DEBUG   ; findfont: score(FontEntry(fname='C:\\Windows\\Fonts\\YuGothB.ttc', name='Yu Gothic', style='normal', variant='normal', weight=700, stretch='normal', size='scalable')) = 10.335
2025-09-26 17:04:38,192 ; matplotlib.font_manager                                      ; DEBUG   ; findfont: score(FontEntry(fname='C:\\Windows\\Fonts\\SitkaVF-Italic.ttf', name='Sitka', style='italic', variant='normal', weight=400, stretch='normal', size='scalable')) = 11.05
2025-09-26 17:04:38,193 ; matplotlib.font_manager                                      ; DEBUG   ; findfont: score(FontEntry(fname='C:\\Windows\\Fonts\\FRADMCN.TTF', name='Franklin Gothic Demi Cond', style='normal', variant='normal', weight=400, stretch='condensed', size='scalable')) = 10.25
2025-09-26 17:04:38,193 ; matplotlib.font_manager                                      ; DEBUG   ; findfont: score(FontEntry(fname='C:\\Windows\\Fonts\\tahoma.ttf', name='Tahoma', style='normal', variant='normal', weight=400, stretch='normal', size='scalable')) = 10.05
2025-09-26 17:04:38,193 ; matplotlib.font_manager                                      ; DEBUG   ; findfont: score(FontEntry(fname='C:\\Windows\\Fonts\\ARIALNBI.TTF', name='Arial', style='italic', variant='normal', weight=700, stretch='condensed', size='scalable')) = 7.8986363636363635
2025-09-26 17:04:38,193 ; matplotlib.font_manager                                      ; DEBUG   ; findfont: score(FontEntry(fname='C:\\Windows\\Fonts\\MATURASC.TTF', name='Matura MT Script Capitals', style='normal', variant='normal', weight=400, stretch='normal', size='scalable')) = 10.05
2025-09-26 17:04:38,194 ; matplotlib.font_manager                                      ; DEBUG   ; findfont: score(FontEntry(fname='C:\\Windows\\Fonts\\BRLNSR.TTF', name='Berlin Sans FB', style='normal', variant='normal', weight=400, stretch='normal', size='scalable')) = 10.05
2025-09-26 17:04:38,194 ; matplotlib.font_manager                                      ; DEBUG   ; findfont: score(FontEntry(fname='C:\\Windows\\Fonts\\LSANSDI.TTF', name='Lucida Sans', style='italic', variant='normal', weight=600, stretch='normal', size='scalable')) = 11.24
2025-09-26 17:04:38,195 ; matplotlib.font_manager                                      ; DEBUG   ; findfont: score(FontEntry(fname='C:\\Windows\\Fonts\\l_10646.ttf', name='Lucida Sans Unicode', style='normal', variant='normal', weight=400, stretch='normal', size='scalable')) = 10.05
2025-09-26 17:04:38,195 ; matplotlib.font_manager                                      ; DEBUG   ; findfont: score(FontEntry(fname='C:\\Windows\\Fonts\\sansso__.ttf', name='SansSerif', style='oblique', variant='normal', weight=400, stretch='normal', size='scalable')) = 11.05
2025-09-26 17:04:38,195 ; matplotlib.font_manager                                      ; DEBUG   ; findfont: score(FontEntry(fname='C:\\Windows\\Fonts\\BOD_CBI.TTF', name='Bodoni MT', style='italic', variant='normal', weight=700, stretch='condensed', size='scalable')) = 11.535
2025-09-26 17:04:38,195 ; matplotlib.font_manager                                      ; DEBUG   ; findfont: score(FontEntry(fname='C:\\Windows\\Fonts\\simkai.ttf', name='KaiTi', style='normal', variant='normal', weight=400, stretch='normal', size='scalable')) = 10.05
2025-09-26 17:04:38,195 ; matplotlib.font_manager                                      ; DEBUG   ; findfont: score(FontEntry(fname='C:\\Windows\\Fonts\\LBRITEI.TTF', name='Lucida Bright', style='italic', variant='normal', weight=400, stretch='normal', size='scalable')) = 11.05
2025-09-26 17:04:38,196 ; matplotlib.font_manager                                      ; DEBUG   ; findfont: score(FontEntry(fname='C:\\Windows\\Fonts\\SCHLBKBI.TTF', name='Century Schoolbook', style='italic', variant='normal', weight=700, stretch='normal', size='scalable')) = 11.335
2025-09-26 17:04:38,196 ; matplotlib.font_manager                                      ; DEBUG   ; findfont: score(FontEntry(fname='C:\\Windows\\Fonts\\TCBI____.TTF', name='Tw Cen MT', style='italic', variant='normal', weight=700, stretch='normal', size='scalable')) = 11.335
2025-09-26 17:04:38,197 ; matplotlib.font_manager                                      ; DEBUG   ; findfont: score(FontEntry(fname='C:\\Windows\\Fonts\\calibrib.ttf', name='Calibri', style='normal', variant='normal', weight=700, stretch='normal', size='scalable')) = 10.335
2025-09-26 17:04:38,197 ; matplotlib.font_manager                                      ; DEBUG   ; findfont: score(FontEntry(fname='C:\\Windows\\Fonts\\pala.ttf', name='Palatino Linotype', style='normal', variant='normal', weight=400, stretch='normal', size='scalable')) = 10.05
2025-09-26 17:04:38,197 ; matplotlib.font_manager                                      ; DEBUG   ; findfont: score(FontEntry(fname='C:\\Windows\\Fonts\\stylu.ttf', name='Stylus BT', style='normal', variant='normal', weight=300, stretch='normal', size='scalable')) = 10.145
2025-09-26 17:04:38,197 ; matplotlib.font_manager                                      ; DEBUG   ; findfont: score(FontEntry(fname='C:\\Windows\\Fonts\\PRISTINA.TTF', name='Pristina', style='normal', variant='normal', weight=400, stretch='normal', size='scalable')) = 10.05
2025-09-26 17:04:38,197 ; matplotlib.font_manager                                      ; DEBUG   ; findfont: score(FontEntry(fname='C:\\Windows\\Fonts\\seguisli.ttf', name='Segoe UI', style='italic', variant='normal', weight=350, stretch='normal', size='scalable')) = 11.0975
2025-09-26 17:04:38,198 ; matplotlib.font_manager                                      ; DEBUG   ; findfont: score(FontEntry(fname='C:\\Windows\\Fonts\\segoeuisl.ttf', name='Segoe UI', style='normal', variant='normal', weight=350, stretch='normal', size='scalable')) = 10.0975
2025-09-26 17:04:38,198 ; matplotlib.font_manager                                      ; DEBUG   ; findfont: score(FontEntry(fname='C:\\Windows\\Fonts\\BOD_R.TTF', name='Bodoni MT', style='normal', variant='normal', weight=400, stretch='normal', size='scalable')) = 10.05
2025-09-26 17:04:38,198 ; matplotlib.font_manager                                      ; DEBUG   ; findfont: score(FontEntry(fname='C:\\Windows\\Fonts\\BRLNSB.TTF', name='Berlin Sans FB', style='normal', variant='normal', weight=700, stretch='normal', size='scalable')) = 10.335
2025-09-26 17:04:38,198 ; matplotlib.font_manager                                      ; DEBUG   ; findfont: score(FontEntry(fname='C:\\Windows\\Fonts\\cour.ttf', name='Courier New', style='normal', variant='normal', weight=400, stretch='normal', size='scalable')) = 10.05
2025-09-26 17:04:38,199 ; matplotlib.font_manager                                      ; DEBUG   ; findfont: score(FontEntry(fname='C:\\Windows\\Fonts\\CURLZ___.TTF', name='Curlz MT', style='normal', variant='normal', weight=400, stretch='normal', size='scalable')) = 10.05
2025-09-26 17:04:38,199 ; matplotlib.font_manager                                      ; DEBUG   ; findfont: score(FontEntry(fname='C:\\Windows\\Fonts\\georgia.ttf', name='Georgia', style='normal', variant='normal', weight=400, stretch='normal', size='scalable')) = 10.05
2025-09-26 17:04:38,199 ; matplotlib.font_manager                                      ; DEBUG   ; findfont: score(FontEntry(fname='C:\\Windows\\Fonts\\calibril.ttf', name='Calibri', style='normal', variant='normal', weight=300, stretch='normal', size='scalable')) = 10.145
2025-09-26 17:04:38,199 ; matplotlib.font_manager                                      ; DEBUG   ; findfont: score(FontEntry(fname='C:\\Windows\\Fonts\\msyhbd.ttc', name='Microsoft YaHei', style='normal', variant='normal', weight=700, stretch='normal', size='scalable')) = 10.335
2025-09-26 17:04:38,200 ; matplotlib.font_manager                                      ; DEBUG   ; findfont: score(FontEntry(fname='C:\\Windows\\Fonts\\mtproxy3.ttf', name='Proxy 3', style='normal', variant='normal', weight=400, stretch='normal', size='scalable')) = 10.05
2025-09-26 17:04:38,200 ; matplotlib.font_manager                                      ; DEBUG   ; findfont: score(FontEntry(fname='C:\\Windows\\Fonts\\gothice_.ttf', name='GothicE', style='normal', variant='normal', weight=400, stretch='normal', size='scalable')) = 10.05
2025-09-26 17:04:38,200 ; matplotlib.font_manager                                      ; DEBUG   ; findfont: score(FontEntry(fname='C:\\Windows\\Fonts\\Candaral.ttf', name='Candara', style='normal', variant='normal', weight=400, stretch='normal', size='scalable')) = 10.05
2025-09-26 17:04:38,200 ; matplotlib.font_manager                                      ; DEBUG   ; findfont: score(FontEntry(fname='C:\\Windows\\Fonts\\Artifakt Element Heavy.ttf', name='Artifakt Element', style='normal', variant='normal', weight=900, stretch='normal', size='scalable')) = 10.525
2025-09-26 17:04:38,201 ; matplotlib.font_manager                                      ; DEBUG   ; findfont: score(FontEntry(fname='C:\\Windows\\Fonts\\ROCCB___.TTF', name='Rockwell Condensed', style='normal', variant='normal', weight=700, stretch='condensed', size='scalable')) = 10.535
2025-09-26 17:04:38,201 ; matplotlib.font_manager                                      ; DEBUG   ; findfont: score(FontEntry(fname='C:\\Windows\\Fonts\\LSANSD.TTF', name='Lucida Sans', style='normal', variant='normal', weight=600, stretch='normal', size='scalable')) = 10.24
2025-09-26 17:04:38,201 ; matplotlib.font_manager                                      ; DEBUG   ; findfont: score(FontEntry(fname='C:\\Windows\\Fonts\\timesi.ttf', name='Times New Roman', style='italic', variant='normal', weight=400, stretch='normal', size='scalable')) = 11.05
2025-09-26 17:04:38,201 ; matplotlib.font_manager                                      ; DEBUG   ; findfont: score(FontEntry(fname='C:\\Windows\\Fonts\\dutcheb.ttf', name='Dutch801 XBd BT', style='normal', variant='normal', weight=400, stretch='normal', size='scalable')) = 10.05
2025-09-26 17:04:38,201 ; matplotlib.font_manager                                      ; DEBUG   ; findfont: score(FontEntry(fname='C:\\Windows\\Fonts\\symusic_.ttf', name='Symusic', style='normal', variant='normal', weight=400, stretch='normal', size='scalable')) = 10.05
2025-09-26 17:04:38,202 ; matplotlib.font_manager                                      ; DEBUG   ; findfont: score(FontEntry(fname='C:\\Windows\\Fonts\\BOD_I.TTF', name='Bodoni MT', style='italic', variant='normal', weight=400, stretch='normal', size='scalable')) = 11.05
2025-09-26 17:04:38,202 ; matplotlib.font_manager                                      ; DEBUG   ; findfont: score(FontEntry(fname='C:\\Windows\\Fonts\\webdings.ttf', name='Webdings', style='normal', variant='normal', weight=400, stretch='normal', size='scalable')) = 10.05
2025-09-26 17:04:38,202 ; matplotlib.font_manager                                      ; DEBUG   ; findfont: score(FontEntry(fname='C:\\Windows\\Fonts\\mmrtextb.ttf', name='Myanmar Text', style='normal', variant='normal', weight=700, stretch='normal', size='scalable')) = 10.335
2025-09-26 17:04:38,202 ; matplotlib.font_manager                                      ; DEBUG   ; findfont: score(FontEntry(fname='C:\\Windows\\Fonts\\greeks__.ttf', name='GreekS', style='normal', variant='normal', weight=400, stretch='normal', size='scalable')) = 10.05
2025-09-26 17:04:38,202 ; matplotlib.font_manager                                      ; DEBUG   ; findfont: score(FontEntry(fname='C:\\Windows\\Fonts\\MTEXTRA.TTF', name='MT Extra', style='normal', variant='normal', weight=400, stretch='normal', size='scalable')) = 10.05
2025-09-26 17:04:38,203 ; matplotlib.font_manager                                      ; DEBUG   ; findfont: score(FontEntry(fname='C:\\Windows\\Fonts\\GILLUBCD.TTF', name='Gill Sans Ultra Bold Condensed', style='normal', variant='normal', weight=400, stretch='condensed', size='scalable')) = 10.25
2025-09-26 17:04:38,203 ; matplotlib.font_manager                                      ; DEBUG   ; findfont: score(FontEntry(fname='C:\\Windows\\Fonts\\segoeuil.ttf', name='Segoe UI', style='normal', variant='normal', weight=300, stretch='normal', size='scalable')) = 10.145
2025-09-26 17:04:38,203 ; matplotlib.font_manager                                      ; DEBUG   ; findfont: score(FontEntry(fname='C:\\Windows\\Fonts\\GIL_____.TTF', name='Gill Sans MT', style='normal', variant='normal', weight=400, stretch='normal', size='scalable')) = 10.05
2025-09-26 17:04:38,203 ; matplotlib.font_manager                                      ; DEBUG   ; findfont: score(FontEntry(fname='C:\\Windows\\Fonts\\BASKVILL.TTF', name='Baskerville Old Face', style='normal', variant='normal', weight=400, stretch='normal', size='scalable')) = 10.05
2025-09-26 17:04:38,203 ; matplotlib.font_manager                                      ; DEBUG   ; findfont: score(FontEntry(fname='C:\\Windows\\Fonts\\LTYPEO.TTF', name='Lucida Sans Typewriter', style='oblique', variant='normal', weight=400, stretch='normal', size='scalable')) = 11.05
2025-09-26 17:04:38,203 ; matplotlib.font_manager                                      ; DEBUG   ; findfont: score(FontEntry(fname='C:\\Windows\\Fonts\\Candarab.ttf', name='Candara', style='normal', variant='normal', weight=700, stretch='normal', size='scalable')) = 10.335
2025-09-26 17:04:38,203 ; matplotlib.font_manager                                      ; DEBUG   ; findfont: score(FontEntry(fname='C:\\Windows\\Fonts\\georgiab.ttf', name='Georgia', style='normal', variant='normal', weight=700, stretch='normal', size='scalable')) = 10.335
2025-09-26 17:04:38,204 ; matplotlib.font_manager                                      ; DEBUG   ; findfont: score(FontEntry(fname='C:\\Windows\\Fonts\\swisse.ttf', name='Swis721 Ex BT', style='normal', variant='normal', weight=400, stretch='expanded', size='scalable')) = 10.25
2025-09-26 17:04:38,204 ; matplotlib.font_manager                                      ; DEBUG   ; findfont: score(FontEntry(fname='C:\\Windows\\Fonts\\CALIFB.TTF', name='Californian FB', style='normal', variant='normal', weight=700, stretch='normal', size='scalable')) = 10.335
2025-09-26 17:04:38,204 ; matplotlib.font_manager                                      ; DEBUG   ; findfont: score(FontEntry(fname='C:\\Windows\\Fonts\\seguisb.ttf', name='Segoe UI', style='normal', variant='normal', weight=600, stretch='normal', size='scalable')) = 10.24
2025-09-26 17:04:38,204 ; matplotlib.font_manager                                      ; DEBUG   ; findfont: score(FontEntry(fname='C:\\Windows\\Fonts\\Artifakt Element Book Italic.ttf', name='Artifakt Element', style='italic', variant='normal', weight=450, stretch='normal', size='scalable')) = 11.0975
2025-09-26 17:04:38,204 ; matplotlib.font_manager                                      ; DEBUG   ; findfont: score(FontEntry(fname='C:\\Windows\\Fonts\\JUICE___.TTF', name='Juice ITC', style='normal', variant='normal', weight=400, stretch='normal', size='scalable')) = 10.05
2025-09-26 17:04:38,205 ; matplotlib.font_manager                                      ; DEBUG   ; findfont: score(FontEntry(fname='C:\\Windows\\Fonts\\ITCKRIST.TTF', name='Kristen ITC', style='normal', variant='normal', weight=400, stretch='normal', size='scalable')) = 10.05
2025-09-26 17:04:38,205 ; matplotlib.font_manager                                      ; DEBUG   ; findfont: score(FontEntry(fname='C:\\Windows\\Fonts\\RAGE.TTF', name='Rage Italic', style='italic', variant='normal', weight=400, stretch='normal', size='scalable')) = 11.05
2025-09-26 17:04:38,205 ; matplotlib.font_manager                                      ; DEBUG   ; findfont: score(FontEntry(fname='C:\\Windows\\Fonts\\seguisbi.ttf', name='Segoe UI', style='italic', variant='normal', weight=600, stretch='normal', size='scalable')) = 11.24
2025-09-26 17:04:38,205 ; matplotlib.font_manager                                      ; DEBUG   ; findfont: score(FontEntry(fname='C:\\Windows\\Fonts\\monos.ttf', name='Monospac821 BT', style='normal', variant='normal', weight=400, stretch='normal', size='scalable')) = 10.05
2025-09-26 17:04:38,205 ; matplotlib.font_manager                                      ; DEBUG   ; findfont: score(FontEntry(fname='C:\\Windows\\Fonts\\BELL.TTF', name='Bell MT', style='normal', variant='normal', weight=400, stretch='normal', size='scalable')) = 10.05
2025-09-26 17:04:38,206 ; matplotlib.font_manager                                      ; DEBUG   ; findfont: score(FontEntry(fname='C:\\Windows\\Fonts\\swissc.ttf', name='Swis721 Cn BT', style='normal', variant='normal', weight=400, stretch='condensed', size='scalable')) = 10.25
2025-09-26 17:04:38,206 ; matplotlib.font_manager                                      ; DEBUG   ; findfont: score(FontEntry(fname='C:\\Windows\\Fonts\\swisski.ttf', name='Swis721 Blk BT', style='italic', variant='normal', weight=400, stretch='normal', size='scalable')) = 11.05
2025-09-26 17:04:38,206 ; matplotlib.font_manager                                      ; DEBUG   ; findfont: score(FontEntry(fname='C:\\Windows\\Fonts\\ITCBLKAD.TTF', name='Blackadder ITC', style='normal', variant='normal', weight=400, stretch='normal', size='scalable')) = 10.05
2025-09-26 17:04:38,206 ; matplotlib.font_manager                                      ; DEBUG   ; findfont: score(FontEntry(fname='C:\\Windows\\Fonts\\LCALLIG.TTF', name='Lucida Calligraphy', style='italic', variant='normal', weight=400, stretch='normal', size='scalable')) = 11.05
2025-09-26 17:04:38,206 ; matplotlib.font_manager                                      ; DEBUG   ; findfont: score(FontEntry(fname='C:\\Windows\\Fonts\\PER_____.TTF', name='Perpetua', style='normal', variant='normal', weight=400, stretch='normal', size='scalable')) = 10.05
2025-09-26 17:04:38,206 ; matplotlib.font_manager                                      ; DEBUG   ; findfont: score(FontEntry(fname='C:\\Windows\\Fonts\\KUNSTLER.TTF', name='Kunstler Script', style='normal', variant='normal', weight=400, stretch='normal', size='scalable')) = 10.05
2025-09-26 17:04:38,207 ; matplotlib.font_manager                                      ; DEBUG   ; findfont: score(FontEntry(fname='C:\\Windows\\Fonts\\calibrii.ttf', name='Calibri', style='italic', variant='normal', weight=400, stretch='normal', size='scalable')) = 11.05
2025-09-26 17:04:38,207 ; matplotlib.font_manager                                      ; DEBUG   ; findfont: score(FontEntry(fname='C:\\Windows\\Fonts\\courbi.ttf', name='Courier New', style='italic', variant='normal', weight=700, stretch='normal', size='scalable')) = 11.335
2025-09-26 17:04:38,207 ; matplotlib.font_manager                                      ; DEBUG   ; findfont: score(FontEntry(fname='C:\\Windows\\Fonts\\HTOWERT.TTF', name='High Tower Text', style='normal', variant='normal', weight=400, stretch='normal', size='scalable')) = 10.05
2025-09-26 17:04:38,207 ; matplotlib.font_manager                                      ; DEBUG   ; findfont: score(FontEntry(fname='C:\\Windows\\Fonts\\swisscbi.ttf', name='Swis721 Cn BT', style='italic', variant='normal', weight=700, stretch='condensed', size='scalable')) = 11.535
2025-09-26 17:04:38,207 ; matplotlib.font_manager                                      ; DEBUG   ; findfont: score(FontEntry(fname='C:\\Windows\\Fonts\\OCRAEXT.TTF', name='OCR A Extended', style='normal', variant='normal', weight=400, stretch='expanded', size='scalable')) = 10.25
2025-09-26 17:04:38,209 ; matplotlib.font_manager                                      ; DEBUG   ; findfont: score(FontEntry(fname='C:\\Windows\\Fonts\\taileb.ttf', name='Microsoft Tai Le', style='normal', variant='normal', weight=700, stretch='normal', size='scalable')) = 10.335
2025-09-26 17:04:38,209 ; matplotlib.font_manager                                      ; DEBUG   ; findfont: score(FontEntry(fname='C:\\Windows\\Fonts\\Artifakt Element Black.ttf', name='Artifakt Element', style='normal', variant='normal', weight=800, stretch='normal', size='scalable')) = 10.43
2025-09-26 17:04:38,209 ; matplotlib.font_manager                                      ; DEBUG   ; findfont: score(FontEntry(fname='C:\\Windows\\Fonts\\cambria.ttc', name='Cambria', style='normal', variant='normal', weight=400, stretch='normal', size='scalable')) = 10.05
2025-09-26 17:04:38,209 ; matplotlib.font_manager                                      ; DEBUG   ; findfont: score(FontEntry(fname='C:\\Windows\\Fonts\\Dengl.ttf', name='DengXian', style='normal', variant='normal', weight=300, stretch='normal', size='scalable')) = 10.145
2025-09-26 17:04:38,210 ; matplotlib.font_manager                                      ; DEBUG   ; findfont: score(FontEntry(fname='C:\\Windows\\Fonts\\segoeprb.ttf', name='Segoe Print', style='normal', variant='normal', weight=700, stretch='normal', size='scalable')) = 10.335
2025-09-26 17:04:38,210 ; matplotlib.font_manager                                      ; DEBUG   ; findfont: score(FontEntry(fname='C:\\Windows\\Fonts\\BOD_B.TTF', name='Bodoni MT', style='normal', variant='normal', weight=700, stretch='normal', size='scalable')) = 10.335
2025-09-26 17:04:38,210 ; matplotlib.font_manager                                      ; DEBUG   ; findfont: score(FontEntry(fname='C:\\Windows\\Fonts\\cambriab.ttf', name='Cambria', style='normal', variant='normal', weight=700, stretch='normal', size='scalable')) = 10.335
2025-09-26 17:04:38,210 ; matplotlib.font_manager                                      ; DEBUG   ; findfont: score(FontEntry(fname='C:\\Windows\\Fonts\\scripts_.ttf', name='ScriptS', style='normal', variant='normal', weight=400, stretch='normal', size='scalable')) = 10.05
2025-09-26 17:04:38,211 ; matplotlib.font_manager                                      ; DEBUG   ; findfont: score(FontEntry(fname='C:\\Windows\\Fonts\\ANTQUABI.TTF', name='Book Antiqua', style='italic', variant='normal', weight=700, stretch='normal', size='scalable')) = 11.335
2025-09-26 17:04:38,211 ; matplotlib.font_manager                                      ; DEBUG   ; findfont: score(FontEntry(fname='C:\\Windows\\Fonts\\GOTHICBI.TTF', name='Century Gothic', style='italic', variant='normal', weight=700, stretch='normal', size='scalable')) = 11.335
2025-09-26 17:04:38,212 ; matplotlib.font_manager                                      ; DEBUG   ; findfont: score(FontEntry(fname='C:\\Windows\\Fonts\\mtproxy4.ttf', name='Proxy 4', style='normal', variant='normal', weight=400, stretch='normal', size='scalable')) = 10.05
2025-09-26 17:04:38,212 ; matplotlib.font_manager                                      ; DEBUG   ; findfont: score(FontEntry(fname='C:\\Windows\\Fonts\\corbelli.ttf', name='Corbel', style='italic', variant='normal', weight=300, stretch='normal', size='scalable')) = 11.145
2025-09-26 17:04:38,212 ; matplotlib.font_manager                                      ; DEBUG   ; findfont: score(FontEntry(fname='C:\\Windows\\Fonts\\supef___.ttf', name='SuperFrench', style='normal', variant='normal', weight=400, stretch='normal', size='scalable')) = 10.05
2025-09-26 17:04:38,213 ; matplotlib.font_manager                                      ; DEBUG   ; findfont: score(FontEntry(fname='C:\\Windows\\Fonts\\CENTAUR.TTF', name='Centaur', style='normal', variant='normal', weight=400, stretch='normal', size='scalable')) = 10.05
2025-09-26 17:04:38,213 ; matplotlib.font_manager                                      ; DEBUG   ; findfont: score(FontEntry(fname='C:\\Windows\\Fonts\\msjhbd.ttc', name='Microsoft JhengHei', style='normal', variant='normal', weight=700, stretch='normal', size='scalable')) = 10.335
2025-09-26 17:04:38,213 ; matplotlib.font_manager                                      ; DEBUG   ; findfont: score(FontEntry(fname='C:\\Windows\\Fonts\\Deng.ttf', name='DengXian', style='normal', variant='normal', weight=400, stretch='normal', size='scalable')) = 10.05
2025-09-26 17:04:38,213 ; matplotlib.font_manager                                      ; DEBUG   ; findfont: score(FontEntry(fname='C:\\Windows\\Fonts\\monotxt_.ttf', name='Monotxt', style='normal', variant='normal', weight=400, stretch='normal', size='scalable')) = 10.05
2025-09-26 17:04:38,213 ; matplotlib.font_manager                                      ; DEBUG   ; findfont: score(FontEntry(fname='C:\\Windows\\Fonts\\romab___.ttf', name='Romantic', style='normal', variant='normal', weight=700, stretch='normal', size='scalable')) = 10.335
2025-09-26 17:04:38,214 ; matplotlib.font_manager                                      ; DEBUG   ; findfont: score(FontEntry(fname='C:\\Windows\\Fonts\\gadugib.ttf', name='Gadugi', style='normal', variant='normal', weight=700, stretch='normal', size='scalable')) = 10.335
2025-09-26 17:04:38,215 ; matplotlib.font_manager                                      ; DEBUG   ; findfont: score(FontEntry(fname='C:\\Windows\\Fonts\\BERNHC.TTF', name='Bernard MT Condensed', style='normal', variant='normal', weight=400, stretch='condensed', size='scalable')) = 10.25
2025-09-26 17:04:38,215 ; matplotlib.font_manager                                      ; DEBUG   ; findfont: score(FontEntry(fname='C:\\Windows\\Fonts\\msgothic.ttc', name='MS Gothic', style='normal', variant='normal', weight=400, stretch='normal', size='scalable')) = 10.05
2025-09-26 17:04:38,215 ; matplotlib.font_manager                                      ; DEBUG   ; findfont: score(FontEntry(fname='C:\\Windows\\Fonts\\isoct___.ttf', name='ISOCT', style='normal', variant='normal', weight=400, stretch='normal', size='scalable')) = 10.05
2025-09-26 17:04:38,216 ; matplotlib.font_manager                                      ; DEBUG   ; findfont: score(FontEntry(fname='C:\\Windows\\Fonts\\KievitOffcPro.ttf', name='Kievit Offc Pro', style='normal', variant='normal', weight=400, stretch='normal', size='scalable')) = 10.05
2025-09-26 17:04:38,216 ; matplotlib.font_manager                                      ; DEBUG   ; findfont: score(FontEntry(fname='C:\\Windows\\Fonts\\georgiai.ttf', name='Georgia', style='italic', variant='normal', weight=400, stretch='normal', size='scalable')) = 11.05
2025-09-26 17:04:38,216 ; matplotlib.font_manager                                      ; DEBUG   ; findfont: score(FontEntry(fname='C:\\Windows\\Fonts\\eurr____.ttf', name='EuroRoman', style='normal', variant='normal', weight=400, stretch='normal', size='scalable')) = 10.05
2025-09-26 17:04:38,216 ; matplotlib.font_manager                                      ; DEBUG   ; findfont: score(FontEntry(fname='C:\\Windows\\Fonts\\monosbi.ttf', name='Monospac821 BT', style='italic', variant='normal', weight=700, stretch='normal', size='scalable')) = 11.335
2025-09-26 17:04:38,217 ; matplotlib.font_manager                                      ; DEBUG   ; findfont: score(FontEntry(fname='C:\\Windows\\Fonts\\LBRITED.TTF', name='Lucida Bright', style='normal', variant='normal', weight=600, stretch='normal', size='scalable')) = 10.24
2025-09-26 17:04:38,217 ; matplotlib.font_manager                                      ; DEBUG   ; findfont: score(FontEntry(fname='C:\\Windows\\Fonts\\swisscli.ttf', name='Swis721 LtCn BT', style='italic', variant='normal', weight=400, stretch='condensed', size='scalable')) = 11.25
2025-09-26 17:04:38,218 ; matplotlib.font_manager                                      ; DEBUG   ; findfont: score(FontEntry(fname='C:\\Windows\\Fonts\\seguibli.ttf', name='Segoe UI', style='italic', variant='normal', weight=900, stretch='normal', size='scalable')) = 11.525
2025-09-26 17:04:38,218 ; matplotlib.font_manager                                      ; DEBUG   ; findfont: score(FontEntry(fname='C:\\Windows\\Fonts\\cambriai.ttf', name='Cambria', style='italic', variant='normal', weight=400, stretch='normal', size='scalable')) = 11.05
2025-09-26 17:04:38,218 ; matplotlib.font_manager                                      ; DEBUG   ; findfont: score(FontEntry(fname='C:\\Windows\\Fonts\\TCB_____.TTF', name='Tw Cen MT', style='normal', variant='normal', weight=700, stretch='normal', size='scalable')) = 10.335
2025-09-26 17:04:38,219 ; matplotlib.font_manager                                      ; DEBUG   ; findfont: score(FontEntry(fname='C:\\Windows\\Fonts\\CALIST.TTF', name='Calisto MT', style='normal', variant='normal', weight=400, stretch='normal', size='scalable')) = 10.05
2025-09-26 17:04:38,219 ; matplotlib.font_manager                                      ; DEBUG   ; findfont: score(FontEntry(fname='C:\\Windows\\Fonts\\Artifakt Element Hair.ttf', name='Artifakt Element', style='normal', variant='normal', weight=100, stretch='normal', size='scalable')) = 10.335
2025-09-26 17:04:38,219 ; matplotlib.font_manager                                      ; DEBUG   ; findfont: score(FontEntry(fname='C:\\Windows\\Fonts\\isocp3__.ttf', name='ISOCP3', style='normal', variant='normal', weight=400, stretch='normal', size='scalable')) = 10.05
2025-09-26 17:04:38,219 ; matplotlib.font_manager                                      ; DEBUG   ; findfont: score(FontEntry(fname='C:\\Windows\\Fonts\\panroman.ttf', name='PanRoman', style='normal', variant='normal', weight=400, stretch='normal', size='scalable')) = 10.05
2025-09-26 17:04:38,220 ; matplotlib.font_manager                                      ; DEBUG   ; findfont: score(FontEntry(fname='C:\\Windows\\Fonts\\syastro_.ttf', name='Syastro', style='normal', variant='normal', weight=400, stretch='normal', size='scalable')) = 10.05
2025-09-26 17:04:38,220 ; matplotlib.font_manager                                      ; DEBUG   ; findfont: score(FontEntry(fname='C:\\Windows\\Fonts\\sanssb__.ttf', name='SansSerif', style='normal', variant='normal', weight=700, stretch='normal', size='scalable')) = 10.335
2025-09-26 17:04:38,220 ; matplotlib.font_manager                                      ; DEBUG   ; findfont: score(FontEntry(fname='C:\\Windows\\Fonts\\palai.ttf', name='Palatino Linotype', style='italic', variant='normal', weight=400, stretch='normal', size='scalable')) = 11.05
2025-09-26 17:04:38,221 ; matplotlib.font_manager                                      ; DEBUG   ; findfont: score(FontEntry(fname='C:\\Windows\\Fonts\\COPRGTL.TTF', name='Copperplate Gothic Light', style='normal', variant='normal', weight=400, stretch='normal', size='scalable')) = 10.05
2025-09-26 17:04:38,221 ; matplotlib.font_manager                                      ; DEBUG   ; findfont: score(FontEntry(fname='C:\\Windows\\Fonts\\segoesc.ttf', name='Segoe Script', style='normal', variant='normal', weight=400, stretch='normal', size='scalable')) = 10.05
2025-09-26 17:04:38,221 ; matplotlib.font_manager                                      ; DEBUG   ; findfont: score(FontEntry(fname='C:\\Windows\\Fonts\\ROCKBI.TTF', name='Rockwell', style='italic', variant='normal', weight=700, stretch='normal', size='scalable')) = 11.335
2025-09-26 17:04:38,222 ; matplotlib.font_manager                                      ; DEBUG   ; findfont: score(FontEntry(fname='C:\\Windows\\Fonts\\symath__.ttf', name='Symath', style='normal', variant='normal', weight=400, stretch='normal', size='scalable')) = 10.05
2025-09-26 17:04:38,222 ; matplotlib.font_manager                                      ; DEBUG   ; findfont: score(FontEntry(fname='C:\\Windows\\Fonts\\ANTQUAB.TTF', name='Book Antiqua', style='normal', variant='normal', weight=700, stretch='normal', size='scalable')) = 10.335
2025-09-26 17:04:38,222 ; matplotlib.font_manager                                      ; DEBUG   ; findfont: score(FontEntry(fname='C:\\Windows\\Fonts\\arialbi.ttf', name='Arial', style='italic', variant='normal', weight=700, stretch='normal', size='scalable')) = 7.698636363636363
2025-09-26 17:04:38,222 ; matplotlib.font_manager                                      ; DEBUG   ; findfont: score(FontEntry(fname='C:\\Windows\\Fonts\\mtproxy2.ttf', name='Proxy 2', style='normal', variant='normal', weight=400, stretch='normal', size='scalable')) = 10.05
2025-09-26 17:04:38,223 ; matplotlib.font_manager                                      ; DEBUG   ; findfont: score(FontEntry(fname='C:\\Windows\\Fonts\\mingliub.ttc', name='MingLiU-ExtB', style='normal', variant='normal', weight=400, stretch='normal', size='scalable')) = 10.05
2025-09-26 17:04:38,223 ; matplotlib.font_manager                                      ; DEBUG   ; findfont: score(FontEntry(fname='C:\\Windows\\Fonts\\PERB____.TTF', name='Perpetua', style='normal', variant='normal', weight=700, stretch='normal', size='scalable')) = 10.335
2025-09-26 17:04:38,223 ; matplotlib.font_manager                                      ; DEBUG   ; findfont: score(FontEntry(fname='C:\\Windows\\Fonts\\segoeuii.ttf', name='Segoe UI', style='italic', variant='normal', weight=400, stretch='normal', size='scalable')) = 11.05
2025-09-26 17:04:38,224 ; matplotlib.font_manager                                      ; DEBUG   ; findfont: score(FontEntry(fname='C:\\Windows\\Fonts\\seguihis.ttf', name='Segoe UI Historic', style='normal', variant='normal', weight=400, stretch='normal', size='scalable')) = 10.05
2025-09-26 17:04:38,224 ; matplotlib.font_manager                                      ; DEBUG   ; findfont: score(FontEntry(fname='C:\\Windows\\Fonts\\swisseb.ttf', name='Swis721 Ex BT', style='normal', variant='normal', weight=700, stretch='expanded', size='scalable')) = 10.535
2025-09-26 17:04:38,224 ; matplotlib.font_manager                                      ; DEBUG   ; findfont: score(FontEntry(fname='C:\\Windows\\Fonts\\Artifakt Element Bold Italic.ttf', name='Artifakt Element', style='italic', variant='normal', weight=700, stretch='normal', size='scalable')) = 11.335
2025-09-26 17:04:38,225 ; matplotlib.font_manager                                      ; DEBUG   ; findfont: score(FontEntry(fname='C:\\Windows\\Fonts\\GOTHICB.TTF', name='Century Gothic', style='normal', variant='normal', weight=700, stretch='normal', size='scalable')) = 10.335
2025-09-26 17:04:38,225 ; matplotlib.font_manager                                      ; DEBUG   ; findfont: score(FontEntry(fname='C:\\Windows\\Fonts\\BRADHITC.TTF', name='Bradley Hand ITC', style='normal', variant='normal', weight=400, stretch='normal', size='scalable')) = 10.05
2025-09-26 17:04:38,225 ; matplotlib.font_manager                                      ; DEBUG   ; findfont: score(FontEntry(fname='C:\\Windows\\Fonts\\GLECB.TTF', name='Gloucester MT Extra Condensed', style='normal', variant='normal', weight=400, stretch='condensed', size='scalable')) = 10.25
2025-09-26 17:04:38,225 ; matplotlib.font_manager                                      ; DEBUG   ; findfont: score(FontEntry(fname='C:\\Windows\\Fonts\\georgiaz.ttf', name='Georgia', style='italic', variant='normal', weight=700, stretch='normal', size='scalable')) = 11.335
2025-09-26 17:04:38,225 ; matplotlib.font_manager                                      ; DEBUG   ; findfont: score(FontEntry(fname='C:\\Windows\\Fonts\\seguibl.ttf', name='Segoe UI', style='normal', variant='normal', weight=900, stretch='normal', size='scalable')) = 10.525
2025-09-26 17:04:38,225 ; matplotlib.font_manager                                      ; DEBUG   ; findfont: score(FontEntry(fname='C:\\Windows\\Fonts\\simplex_.ttf', name='Simplex', style='normal', variant='normal', weight=400, stretch='normal', size='scalable')) = 10.05
2025-09-26 17:04:38,227 ; matplotlib.font_manager                                      ; DEBUG   ; findfont: score(FontEntry(fname='C:\\Windows\\Fonts\\times.ttf', name='Times New Roman', style='normal', variant='normal', weight=400, stretch='normal', size='scalable')) = 10.05
2025-09-26 17:04:38,227 ; matplotlib.font_manager                                      ; DEBUG   ; findfont: score(FontEntry(fname='C:\\Windows\\Fonts\\counb___.ttf', name='CountryBlueprint', style='normal', variant='normal', weight=400, stretch='normal', size='scalable')) = 10.05
2025-09-26 17:04:38,227 ; matplotlib.font_manager                                      ; DEBUG   ; findfont: score(FontEntry(fname='C:\\Windows\\Fonts\\Artifakt Element Regular.ttf', name='Artifakt Element', style='normal', variant='normal', weight=400, stretch='normal', size='scalable')) = 10.05
2025-09-26 17:04:38,228 ; matplotlib.font_manager                                      ; DEBUG   ; findfont: score(FontEntry(fname='C:\\Windows\\Fonts\\Artifakt Element Italic.ttf', name='Artifakt Element', style='italic', variant='normal', weight=400, stretch='normal', size='scalable')) = 11.05
2025-09-26 17:04:38,228 ; matplotlib.font_manager                                      ; DEBUG   ; findfont: score(FontEntry(fname='C:\\Windows\\Fonts\\romai___.ttf', name='Romantic', style='italic', variant='normal', weight=400, stretch='normal', size='scalable')) = 11.05
2025-09-26 17:04:38,228 ; matplotlib.font_manager                                      ; DEBUG   ; findfont: score(FontEntry(fname='C:\\Windows\\Fonts\\isocp2__.ttf', name='ISOCP2', style='normal', variant='normal', weight=400, stretch='normal', size='scalable')) = 10.05
2025-09-26 17:04:38,228 ; matplotlib.font_manager                                      ; DEBUG   ; findfont: score(FontEntry(fname='C:\\Windows\\Fonts\\GLSNECB.TTF', name='Gill Sans MT Ext Condensed Bold', style='normal', variant='normal', weight=400, stretch='condensed', size='scalable')) = 10.25
2025-09-26 17:04:38,229 ; matplotlib.font_manager                                      ; DEBUG   ; findfont: score(FontEntry(fname='C:\\Windows\\Fonts\\corbel.ttf', name='Corbel', style='normal', variant='normal', weight=400, stretch='normal', size='scalable')) = 10.05
2025-09-26 17:04:38,229 ; matplotlib.font_manager                                      ; DEBUG   ; findfont: score(FontEntry(fname='C:\\Windows\\Fonts\\swisscl.ttf', name='Swis721 LtCn BT', style='normal', variant='normal', weight=400, stretch='condensed', size='scalable')) = 10.25
2025-09-26 17:04:38,229 ; matplotlib.font_manager                                      ; DEBUG   ; findfont: score(FontEntry(fname='C:\\Windows\\Fonts\\DUBAI-BOLD.TTF', name='Dubai', style='normal', variant='normal', weight=700, stretch='normal', size='scalable')) = 10.335
2025-09-26 17:04:38,229 ; matplotlib.font_manager                                      ; DEBUG   ; findfont: score(FontEntry(fname='C:\\Windows\\Fonts\\tahomabd.ttf', name='Tahoma', style='normal', variant='normal', weight=700, stretch='normal', size='scalable')) = 10.335
2025-09-26 17:04:38,229 ; matplotlib.font_manager                                      ; DEBUG   ; findfont: score(FontEntry(fname='C:\\Windows\\Fonts\\isocteur.ttf', name='ISOCTEUR', style='normal', variant='normal', weight=400, stretch='normal', size='scalable')) = 10.05
2025-09-26 17:04:38,229 ; matplotlib.font_manager                                      ; DEBUG   ; findfont: score(FontEntry(fname='C:\\Windows\\Fonts\\PERTILI.TTF', name='Perpetua Titling MT', style='normal', variant='normal', weight=300, stretch='normal', size='scalable')) = 10.145
2025-09-26 17:04:38,230 ; matplotlib.font_manager                                      ; DEBUG   ; findfont: score(FontEntry(fname='C:\\Windows\\Fonts\\VIVALDII.TTF', name='Vivaldi', style='italic', variant='normal', weight=400, stretch='normal', size='scalable')) = 11.05
2025-09-26 17:04:38,230 ; matplotlib.font_manager                                      ; DEBUG   ; findfont: score(FontEntry(fname='C:\\Windows\\Fonts\\consolaz.ttf', name='Consolas', style='italic', variant='normal', weight=700, stretch='normal', size='scalable')) = 11.335
2025-09-26 17:04:38,230 ; matplotlib.font_manager                                      ; DEBUG   ; findfont: score(FontEntry(fname='C:\\Windows\\Fonts\\FRADMIT.TTF', name='Franklin Gothic Demi', style='italic', variant='normal', weight=400, stretch='normal', size='scalable')) = 11.05
2025-09-26 17:04:38,230 ; matplotlib.font_manager                                      ; DEBUG   ; findfont: score(FontEntry(fname='C:\\Windows\\Fonts\\Inkfree.ttf', name='Ink Free', style='normal', variant='normal', weight=400, stretch='normal', size='scalable')) = 10.05
2025-09-26 17:04:38,231 ; matplotlib.font_manager                                      ; DEBUG   ; findfont: score(FontEntry(fname='C:\\Windows\\Fonts\\trebuc.ttf', name='Trebuchet MS', style='normal', variant='normal', weight=400, stretch='normal', size='scalable')) = 10.05
2025-09-26 17:04:38,231 ; matplotlib.font_manager                                      ; DEBUG   ; findfont: score(FontEntry(fname='C:\\Windows\\Fonts\\TCM_____.TTF', name='Tw Cen MT', style='normal', variant='normal', weight=400, stretch='normal', size='scalable')) = 10.05
2025-09-26 17:04:38,231 ; matplotlib.font_manager                                      ; DEBUG   ; findfont: score(FontEntry(fname='C:\\Windows\\Fonts\\malgun.ttf', name='Malgun Gothic', style='normal', variant='normal', weight=400, stretch='normal', size='scalable')) = 10.05
2025-09-26 17:04:38,231 ; matplotlib.font_manager                                      ; DEBUG   ; findfont: score(FontEntry(fname='C:\\Windows\\Fonts\\ROCKB.TTF', name='Rockwell', style='normal', variant='normal', weight=700, stretch='normal', size='scalable')) = 10.335
2025-09-26 17:04:38,231 ; matplotlib.font_manager                                      ; DEBUG   ; findfont: score(FontEntry(fname='C:\\Windows\\Fonts\\ONYX.TTF', name='Onyx', style='normal', variant='normal', weight=400, stretch='normal', size='scalable')) = 10.05
2025-09-26 17:04:38,232 ; matplotlib.font_manager                                      ; DEBUG   ; findfont: score(FontEntry(fname='C:\\Windows\\Fonts\\comic.ttf', name='Comic Sans MS', style='normal', variant='normal', weight=400, stretch='normal', size='scalable')) = 10.05
2025-09-26 17:04:38,232 ; matplotlib.font_manager                                      ; DEBUG   ; findfont: score(FontEntry(fname='C:\\Windows\\Fonts\\malgunbd.ttf', name='Malgun Gothic', style='normal', variant='normal', weight=700, stretch='normal', size='scalable')) = 10.335
2025-09-26 17:04:38,232 ; matplotlib.font_manager                                      ; DEBUG   ; findfont: score(FontEntry(fname='C:\\Windows\\Fonts\\swissli.ttf', name='Swis721 Lt BT', style='italic', variant='normal', weight=400, stretch='normal', size='scalable')) = 11.05
2025-09-26 17:04:38,232 ; matplotlib.font_manager                                      ; DEBUG   ; findfont: score(FontEntry(fname='C:\\Windows\\Fonts\\symeteo_.ttf', name='Symeteo', style='normal', variant='normal', weight=400, stretch='normal', size='scalable')) = 10.05
2025-09-26 17:04:38,232 ; matplotlib.font_manager                                      ; DEBUG   ; findfont: score(FontEntry(fname='C:\\Windows\\Fonts\\comicbd.ttf', name='Comic Sans MS', style='normal', variant='normal', weight=700, stretch='normal', size='scalable')) = 10.335
2025-09-26 17:04:38,233 ; matplotlib.font_manager                                      ; DEBUG   ; findfont: score(FontEntry(fname='C:\\Windows\\Fonts\\framd.ttf', name='Franklin Gothic Medium', style='normal', variant='normal', weight=400, stretch='normal', size='scalable')) = 10.05
2025-09-26 17:04:38,233 ; matplotlib.font_manager                                      ; DEBUG   ; findfont: score(FontEntry(fname='C:\\Windows\\Fonts\\mtproxy1.ttf', name='Proxy 1', style='normal', variant='normal', weight=400, stretch='normal', size='scalable')) = 10.05
2025-09-26 17:04:38,233 ; matplotlib.font_manager                                      ; DEBUG   ; findfont: score(FontEntry(fname='C:\\Windows\\Fonts\\timesbi.ttf', name='Times New Roman', style='italic', variant='normal', weight=700, stretch='normal', size='scalable')) = 11.335
2025-09-26 17:04:38,233 ; matplotlib.font_manager                                      ; DEBUG   ; findfont: score(FontEntry(fname='C:\\Windows\\Fonts\\calibri.ttf', name='Calibri', style='normal', variant='normal', weight=400, stretch='normal', size='scalable')) = 10.05
2025-09-26 17:04:38,233 ; matplotlib.font_manager                                      ; DEBUG   ; findfont: score(FontEntry(fname='C:\\Windows\\Fonts\\mtproxy5.ttf', name='Proxy 5', style='normal', variant='normal', weight=400, stretch='normal', size='scalable')) = 10.05
2025-09-26 17:04:38,233 ; matplotlib.font_manager                                      ; DEBUG   ; findfont: score(FontEntry(fname='C:\\Windows\\Fonts\\romantic.ttf', name='Romantic', style='normal', variant='normal', weight=400, stretch='normal', size='scalable')) = 10.05
2025-09-26 17:04:38,233 ; matplotlib.font_manager                                      ; DEBUG   ; findfont: score(FontEntry(fname='C:\\Windows\\Fonts\\BELLI.TTF', name='Bell MT', style='italic', variant='normal', weight=400, stretch='normal', size='scalable')) = 11.05
2025-09-26 17:04:38,235 ; matplotlib.font_manager                                      ; DEBUG   ; findfont: score(FontEntry(fname='C:\\Windows\\Fonts\\swissel.ttf', name='Swis721 LtEx BT', style='normal', variant='normal', weight=400, stretch='expanded', size='scalable')) = 10.25
2025-09-26 17:04:38,235 ; matplotlib.font_manager                                      ; DEBUG   ; findfont: score(FontEntry(fname='C:\\Windows\\Fonts\\GARAIT.TTF', name='Garamond', style='italic', variant='normal', weight=400, stretch='normal', size='scalable')) = 11.05
2025-09-26 17:04:38,235 ; matplotlib.font_manager                                      ; DEBUG   ; findfont: score(FontEntry(fname='C:\\Windows\\Fonts\\malgunsl.ttf', name='Malgun Gothic', style='normal', variant='normal', weight=300, stretch='normal', size='scalable')) = 10.145
2025-09-26 17:04:38,235 ; matplotlib.font_manager                                      ; DEBUG   ; findfont: score(FontEntry(fname='C:\\Windows\\Fonts\\SCHLBKI.TTF', name='Century Schoolbook', style='italic', variant='normal', weight=400, stretch='normal', size='scalable')) = 11.05
2025-09-26 17:04:38,235 ; matplotlib.font_manager                                      ; DEBUG   ; findfont: score(FontEntry(fname='C:\\Windows\\Fonts\\DUBAI-LIGHT.TTF', name='Dubai', style='normal', variant='normal', weight=300, stretch='normal', size='scalable')) = 10.145
2025-09-26 17:04:38,236 ; matplotlib.font_manager                                      ; DEBUG   ; findfont: score(FontEntry(fname='C:\\Windows\\Fonts\\msyhl.ttc', name='Microsoft YaHei', style='normal', variant='normal', weight=290, stretch='normal', size='scalable')) = 10.1545
2025-09-26 17:04:38,236 ; matplotlib.font_manager                                      ; DEBUG   ; findfont: score(FontEntry(fname='C:\\Windows\\Fonts\\calibriz.ttf', name='Calibri', style='italic', variant='normal', weight=700, stretch='normal', size='scalable')) = 11.335
2025-09-26 17:04:38,236 ; matplotlib.font_manager                                      ; DEBUG   ; findfont: score(FontEntry(fname='C:\\Windows\\Fonts\\MAIAN.TTF', name='Maiandra GD', style='normal', variant='normal', weight=400, stretch='normal', size='scalable')) = 10.05
2025-09-26 17:04:38,236 ; matplotlib.font_manager                                      ; DEBUG   ; findfont: score(FontEntry(fname='C:\\Windows\\Fonts\\segoepr.ttf', name='Segoe Print', style='normal', variant='normal', weight=400, stretch='normal', size='scalable')) = 10.05
2025-09-26 17:04:38,236 ; matplotlib.font_manager                                      ; DEBUG   ; findfont: score(FontEntry(fname='C:\\Windows\\Fonts\\isocteui.ttf', name='ISOCTEUR', style='italic', variant='normal', weight=400, stretch='normal', size='scalable')) = 11.05
2025-09-26 17:04:38,237 ; matplotlib.font_manager                                      ; DEBUG   ; findfont: score(FontEntry(fname='C:\\Windows\\Fonts\\symbol.ttf', name='Symbol', style='normal', variant='normal', weight=400, stretch='normal', size='scalable')) = 10.05
2025-09-26 17:04:38,237 ; matplotlib.font_manager                                      ; DEBUG   ; findfont: score(FontEntry(fname='C:\\Windows\\Fonts\\BOOKOSB.TTF', name='Bookman Old Style', style='normal', variant='normal', weight=600, stretch='normal', size='scalable')) = 10.24
2025-09-26 17:04:38,237 ; matplotlib.font_manager                                      ; DEBUG   ; findfont: score(FontEntry(fname='C:\\Windows\\Fonts\\LeelaUIb.ttf', name='Leelawadee UI', style='normal', variant='normal', weight=700, stretch='normal', size='scalable')) = 10.335
2025-09-26 17:04:38,237 ; matplotlib.font_manager                                      ; DEBUG   ; findfont: score(FontEntry(fname='C:\\Windows\\Fonts\\sanssbo_.ttf', name='SansSerif', style='oblique', variant='normal', weight=700, stretch='normal', size='scalable')) = 11.335
2025-09-26 17:04:38,237 ; matplotlib.font_manager                                      ; DEBUG   ; findfont: score(FontEntry(fname='C:\\Windows\\Fonts\\CALISTB.TTF', name='Calisto MT', style='normal', variant='normal', weight=700, stretch='normal', size='scalable')) = 10.335
2025-09-26 17:04:38,238 ; matplotlib.font_manager                                      ; DEBUG   ; findfont: score(FontEntry(fname='C:\\Windows\\Fonts\\corbelb.ttf', name='Corbel', style='normal', variant='normal', weight=700, stretch='normal', size='scalable')) = 10.335
2025-09-26 17:04:38,238 ; matplotlib.font_manager                                      ; DEBUG   ; findfont: score(FontEntry(fname='C:\\Windows\\Fonts\\consolai.ttf', name='Consolas', style='italic', variant='normal', weight=400, stretch='normal', size='scalable')) = 11.05
2025-09-26 17:04:38,238 ; matplotlib.font_manager                                      ; DEBUG   ; findfont: score(FontEntry(fname='C:\\Windows\\Fonts\\swisscbo.ttf', name='Swis721 BdCnOul BT', style='normal', variant='normal', weight=400, stretch='condensed', size='scalable')) = 10.25
2025-09-26 17:04:38,238 ; matplotlib.font_manager                                      ; DEBUG   ; findfont: score(FontEntry(fname='C:\\Windows\\Fonts\\LBRITEDI.TTF', name='Lucida Bright', style='italic', variant='normal', weight=600, stretch='normal', size='scalable')) = 11.24
2025-09-26 17:04:38,238 ; matplotlib.font_manager                                      ; DEBUG   ; findfont: score(FontEntry(fname='C:\\Windows\\Fonts\\BRITANIC.TTF', name='Britannic Bold', style='normal', variant='normal', weight=400, stretch='normal', size='scalable')) = 10.05
2025-09-26 17:04:38,238 ; matplotlib.font_manager                                      ; DEBUG   ; findfont: score(FontEntry(fname='C:\\Windows\\Fonts\\ARIALNB.TTF', name='Arial', style='normal', variant='normal', weight=700, stretch='condensed', size='scalable')) = 6.8986363636363635
2025-09-26 17:04:38,238 ; matplotlib.font_manager                                      ; DEBUG   ; findfont: score(FontEntry(fname='C:\\Windows\\Fonts\\swissl.ttf', name='Swis721 Lt BT', style='normal', variant='normal', weight=400, stretch='normal', size='scalable')) = 10.05
2025-09-26 17:04:38,238 ; matplotlib.font_manager                                      ; DEBUG   ; findfont: score(FontEntry(fname='C:\\Windows\\Fonts\\GOTHIC.TTF', name='Century Gothic', style='normal', variant='normal', weight=400, stretch='normal', size='scalable')) = 10.05
2025-09-26 17:04:38,239 ; matplotlib.font_manager                                      ; DEBUG   ; findfont: score(FontEntry(fname='C:\\Windows\\Fonts\\bahnschrift.ttf', name='Bahnschrift', style='normal', variant='normal', weight=400, stretch='normal', size='scalable')) = 10.05
2025-09-26 17:04:38,239 ; matplotlib.font_manager                                      ; DEBUG   ; findfont: score(FontEntry(fname='C:\\Windows\\Fonts\\PALSCRI.TTF', name='Palace Script MT', style='normal', variant='normal', weight=400, stretch='normal', size='scalable')) = 10.05
2025-09-26 17:04:38,239 ; matplotlib.font_manager                                      ; DEBUG   ; findfont: score(FontEntry(fname='C:\\Windows\\Fonts\\FRAHVIT.TTF', name='Franklin Gothic Heavy', style='italic', variant='normal', weight=400, stretch='normal', size='scalable')) = 11.05
2025-09-26 17:04:38,239 ; matplotlib.font_manager                                      ; DEBUG   ; findfont: score(FontEntry(fname='C:\\Windows\\Fonts\\ntailu.ttf', name='Microsoft New Tai Lue', style='normal', variant='normal', weight=400, stretch='normal', size='scalable')) = 10.05
2025-09-26 17:04:38,239 ; matplotlib.font_manager                                      ; DEBUG   ; findfont: score(FontEntry(fname='C:\\Windows\\Fonts\\NIAGSOL.TTF', name='Niagara Solid', style='normal', variant='normal', weight=400, stretch='normal', size='scalable')) = 10.05
2025-09-26 17:04:38,240 ; matplotlib.font_manager                                      ; DEBUG   ; findfont: score(FontEntry(fname='C:\\Windows\\Fonts\\mtproxy8.ttf', name='Proxy 8', style='normal', variant='normal', weight=400, stretch='normal', size='scalable')) = 10.05
2025-09-26 17:04:38,240 ; matplotlib.font_manager                                      ; DEBUG   ; findfont: score(FontEntry(fname='C:\\Windows\\Fonts\\PERI____.TTF', name='Perpetua', style='italic', variant='normal', weight=400, stretch='normal', size='scalable')) = 11.05
2025-09-26 17:04:38,240 ; matplotlib.font_manager                                      ; DEBUG   ; findfont: score(FontEntry(fname='C:\\Windows\\Fonts\\BOD_BLAI.TTF', name='Bodoni MT', style='italic', variant='normal', weight=900, stretch='normal', size='scalable')) = 11.525
2025-09-26 17:04:38,240 ; matplotlib.font_manager                                      ; DEBUG   ; findfont: score(FontEntry(fname='C:\\Windows\\Fonts\\ARIALNI.TTF', name='Arial', style='italic', variant='normal', weight=400, stretch='condensed', size='scalable')) = 7.613636363636363
2025-09-26 17:04:38,240 ; matplotlib.font_manager                                      ; DEBUG   ; findfont: score(FontEntry(fname='C:\\Windows\\Fonts\\mtproxy6.ttf', name='Proxy 6', style='normal', variant='normal', weight=400, stretch='normal', size='scalable')) = 10.05
2025-09-26 17:04:38,241 ; matplotlib.font_manager                                      ; DEBUG   ; findfont: score(FontEntry(fname='C:\\Windows\\Fonts\\BOD_CI.TTF', name='Bodoni MT', style='italic', variant='normal', weight=400, stretch='condensed', size='scalable')) = 11.25
2025-09-26 17:04:38,241 ; matplotlib.font_manager                                      ; DEBUG   ; findfont: score(FontEntry(fname='C:\\Windows\\Fonts\\CALISTI.TTF', name='Calisto MT', style='italic', variant='normal', weight=400, stretch='normal', size='scalable')) = 11.05
2025-09-26 17:04:38,241 ; matplotlib.font_manager                                      ; DEBUG   ; findfont: score(FontEntry(fname='C:\\Windows\\Fonts\\SNAP____.TTF', name='Snap ITC', style='normal', variant='normal', weight=400, stretch='normal', size='scalable')) = 10.05
2025-09-26 17:04:38,242 ; matplotlib.font_manager                                      ; DEBUG   ; findfont: score(FontEntry(fname='C:\\Windows\\Fonts\\AIGDT___.TTF', name='AIGDT', style='normal', variant='normal', weight=400, stretch='normal', size='scalable')) = 10.05
2025-09-26 17:04:38,242 ; matplotlib.font_manager                                      ; DEBUG   ; findfont: score(FontEntry(fname='C:\\Windows\\Fonts\\LFAXD.TTF', name='Lucida Fax', style='normal', variant='normal', weight=600, stretch='normal', size='scalable')) = 10.24
2025-09-26 17:04:38,242 ; matplotlib.font_manager                                      ; DEBUG   ; findfont: score(FontEntry(fname='C:\\Windows\\Fonts\\techb___.ttf', name='TechnicBold', style='normal', variant='normal', weight=400, stretch='normal', size='scalable')) = 10.05
2025-09-26 17:04:38,243 ; matplotlib.font_manager                                      ; DEBUG   ; findfont: score(FontEntry(fname='C:\\Windows\\Fonts\\Nirmala.ttf', name='Nirmala UI', style='normal', variant='normal', weight=400, stretch='normal', size='scalable')) = 10.05
2025-09-26 17:04:38,243 ; matplotlib.font_manager                                      ; DEBUG   ; findfont: score(FontEntry(fname='C:\\Windows\\Fonts\\constan.ttf', name='Constantia', style='normal', variant='normal', weight=400, stretch='normal', size='scalable')) = 10.05
2025-09-26 17:04:38,243 ; matplotlib.font_manager                                      ; DEBUG   ; findfont: score(FontEntry(fname='C:\\Windows\\Fonts\\Artifakt Element Bold.ttf', name='Artifakt Element', style='normal', variant='normal', weight=700, stretch='normal', size='scalable')) = 10.335
2025-09-26 17:04:38,243 ; matplotlib.font_manager                                      ; DEBUG   ; findfont: score(FontEntry(fname='C:\\Windows\\Fonts\\swissek.ttf', name='Swis721 BlkEx BT', style='normal', variant='normal', weight=400, stretch='expanded', size='scalable')) = 10.25
2025-09-26 17:04:38,243 ; matplotlib.font_manager                                      ; DEBUG   ; findfont: score(FontEntry(fname='C:\\Windows\\Fonts\\dutch.ttf', name='Dutch801 Rm BT', style='normal', variant='normal', weight=400, stretch='normal', size='scalable')) = 10.05
2025-09-26 17:04:38,243 ; matplotlib.font_manager                                      ; DEBUG   ; findfont: score(FontEntry(fname='C:\\Windows\\Fonts\\verdanaz.ttf', name='Verdana', style='italic', variant='normal', weight=700, stretch='normal', size='scalable')) = 4.971363636363637
2025-09-26 17:04:38,245 ; matplotlib.font_manager                                      ; DEBUG   ; findfont: score(FontEntry(fname='C:\\Windows\\Fonts\\Dengb.ttf', name='DengXian', style='normal', variant='normal', weight=700, stretch='normal', size='scalable')) = 10.335
2025-09-26 17:04:38,245 ; matplotlib.font_manager                                      ; DEBUG   ; findfont: score(FontEntry(fname='C:\\Windows\\Fonts\\YuGothR.ttc', name='Yu Gothic', style='normal', variant='normal', weight=400, stretch='normal', size='scalable')) = 10.05
2025-09-26 17:04:38,245 ; matplotlib.font_manager                                      ; DEBUG   ; findfont: score(FontEntry(fname='C:\\Windows\\Fonts\\swissko.ttf', name='Swis721 BlkOul BT', style='normal', variant='normal', weight=400, stretch='normal', size='scalable')) = 10.05
2025-09-26 17:04:38,246 ; matplotlib.font_manager                                      ; DEBUG   ; findfont: score(FontEntry(fname='C:\\Windows\\Fonts\\Artifakt Element Light Italic.ttf', name='Artifakt Element', style='italic', variant='normal', weight=300, stretch='normal', size='scalable')) = 11.145
2025-09-26 17:04:38,246 ; matplotlib.font_manager                                      ; DEBUG   ; findfont: score(FontEntry(fname='C:\\Windows\\Fonts\\GENISO.ttf', name='GENISO', style='normal', variant='normal', weight=400, stretch='normal', size='scalable')) = 10.05
2025-09-26 17:04:38,246 ; matplotlib.font_manager                                      ; DEBUG   ; findfont: score(FontEntry(fname='C:\\Windows\\Fonts\\REFSPCL.TTF', name='MS Reference Specialty', style='normal', variant='normal', weight=400, stretch='normal', size='scalable')) = 10.05
2025-09-26 17:04:38,247 ; matplotlib.font_manager                                      ; DEBUG   ; findfont: score(FontEntry(fname='C:\\Windows\\Fonts\\romant__.ttf', name='RomanT', style='normal', variant='normal', weight=400, stretch='normal', size='scalable')) = 10.05
2025-09-26 17:04:38,247 ; matplotlib.font_manager                                      ; DEBUG   ; findfont: score(FontEntry(fname='C:\\Windows\\Fonts\\LSANS.TTF', name='Lucida Sans', style='normal', variant='normal', weight=400, stretch='normal', size='scalable')) = 10.05
2025-09-26 17:04:38,247 ; matplotlib.font_manager                                      ; DEBUG   ; findfont: score(FontEntry(fname='C:\\Windows\\Fonts\\msjhl.ttc', name='Microsoft JhengHei', style='normal', variant='normal', weight=290, stretch='normal', size='scalable')) = 10.1545
2025-09-26 17:04:38,247 ; matplotlib.font_manager                                      ; DEBUG   ; findfont: score(FontEntry(fname='C:\\Windows\\Fonts\\lucon.ttf', name='Lucida Console', style='normal', variant='normal', weight=400, stretch='normal', size='scalable')) = 10.05
2025-09-26 17:04:38,247 ; matplotlib.font_manager                                      ; DEBUG   ; findfont: score(FontEntry(fname='C:\\Windows\\Fonts\\TCMI____.TTF', name='Tw Cen MT', style='italic', variant='normal', weight=400, stretch='normal', size='scalable')) = 11.05
2025-09-26 17:04:38,249 ; matplotlib.font_manager                                      ; DEBUG   ; findfont: score(FontEntry(fname='C:\\Windows\\Fonts\\segoeuiz.ttf', name='Segoe UI', style='italic', variant='normal', weight=700, stretch='normal', size='scalable')) = 11.335
2025-09-26 17:04:38,249 ; matplotlib.font_manager                                      ; DEBUG   ; findfont: score(FontEntry(fname='C:\\Windows\\Fonts\\complex_.ttf', name='Complex', style='normal', variant='normal', weight=400, stretch='normal', size='scalable')) = 10.05
2025-09-26 17:04:38,249 ; matplotlib.font_manager                                      ; DEBUG   ; findfont: score(FontEntry(fname='C:\\Windows\\Fonts\\BOOKOSI.TTF', name='Bookman Old Style', style='italic', variant='normal', weight=300, stretch='normal', size='scalable')) = 11.145
2025-09-26 17:04:38,250 ; matplotlib.font_manager                                      ; DEBUG   ; findfont: score(FontEntry(fname='C:\\Windows\\Fonts\\micross.ttf', name='Microsoft Sans Serif', style='normal', variant='normal', weight=400, stretch='normal', size='scalable')) = 10.05
2025-09-26 17:04:38,250 ; matplotlib.font_manager                                      ; DEBUG   ; findfont: score(FontEntry(fname='C:\\Windows\\Fonts\\MSUIGHUR.TTF', name='Microsoft Uighur', style='normal', variant='normal', weight=400, stretch='normal', size='scalable')) = 10.05
2025-09-26 17:04:38,250 ; matplotlib.font_manager                                      ; DEBUG   ; findfont: score(FontEntry(fname='C:\\Windows\\Fonts\\palabi.ttf', name='Palatino Linotype', style='italic', variant='normal', weight=700, stretch='normal', size='scalable')) = 11.335
2025-09-26 17:04:38,250 ; matplotlib.font_manager                                      ; DEBUG   ; findfont: score(FontEntry(fname='C:\\Windows\\Fonts\\italicc_.ttf', name='ItalicC', style='italic', variant='normal', weight=400, stretch='normal', size='scalable')) = 11.05
2025-09-26 17:04:38,250 ; matplotlib.font_manager                                      ; DEBUG   ; findfont: score(FontEntry(fname='C:\\Windows\\Fonts\\HARNGTON.TTF', name='Harrington', style='normal', variant='normal', weight=400, stretch='normal', size='scalable')) = 10.05
2025-09-26 17:04:38,250 ; matplotlib.font_manager                                      ; DEBUG   ; findfont: score(FontEntry(fname='C:\\Windows\\Fonts\\seguisym.ttf', name='Segoe UI Symbol', style='normal', variant='normal', weight=400, stretch='normal', size='scalable')) = 10.05
2025-09-26 17:04:38,250 ; matplotlib.font_manager                                      ; DEBUG   ; findfont: score(FontEntry(fname='C:\\Windows\\Fonts\\SansSerifCollection.ttf', name='Sans Serif Collection', style='normal', variant='normal', weight=400, stretch='normal', size='scalable')) = 10.05
2025-09-26 17:04:38,250 ; matplotlib.font_manager                                      ; DEBUG   ; findfont: score(FontEntry(fname='C:\\Windows\\Fonts\\PAPYRUS.TTF', name='Papyrus', style='normal', variant='normal', weight=400, stretch='normal', size='scalable')) = 10.05
2025-09-26 17:04:38,250 ; matplotlib.font_manager                                      ; DEBUG   ; findfont: score(FontEntry(fname='C:\\Windows\\Fonts\\BOD_BLAR.TTF', name='Bodoni MT', style='normal', variant='normal', weight=900, stretch='normal', size='scalable')) = 10.525
2025-09-26 17:04:38,253 ; matplotlib.font_manager                                      ; DEBUG   ; findfont: score(FontEntry(fname='C:\\Windows\\Fonts\\ROCC____.TTF', name='Rockwell Condensed', style='normal', variant='normal', weight=400, stretch='condensed', size='scalable')) = 10.25
2025-09-26 17:04:38,253 ; matplotlib.font_manager                                      ; DEBUG   ; findfont: score(FontEntry(fname='C:\\Windows\\Fonts\\GOUDOSI.TTF', name='Goudy Old Style', style='italic', variant='normal', weight=400, stretch='normal', size='scalable')) = 11.05
2025-09-26 17:04:38,253 ; matplotlib.font_manager                                      ; DEBUG   ; findfont: score(FontEntry(fname='C:\\Windows\\Fonts\\mvboli.ttf', name='MV Boli', style='normal', variant='normal', weight=400, stretch='normal', size='scalable')) = 10.05
2025-09-26 17:04:38,255 ; matplotlib.font_manager                                      ; DEBUG   ; findfont: score(FontEntry(fname='C:\\Windows\\Fonts\\FELIXTI.TTF', name='Felix Titling', style='normal', variant='normal', weight=400, stretch='normal', size='scalable')) = 10.05
2025-09-26 17:04:38,255 ; matplotlib.font_manager                                      ; DEBUG   ; findfont: score(FontEntry(fname='C:\\Windows\\Fonts\\HARLOWSI.TTF', name='Harlow Solid Italic', style='italic', variant='normal', weight=400, stretch='normal', size='scalable')) = 11.05
2025-09-26 17:04:38,255 ; matplotlib.font_manager                                      ; DEBUG   ; findfont: score(FontEntry(fname='C:\\Windows\\Fonts\\holomdl2.ttf', name='HoloLens MDL2 Assets', style='normal', variant='normal', weight=400, stretch='normal', size='scalable')) = 10.05
2025-09-26 17:04:38,255 ; matplotlib.font_manager                                      ; DEBUG   ; findfont: score(FontEntry(fname='C:\\Windows\\Fonts\\LTYPEBO.TTF', name='Lucida Sans Typewriter', style='oblique', variant='normal', weight=600, stretch='normal', size='scalable')) = 11.24
2025-09-26 17:04:38,255 ; matplotlib.font_manager                                      ; DEBUG   ; findfont: score(FontEntry(fname='C:\\Windows\\Fonts\\LHANDW.TTF', name='Lucida Handwriting', style='italic', variant='normal', weight=400, stretch='normal', size='scalable')) = 11.05
2025-09-26 17:04:38,255 ; matplotlib.font_manager                                      ; DEBUG   ; findfont: score(FontEntry(fname='C:\\Windows\\Fonts\\consolab.ttf', name='Consolas', style='normal', variant='normal', weight=700, stretch='normal', size='scalable')) = 10.335
2025-09-26 17:04:38,256 ; matplotlib.font_manager                                      ; DEBUG   ; findfont: score(FontEntry(fname='C:\\Windows\\Fonts\\isocpeur.ttf', name='ISOCPEUR', style='normal', variant='normal', weight=400, stretch='normal', size='scalable')) = 10.05
2025-09-26 17:04:38,256 ; matplotlib.font_manager                                      ; DEBUG   ; findfont: score(FontEntry(fname='C:\\Windows\\Fonts\\GILSANUB.TTF', name='Gill Sans Ultra Bold', style='normal', variant='normal', weight=400, stretch='normal', size='scalable')) = 10.05
2025-09-26 17:04:38,256 ; matplotlib.font_manager                                      ; DEBUG   ; findfont: score(FontEntry(fname='C:\\Windows\\Fonts\\swisscb.ttf', name='Swis721 Cn BT', style='normal', variant='normal', weight=700, stretch='condensed', size='scalable')) = 10.535
2025-09-26 17:04:38,256 ; matplotlib.font_manager                                      ; DEBUG   ; findfont: score(FontEntry(fname='C:\\Windows\\Fonts\\FRAHV.TTF', name='Franklin Gothic Heavy', style='normal', variant='normal', weight=400, stretch='normal', size='scalable')) = 10.05
2025-09-26 17:04:38,256 ; matplotlib.font_manager                                      ; DEBUG   ; findfont: score(FontEntry(fname='C:\\Windows\\Fonts\\STENCIL.TTF', name='Stencil', style='normal', variant='normal', weight=400, stretch='normal', size='scalable')) = 10.05
2025-09-26 17:04:38,256 ; matplotlib.font_manager                                      ; DEBUG   ; findfont: score(FontEntry(fname='C:\\Windows\\Fonts\\isoct3__.ttf', name='ISOCT3', style='normal', variant='normal', weight=400, stretch='normal', size='scalable')) = 10.05
2025-09-26 17:04:38,256 ; matplotlib.font_manager                                      ; DEBUG   ; findfont: score(FontEntry(fname='C:\\Windows\\Fonts\\FTLTLT.TTF', name='Footlight MT Light', style='normal', variant='normal', weight=300, stretch='normal', size='scalable')) = 10.145
2025-09-26 17:04:38,256 ; matplotlib.font_manager                                      ; DEBUG   ; findfont: score(FontEntry(fname='C:\\Windows\\Fonts\\ARIALUNI.ttf', name='Arial Unicode MS', style='normal', variant='normal', weight=400, stretch='normal', size='scalable')) = 10.05
2025-09-26 17:04:38,256 ; matplotlib.font_manager                                      ; DEBUG   ; findfont: score(FontEntry(fname='C:\\Windows\\Fonts\\ERASLGHT.TTF', name='Eras Light ITC', style='normal', variant='normal', weight=400, stretch='normal', size='scalable')) = 10.05
2025-09-26 17:04:38,256 ; matplotlib.font_manager                                      ; DEBUG   ; findfont: score(FontEntry(fname='C:\\Windows\\Fonts\\GOTHICI.TTF', name='Century Gothic', style='italic', variant='normal', weight=400, stretch='normal', size='scalable')) = 11.05
2025-09-26 17:04:38,259 ; matplotlib.font_manager                                      ; DEBUG   ; findfont: score(FontEntry(fname='C:\\Windows\\Fonts\\swissci.ttf', name='Swis721 Cn BT', style='italic', variant='normal', weight=400, stretch='condensed', size='scalable')) = 11.25
2025-09-26 17:04:38,259 ; matplotlib.font_manager                                      ; DEBUG   ; findfont: score(FontEntry(fname='C:\\Windows\\Fonts\\NirmalaS.ttf', name='Nirmala UI', style='normal', variant='normal', weight=350, stretch='normal', size='scalable')) = 10.0975
2025-09-26 17:04:38,259 ; matplotlib.font_manager                                      ; DEBUG   ; findfont: score(FontEntry(fname='C:\\Windows\\Fonts\\simsunb.ttf', name='SimSun-ExtB', style='normal', variant='normal', weight=400, stretch='normal', size='scalable')) = 10.05
2025-09-26 17:04:38,259 ; matplotlib.font_manager                                      ; DEBUG   ; findfont: score(FontEntry(fname='C:\\Windows\\Fonts\\Artifakt Element Thin.ttf', name='Artifakt Element', style='normal', variant='normal', weight=200, stretch='normal', size='scalable')) = 10.24
2025-09-26 17:04:38,260 ; matplotlib.font_manager                                      ; DEBUG   ; findfont: score(FontEntry(fname='C:\\Windows\\Fonts\\AGENCYR.TTF', name='Agency FB', style='normal', variant='normal', weight=400, stretch='normal', size='scalable')) = 10.05
2025-09-26 17:04:38,260 ; matplotlib.font_manager                                      ; DEBUG   ; findfont: score(FontEntry(fname='C:\\Windows\\Fonts\\constanb.ttf', name='Constantia', style='normal', variant='normal', weight=700, stretch='normal', size='scalable')) = 10.335
2025-09-26 17:04:38,261 ; matplotlib.font_manager                                      ; DEBUG   ; findfont: score(FontEntry(fname='C:\\Windows\\Fonts\\Artifakt Element Thin Italic.ttf', name='Artifakt Element', style='italic', variant='normal', weight=200, stretch='normal', size='scalable')) = 11.24
2025-09-26 17:04:38,261 ; matplotlib.font_manager                                      ; DEBUG   ; findfont: score(FontEntry(fname='C:\\Windows\\Fonts\\LBRITE.TTF', name='Lucida Bright', style='normal', variant='normal', weight=400, stretch='normal', size='scalable')) = 10.05
2025-09-26 17:04:38,262 ; matplotlib.font_manager                                      ; DEBUG   ; findfont: score(FontEntry(fname='C:\\Windows\\Fonts\\ebrimabd.ttf', name='Ebrima', style='normal', variant='normal', weight=700, stretch='normal', size='scalable')) = 10.335
2025-09-26 17:04:38,262 ; matplotlib.font_manager                                      ; DEBUG   ; findfont: score(FontEntry(fname='C:\\Windows\\Fonts\\MAGNETOB.TTF', name='Magneto', style='normal', variant='normal', weight=700, stretch='normal', size='scalable')) = 10.335
2025-09-26 17:04:38,262 ; matplotlib.font_manager                                      ; DEBUG   ; findfont: score(FontEntry(fname='C:\\Windows\\Fonts\\cityb___.ttf', name='CityBlueprint', style='normal', variant='normal', weight=400, stretch='normal', size='scalable')) = 10.05
2025-09-26 17:04:38,262 ; matplotlib.font_manager                                      ; DEBUG   ; findfont: score(FontEntry(fname='C:\\Windows\\Fonts\\ntailub.ttf', name='Microsoft New Tai Lue', style='normal', variant='normal', weight=700, stretch='normal', size='scalable')) = 10.335
2025-09-26 17:04:38,263 ; matplotlib.font_manager                                      ; DEBUG   ; findfont: score(FontEntry(fname='C:\\Windows\\Fonts\\framdit.ttf', name='Franklin Gothic Medium', style='italic', variant='normal', weight=400, stretch='normal', size='scalable')) = 11.05
2025-09-26 17:04:38,263 ; matplotlib.font_manager                                      ; DEBUG   ; findfont: score(FontEntry(fname='C:\\Windows\\Fonts\\trebucbi.ttf', name='Trebuchet MS', style='italic', variant='normal', weight=700, stretch='normal', size='scalable')) = 11.335
2025-09-26 17:04:38,263 ; matplotlib.font_manager                                      ; DEBUG   ; findfont: score(FontEntry(fname='C:\\Windows\\Fonts\\LATINWD.TTF', name='Wide Latin', style='normal', variant='normal', weight=400, stretch='expanded', size='scalable')) = 10.25
2025-09-26 17:04:38,263 ; matplotlib.font_manager                                      ; DEBUG   ; findfont: score(FontEntry(fname='C:\\Windows\\Fonts\\Candarali.ttf', name='Candara', style='italic', variant='normal', weight=400, stretch='normal', size='scalable')) = 11.05
2025-09-26 17:04:38,263 ; matplotlib.font_manager                                      ; DEBUG   ; findfont: score(FontEntry(fname='C:\\Windows\\Fonts\\IMPRISHA.TTF', name='Imprint MT Shadow', style='normal', variant='normal', weight=400, stretch='normal', size='scalable')) = 10.05
2025-09-26 17:04:38,264 ; matplotlib.font_manager                                      ; DEBUG   ; findfont: score(FontEntry(fname='C:\\Windows\\Fonts\\courbd.ttf', name='Courier New', style='normal', variant='normal', weight=700, stretch='normal', size='scalable')) = 10.335
2025-09-26 17:04:38,264 ; matplotlib.font_manager                                      ; DEBUG   ; findfont: score(FontEntry(fname='C:\\Windows\\Fonts\\ROCK.TTF', name='Rockwell', style='normal', variant='normal', weight=400, stretch='normal', size='scalable')) = 10.05
2025-09-26 17:04:38,264 ; matplotlib.font_manager                                      ; DEBUG   ; findfont: score(FontEntry(fname='C:\\Windows\\Fonts\\ERASMD.TTF', name='Eras Medium ITC', style='normal', variant='normal', weight=400, stretch='normal', size='scalable')) = 10.05
2025-09-26 17:04:38,264 ; matplotlib.font_manager                                      ; DEBUG   ; findfont: score(FontEntry(fname='C:\\Windows\\Fonts\\constanz.ttf', name='Constantia', style='italic', variant='normal', weight=700, stretch='normal', size='scalable')) = 11.335
2025-09-26 17:04:38,265 ; matplotlib.font_manager                                      ; DEBUG   ; findfont: score(FontEntry(fname='C:\\Windows\\Fonts\\REFSAN.TTF', name='MS Reference Sans Serif', style='normal', variant='normal', weight=400, stretch='normal', size='scalable')) = 10.05
2025-09-26 17:04:38,265 ; matplotlib.font_manager                                      ; DEBUG   ; findfont: score(FontEntry(fname='C:\\Windows\\Fonts\\BELLB.TTF', name='Bell MT', style='normal', variant='normal', weight=700, stretch='normal', size='scalable')) = 10.335
2025-09-26 17:04:38,265 ; matplotlib.font_manager                                      ; DEBUG   ; findfont: score(FontEntry(fname='C:\\Windows\\Fonts\\BOOKOSBI.TTF', name='Bookman Old Style', style='italic', variant='normal', weight=600, stretch='normal', size='scalable')) = 11.24
2025-09-26 17:04:38,265 ; matplotlib.font_manager                                      ; DEBUG   ; findfont: score(FontEntry(fname='C:\\Windows\\Fonts\\impact.ttf', name='Impact', style='normal', variant='normal', weight=400, stretch='normal', size='scalable')) = 10.05
2025-09-26 17:04:38,266 ; matplotlib.font_manager                                      ; DEBUG   ; findfont: score(FontEntry(fname='C:\\Windows\\Fonts\\simhei.ttf', name='SimHei', style='normal', variant='normal', weight=400, stretch='normal', size='scalable')) = 10.05
2025-09-26 17:04:38,266 ; matplotlib.font_manager                                      ; DEBUG   ; findfont: score(FontEntry(fname='C:\\Windows\\Fonts\\CENTURY.TTF', name='Century', style='normal', variant='normal', weight=400, stretch='normal', size='scalable')) = 10.05
2025-09-26 17:04:38,267 ; matplotlib.font_manager                                      ; DEBUG   ; findfont: score(FontEntry(fname='C:\\Windows\\Fonts\\PARCHM.TTF', name='Parchment', style='normal', variant='normal', weight=400, stretch='normal', size='scalable')) = 10.05
2025-09-26 17:04:38,267 ; matplotlib.font_manager                                      ; DEBUG   ; findfont: score(FontEntry(fname='C:\\Windows\\Fonts\\GOUDYSTO.TTF', name='Goudy Stout', style='normal', variant='normal', weight=400, stretch='normal', size='scalable')) = 10.05
2025-09-26 17:04:38,267 ; matplotlib.font_manager                                      ; DEBUG   ; findfont: score(FontEntry(fname='C:\\Windows\\Fonts\\swissbo.ttf', name='Swis721 BdOul BT', style='normal', variant='normal', weight=400, stretch='normal', size='scalable')) = 10.05
2025-09-26 17:04:38,267 ; matplotlib.font_manager                                      ; DEBUG   ; findfont: score(FontEntry(fname='C:\\Windows\\Fonts\\BOD_PSTC.TTF', name='Bodoni MT', style='normal', variant='normal', weight=300, stretch='normal', size='scalable')) = 10.145
2025-09-26 17:04:38,267 ; matplotlib.font_manager                                      ; DEBUG   ; findfont: score(FontEntry(fname='C:\\Windows\\Fonts\\BOD_BI.TTF', name='Bodoni MT', style='italic', variant='normal', weight=700, stretch='normal', size='scalable')) = 11.335
2025-09-26 17:04:38,267 ; matplotlib.font_manager                                      ; DEBUG   ; findfont: Matching sans\-serif:style=normal:variant=normal:weight=normal:stretch=normal:size=10.0 to DejaVu Sans ('c:\\Users\\jablonski\\AppData\\Local\\anaconda3\\Lib\\site-packages\\matplotlib\\mpl-data\\fonts\\ttf\\DejaVuSans.ttf') with score of 0.050000.
2025-09-26 17:05:06,140 ; PT3S                                                         ; DEBUG   ; PT3S.dxAndMxHelperFcts.readDxAndMx: Start.
2025-09-26 17:05:06,141 ; PT3S                                                         ; DEBUG   ; Dx.__init__: Start.#########
2025-09-26 17:05:06,141 ; PT3S                                                         ; INFO    ; Dx.__init__: dbFile (abspath): c:\users\aUserName\3s\pt3s\PT3S\Examples\Example6.db3 exists readable ...
2025-09-26 17:05:06,158 ; PT3S                                                         ; DEBUG   ; Dx.__init__: tableNames: ['AB_DEF', 'AGSN', 'ALLG', 'ALLG_BZ', 'ANTP', 'ANTP_ROWS', 'ARRW', 'ATMO', 'AVOS', 'AVOS_ROWS', 'BENUTZER', 'BEVE', 'BEVE_BZ', 'BEWI', 'BEWI_BZ', 'BREF', 'BZAG', 'BZAG_BZ', 'CIRC', 'CONT', 'CRGL', 'DATENEBENE', 'DPGR', 'DPGR_BZ', 'DPGR_DPKT', 'DPKT', 'DPKT_BZ', 'DPRG', 'DPRG_BZ', 'DRNP', 'DTRO', 'DTRO_ROWD', 'EBES', 'EBES_BZ', 'ELEMENTQUERY', 'ETAM', 'ETAM_ROWS', 'ETAR', 'ETAR_ROWS', 'ETAU', 'ETAU_ROWS', 'FKNL', 'FKNL_BZ', 'FQPS', 'FQPS_BZ', 'FSTF', 'FWBZ', 'FWEA', 'FWEA_BZ', 'FWES', 'FWES_BZ', 'FWVB', 'FWVB_BZ', 'FWWU', 'FWWU_BZ', 'GEOMETRY_COLUMNS', 'GKMP', 'GMIX', 'GRAV', 'GTXT', 'GVWK', 'GVWK_BZ', 'HAUS', 'HYDR', 'HYDR_BZ', 'KLAP', 'KLAP_BZ', 'KNOT', 'KNOT_BZ', 'KOMK', 'KOMK_ROWS', 'KOMP', 'KOMP_BZ', 'LAYR', 'LFAL', 'LFAL_BZ', 'LFKT', 'LFKT_ROWT', 'LTGR', 'MAPG', 'MAPG_ROWS', 'MODELL', 'MREG', 'MREG_BZ', 'NRCV', 'NSCH', 'NSCH_BZ', 'OBEH', 'OBEH_BZ', 'OVAL', 'PARI', 'PARI_BZ', 'PARV', 'PARZ', 'PARZ_BZ', 'PGPR', 'PGRP', 'PGRP_BZ', 'PGRP_PUMP', 'PGRP_PUMP_BZ', 'PHI1', 'PHI1_ROWT', 'PHI2', 'PHI2_ROWS', 'PHIV', 'PHIV_ROWS', 'PHTR', 'PHTR_BZ', 'PLYG', 'POLY', 'PREG', 'PREG_BZ', 'PROZESSE', 'PUMD', 'PUMD_ROWT', 'PUMK', 'PUMK_ROWS', 'PUMP', 'PUMP_BZ', 'PVAR', 'PVAR_ROWT', 'PZON', 'PZVR', 'PZVR_BZ', 'QVAR', 'QVAR_ROWT', 'RADD', 'RADD_BZ', 'RART', 'RART_BZ', 'RCON', 'RCPL', 'RCPL_ROWT', 'RDIV', 'RDIV_BZ', 'RECT', 'REGP', 'REGV', 'REGV_BZ', 'RFKT', 'RFKT_BZ', 'RHYS', 'RHYS_BZ', 'RINT', 'RINT_BZ', 'RLSR', 'RLSR_BZ', 'RLVG', 'RLVG_BZ', 'RMES', 'RMES_BZ', 'RMES_DPTS', 'RMES_DPTS_BZ', 'RMMA', 'RMMA_BZ', 'RMUL', 'RMUL_BZ', 'ROHR', 'ROHR_BZ', 'ROHR_VRTX', 'RPFL', 'RPID', 'RPID_BZ', 'RPLAN', 'RPLAN_ROWS', 'RPT1', 'RPT1_BZ', 'RRCT', 'RSLW', 'RSLW_BZ', 'RSTE', 'RSTE_BZ', 'RSTN', 'RSTN_BZ', 'RTOT', 'RTOT_BZ', 'RUES', 'RUES_BZ', 'SIRGRAF', 'SIVE', 'SIVE_BZ', 'SOKO', 'SPLZ', 'SRAT', 'SRAT_ROWS', 'STOF', 'STOF_ROWS', 'STRASSE', 'STRO', 'STRO_BZ', 'SWVT', 'SWVT_ROWT', 'SYSTEMKONFIG', 'TEVT', 'TEVT_ROWT', 'TFKT', 'TFKT_ROWS', 'TIMD', 'TRFT', 'TRFT_ROWS', 'TRVA', 'UTMP', 'VARA_ROWS', 'VENT', 'VENT_BZ', 'VERB', 'VKNO', 'VRCT', 'WBLZ', 'WEVT', 'WEVT_ROWT', 'WIND', 'WIND_BZ', 'WTTR', 'WTTR_ROWT', 'ZEP1', 'ZEP1_ROWS', 'ZEP2', 'ZEP2_ROWS', 'VARA', 'ARRW_BZ', 'CIRC_BZ', 'CONT_BZ', 'GTXT_BZ', 'HAUS_BZ', 'HIDDEN_ACTIVITIES', 'NRCV_BZ', 'OVAL_BZ', 'PLYG_BZ', 'POLY_BZ', 'RECT_BZ', 'RPFL_BZ', 'RRCT_BZ', 'USCH', 'UTMP_BZ', 'VERB_BZ']
2025-09-26 17:05:06,158 ; PT3S                                                         ; DEBUG   ; Dx.__init__: viewNames: ['VARRW', 'VBEVE', 'VBEWI', 'VCIRC', 'VCONT', 'VDPRG', 'VFWEA', 'VFWES', 'VFWVB', 'VFWWU', 'VGTXT', 'VGVWK', 'VHAUS', 'VHYDR', 'VKLAP', 'VKNOT', 'VKOMP', 'VMREG', 'VNRCV', 'VNSCH', 'VOBEH', 'VOVAL', 'VPHTR', 'VPLYG', 'VPOLY', 'VPREG', 'VPUMP', 'VRECT', 'VREGV', 'VROHR', 'VRPFL', 'VRRCT', 'VSIVE', 'VVENT', 'VVERB', 'VWIND', 'VSTRO', 'VIEW_MODELLE']
2025-09-26 17:05:06,163 ; PT3S                                                         ; DEBUG   ; Dx.__init__: pair-tables: pairType: _BZ:
2025-09-26 17:05:06,169 ; PT3S                                                         ; DEBUG   ; Dx.__init__: BV: ALLG         BVZ: ALLG_BZ      V: V_BVZ_ALLG      constructed with        1 rows and  44 cols.
2025-09-26 17:05:06,185 ; PT3S                                                         ; DEBUG   ; Dx.__init__: BV: BEVE         BVZ: BEVE_BZ      V: V_BVZ_BEVE      constructed with        1 rows and  80 cols.
2025-09-26 17:05:06,198 ; PT3S                                                         ; DEBUG   ; Dx.__init__: BV: BEWI         BVZ: BEWI_BZ      V: V_BVZ_BEWI      constructed with        1 rows and  79 cols.
2025-09-26 17:05:06,202 ; PT3S                                                         ; DEBUG   ; Dx.__init__: BV: BZAG         BVZ: BZAG_BZ      V: V_BVZ_BZAG      constructed with        1 rows and  26 cols.
2025-09-26 17:05:06,207 ; PT3S                                                         ; DEBUG   ; Dx.__init__: BV: DPGR         BVZ: DPGR_BZ      V: V_BVZ_DPGR      constructed with       14 rows and  32 cols.
2025-09-26 17:05:06,267 ; PT3S                                                         ; DEBUG   ; Dx.__init__: BV: DPKT         BVZ: DPKT_BZ      V: V_BVZ_DPKT      constructed with     2774 rows and  49 cols.
2025-09-26 17:05:06,278 ; PT3S                                                         ; DEBUG   ; Dx.__init__: BV: DPRG         BVZ: DPRG_BZ      V: V_BVZ_DPRG      constructed with        1 rows and  76 cols.
2025-09-26 17:05:06,282 ; PT3S                                                         ; DEBUG   ; Dx.__init__: BV: EBES         BVZ: EBES_BZ      V: V_BVZ_EBES      constructed with        2 rows and  30 cols.
2025-09-26 17:05:06,297 ; PT3S                                                         ; DEBUG   ; Dx.__init__: BV: FKNL         BVZ: FKNL_BZ      V: V_BVZ_FKNL      constructed with        1 rows and  70 cols.
2025-09-26 17:05:06,307 ; PT3S                                                         ; DEBUG   ; Dx.__init__: BV: FQPS         BVZ: FQPS_BZ      V: V_BVZ_FQPS      constructed with        1 rows and  71 cols.
2025-09-26 17:05:06,326 ; PT3S                                                         ; DEBUG   ; Dx.__init__: BV: FWEA         BVZ: FWEA_BZ      V: V_BVZ_FWEA      constructed with        1 rows and 162 cols.
2025-09-26 17:05:06,335 ; PT3S                                                         ; DEBUG   ; Dx.__init__: BV: FWES         BVZ: FWES_BZ      V: V_BVZ_FWES      constructed with        2 rows and  64 cols.
2025-09-26 17:05:06,364 ; PT3S                                                         ; DEBUG   ; Dx.__init__: BV: FWVB         BVZ: FWVB_BZ      V: V_BVZ_FWVB      constructed with      657 rows and  87 cols.
2025-09-26 17:05:06,379 ; PT3S                                                         ; DEBUG   ; Dx.__init__: BV: FWWU         BVZ: FWWU_BZ      V: V_BVZ_FWWU      constructed with        1 rows and  97 cols.
2025-09-26 17:05:06,389 ; PT3S                                                         ; DEBUG   ; Dx.__init__: BV: GVWK         BVZ: GVWK_BZ      V: V_BVZ_GVWK      constructed with        1 rows and  71 cols.
2025-09-26 17:05:06,398 ; PT3S                                                         ; DEBUG   ; Dx.__init__: BV: HYDR         BVZ: HYDR_BZ      V: V_BVZ_HYDR      constructed with        1 rows and  61 cols.
2025-09-26 17:05:06,408 ; PT3S                                                         ; DEBUG   ; Dx.__init__: BV: KLAP         BVZ: KLAP_BZ      V: V_BVZ_KLAP      constructed with        5 rows and  60 cols.
2025-09-26 17:05:06,449 ; PT3S                                                         ; DEBUG   ; Dx.__init__: BV: KNOT         BVZ: KNOT_BZ      V: V_BVZ_KNOT      constructed with     1562 rows and  67 cols.
2025-09-26 17:05:06,462 ; PT3S                                                         ; DEBUG   ; Dx.__init__: BV: KOMP         BVZ: KOMP_BZ      V: V_BVZ_KOMP      constructed with        1 rows and  84 cols.
2025-09-26 17:05:06,465 ; PT3S                                                         ; DEBUG   ; Dx.__init__: BV: LFAL         BVZ: LFAL_BZ      V: V_BVZ_LFAL      constructed with        1 rows and  25 cols.
2025-09-26 17:05:06,479 ; PT3S                                                         ; DEBUG   ; Dx.__init__: BV: MREG         BVZ: MREG_BZ      V: V_BVZ_MREG      constructed with        1 rows and  77 cols.
2025-09-26 17:05:06,586 ; PT3S                                                         ; DEBUG   ; Dx.__init__: BV: NSCH         BVZ: NSCH_BZ      V: V_BVZ_NSCH      constructed with     1672 rows and  37 cols.
2025-09-26 17:05:06,613 ; PT3S                                                         ; DEBUG   ; Dx.__init__: BV: OBEH         BVZ: OBEH_BZ      V: V_BVZ_OBEH      constructed with        1 rows and  66 cols.
2025-09-26 17:05:06,613 ; PT3S                                                         ; DEBUG   ; Dx.__init__: BV: PARI         BVZ: PARI_BZ      V: V_BVZ_PARI      constructed with        1 rows and  31 cols.
2025-09-26 17:05:06,613 ; PT3S                                                         ; DEBUG   ; Dx.__init__: BV: PARZ         BVZ: PARZ_BZ      V: V_BVZ_PARZ      constructed with        1 rows and  28 cols.
2025-09-26 17:05:06,630 ; PT3S                                                         ; DEBUG   ; Dx.__init__: BV: PGRP         BVZ: PGRP_BZ      V: V_BVZ_PGRP      constructed with        2 rows and  63 cols.
2025-09-26 17:05:06,630 ; PT3S                                                         ; DEBUG   ; Dx.__init__: BV: PGRP_PUMP    BVZ: PGRP_PUMP_BZ V: V_BVZ_PGRP_PUMP constructed with        2 rows and  26 cols.
2025-09-26 17:05:06,652 ; PT3S                                                         ; DEBUG   ; Dx.__init__: BV: PHTR         BVZ: PHTR_BZ      V: V_BVZ_PHTR      constructed with        1 rows and  69 cols.
2025-09-26 17:05:06,665 ; PT3S                                                         ; DEBUG   ; Dx.__init__: BV: PREG         BVZ: PREG_BZ      V: V_BVZ_PREG      constructed with        1 rows and  75 cols.
2025-09-26 17:05:06,684 ; PT3S                                                         ; DEBUG   ; Dx.__init__: BV: PUMP         BVZ: PUMP_BZ      V: V_BVZ_PUMP      constructed with        3 rows and 146 cols.
2025-09-26 17:05:06,684 ; PT3S                                                         ; DEBUG   ; Dx.__init__: BV: PZVR         BVZ: PZVR_BZ      V: V_BVZ_PZVR      constructed with        1 rows and  30 cols.
2025-09-26 17:05:06,696 ; PT3S                                                         ; DEBUG   ; Dx.__init__: BV: RADD         BVZ: RADD_BZ      V: V_BVZ_RADD      constructed with        2 rows and  43 cols.
2025-09-26 17:05:06,713 ; PT3S                                                         ; DEBUG   ; Dx.__init__: BV: RART         BVZ: RART_BZ      V: V_BVZ_RART      constructed with       11 rows and  35 cols.
2025-09-26 17:05:06,725 ; PT3S                                                         ; DEBUG   ; Dx.__init__: BV: RDIV         BVZ: RDIV_BZ      V: V_BVZ_RDIV      constructed with        1 rows and  57 cols.
2025-09-26 17:05:06,737 ; PT3S                                                         ; DEBUG   ; Dx.__init__: BV: REGV         BVZ: REGV_BZ      V: V_BVZ_REGV      constructed with        1 rows and  59 cols.
2025-09-26 17:05:06,748 ; PT3S                                                         ; DEBUG   ; Dx.__init__: BV: RFKT         BVZ: RFKT_BZ      V: V_BVZ_RFKT      constructed with        1 rows and  58 cols.
2025-09-26 17:05:06,765 ; PT3S                                                         ; DEBUG   ; Dx.__init__: BV: RHYS         BVZ: RHYS_BZ      V: V_BVZ_RHYS      constructed with        2 rows and  46 cols.
2025-09-26 17:05:06,779 ; PT3S                                                         ; DEBUG   ; Dx.__init__: BV: RINT         BVZ: RINT_BZ      V: V_BVZ_RINT      constructed with        1 rows and  57 cols.
2025-09-26 17:05:06,792 ; PT3S                                                         ; DEBUG   ; Dx.__init__: BV: RLSR         BVZ: RLSR_BZ      V: V_BVZ_RLSR      constructed with        1 rows and  55 cols.
2025-09-26 17:05:06,801 ; PT3S                                                         ; DEBUG   ; Dx.__init__: BV: RLVG         BVZ: RLVG_BZ      V: V_BVZ_RLVG      constructed with       14 rows and  43 cols.
2025-09-26 17:05:06,828 ; PT3S                                                         ; DEBUG   ; Dx.__init__: BV: RMES         BVZ: RMES_BZ      V: V_BVZ_RMES      constructed with       12 rows and  53 cols.
2025-09-26 17:05:06,833 ; PT3S                                                         ; DEBUG   ; Dx.__init__: BV: RMES_DPTS    BVZ: RMES_DPTS_BZ V: V_BVZ_RMES_DPTS constructed with       23 rows and  29 cols.
2025-09-26 17:05:06,847 ; PT3S                                                         ; DEBUG   ; Dx.__init__: BV: RMMA         BVZ: RMMA_BZ      V: V_BVZ_RMMA      constructed with        1 rows and  56 cols.
2025-09-26 17:05:06,860 ; PT3S                                                         ; DEBUG   ; Dx.__init__: BV: RMUL         BVZ: RMUL_BZ      V: V_BVZ_RMUL      constructed with        1 rows and  44 cols.
2025-09-26 17:05:06,929 ; PT3S                                                         ; DEBUG   ; Dx.__init__: BV: ROHR         BVZ: ROHR_BZ      V: V_BVZ_ROHR      constructed with     1675 rows and  77 cols.
2025-09-26 17:05:06,945 ; PT3S                                                         ; DEBUG   ; Dx.__init__: BV: RPID         BVZ: RPID_BZ      V: V_BVZ_RPID      constructed with        1 rows and  64 cols.
2025-09-26 17:05:06,957 ; PT3S                                                         ; DEBUG   ; Dx.__init__: BV: RPT1         BVZ: RPT1_BZ      V: V_BVZ_RPT1      constructed with        1 rows and  57 cols.
2025-09-26 17:05:06,986 ; PT3S                                                         ; DEBUG   ; Dx.__init__: BV: RSLW         BVZ: RSLW_BZ      V: V_BVZ_RSLW      constructed with       17 rows and  51 cols.
2025-09-26 17:05:06,993 ; PT3S                                                         ; DEBUG   ; Dx.__init__: BV: RSTE         BVZ: RSTE_BZ      V: V_BVZ_RSTE      constructed with        1 rows and 105 cols.
2025-09-26 17:05:07,031 ; PT3S                                                         ; DEBUG   ; Dx.__init__: BV: RSTN         BVZ: RSTN_BZ      V: V_BVZ_RSTN      constructed with       20 rows and  79 cols.
2025-09-26 17:05:07,045 ; PT3S                                                         ; DEBUG   ; Dx.__init__: BV: RTOT         BVZ: RTOT_BZ      V: V_BVZ_RTOT      constructed with        1 rows and  56 cols.
2025-09-26 17:05:07,067 ; PT3S                                                         ; DEBUG   ; Dx.__init__: BV: RUES         BVZ: RUES_BZ      V: V_BVZ_RUES      constructed with      104 rows and  44 cols.
2025-09-26 17:05:07,077 ; PT3S                                                         ; DEBUG   ; Dx.__init__: BV: SIVE         BVZ: SIVE_BZ      V: V_BVZ_SIVE      constructed with        1 rows and  74 cols.
2025-09-26 17:05:07,097 ; PT3S                                                         ; DEBUG   ; Dx.__init__: BV: STRO         BVZ: STRO_BZ      V: V_BVZ_STRO      constructed with        1 rows and  76 cols.
2025-09-26 17:05:07,129 ; PT3S                                                         ; DEBUG   ; Dx.__init__: BV: VENT         BVZ: VENT_BZ      V: V_BVZ_VENT      constructed with      119 rows and  73 cols.
2025-09-26 17:05:07,146 ; PT3S                                                         ; DEBUG   ; Dx.__init__: BV: WIND         BVZ: WIND_BZ      V: V_BVZ_WIND      constructed with        1 rows and  80 cols.
2025-09-26 17:05:07,160 ; PT3S                                                         ; DEBUG   ; Dx.__init__: BV: ARRW         BVZ: ARRW_BZ      V: V_BVZ_ARRW      constructed with        4 rows and  46 cols.
2025-09-26 17:05:07,170 ; PT3S                                                         ; DEBUG   ; Dx.__init__: BV: CIRC         BVZ: CIRC_BZ      V: V_BVZ_CIRC      constructed with        1 rows and  59 cols.
2025-09-26 17:05:07,180 ; PT3S                                                         ; DEBUG   ; Dx.__init__: BV: CONT         BVZ: CONT_BZ      V: V_BVZ_CONT      constructed with       14 rows and  34 cols.
2025-09-26 17:05:07,207 ; PT3S                                                         ; DEBUG   ; Dx.__init__: BV: GTXT         BVZ: GTXT_BZ      V: V_BVZ_GTXT      constructed with      122 rows and  48 cols.
2025-09-26 17:05:07,221 ; PT3S                                                         ; DEBUG   ; Dx.__init__: BV: HAUS         BVZ: HAUS_BZ      V: V_BVZ_HAUS      constructed with        1 rows and  47 cols.
2025-09-26 17:05:07,257 ; PT3S                                                         ; DEBUG   ; Dx.__init__: BV: NRCV         BVZ: NRCV_BZ      V: V_BVZ_NRCV      constructed with      419 rows and  60 cols.
2025-09-26 17:05:07,265 ; PT3S                                                         ; DEBUG   ; Dx.__init__: BV: OVAL         BVZ: OVAL_BZ      V: V_BVZ_OVAL      constructed with        1 rows and  59 cols.
2025-09-26 17:05:07,287 ; PT3S                                                         ; DEBUG   ; Dx.__init__: BV: PLYG         BVZ: PLYG_BZ      V: V_BVZ_PLYG      constructed with        1 rows and  59 cols.
2025-09-26 17:05:07,297 ; PT3S                                                         ; DEBUG   ; Dx.__init__: BV: POLY         BVZ: POLY_BZ      V: V_BVZ_POLY      constructed with       11 rows and  46 cols.
2025-09-26 17:05:07,320 ; PT3S                                                         ; DEBUG   ; Dx.__init__: BV: RECT         BVZ: RECT_BZ      V: V_BVZ_RECT      constructed with        4 rows and  46 cols.
2025-09-26 17:05:07,335 ; PT3S                                                         ; DEBUG   ; Dx.__init__: BV: RPFL         BVZ: RPFL_BZ      V: V_BVZ_RPFL      constructed with        1 rows and  61 cols.
2025-09-26 17:05:07,353 ; PT3S                                                         ; DEBUG   ; Dx.__init__: BV: RRCT         BVZ: RRCT_BZ      V: V_BVZ_RRCT      constructed with        1 rows and  59 cols.
2025-09-26 17:05:07,361 ; PT3S                                                         ; DEBUG   ; Dx.__init__: BV: UTMP         BVZ: UTMP_BZ      V: V_BVZ_UTMP      constructed with        1 rows and  28 cols.
2025-09-26 17:05:07,370 ; PT3S                                                         ; DEBUG   ; Dx.__init__: BV: VERB         BVZ: VERB_BZ      V: V_BVZ_VERB      constructed with        1 rows and  65 cols.
2025-09-26 17:05:07,370 ; PT3S                                                         ; DEBUG   ; Dx.__init__: pair-tables: pairType: _ROWS:
2025-09-26 17:05:07,385 ; PT3S                                                         ; DEBUG   ; Dx.__init__: BV: ANTP         BVZ: ANTP_ROWS    V: V_BVZ_ANTP      constructed with        1 rows and  43 cols.
2025-09-26 17:05:07,398 ; PT3S                                                         ; DEBUG   ; Dx.__init__: BV: AVOS         BVZ: AVOS_ROWS    V: V_BVZ_AVOS      constructed with        3 rows and  43 cols.
2025-09-26 17:05:07,410 ; PT3S                                                         ; DEBUG   ; Dx.__init__: BV: ETAM         BVZ: ETAM_ROWS    V: V_BVZ_ETAM      constructed with        7 rows and  43 cols.
2025-09-26 17:05:07,414 ; PT3S                                                         ; DEBUG   ; Dx.__init__: BV: ETAR         BVZ: ETAR_ROWS    V: V_BVZ_ETAR      constructed with        7 rows and  43 cols.
2025-09-26 17:05:07,431 ; PT3S                                                         ; DEBUG   ; Dx.__init__: BV: ETAU         BVZ: ETAU_ROWS    V: V_BVZ_ETAU      constructed with        7 rows and  43 cols.
2025-09-26 17:05:07,445 ; PT3S                                                         ; DEBUG   ; Dx.__init__: BV: KOMK         BVZ: KOMK_ROWS    V: V_BVZ_KOMK      constructed with        1 rows and  53 cols.
2025-09-26 17:05:07,464 ; PT3S                                                         ; DEBUG   ; Dx.__init__: BV: MAPG         BVZ: MAPG_ROWS    V: V_BVZ_MAPG      constructed with        1 rows and  61 cols.
2025-09-26 17:05:07,482 ; PT3S                                                         ; DEBUG   ; Dx.__init__: BV: PHI2         BVZ: PHI2_ROWS    V: V_BVZ_PHI2      constructed with        8 rows and  44 cols.
2025-09-26 17:05:07,495 ; PT3S                                                         ; DEBUG   ; Dx.__init__: BV: PHIV         BVZ: PHIV_ROWS    V: V_BVZ_PHIV      constructed with       18 rows and  43 cols.
2025-09-26 17:05:07,495 ; PT3S                                                         ; DEBUG   ; Dx.__init__: BV: PUMK         BVZ: PUMK_ROWS    V: V_BVZ_PUMK      constructed with       40 rows and  49 cols.
2025-09-26 17:05:07,521 ; PT3S                                                         ; DEBUG   ; Dx.__init__: BV: RPLAN        BVZ: RPLAN_ROWS   V: V_BVZ_RPLAN     constructed with        1 rows and  54 cols.
2025-09-26 17:05:07,532 ; PT3S                                                         ; DEBUG   ; Dx.__init__: BV: SRAT         BVZ: SRAT_ROWS    V: V_BVZ_SRAT      constructed with      203 rows and  44 cols.
2025-09-26 17:05:07,553 ; PT3S                                                         ; DEBUG   ; Dx.__init__: BV: STOF         BVZ: STOF_ROWS    V: V_BVZ_STOF      constructed with      201 rows and  47 cols.
2025-09-26 17:05:07,567 ; PT3S                                                         ; DEBUG   ; Dx.__init__: BV: TFKT         BVZ: TFKT_ROWS    V: V_BVZ_TFKT      constructed with      116 rows and  43 cols.
2025-09-26 17:05:07,578 ; PT3S                                                         ; DEBUG   ; Dx.__init__: BV: TRFT         BVZ: TRFT_ROWS    V: V_BVZ_TRFT      constructed with        2 rows and  43 cols.
2025-09-26 17:05:07,593 ; PT3S                                                         ; DEBUG   ; Dx.__init__: BV: VARA         BVZ: VARA_ROWS    V: V_BVZ_VARA      constructed with        5 rows and  63 cols.
2025-09-26 17:05:07,610 ; PT3S                                                         ; DEBUG   ; Dx.__init__: BV: ZEP1         BVZ: ZEP1_ROWS    V: V_BVZ_ZEP1      constructed with       45 rows and  46 cols.
2025-09-26 17:05:07,612 ; PT3S                                                         ; DEBUG   ; Dx.__init__: BV: ZEP2         BVZ: ZEP2_ROWS    V: V_BVZ_ZEP2      constructed with       79 rows and  48 cols.
2025-09-26 17:05:07,612 ; PT3S                                                         ; DEBUG   ; Dx.__init__: pair-tables: pairType: _ROWT:
2025-09-26 17:05:07,630 ; PT3S                                                         ; DEBUG   ; Dx.__init__: BV: LFKT         BVZ: LFKT_ROWT    V: V_BVZ_LFKT      constructed with       20 rows and  39 cols.
2025-09-26 17:05:07,646 ; PT3S                                                         ; DEBUG   ; Dx.__init__: BV: PHI1         BVZ: PHI1_ROWT    V: V_BVZ_PHI1      constructed with        4 rows and  39 cols.
2025-09-26 17:05:07,656 ; PT3S                                                         ; DEBUG   ; Dx.__init__: BV: PUMD         BVZ: PUMD_ROWT    V: V_BVZ_PUMD      constructed with        2 rows and  39 cols.
2025-09-26 17:05:07,666 ; PT3S                                                         ; DEBUG   ; Dx.__init__: BV: PVAR         BVZ: PVAR_ROWT    V: V_BVZ_PVAR      constructed with        1 rows and  39 cols.
2025-09-26 17:05:07,680 ; PT3S                                                         ; DEBUG   ; Dx.__init__: BV: QVAR         BVZ: QVAR_ROWT    V: V_BVZ_QVAR      constructed with        1 rows and  39 cols.
2025-09-26 17:05:07,687 ; PT3S                                                         ; DEBUG   ; PT3S.Dx.fHelperCONTetc: pairType ROWT: df RCPL hat keine Spalte ZEIT? Keine Sortierung nach Zeit.
2025-09-26 17:05:07,687 ; PT3S                                                         ; DEBUG   ; Dx.__init__: BV: RCPL         BVZ: RCPL_ROWT    V: V_BVZ_RCPL      constructed with        3 rows and  13 cols.
2025-09-26 17:05:07,698 ; PT3S                                                         ; DEBUG   ; Dx.__init__: BV: SWVT         BVZ: SWVT_ROWT    V: V_BVZ_SWVT      constructed with      316 rows and  39 cols.
2025-09-26 17:05:07,713 ; PT3S                                                         ; DEBUG   ; Dx.__init__: BV: TEVT         BVZ: TEVT_ROWT    V: V_BVZ_TEVT      constructed with        2 rows and  39 cols.
2025-09-26 17:05:07,725 ; PT3S                                                         ; DEBUG   ; Dx.__init__: BV: WEVT         BVZ: WEVT_ROWT    V: V_BVZ_WEVT      constructed with        1 rows and  39 cols.
2025-09-26 17:05:07,729 ; PT3S                                                         ; DEBUG   ; Dx.__init__: BV: WTTR         BVZ: WTTR_ROWT    V: V_BVZ_WTTR      constructed with        0 rows and  46 cols.
2025-09-26 17:05:07,729 ; PT3S                                                         ; DEBUG   ; Dx.__init__: pair-tables: pairType: _ROWD:
2025-09-26 17:05:07,745 ; PT3S                                                         ; DEBUG   ; Dx.__init__: BV: DTRO         BVZ: DTRO_ROWD    V: V_BVZ_DTRO      constructed with       75 rows and  55 cols.
2025-09-26 17:05:07,745 ; PT3S                                                         ; DEBUG   ; Dx.__init__: tables which are not pair-tables:
2025-09-26 17:05:07,745 ; PT3S                                                         ; DEBUG   ; Dx.__init__: table: AB_DEF           V: V_AB_DEF             constructed with        1 rows and  16 cols.
2025-09-26 17:05:07,756 ; PT3S                                                         ; DEBUG   ; Dx.__init__: table: AGSN             V: V_AGSN               constructed with        2 rows and  37 cols.
2025-09-26 17:05:07,761 ; PT3S                                                         ; DEBUG   ; Dx.__init__: table: ARRW             V: V_ARRW               constructed with        5 rows and  54 cols.
2025-09-26 17:05:07,761 ; PT3S                                                         ; DEBUG   ; Dx.__init__: table: ATMO             V: V_ATMO               constructed with        2 rows and  37 cols.
2025-09-26 17:05:07,775 ; PT3S                                                         ; DEBUG   ; Dx.__init__: table: BENUTZER         V: V_BENUTZER           constructed with        0 rows and  26 cols.
2025-09-26 17:05:07,779 ; PT3S                                                         ; DEBUG   ; Dx.__init__: table: BREF             V: V_BREF               constructed with        1 rows and  53 cols.
2025-09-26 17:05:07,793 ; PT3S                                                         ; DEBUG   ; Dx.__init__: table: CIRC             V: V_CIRC               constructed with        1 rows and  54 cols.
2025-09-26 17:05:07,796 ; PT3S                                                         ; DEBUG   ; Dx.__init__: table: CONT             V: V_CONT               constructed with       15 rows and  42 cols.
2025-09-26 17:05:07,827 ; PT3S                                                         ; DEBUG   ; Dx.__init__: table: CRGL             V: V_CRGL               constructed with      111 rows and  54 cols.
2025-09-26 17:05:07,829 ; PT3S                                                         ; DEBUG   ; Dx.__init__: table: DATENEBENE       V: V_DATENEBENE         constructed with        4 rows and  11 cols.
2025-09-26 17:05:07,843 ; PT3S                                                         ; DEBUG   ; Dx.__init__: table: DPGR_DPKT        V: V_DPGR_DPKT          constructed with     3233 rows and  34 cols.
2025-09-26 17:05:07,860 ; PT3S                                                         ; DEBUG   ; Dx.__init__: table: DRNP             V: V_DRNP               constructed with        2 rows and  38 cols.
2025-09-26 17:05:07,862 ; PT3S                                                         ; DEBUG   ; Dx.__init__: table: ELEMENTQUERY     V: V_ELEMENTQUERY       constructed with       57 rows and  36 cols.
2025-09-26 17:05:07,862 ; PT3S                                                         ; DEBUG   ; Dx.__init__: table: FSTF             V: V_FSTF               constructed with        2 rows and  51 cols.
2025-09-26 17:05:07,876 ; PT3S                                                         ; DEBUG   ; Dx.__init__: table: FWBZ             V: V_FWBZ               constructed with        2 rows and  40 cols.
2025-09-26 17:05:07,878 ; PT3S                                                         ; DEBUG   ; Dx.__init__: table: GEOMETRY_COLUMNS V: V_GEOMETRY_COLUMNS   constructed with       37 rows and   7 cols.
2025-09-26 17:05:07,881 ; PT3S                                                         ; DEBUG   ; Dx.__init__: table: GKMP             V: V_GKMP               constructed with        1 rows and  55 cols.
2025-09-26 17:05:07,892 ; PT3S                                                         ; DEBUG   ; Dx.__init__: table: GMIX             V: V_GMIX               constructed with        1 rows and  80 cols.
2025-09-26 17:05:07,896 ; PT3S                                                         ; DEBUG   ; Dx.__init__: table: GRAV             V: V_GRAV               constructed with        2 rows and  35 cols.
2025-09-26 17:05:07,920 ; PT3S                                                         ; DEBUG   ; Dx.__init__: table: GTXT             V: V_GTXT               constructed with      123 rows and  56 cols.
2025-09-26 17:05:07,926 ; PT3S                                                         ; DEBUG   ; Dx.__init__: table: HAUS             V: V_HAUS               constructed with        1 rows and  42 cols.
2025-09-26 17:05:07,929 ; PT3S                                                         ; DEBUG   ; Dx.__init__: table: LAYR             V: V_LAYR               constructed with       21 rows and  38 cols.
2025-09-26 17:05:07,929 ; PT3S                                                         ; DEBUG   ; Dx.__init__: table: LTGR             V: V_LTGR               constructed with        4 rows and  37 cols.
2025-09-26 17:05:07,929 ; PT3S                                                         ; DEBUG   ; Dx.__init__: table: MODELL           V: V_MODELL             constructed with        1 rows and  18 cols.
2025-09-26 17:05:07,981 ; PT3S                                                         ; DEBUG   ; Dx.__init__: table: NRCV             V: V_NRCV               constructed with      420 rows and  68 cols.
2025-09-26 17:05:07,998 ; PT3S                                                         ; DEBUG   ; Dx.__init__: table: OVAL             V: V_OVAL               constructed with        1 rows and  54 cols.
2025-09-26 17:05:07,998 ; PT3S                                                         ; DEBUG   ; Dx.__init__: table: PARV             V: V_PARV               constructed with        2 rows and  48 cols.
2025-09-26 17:05:07,998 ; PT3S                                                         ; DEBUG   ; Dx.__init__: table: PGPR             V: V_PGPR               constructed with        2 rows and  36 cols.
2025-09-26 17:05:08,014 ; PT3S                                                         ; DEBUG   ; Dx.__init__: table: PLYG             V: V_PLYG               constructed with        1 rows and  54 cols.
2025-09-26 17:05:08,037 ; PT3S                                                         ; DEBUG   ; Dx.__init__: table: POLY             V: V_POLY               constructed with       12 rows and  54 cols.
2025-09-26 17:05:08,043 ; PT3S                                                         ; DEBUG   ; Dx.__init__: table: PROZESSE         V: V_PROZESSE           constructed with        0 rows and  21 cols.
2025-09-26 17:05:08,047 ; PT3S                                                         ; DEBUG   ; Dx.__init__: table: PZON             V: V_PZON               constructed with       27 rows and  43 cols.
2025-09-26 17:05:08,047 ; PT3S                                                         ; DEBUG   ; Dx.__init__: table: RCON             V: V_RCON               constructed with        2 rows and  35 cols.
2025-09-26 17:05:08,062 ; PT3S                                                         ; DEBUG   ; Dx.__init__: table: RECT             V: V_RECT               constructed with        5 rows and  54 cols.
2025-09-26 17:05:08,062 ; PT3S                                                         ; DEBUG   ; Dx.__init__: table: REGP             V: V_REGP               constructed with        2 rows and  34 cols.
2025-09-26 17:05:08,062 ; PT3S                                                         ; DEBUG   ; Dx.__init__: table: ROHR_VRTX        V: V_ROHR_VRTX          constructed with        1 rows and  36 cols.
2025-09-26 17:05:08,080 ; PT3S                                                         ; DEBUG   ; Dx.__init__: table: RPFL             V: V_RPFL               constructed with        1 rows and  55 cols.
2025-09-26 17:05:08,084 ; PT3S                                                         ; DEBUG   ; Dx.__init__: table: RRCT             V: V_RRCT               constructed with        1 rows and  54 cols.
2025-09-26 17:05:08,095 ; PT3S                                                         ; DEBUG   ; Dx.__init__: table: SIRGRAF          V: V_SIRGRAF            constructed with        2 rows and  74 cols.
2025-09-26 17:05:08,109 ; PT3S                                                         ; DEBUG   ; Dx.__init__: table: SOKO             V: V_SOKO               constructed with       26 rows and  69 cols.
2025-09-26 17:05:08,110 ; PT3S                                                         ; DEBUG   ; Dx.__init__: table: SPLZ             V: V_SPLZ               constructed with       16 rows and  44 cols.
2025-09-26 17:05:08,110 ; PT3S                                                         ; DEBUG   ; Dx.__init__: table: STRASSE          V: V_STRASSE            constructed with        1 rows and  37 cols.
2025-09-26 17:05:08,110 ; PT3S                                                         ; DEBUG   ; Dx.__init__: table: SYSTEMKONFIG     V: V_SYSTEMKONFIG       constructed with        4 rows and   4 cols.
2025-09-26 17:05:08,125 ; PT3S                                                         ; DEBUG   ; Dx.__init__: table: TIMD             V: V_TIMD               constructed with        2 rows and  40 cols.
2025-09-26 17:05:08,133 ; PT3S                                                         ; DEBUG   ; Dx.__init__: table: TRVA             V: V_TRVA               constructed with        2 rows and  45 cols.
2025-09-26 17:05:08,137 ; PT3S                                                         ; DEBUG   ; Dx.__init__: table: UTMP             V: V_UTMP               constructed with        2 rows and  34 cols.
2025-09-26 17:05:08,142 ; PT3S                                                         ; DEBUG   ; Dx.__init__: table: VARA             V: V_VARA               constructed with        3 rows and  35 cols.
2025-09-26 17:05:08,148 ; PT3S                                                         ; DEBUG   ; Dx.__init__: table: VERB             V: V_VERB               constructed with        2 rows and  73 cols.
2025-09-26 17:05:08,178 ; PT3S                                                         ; DEBUG   ; Dx.__init__: table: VKNO             V: V_VKNO               constructed with      216 rows and  55 cols.
2025-09-26 17:05:08,185 ; PT3S                                                         ; DEBUG   ; Dx.__init__: table: VRCT             V: V_VRCT               constructed with        1 rows and  37 cols.
2025-09-26 17:05:08,185 ; PT3S                                                         ; DEBUG   ; Dx.__init__: table: WBLZ             V: V_WBLZ               constructed with       27 rows and  39 cols.
2025-09-26 17:05:08,185 ; PT3S                                                         ; DEBUG   ; Dx.__init__: tableName: HIDDEN_ACTIVITIES: Tabelle keine SIR 3S Tabelle aus Sicht dieses Moduls. Trotzdem lesen. 
2025-09-26 17:05:08,195 ; PT3S                                                         ; DEBUG   ; Dx.__init__: V: V_HIDDEN_ACTIVITIES
2025-09-26 17:05:08,195 ; PT3S                                                         ; DEBUG   ; Dx.__init__: tableName: USCH: Tabelle keine SIR 3S Tabelle aus Sicht dieses Moduls. Trotzdem lesen. 
2025-09-26 17:05:08,195 ; PT3S                                                         ; DEBUG   ; Dx.__init__: V: V_USCH
2025-09-26 17:05:08,195 ; PT3S                                                         ; DEBUG   ; Dx._dfLAYR: Start.
2025-09-26 17:05:08,195 ; PT3S                                                         ; DEBUG   ; PT3S.dxDecodeObjsData.Layr: Start.
2025-09-26 17:05:11,570 ; PT3S                                                         ; DEBUG   ; PT3S.dxDecodeObjsData.Layr: _Done.
2025-09-26 17:05:11,618 ; PT3S                                                         ; DEBUG   ; Dx._dfLAYR: _Done.
2025-09-26 17:05:11,618 ; PT3S                                                         ; DEBUG   ; Dx.__init__: expanding V_BVZ_ROHR with NAME_DTRO, DN, DI, DA, S, KT, PN, Am2, Vm3 ...
2025-09-26 17:05:11,755 ; PT3S                                                         ; DEBUG   ; Dx.__init__: expanding V_BVZ_ROHR: rows before: 1675 rows now: 1675
2025-09-26 17:05:11,756 ; PT3S                                                         ; DEBUG   ; Dx.__init__: V3_ROHR: expanding V_BVZ_ROHR with  NAME_LTGR, NAME_STRASSE, tk_i, NAME_i, tk_k, NAME_k ...
2025-09-26 17:05:11,812 ; PT3S                                                         ; DEBUG   ; Dx.__init__: V3_SWVT: expanding V_BVZ_SWVT ...
2025-09-26 17:05:11,813 ; PT3S                                                         ; DEBUG   ; Dx.__init__: vSWVT handA: ZEIT und/oder W sind Null?!: ZEIT: nan W: 0.0: Null-Wert(e) wird (werden) auf 0. gesetzt.
2025-09-26 17:05:11,815 ; PT3S                                                         ; DEBUG   ; Dx.__init__: vSWVT wDH_RD_A: ZEIT und/oder W sind Null?!: ZEIT: nan W: 4.199999809265137: Null-Wert(e) wird (werden) auf 0. gesetzt.
2025-09-26 17:05:11,815 ; PT3S                                                         ; DEBUG   ; Dx.__init__: vSWVT wNA: ZEIT und/oder W sind Null?!: ZEIT: nan W: 1525.0: Null-Wert(e) wird (werden) auf 0. gesetzt.
2025-09-26 17:05:11,816 ; PT3S                                                         ; DEBUG   ; Dx.__init__: vSWVT wDH_MD_A: ZEIT und/oder W sind Null?!: ZEIT: nan W: 6.980000019073486: Null-Wert(e) wird (werden) auf 0. gesetzt.
2025-09-26 17:05:11,816 ; PT3S                                                         ; DEBUG   ; Dx.__init__: vSWVT wNB: ZEIT und/oder W sind Null?!: ZEIT: nan W: 1255.0: Null-Wert(e) wird (werden) auf 0. gesetzt.
2025-09-26 17:05:11,816 ; PT3S                                                         ; DEBUG   ; Dx.__init__: vSWVT zLeck_RL: ZEIT und/oder W sind Null?!: ZEIT: nan W: 0.0: Null-Wert(e) wird (werden) auf 0. gesetzt.
2025-09-26 17:05:11,817 ; PT3S                                                         ; DEBUG   ; Dx.__init__: vSWVT wLast: ZEIT und/oder W sind Null?!: ZEIT: nan W: 0.9092400074005127: Null-Wert(e) wird (werden) auf 0. gesetzt.
2025-09-26 17:05:11,817 ; PT3S                                                         ; DEBUG   ; Dx.__init__: vSWVT zLeck3: ZEIT und/oder W sind Null?!: ZEIT: nan W: 0.0: Null-Wert(e) wird (werden) auf 0. gesetzt.
2025-09-26 17:05:11,818 ; PT3S                                                         ; DEBUG   ; Dx.__init__: vSWVT zLeckMenge: ZEIT und/oder W sind Null?!: ZEIT: nan W: 0.0: Null-Wert(e) wird (werden) auf 0. gesetzt.
2025-09-26 17:05:11,818 ; PT3S                                                         ; DEBUG   ; Dx.__init__: vSWVT wAutoA: ZEIT und/oder W sind Null?!: ZEIT: nan W: 1.0: Null-Wert(e) wird (werden) auf 0. gesetzt.
2025-09-26 17:05:11,818 ; PT3S                                                         ; DEBUG   ; Dx.__init__: vSWVT zLeck2: ZEIT und/oder W sind Null?!: ZEIT: nan W: 0.0: Null-Wert(e) wird (werden) auf 0. gesetzt.
2025-09-26 17:05:11,818 ; PT3S                                                         ; DEBUG   ; Dx.__init__: vSWVT handB: ZEIT und/oder W sind Null?!: ZEIT: nan W: 0.0: Null-Wert(e) wird (werden) auf 0. gesetzt.
2025-09-26 17:05:11,818 ; PT3S                                                         ; DEBUG   ; Dx.__init__: vSWVT wDH_BA_A: ZEIT und/oder W sind Null?!: ZEIT: nan W: 0.0: Null-Wert(e) wird (werden) auf 0. gesetzt.
2025-09-26 17:05:11,818 ; PT3S                                                         ; DEBUG   ; Dx.__init__: vSWVT zLeck_VL: ZEIT und/oder W sind Null?!: ZEIT: nan W: 0.0: Null-Wert(e) wird (werden) auf 0. gesetzt.
2025-09-26 17:05:11,818 ; PT3S                                                         ; DEBUG   ; Dx.__init__: vSWVT wAutoB: ZEIT und/oder W sind Null?!: ZEIT: nan W: 1849.0: Null-Wert(e) wird (werden) auf 0. gesetzt.
2025-09-26 17:05:11,818 ; PT3S                                                         ; DEBUG   ; Dx.__init__: vSWVT wTRSP: ZEIT und/oder W sind Null?!: ZEIT: nan W: 55.0: Null-Wert(e) wird (werden) auf 0. gesetzt.
2025-09-26 17:05:11,818 ; PT3S                                                         ; DEBUG   ; Dx.__init__: vSWVT zLeck1: ZEIT und/oder W sind Null?!: ZEIT: nan W: 0.0: Null-Wert(e) wird (werden) auf 0. gesetzt.
2025-09-26 17:05:11,838 ; PT3S                                                         ; DEBUG   ; Dx.__init__: V3_ROWT: combining ROWT_tables like V_BVZ_LFKT, V_BVZ_PVAR, ...
2025-09-26 17:05:11,868 ; PT3S                                                         ; DEBUG   ; Dx.__init__: V3_TFKT: ...
2025-09-26 17:05:11,878 ; PT3S                                                         ; DEBUG   ; Dx.__init__: V3_RSLW_SWVT: combining RSLW and SWVT ...
2025-09-26 17:05:11,900 ; PT3S                                                         ; DEBUG   ; Dx.__init__: V3_KNOT: expanding V_BVZ_KNOT with XKOR, YKOR, NAME_LFKT, NAME_PVAR, NAME_PZON,NAME_QVAR,NAME_UTMP,NAME_FSTF,NAME_FQPS ...
2025-09-26 17:05:12,292 ; PT3S                                                         ; DEBUG   ; Dx.__init__:  Converting and creating geometry with x, y coordinates for nodes successful
2025-09-26 17:05:12,396 ; PT3S                                                         ; DEBUG   ; Dx.__init__: V3_FWVB: expanding V_BVZ_FWVB with NAME_LFKT, NAME_ZEP1VL, NAME_ZEP1RL, NAME_TEVT, NAME_TRFT, tk_i, NAME_i, tk_k, NAME_k, ...
2025-09-26 17:05:12,452 ; PT3S                                                         ; DEBUG   ; Dx.__init__: V3_:ROHR,KNOT,FWVB: filterTemplateObjects ...
2025-09-26 17:05:12,452 ; PT3S                                                         ; DEBUG   ; Dx._filterTemplateObjects: Start.
2025-09-26 17:05:12,452 ; PT3S                                                         ; DEBUG   ; Dx._filterTemplateObjects: V3_KNOT: Zeilen vorher: 1562 Zeilen jetzt: 1559
2025-09-26 17:05:12,459 ; PT3S                                                         ; DEBUG   ; Dx._filterTemplateObjects: V3_ROHR: Zeilen vorher: 1672 Zeilen jetzt: 1672
2025-09-26 17:05:12,463 ; PT3S                                                         ; DEBUG   ; Dx._filterTemplateObjects: V3_FWVB: Zeilen vorher: 656 Zeilen jetzt: 656
2025-09-26 17:05:12,463 ; PT3S                                                         ; DEBUG   ; Dx._filterTemplateObjects: _Done.
2025-09-26 17:05:12,463 ; PT3S                                                         ; DEBUG   ; Dx.__init__: V3_VBEL: ...
2025-09-26 17:05:12,583 ; PT3S                                                         ; DEBUG   ; Dx.__init__: FWES final in V3_VBEL-View (2,315) ...
2025-09-26 17:05:12,618 ; PT3S                                                         ; DEBUG   ; Dx.__init__: FWVB final in V3_VBEL-View (656,338) ...
2025-09-26 17:05:12,681 ; PT3S                                                         ; DEBUG   ; Dx.__init__: KLAP final in V3_VBEL-View (5,311) ...
2025-09-26 17:05:12,792 ; PT3S                                                         ; DEBUG   ; Dx.__init__: PGRP final in V3_VBEL-View (2,314) ...
2025-09-26 17:05:12,879 ; PT3S                                                         ; DEBUG   ; Dx.__init__: PUMP final in V3_VBEL-View (3,397) ...
2025-09-26 17:05:12,899 ; PT3S                                                         ; DEBUG   ; Dx.__init__: REGV final in V3_VBEL-View (1,310) ...
2025-09-26 17:05:12,964 ; PT3S                                                         ; DEBUG   ; Dx.__init__: ROHR final in V3_VBEL-View (1672,337) ...
2025-09-26 17:05:13,050 ; PT3S                                                         ; DEBUG   ; Dx.__init__: VENT final in V3_VBEL-View (119,324) ...
2025-09-26 17:05:13,627 ; PT3S                                                         ; DEBUG   ; Dx.__init__: V3_DPKT ...
2025-09-26 17:05:13,714 ; PT3S                                                         ; DEBUG   ; Dx.__init__: V3_RKNOT ...
2025-09-26 17:05:13,784 ; PT3S                                                         ; DEBUG   ; Dx.__init__: V3_RRUES ...
2025-09-26 17:05:14,114 ; PT3S                                                         ; DEBUG   ; Dx.__init__: V3_RVBEL ...
2025-09-26 17:05:14,138 ; PT3S                                                         ; DEBUG   ; Dx.__init__: V3_RVBEL RUES-Verbindungen zur Quelle hin aufloesen ...
2025-09-26 17:05:14,310 ; PT3S                                                         ; DEBUG   ; Dx.__init__: _Done.#########
2025-09-26 17:05:14,323 ; PT3S                                                         ; DEBUG   ; PT3S.dxAndMxHelperFcts.readDxAndMx: detecting MX-Source for dx.dbFile (abspath) c:\users\jablonski\3s\pt3s\PT3S\Examples\Example6.db3 ...
2025-09-26 17:05:14,323 ; PT3S                                                         ; DEBUG   ; PT3S.dxAndMxHelperFcts.readDxAndMx: wDir from dbFile: .\WDExample6
2025-09-26 17:05:14,323 ; PT3S                                                         ; DEBUG   ; PT3S.dxAndMxHelperFcts.readDxAndMx: abspath of wDir from dbFile: c:\users\jablonski\3s\pt3s\PT3S\Examples\WDExample6
2025-09-26 17:05:14,325 ; PT3S                                                         ; DEBUG   ; PT3S.dxAndMxHelperFcts.readDxAndMx: wDirMx from abspath of wDir from dbFile: c:\users\jablonski\3s\pt3s\PT3S\Examples\WDExample6\B1\V0\BZ1
2025-09-26 17:05:14,325 ; PT3S                                                         ; DEBUG   ; PT3S.dxAndMxHelperFcts.readDxAndMx: mx1File: ..\PT3S\Examples\WDExample6\B1\V0\BZ1\M-1-0-1.1.MX1
2025-09-26 17:05:14,327 ; PT3S                                                         ; DEBUG   ; PT3S.dxAndMxHelperFcts.readDxAndMx: corresponding dbFileMxPkl-File: ..\PT3S\Examples\Example6-mx-_PT3S_Examples_WDExample6_B1_V0_BZ1_M_1_0_1_1_MX1.pkl
2025-09-26 17:05:14,329 ; PT3S                                                         ; INFO    ; PT3S.dxAndMxHelperFcts.readDxAndMx: 
+..\PT3S\Examples\Example6.db3 is newer than
+..\PT3S\Examples\WDExample6\B1\V0\BZ1\M-1-0-1.1.MX1:
+SIR 3S' dbFile is newer than SIR 3S' mx1File
+in this case the results are maybe dated or (worse) incompatible to the model
2025-09-26 17:05:14,332 ; PT3S                                                         ; INFO    ; PT3S.dxAndMxHelperFcts.readDxAndMx: 
+..\PT3S\Examples\WDExample6\B1\V0\BZ1\M-1-0-1.XML is newer than
+..\PT3S\Examples\WDExample6\B1\V0\BZ1\M-1-0-1.1.MX1:
+SirCalc's xmlFile is newer than SIR 3S' mx1File
+in this case the results are maybe dated or (worse) incompatible to the model
2025-09-26 17:05:14,708 ; PT3S                                                         ; DEBUG   ; PT3S.dxAndMxHelperFcts.readDxAndMx: _Done.
2025-09-26 17:05:22,895 ; PT3S                                                         ; DEBUG   ; PT3S.dxAndMxHelperFcts.readDxAndMx: Start.
2025-09-26 17:05:22,895 ; PT3S                                                         ; DEBUG   ; Dx.__init__: Start.#########
2025-09-26 17:05:22,900 ; PT3S                                                         ; INFO    ; Dx.__init__: dbFile (abspath): c:\users\aUserName\3s\pt3s\PT3S\Examples\Example6.db3 exists readable ...
2025-09-26 17:05:22,918 ; PT3S                                                         ; DEBUG   ; Dx.__init__: tableNames: ['AB_DEF', 'AGSN', 'ALLG', 'ALLG_BZ', 'ANTP', 'ANTP_ROWS', 'ARRW', 'ATMO', 'AVOS', 'AVOS_ROWS', 'BENUTZER', 'BEVE', 'BEVE_BZ', 'BEWI', 'BEWI_BZ', 'BREF', 'BZAG', 'BZAG_BZ', 'CIRC', 'CONT', 'CRGL', 'DATENEBENE', 'DPGR', 'DPGR_BZ', 'DPGR_DPKT', 'DPKT', 'DPKT_BZ', 'DPRG', 'DPRG_BZ', 'DRNP', 'DTRO', 'DTRO_ROWD', 'EBES', 'EBES_BZ', 'ELEMENTQUERY', 'ETAM', 'ETAM_ROWS', 'ETAR', 'ETAR_ROWS', 'ETAU', 'ETAU_ROWS', 'FKNL', 'FKNL_BZ', 'FQPS', 'FQPS_BZ', 'FSTF', 'FWBZ', 'FWEA', 'FWEA_BZ', 'FWES', 'FWES_BZ', 'FWVB', 'FWVB_BZ', 'FWWU', 'FWWU_BZ', 'GEOMETRY_COLUMNS', 'GKMP', 'GMIX', 'GRAV', 'GTXT', 'GVWK', 'GVWK_BZ', 'HAUS', 'HYDR', 'HYDR_BZ', 'KLAP', 'KLAP_BZ', 'KNOT', 'KNOT_BZ', 'KOMK', 'KOMK_ROWS', 'KOMP', 'KOMP_BZ', 'LAYR', 'LFAL', 'LFAL_BZ', 'LFKT', 'LFKT_ROWT', 'LTGR', 'MAPG', 'MAPG_ROWS', 'MODELL', 'MREG', 'MREG_BZ', 'NRCV', 'NSCH', 'NSCH_BZ', 'OBEH', 'OBEH_BZ', 'OVAL', 'PARI', 'PARI_BZ', 'PARV', 'PARZ', 'PARZ_BZ', 'PGPR', 'PGRP', 'PGRP_BZ', 'PGRP_PUMP', 'PGRP_PUMP_BZ', 'PHI1', 'PHI1_ROWT', 'PHI2', 'PHI2_ROWS', 'PHIV', 'PHIV_ROWS', 'PHTR', 'PHTR_BZ', 'PLYG', 'POLY', 'PREG', 'PREG_BZ', 'PROZESSE', 'PUMD', 'PUMD_ROWT', 'PUMK', 'PUMK_ROWS', 'PUMP', 'PUMP_BZ', 'PVAR', 'PVAR_ROWT', 'PZON', 'PZVR', 'PZVR_BZ', 'QVAR', 'QVAR_ROWT', 'RADD', 'RADD_BZ', 'RART', 'RART_BZ', 'RCON', 'RCPL', 'RCPL_ROWT', 'RDIV', 'RDIV_BZ', 'RECT', 'REGP', 'REGV', 'REGV_BZ', 'RFKT', 'RFKT_BZ', 'RHYS', 'RHYS_BZ', 'RINT', 'RINT_BZ', 'RLSR', 'RLSR_BZ', 'RLVG', 'RLVG_BZ', 'RMES', 'RMES_BZ', 'RMES_DPTS', 'RMES_DPTS_BZ', 'RMMA', 'RMMA_BZ', 'RMUL', 'RMUL_BZ', 'ROHR', 'ROHR_BZ', 'ROHR_VRTX', 'RPFL', 'RPID', 'RPID_BZ', 'RPLAN', 'RPLAN_ROWS', 'RPT1', 'RPT1_BZ', 'RRCT', 'RSLW', 'RSLW_BZ', 'RSTE', 'RSTE_BZ', 'RSTN', 'RSTN_BZ', 'RTOT', 'RTOT_BZ', 'RUES', 'RUES_BZ', 'SIRGRAF', 'SIVE', 'SIVE_BZ', 'SOKO', 'SPLZ', 'SRAT', 'SRAT_ROWS', 'STOF', 'STOF_ROWS', 'STRASSE', 'STRO', 'STRO_BZ', 'SWVT', 'SWVT_ROWT', 'SYSTEMKONFIG', 'TEVT', 'TEVT_ROWT', 'TFKT', 'TFKT_ROWS', 'TIMD', 'TRFT', 'TRFT_ROWS', 'TRVA', 'UTMP', 'VARA_ROWS', 'VENT', 'VENT_BZ', 'VERB', 'VKNO', 'VRCT', 'WBLZ', 'WEVT', 'WEVT_ROWT', 'WIND', 'WIND_BZ', 'WTTR', 'WTTR_ROWT', 'ZEP1', 'ZEP1_ROWS', 'ZEP2', 'ZEP2_ROWS', 'VARA', 'ARRW_BZ', 'CIRC_BZ', 'CONT_BZ', 'GTXT_BZ', 'HAUS_BZ', 'HIDDEN_ACTIVITIES', 'NRCV_BZ', 'OVAL_BZ', 'PLYG_BZ', 'POLY_BZ', 'RECT_BZ', 'RPFL_BZ', 'RRCT_BZ', 'USCH', 'UTMP_BZ', 'VERB_BZ']
2025-09-26 17:05:22,918 ; PT3S                                                         ; DEBUG   ; Dx.__init__: viewNames: ['VARRW', 'VBEVE', 'VBEWI', 'VCIRC', 'VCONT', 'VDPRG', 'VFWEA', 'VFWES', 'VFWVB', 'VFWWU', 'VGTXT', 'VGVWK', 'VHAUS', 'VHYDR', 'VKLAP', 'VKNOT', 'VKOMP', 'VMREG', 'VNRCV', 'VNSCH', 'VOBEH', 'VOVAL', 'VPHTR', 'VPLYG', 'VPOLY', 'VPREG', 'VPUMP', 'VRECT', 'VREGV', 'VROHR', 'VRPFL', 'VRRCT', 'VSIVE', 'VVENT', 'VVERB', 'VWIND', 'VSTRO', 'VIEW_MODELLE']
2025-09-26 17:05:22,928 ; PT3S                                                         ; DEBUG   ; Dx.__init__: pair-tables: pairType: _BZ:
2025-09-26 17:05:22,943 ; PT3S                                                         ; DEBUG   ; Dx.__init__: BV: ALLG         BVZ: ALLG_BZ      V: V_BVZ_ALLG      constructed with        1 rows and  44 cols.
2025-09-26 17:05:22,969 ; PT3S                                                         ; DEBUG   ; Dx.__init__: BV: BEVE         BVZ: BEVE_BZ      V: V_BVZ_BEVE      constructed with        1 rows and  80 cols.
2025-09-26 17:05:22,998 ; PT3S                                                         ; DEBUG   ; Dx.__init__: BV: BEWI         BVZ: BEWI_BZ      V: V_BVZ_BEWI      constructed with        1 rows and  79 cols.
2025-09-26 17:05:23,006 ; PT3S                                                         ; DEBUG   ; Dx.__init__: BV: BZAG         BVZ: BZAG_BZ      V: V_BVZ_BZAG      constructed with        1 rows and  26 cols.
2025-09-26 17:05:23,017 ; PT3S                                                         ; DEBUG   ; Dx.__init__: BV: DPGR         BVZ: DPGR_BZ      V: V_BVZ_DPGR      constructed with       14 rows and  32 cols.
2025-09-26 17:05:23,111 ; PT3S                                                         ; DEBUG   ; Dx.__init__: BV: DPKT         BVZ: DPKT_BZ      V: V_BVZ_DPKT      constructed with     2774 rows and  49 cols.
2025-09-26 17:05:23,134 ; PT3S                                                         ; DEBUG   ; Dx.__init__: BV: DPRG         BVZ: DPRG_BZ      V: V_BVZ_DPRG      constructed with        1 rows and  76 cols.
2025-09-26 17:05:23,143 ; PT3S                                                         ; DEBUG   ; Dx.__init__: BV: EBES         BVZ: EBES_BZ      V: V_BVZ_EBES      constructed with        2 rows and  30 cols.
2025-09-26 17:05:23,160 ; PT3S                                                         ; DEBUG   ; Dx.__init__: BV: FKNL         BVZ: FKNL_BZ      V: V_BVZ_FKNL      constructed with        1 rows and  70 cols.
2025-09-26 17:05:23,178 ; PT3S                                                         ; DEBUG   ; Dx.__init__: BV: FQPS         BVZ: FQPS_BZ      V: V_BVZ_FQPS      constructed with        1 rows and  71 cols.
2025-09-26 17:05:23,196 ; PT3S                                                         ; DEBUG   ; Dx.__init__: BV: FWEA         BVZ: FWEA_BZ      V: V_BVZ_FWEA      constructed with        1 rows and 162 cols.
2025-09-26 17:05:23,217 ; PT3S                                                         ; DEBUG   ; Dx.__init__: BV: FWES         BVZ: FWES_BZ      V: V_BVZ_FWES      constructed with        2 rows and  64 cols.
2025-09-26 17:05:23,267 ; PT3S                                                         ; DEBUG   ; Dx.__init__: BV: FWVB         BVZ: FWVB_BZ      V: V_BVZ_FWVB      constructed with      657 rows and  87 cols.
2025-09-26 17:05:23,289 ; PT3S                                                         ; DEBUG   ; Dx.__init__: BV: FWWU         BVZ: FWWU_BZ      V: V_BVZ_FWWU      constructed with        1 rows and  97 cols.
2025-09-26 17:05:23,309 ; PT3S                                                         ; DEBUG   ; Dx.__init__: BV: GVWK         BVZ: GVWK_BZ      V: V_BVZ_GVWK      constructed with        1 rows and  71 cols.
2025-09-26 17:05:23,327 ; PT3S                                                         ; DEBUG   ; Dx.__init__: BV: HYDR         BVZ: HYDR_BZ      V: V_BVZ_HYDR      constructed with        1 rows and  61 cols.
2025-09-26 17:05:23,342 ; PT3S                                                         ; DEBUG   ; Dx.__init__: BV: KLAP         BVZ: KLAP_BZ      V: V_BVZ_KLAP      constructed with        5 rows and  60 cols.
2025-09-26 17:05:23,414 ; PT3S                                                         ; DEBUG   ; Dx.__init__: BV: KNOT         BVZ: KNOT_BZ      V: V_BVZ_KNOT      constructed with     1562 rows and  67 cols.
2025-09-26 17:05:23,433 ; PT3S                                                         ; DEBUG   ; Dx.__init__: BV: KOMP         BVZ: KOMP_BZ      V: V_BVZ_KOMP      constructed with        1 rows and  84 cols.
2025-09-26 17:05:23,442 ; PT3S                                                         ; DEBUG   ; Dx.__init__: BV: LFAL         BVZ: LFAL_BZ      V: V_BVZ_LFAL      constructed with        1 rows and  25 cols.
2025-09-26 17:05:23,460 ; PT3S                                                         ; DEBUG   ; Dx.__init__: BV: MREG         BVZ: MREG_BZ      V: V_BVZ_MREG      constructed with        1 rows and  77 cols.
2025-09-26 17:05:23,505 ; PT3S                                                         ; DEBUG   ; Dx.__init__: BV: NSCH         BVZ: NSCH_BZ      V: V_BVZ_NSCH      constructed with     1672 rows and  37 cols.
2025-09-26 17:05:23,519 ; PT3S                                                         ; DEBUG   ; Dx.__init__: BV: OBEH         BVZ: OBEH_BZ      V: V_BVZ_OBEH      constructed with        1 rows and  66 cols.
2025-09-26 17:05:23,528 ; PT3S                                                         ; DEBUG   ; Dx.__init__: BV: PARI         BVZ: PARI_BZ      V: V_BVZ_PARI      constructed with        1 rows and  31 cols.
2025-09-26 17:05:23,533 ; PT3S                                                         ; DEBUG   ; Dx.__init__: BV: PARZ         BVZ: PARZ_BZ      V: V_BVZ_PARZ      constructed with        1 rows and  28 cols.
2025-09-26 17:05:23,545 ; PT3S                                                         ; DEBUG   ; Dx.__init__: BV: PGRP         BVZ: PGRP_BZ      V: V_BVZ_PGRP      constructed with        2 rows and  63 cols.
2025-09-26 17:05:23,553 ; PT3S                                                         ; DEBUG   ; Dx.__init__: BV: PGRP_PUMP    BVZ: PGRP_PUMP_BZ V: V_BVZ_PGRP_PUMP constructed with        2 rows and  26 cols.
2025-09-26 17:05:23,575 ; PT3S                                                         ; DEBUG   ; Dx.__init__: BV: PHTR         BVZ: PHTR_BZ      V: V_BVZ_PHTR      constructed with        1 rows and  69 cols.
2025-09-26 17:05:23,593 ; PT3S                                                         ; DEBUG   ; Dx.__init__: BV: PREG         BVZ: PREG_BZ      V: V_BVZ_PREG      constructed with        1 rows and  75 cols.
2025-09-26 17:05:23,616 ; PT3S                                                         ; DEBUG   ; Dx.__init__: BV: PUMP         BVZ: PUMP_BZ      V: V_BVZ_PUMP      constructed with        3 rows and 146 cols.
2025-09-26 17:05:23,621 ; PT3S                                                         ; DEBUG   ; Dx.__init__: BV: PZVR         BVZ: PZVR_BZ      V: V_BVZ_PZVR      constructed with        1 rows and  30 cols.
2025-09-26 17:05:23,647 ; PT3S                                                         ; DEBUG   ; Dx.__init__: BV: RADD         BVZ: RADD_BZ      V: V_BVZ_RADD      constructed with        2 rows and  43 cols.
2025-09-26 17:05:23,648 ; PT3S                                                         ; DEBUG   ; Dx.__init__: BV: RART         BVZ: RART_BZ      V: V_BVZ_RART      constructed with       11 rows and  35 cols.
2025-09-26 17:05:23,662 ; PT3S                                                         ; DEBUG   ; Dx.__init__: BV: RDIV         BVZ: RDIV_BZ      V: V_BVZ_RDIV      constructed with        1 rows and  57 cols.
2025-09-26 17:05:23,679 ; PT3S                                                         ; DEBUG   ; Dx.__init__: BV: REGV         BVZ: REGV_BZ      V: V_BVZ_REGV      constructed with        1 rows and  59 cols.
2025-09-26 17:05:23,702 ; PT3S                                                         ; DEBUG   ; Dx.__init__: BV: RFKT         BVZ: RFKT_BZ      V: V_BVZ_RFKT      constructed with        1 rows and  58 cols.
2025-09-26 17:05:23,739 ; PT3S                                                         ; DEBUG   ; Dx.__init__: BV: RHYS         BVZ: RHYS_BZ      V: V_BVZ_RHYS      constructed with        2 rows and  46 cols.
2025-09-26 17:05:23,750 ; PT3S                                                         ; DEBUG   ; Dx.__init__: BV: RINT         BVZ: RINT_BZ      V: V_BVZ_RINT      constructed with        1 rows and  57 cols.
2025-09-26 17:05:23,775 ; PT3S                                                         ; DEBUG   ; Dx.__init__: BV: RLSR         BVZ: RLSR_BZ      V: V_BVZ_RLSR      constructed with        1 rows and  55 cols.
2025-09-26 17:05:23,796 ; PT3S                                                         ; DEBUG   ; Dx.__init__: BV: RLVG         BVZ: RLVG_BZ      V: V_BVZ_RLVG      constructed with       14 rows and  43 cols.
2025-09-26 17:05:23,819 ; PT3S                                                         ; DEBUG   ; Dx.__init__: BV: RMES         BVZ: RMES_BZ      V: V_BVZ_RMES      constructed with       12 rows and  53 cols.
2025-09-26 17:05:23,829 ; PT3S                                                         ; DEBUG   ; Dx.__init__: BV: RMES_DPTS    BVZ: RMES_DPTS_BZ V: V_BVZ_RMES_DPTS constructed with       23 rows and  29 cols.
2025-09-26 17:05:23,846 ; PT3S                                                         ; DEBUG   ; Dx.__init__: BV: RMMA         BVZ: RMMA_BZ      V: V_BVZ_RMMA      constructed with        1 rows and  56 cols.
2025-09-26 17:05:23,864 ; PT3S                                                         ; DEBUG   ; Dx.__init__: BV: RMUL         BVZ: RMUL_BZ      V: V_BVZ_RMUL      constructed with        1 rows and  44 cols.
2025-09-26 17:05:23,949 ; PT3S                                                         ; DEBUG   ; Dx.__init__: BV: ROHR         BVZ: ROHR_BZ      V: V_BVZ_ROHR      constructed with     1675 rows and  77 cols.
2025-09-26 17:05:23,964 ; PT3S                                                         ; DEBUG   ; Dx.__init__: BV: RPID         BVZ: RPID_BZ      V: V_BVZ_RPID      constructed with        1 rows and  64 cols.
2025-09-26 17:05:23,981 ; PT3S                                                         ; DEBUG   ; Dx.__init__: BV: RPT1         BVZ: RPT1_BZ      V: V_BVZ_RPT1      constructed with        1 rows and  57 cols.
2025-09-26 17:05:24,010 ; PT3S                                                         ; DEBUG   ; Dx.__init__: BV: RSLW         BVZ: RSLW_BZ      V: V_BVZ_RSLW      constructed with       17 rows and  51 cols.
2025-09-26 17:05:24,031 ; PT3S                                                         ; DEBUG   ; Dx.__init__: BV: RSTE         BVZ: RSTE_BZ      V: V_BVZ_RSTE      constructed with        1 rows and 105 cols.
2025-09-26 17:05:24,059 ; PT3S                                                         ; DEBUG   ; Dx.__init__: BV: RSTN         BVZ: RSTN_BZ      V: V_BVZ_RSTN      constructed with       20 rows and  79 cols.
2025-09-26 17:05:24,079 ; PT3S                                                         ; DEBUG   ; Dx.__init__: BV: RTOT         BVZ: RTOT_BZ      V: V_BVZ_RTOT      constructed with        1 rows and  56 cols.
2025-09-26 17:05:24,098 ; PT3S                                                         ; DEBUG   ; Dx.__init__: BV: RUES         BVZ: RUES_BZ      V: V_BVZ_RUES      constructed with      104 rows and  44 cols.
2025-09-26 17:05:24,115 ; PT3S                                                         ; DEBUG   ; Dx.__init__: BV: SIVE         BVZ: SIVE_BZ      V: V_BVZ_SIVE      constructed with        1 rows and  74 cols.
2025-09-26 17:05:24,145 ; PT3S                                                         ; DEBUG   ; Dx.__init__: BV: STRO         BVZ: STRO_BZ      V: V_BVZ_STRO      constructed with        1 rows and  76 cols.
2025-09-26 17:05:24,179 ; PT3S                                                         ; DEBUG   ; Dx.__init__: BV: VENT         BVZ: VENT_BZ      V: V_BVZ_VENT      constructed with      119 rows and  73 cols.
2025-09-26 17:05:24,198 ; PT3S                                                         ; DEBUG   ; Dx.__init__: BV: WIND         BVZ: WIND_BZ      V: V_BVZ_WIND      constructed with        1 rows and  80 cols.
2025-09-26 17:05:24,209 ; PT3S                                                         ; DEBUG   ; Dx.__init__: BV: ARRW         BVZ: ARRW_BZ      V: V_BVZ_ARRW      constructed with        4 rows and  46 cols.
2025-09-26 17:05:24,227 ; PT3S                                                         ; DEBUG   ; Dx.__init__: BV: CIRC         BVZ: CIRC_BZ      V: V_BVZ_CIRC      constructed with        1 rows and  59 cols.
2025-09-26 17:05:24,227 ; PT3S                                                         ; DEBUG   ; Dx.__init__: BV: CONT         BVZ: CONT_BZ      V: V_BVZ_CONT      constructed with       14 rows and  34 cols.
2025-09-26 17:05:24,267 ; PT3S                                                         ; DEBUG   ; Dx.__init__: BV: GTXT         BVZ: GTXT_BZ      V: V_BVZ_GTXT      constructed with      122 rows and  48 cols.
2025-09-26 17:05:24,280 ; PT3S                                                         ; DEBUG   ; Dx.__init__: BV: HAUS         BVZ: HAUS_BZ      V: V_BVZ_HAUS      constructed with        1 rows and  47 cols.
2025-09-26 17:05:24,332 ; PT3S                                                         ; DEBUG   ; Dx.__init__: BV: NRCV         BVZ: NRCV_BZ      V: V_BVZ_NRCV      constructed with      419 rows and  60 cols.
2025-09-26 17:05:24,350 ; PT3S                                                         ; DEBUG   ; Dx.__init__: BV: OVAL         BVZ: OVAL_BZ      V: V_BVZ_OVAL      constructed with        1 rows and  59 cols.
2025-09-26 17:05:24,368 ; PT3S                                                         ; DEBUG   ; Dx.__init__: BV: PLYG         BVZ: PLYG_BZ      V: V_BVZ_PLYG      constructed with        1 rows and  59 cols.
2025-09-26 17:05:24,380 ; PT3S                                                         ; DEBUG   ; Dx.__init__: BV: POLY         BVZ: POLY_BZ      V: V_BVZ_POLY      constructed with       11 rows and  46 cols.
2025-09-26 17:05:24,399 ; PT3S                                                         ; DEBUG   ; Dx.__init__: BV: RECT         BVZ: RECT_BZ      V: V_BVZ_RECT      constructed with        4 rows and  46 cols.
2025-09-26 17:05:24,413 ; PT3S                                                         ; DEBUG   ; Dx.__init__: BV: RPFL         BVZ: RPFL_BZ      V: V_BVZ_RPFL      constructed with        1 rows and  61 cols.
2025-09-26 17:05:24,429 ; PT3S                                                         ; DEBUG   ; Dx.__init__: BV: RRCT         BVZ: RRCT_BZ      V: V_BVZ_RRCT      constructed with        1 rows and  59 cols.
2025-09-26 17:05:24,444 ; PT3S                                                         ; DEBUG   ; Dx.__init__: BV: UTMP         BVZ: UTMP_BZ      V: V_BVZ_UTMP      constructed with        1 rows and  28 cols.
2025-09-26 17:05:24,460 ; PT3S                                                         ; DEBUG   ; Dx.__init__: BV: VERB         BVZ: VERB_BZ      V: V_BVZ_VERB      constructed with        1 rows and  65 cols.
2025-09-26 17:05:24,460 ; PT3S                                                         ; DEBUG   ; Dx.__init__: pair-tables: pairType: _ROWS:
2025-09-26 17:05:24,465 ; PT3S                                                         ; DEBUG   ; Dx.__init__: BV: ANTP         BVZ: ANTP_ROWS    V: V_BVZ_ANTP      constructed with        1 rows and  43 cols.
2025-09-26 17:05:24,486 ; PT3S                                                         ; DEBUG   ; Dx.__init__: BV: AVOS         BVZ: AVOS_ROWS    V: V_BVZ_AVOS      constructed with        3 rows and  43 cols.
2025-09-26 17:05:24,495 ; PT3S                                                         ; DEBUG   ; Dx.__init__: BV: ETAM         BVZ: ETAM_ROWS    V: V_BVZ_ETAM      constructed with        7 rows and  43 cols.
2025-09-26 17:05:24,516 ; PT3S                                                         ; DEBUG   ; Dx.__init__: BV: ETAR         BVZ: ETAR_ROWS    V: V_BVZ_ETAR      constructed with        7 rows and  43 cols.
2025-09-26 17:05:24,526 ; PT3S                                                         ; DEBUG   ; Dx.__init__: BV: ETAU         BVZ: ETAU_ROWS    V: V_BVZ_ETAU      constructed with        7 rows and  43 cols.
2025-09-26 17:05:24,546 ; PT3S                                                         ; DEBUG   ; Dx.__init__: BV: KOMK         BVZ: KOMK_ROWS    V: V_BVZ_KOMK      constructed with        1 rows and  53 cols.
2025-09-26 17:05:24,562 ; PT3S                                                         ; DEBUG   ; Dx.__init__: BV: MAPG         BVZ: MAPG_ROWS    V: V_BVZ_MAPG      constructed with        1 rows and  61 cols.
2025-09-26 17:05:24,577 ; PT3S                                                         ; DEBUG   ; Dx.__init__: BV: PHI2         BVZ: PHI2_ROWS    V: V_BVZ_PHI2      constructed with        8 rows and  44 cols.
2025-09-26 17:05:24,592 ; PT3S                                                         ; DEBUG   ; Dx.__init__: BV: PHIV         BVZ: PHIV_ROWS    V: V_BVZ_PHIV      constructed with       18 rows and  43 cols.
2025-09-26 17:05:24,597 ; PT3S                                                         ; DEBUG   ; Dx.__init__: BV: PUMK         BVZ: PUMK_ROWS    V: V_BVZ_PUMK      constructed with       40 rows and  49 cols.
2025-09-26 17:05:24,613 ; PT3S                                                         ; DEBUG   ; Dx.__init__: BV: RPLAN        BVZ: RPLAN_ROWS   V: V_BVZ_RPLAN     constructed with        1 rows and  54 cols.
2025-09-26 17:05:24,632 ; PT3S                                                         ; DEBUG   ; Dx.__init__: BV: SRAT         BVZ: SRAT_ROWS    V: V_BVZ_SRAT      constructed with      203 rows and  44 cols.
2025-09-26 17:05:24,643 ; PT3S                                                         ; DEBUG   ; Dx.__init__: BV: STOF         BVZ: STOF_ROWS    V: V_BVZ_STOF      constructed with      201 rows and  47 cols.
2025-09-26 17:05:24,661 ; PT3S                                                         ; DEBUG   ; Dx.__init__: BV: TFKT         BVZ: TFKT_ROWS    V: V_BVZ_TFKT      constructed with      116 rows and  43 cols.
2025-09-26 17:05:24,683 ; PT3S                                                         ; DEBUG   ; Dx.__init__: BV: TRFT         BVZ: TRFT_ROWS    V: V_BVZ_TRFT      constructed with        2 rows and  43 cols.
2025-09-26 17:05:24,698 ; PT3S                                                         ; DEBUG   ; Dx.__init__: BV: VARA         BVZ: VARA_ROWS    V: V_BVZ_VARA      constructed with        5 rows and  63 cols.
2025-09-26 17:05:24,715 ; PT3S                                                         ; DEBUG   ; Dx.__init__: BV: ZEP1         BVZ: ZEP1_ROWS    V: V_BVZ_ZEP1      constructed with       45 rows and  46 cols.
2025-09-26 17:05:24,730 ; PT3S                                                         ; DEBUG   ; Dx.__init__: BV: ZEP2         BVZ: ZEP2_ROWS    V: V_BVZ_ZEP2      constructed with       79 rows and  48 cols.
2025-09-26 17:05:24,730 ; PT3S                                                         ; DEBUG   ; Dx.__init__: pair-tables: pairType: _ROWT:
2025-09-26 17:05:24,743 ; PT3S                                                         ; DEBUG   ; Dx.__init__: BV: LFKT         BVZ: LFKT_ROWT    V: V_BVZ_LFKT      constructed with       20 rows and  39 cols.
2025-09-26 17:05:24,745 ; PT3S                                                         ; DEBUG   ; Dx.__init__: BV: PHI1         BVZ: PHI1_ROWT    V: V_BVZ_PHI1      constructed with        4 rows and  39 cols.
2025-09-26 17:05:24,761 ; PT3S                                                         ; DEBUG   ; Dx.__init__: BV: PUMD         BVZ: PUMD_ROWT    V: V_BVZ_PUMD      constructed with        2 rows and  39 cols.
2025-09-26 17:05:24,780 ; PT3S                                                         ; DEBUG   ; Dx.__init__: BV: PVAR         BVZ: PVAR_ROWT    V: V_BVZ_PVAR      constructed with        1 rows and  39 cols.
2025-09-26 17:05:24,793 ; PT3S                                                         ; DEBUG   ; Dx.__init__: BV: QVAR         BVZ: QVAR_ROWT    V: V_BVZ_QVAR      constructed with        1 rows and  39 cols.
2025-09-26 17:05:24,802 ; PT3S                                                         ; DEBUG   ; PT3S.Dx.fHelperCONTetc: pairType ROWT: df RCPL hat keine Spalte ZEIT? Keine Sortierung nach Zeit.
2025-09-26 17:05:24,802 ; PT3S                                                         ; DEBUG   ; Dx.__init__: BV: RCPL         BVZ: RCPL_ROWT    V: V_BVZ_RCPL      constructed with        3 rows and  13 cols.
2025-09-26 17:05:24,818 ; PT3S                                                         ; DEBUG   ; Dx.__init__: BV: SWVT         BVZ: SWVT_ROWT    V: V_BVZ_SWVT      constructed with      316 rows and  39 cols.
2025-09-26 17:05:24,832 ; PT3S                                                         ; DEBUG   ; Dx.__init__: BV: TEVT         BVZ: TEVT_ROWT    V: V_BVZ_TEVT      constructed with        2 rows and  39 cols.
2025-09-26 17:05:24,842 ; PT3S                                                         ; DEBUG   ; Dx.__init__: BV: WEVT         BVZ: WEVT_ROWT    V: V_BVZ_WEVT      constructed with        1 rows and  39 cols.
2025-09-26 17:05:24,851 ; PT3S                                                         ; DEBUG   ; Dx.__init__: BV: WTTR         BVZ: WTTR_ROWT    V: V_BVZ_WTTR      constructed with        0 rows and  46 cols.
2025-09-26 17:05:24,851 ; PT3S                                                         ; DEBUG   ; Dx.__init__: pair-tables: pairType: _ROWD:
2025-09-26 17:05:24,863 ; PT3S                                                         ; DEBUG   ; Dx.__init__: BV: DTRO         BVZ: DTRO_ROWD    V: V_BVZ_DTRO      constructed with       75 rows and  55 cols.
2025-09-26 17:05:24,863 ; PT3S                                                         ; DEBUG   ; Dx.__init__: tables which are not pair-tables:
2025-09-26 17:05:24,876 ; PT3S                                                         ; DEBUG   ; Dx.__init__: table: AB_DEF           V: V_AB_DEF             constructed with        1 rows and  16 cols.
2025-09-26 17:05:24,880 ; PT3S                                                         ; DEBUG   ; Dx.__init__: table: AGSN             V: V_AGSN               constructed with        2 rows and  37 cols.
2025-09-26 17:05:24,893 ; PT3S                                                         ; DEBUG   ; Dx.__init__: table: ARRW             V: V_ARRW               constructed with        5 rows and  54 cols.
2025-09-26 17:05:24,899 ; PT3S                                                         ; DEBUG   ; Dx.__init__: table: ATMO             V: V_ATMO               constructed with        2 rows and  37 cols.
2025-09-26 17:05:24,899 ; PT3S                                                         ; DEBUG   ; Dx.__init__: table: BENUTZER         V: V_BENUTZER           constructed with        0 rows and  26 cols.
2025-09-26 17:05:24,914 ; PT3S                                                         ; DEBUG   ; Dx.__init__: table: BREF             V: V_BREF               constructed with        1 rows and  53 cols.
2025-09-26 17:05:24,922 ; PT3S                                                         ; DEBUG   ; Dx.__init__: table: CIRC             V: V_CIRC               constructed with        1 rows and  54 cols.
2025-09-26 17:05:24,931 ; PT3S                                                         ; DEBUG   ; Dx.__init__: table: CONT             V: V_CONT               constructed with       15 rows and  42 cols.
2025-09-26 17:05:24,948 ; PT3S                                                         ; DEBUG   ; Dx.__init__: table: CRGL             V: V_CRGL               constructed with      111 rows and  54 cols.
2025-09-26 17:05:24,960 ; PT3S                                                         ; DEBUG   ; Dx.__init__: table: DATENEBENE       V: V_DATENEBENE         constructed with        4 rows and  11 cols.
2025-09-26 17:05:24,982 ; PT3S                                                         ; DEBUG   ; Dx.__init__: table: DPGR_DPKT        V: V_DPGR_DPKT          constructed with     3233 rows and  34 cols.
2025-09-26 17:05:24,982 ; PT3S                                                         ; DEBUG   ; Dx.__init__: table: DRNP             V: V_DRNP               constructed with        2 rows and  38 cols.
2025-09-26 17:05:24,998 ; PT3S                                                         ; DEBUG   ; Dx.__init__: table: ELEMENTQUERY     V: V_ELEMENTQUERY       constructed with       57 rows and  36 cols.
2025-09-26 17:05:25,000 ; PT3S                                                         ; DEBUG   ; Dx.__init__: table: FSTF             V: V_FSTF               constructed with        2 rows and  51 cols.
2025-09-26 17:05:25,010 ; PT3S                                                         ; DEBUG   ; Dx.__init__: table: FWBZ             V: V_FWBZ               constructed with        2 rows and  40 cols.
2025-09-26 17:05:25,012 ; PT3S                                                         ; DEBUG   ; Dx.__init__: table: GEOMETRY_COLUMNS V: V_GEOMETRY_COLUMNS   constructed with       37 rows and   7 cols.
2025-09-26 17:05:25,018 ; PT3S                                                         ; DEBUG   ; Dx.__init__: table: GKMP             V: V_GKMP               constructed with        1 rows and  55 cols.
2025-09-26 17:05:25,026 ; PT3S                                                         ; DEBUG   ; Dx.__init__: table: GMIX             V: V_GMIX               constructed with        1 rows and  80 cols.
2025-09-26 17:05:25,026 ; PT3S                                                         ; DEBUG   ; Dx.__init__: table: GRAV             V: V_GRAV               constructed with        2 rows and  35 cols.
2025-09-26 17:05:25,062 ; PT3S                                                         ; DEBUG   ; Dx.__init__: table: GTXT             V: V_GTXT               constructed with      123 rows and  56 cols.
2025-09-26 17:05:25,065 ; PT3S                                                         ; DEBUG   ; Dx.__init__: table: HAUS             V: V_HAUS               constructed with        1 rows and  42 cols.
2025-09-26 17:05:25,065 ; PT3S                                                         ; DEBUG   ; Dx.__init__: table: LAYR             V: V_LAYR               constructed with       21 rows and  38 cols.
2025-09-26 17:05:25,080 ; PT3S                                                         ; DEBUG   ; Dx.__init__: table: LTGR             V: V_LTGR               constructed with        4 rows and  37 cols.
2025-09-26 17:05:25,081 ; PT3S                                                         ; DEBUG   ; Dx.__init__: table: MODELL           V: V_MODELL             constructed with        1 rows and  18 cols.
2025-09-26 17:05:25,132 ; PT3S                                                         ; DEBUG   ; Dx.__init__: table: NRCV             V: V_NRCV               constructed with      420 rows and  68 cols.
2025-09-26 17:05:25,136 ; PT3S                                                         ; DEBUG   ; Dx.__init__: table: OVAL             V: V_OVAL               constructed with        1 rows and  54 cols.
2025-09-26 17:05:25,148 ; PT3S                                                         ; DEBUG   ; Dx.__init__: table: PARV             V: V_PARV               constructed with        2 rows and  48 cols.
2025-09-26 17:05:25,148 ; PT3S                                                         ; DEBUG   ; Dx.__init__: table: PGPR             V: V_PGPR               constructed with        2 rows and  36 cols.
2025-09-26 17:05:25,164 ; PT3S                                                         ; DEBUG   ; Dx.__init__: table: PLYG             V: V_PLYG               constructed with        1 rows and  54 cols.
2025-09-26 17:05:25,180 ; PT3S                                                         ; DEBUG   ; Dx.__init__: table: POLY             V: V_POLY               constructed with       12 rows and  54 cols.
2025-09-26 17:05:25,185 ; PT3S                                                         ; DEBUG   ; Dx.__init__: table: PROZESSE         V: V_PROZESSE           constructed with        0 rows and  21 cols.
2025-09-26 17:05:25,192 ; PT3S                                                         ; DEBUG   ; Dx.__init__: table: PZON             V: V_PZON               constructed with       27 rows and  43 cols.
2025-09-26 17:05:25,198 ; PT3S                                                         ; DEBUG   ; Dx.__init__: table: RCON             V: V_RCON               constructed with        2 rows and  35 cols.
2025-09-26 17:05:25,199 ; PT3S                                                         ; DEBUG   ; Dx.__init__: table: RECT             V: V_RECT               constructed with        5 rows and  54 cols.
2025-09-26 17:05:25,213 ; PT3S                                                         ; DEBUG   ; Dx.__init__: table: REGP             V: V_REGP               constructed with        2 rows and  34 cols.
2025-09-26 17:05:25,215 ; PT3S                                                         ; DEBUG   ; Dx.__init__: table: ROHR_VRTX        V: V_ROHR_VRTX          constructed with        1 rows and  36 cols.
2025-09-26 17:05:25,226 ; PT3S                                                         ; DEBUG   ; Dx.__init__: table: RPFL             V: V_RPFL               constructed with        1 rows and  55 cols.
2025-09-26 17:05:25,235 ; PT3S                                                         ; DEBUG   ; Dx.__init__: table: RRCT             V: V_RRCT               constructed with        1 rows and  54 cols.
2025-09-26 17:05:25,248 ; PT3S                                                         ; DEBUG   ; Dx.__init__: table: SIRGRAF          V: V_SIRGRAF            constructed with        2 rows and  74 cols.
2025-09-26 17:05:25,248 ; PT3S                                                         ; DEBUG   ; Dx.__init__: table: SOKO             V: V_SOKO               constructed with       26 rows and  69 cols.
2025-09-26 17:05:25,262 ; PT3S                                                         ; DEBUG   ; Dx.__init__: table: SPLZ             V: V_SPLZ               constructed with       16 rows and  44 cols.
2025-09-26 17:05:25,262 ; PT3S                                                         ; DEBUG   ; Dx.__init__: table: STRASSE          V: V_STRASSE            constructed with        1 rows and  37 cols.
2025-09-26 17:05:25,262 ; PT3S                                                         ; DEBUG   ; Dx.__init__: table: SYSTEMKONFIG     V: V_SYSTEMKONFIG       constructed with        4 rows and   4 cols.
2025-09-26 17:05:25,262 ; PT3S                                                         ; DEBUG   ; Dx.__init__: table: TIMD             V: V_TIMD               constructed with        2 rows and  40 cols.
2025-09-26 17:05:25,280 ; PT3S                                                         ; DEBUG   ; Dx.__init__: table: TRVA             V: V_TRVA               constructed with        2 rows and  45 cols.
2025-09-26 17:05:25,281 ; PT3S                                                         ; DEBUG   ; Dx.__init__: table: UTMP             V: V_UTMP               constructed with        2 rows and  34 cols.
2025-09-26 17:05:25,286 ; PT3S                                                         ; DEBUG   ; Dx.__init__: table: VARA             V: V_VARA               constructed with        3 rows and  35 cols.
2025-09-26 17:05:25,299 ; PT3S                                                         ; DEBUG   ; Dx.__init__: table: VERB             V: V_VERB               constructed with        2 rows and  73 cols.
2025-09-26 17:05:25,327 ; PT3S                                                         ; DEBUG   ; Dx.__init__: table: VKNO             V: V_VKNO               constructed with      216 rows and  55 cols.
2025-09-26 17:05:25,333 ; PT3S                                                         ; DEBUG   ; Dx.__init__: table: VRCT             V: V_VRCT               constructed with        1 rows and  37 cols.
2025-09-26 17:05:25,340 ; PT3S                                                         ; DEBUG   ; Dx.__init__: table: WBLZ             V: V_WBLZ               constructed with       27 rows and  39 cols.
2025-09-26 17:05:25,340 ; PT3S                                                         ; DEBUG   ; Dx.__init__: tableName: HIDDEN_ACTIVITIES: Tabelle keine SIR 3S Tabelle aus Sicht dieses Moduls. Trotzdem lesen. 
2025-09-26 17:05:25,345 ; PT3S                                                         ; DEBUG   ; Dx.__init__: V: V_HIDDEN_ACTIVITIES
2025-09-26 17:05:25,347 ; PT3S                                                         ; DEBUG   ; Dx.__init__: tableName: USCH: Tabelle keine SIR 3S Tabelle aus Sicht dieses Moduls. Trotzdem lesen. 
2025-09-26 17:05:25,348 ; PT3S                                                         ; DEBUG   ; Dx.__init__: V: V_USCH
2025-09-26 17:05:25,348 ; PT3S                                                         ; DEBUG   ; Dx._dfLAYR: Start.
2025-09-26 17:05:25,348 ; PT3S                                                         ; DEBUG   ; PT3S.dxDecodeObjsData.Layr: Start.
2025-09-26 17:05:29,647 ; PT3S                                                         ; DEBUG   ; PT3S.dxDecodeObjsData.Layr: _Done.
2025-09-26 17:05:29,702 ; PT3S                                                         ; DEBUG   ; Dx._dfLAYR: _Done.
2025-09-26 17:05:29,702 ; PT3S                                                         ; DEBUG   ; Dx.__init__: expanding V_BVZ_ROHR with NAME_DTRO, DN, DI, DA, S, KT, PN, Am2, Vm3 ...
2025-09-26 17:05:29,813 ; PT3S                                                         ; DEBUG   ; Dx.__init__: expanding V_BVZ_ROHR: rows before: 1675 rows now: 1675
2025-09-26 17:05:29,814 ; PT3S                                                         ; DEBUG   ; Dx.__init__: V3_ROHR: expanding V_BVZ_ROHR with  NAME_LTGR, NAME_STRASSE, tk_i, NAME_i, tk_k, NAME_k ...
2025-09-26 17:05:29,881 ; PT3S                                                         ; DEBUG   ; Dx.__init__: V3_SWVT: expanding V_BVZ_SWVT ...
2025-09-26 17:05:29,886 ; PT3S                                                         ; DEBUG   ; Dx.__init__: vSWVT handA: ZEIT und/oder W sind Null?!: ZEIT: nan W: 0.0: Null-Wert(e) wird (werden) auf 0. gesetzt.
2025-09-26 17:05:29,886 ; PT3S                                                         ; DEBUG   ; Dx.__init__: vSWVT wDH_RD_A: ZEIT und/oder W sind Null?!: ZEIT: nan W: 4.199999809265137: Null-Wert(e) wird (werden) auf 0. gesetzt.
2025-09-26 17:05:29,886 ; PT3S                                                         ; DEBUG   ; Dx.__init__: vSWVT wNA: ZEIT und/oder W sind Null?!: ZEIT: nan W: 1525.0: Null-Wert(e) wird (werden) auf 0. gesetzt.
2025-09-26 17:05:29,886 ; PT3S                                                         ; DEBUG   ; Dx.__init__: vSWVT wDH_MD_A: ZEIT und/oder W sind Null?!: ZEIT: nan W: 6.980000019073486: Null-Wert(e) wird (werden) auf 0. gesetzt.
2025-09-26 17:05:29,886 ; PT3S                                                         ; DEBUG   ; Dx.__init__: vSWVT wNB: ZEIT und/oder W sind Null?!: ZEIT: nan W: 1255.0: Null-Wert(e) wird (werden) auf 0. gesetzt.
2025-09-26 17:05:29,886 ; PT3S                                                         ; DEBUG   ; Dx.__init__: vSWVT zLeck_RL: ZEIT und/oder W sind Null?!: ZEIT: nan W: 0.0: Null-Wert(e) wird (werden) auf 0. gesetzt.
2025-09-26 17:05:29,886 ; PT3S                                                         ; DEBUG   ; Dx.__init__: vSWVT wLast: ZEIT und/oder W sind Null?!: ZEIT: nan W: 0.9092400074005127: Null-Wert(e) wird (werden) auf 0. gesetzt.
2025-09-26 17:05:29,886 ; PT3S                                                         ; DEBUG   ; Dx.__init__: vSWVT zLeck3: ZEIT und/oder W sind Null?!: ZEIT: nan W: 0.0: Null-Wert(e) wird (werden) auf 0. gesetzt.
2025-09-26 17:05:29,886 ; PT3S                                                         ; DEBUG   ; Dx.__init__: vSWVT zLeckMenge: ZEIT und/oder W sind Null?!: ZEIT: nan W: 0.0: Null-Wert(e) wird (werden) auf 0. gesetzt.
2025-09-26 17:05:29,892 ; PT3S                                                         ; DEBUG   ; Dx.__init__: vSWVT wAutoA: ZEIT und/oder W sind Null?!: ZEIT: nan W: 1.0: Null-Wert(e) wird (werden) auf 0. gesetzt.
2025-09-26 17:05:29,895 ; PT3S                                                         ; DEBUG   ; Dx.__init__: vSWVT zLeck2: ZEIT und/oder W sind Null?!: ZEIT: nan W: 0.0: Null-Wert(e) wird (werden) auf 0. gesetzt.
2025-09-26 17:05:29,896 ; PT3S                                                         ; DEBUG   ; Dx.__init__: vSWVT handB: ZEIT und/oder W sind Null?!: ZEIT: nan W: 0.0: Null-Wert(e) wird (werden) auf 0. gesetzt.
2025-09-26 17:05:29,897 ; PT3S                                                         ; DEBUG   ; Dx.__init__: vSWVT wDH_BA_A: ZEIT und/oder W sind Null?!: ZEIT: nan W: 0.0: Null-Wert(e) wird (werden) auf 0. gesetzt.
2025-09-26 17:05:29,898 ; PT3S                                                         ; DEBUG   ; Dx.__init__: vSWVT zLeck_VL: ZEIT und/oder W sind Null?!: ZEIT: nan W: 0.0: Null-Wert(e) wird (werden) auf 0. gesetzt.
2025-09-26 17:05:29,898 ; PT3S                                                         ; DEBUG   ; Dx.__init__: vSWVT wAutoB: ZEIT und/oder W sind Null?!: ZEIT: nan W: 1849.0: Null-Wert(e) wird (werden) auf 0. gesetzt.
2025-09-26 17:05:29,899 ; PT3S                                                         ; DEBUG   ; Dx.__init__: vSWVT wTRSP: ZEIT und/oder W sind Null?!: ZEIT: nan W: 55.0: Null-Wert(e) wird (werden) auf 0. gesetzt.
2025-09-26 17:05:29,900 ; PT3S                                                         ; DEBUG   ; Dx.__init__: vSWVT zLeck1: ZEIT und/oder W sind Null?!: ZEIT: nan W: 0.0: Null-Wert(e) wird (werden) auf 0. gesetzt.
2025-09-26 17:05:29,924 ; PT3S                                                         ; DEBUG   ; Dx.__init__: V3_ROWT: combining ROWT_tables like V_BVZ_LFKT, V_BVZ_PVAR, ...
2025-09-26 17:05:29,975 ; PT3S                                                         ; DEBUG   ; Dx.__init__: V3_TFKT: ...
2025-09-26 17:05:29,989 ; PT3S                                                         ; DEBUG   ; Dx.__init__: V3_RSLW_SWVT: combining RSLW and SWVT ...
2025-09-26 17:05:30,030 ; PT3S                                                         ; DEBUG   ; Dx.__init__: V3_KNOT: expanding V_BVZ_KNOT with XKOR, YKOR, NAME_LFKT, NAME_PVAR, NAME_PZON,NAME_QVAR,NAME_UTMP,NAME_FSTF,NAME_FQPS ...
2025-09-26 17:05:30,171 ; PT3S                                                         ; DEBUG   ; Dx.__init__:  Converting and creating geometry with x, y coordinates for nodes successful
2025-09-26 17:05:30,371 ; PT3S                                                         ; DEBUG   ; Dx.__init__: V3_FWVB: expanding V_BVZ_FWVB with NAME_LFKT, NAME_ZEP1VL, NAME_ZEP1RL, NAME_TEVT, NAME_TRFT, tk_i, NAME_i, tk_k, NAME_k, ...
2025-09-26 17:05:30,487 ; PT3S                                                         ; DEBUG   ; Dx.__init__: V3_:ROHR,KNOT,FWVB: filterTemplateObjects ...
2025-09-26 17:05:30,487 ; PT3S                                                         ; DEBUG   ; Dx._filterTemplateObjects: Start.
2025-09-26 17:05:30,495 ; PT3S                                                         ; DEBUG   ; Dx._filterTemplateObjects: V3_KNOT: Zeilen vorher: 1562 Zeilen jetzt: 1559
2025-09-26 17:05:30,502 ; PT3S                                                         ; DEBUG   ; Dx._filterTemplateObjects: V3_ROHR: Zeilen vorher: 1672 Zeilen jetzt: 1672
2025-09-26 17:05:30,502 ; PT3S                                                         ; DEBUG   ; Dx._filterTemplateObjects: V3_FWVB: Zeilen vorher: 656 Zeilen jetzt: 656
2025-09-26 17:05:30,502 ; PT3S                                                         ; DEBUG   ; Dx._filterTemplateObjects: _Done.
2025-09-26 17:05:30,502 ; PT3S                                                         ; DEBUG   ; Dx.__init__: V3_VBEL: ...
2025-09-26 17:05:30,671 ; PT3S                                                         ; DEBUG   ; Dx.__init__: FWES final in V3_VBEL-View (2,315) ...
2025-09-26 17:05:30,742 ; PT3S                                                         ; DEBUG   ; Dx.__init__: FWVB final in V3_VBEL-View (656,338) ...
2025-09-26 17:05:30,848 ; PT3S                                                         ; DEBUG   ; Dx.__init__: KLAP final in V3_VBEL-View (5,311) ...
2025-09-26 17:05:31,046 ; PT3S                                                         ; DEBUG   ; Dx.__init__: PGRP final in V3_VBEL-View (2,314) ...
2025-09-26 17:05:31,225 ; PT3S                                                         ; DEBUG   ; Dx.__init__: PUMP final in V3_VBEL-View (3,397) ...
2025-09-26 17:05:31,263 ; PT3S                                                         ; DEBUG   ; Dx.__init__: REGV final in V3_VBEL-View (1,310) ...
2025-09-26 17:05:31,407 ; PT3S                                                         ; DEBUG   ; Dx.__init__: ROHR final in V3_VBEL-View (1672,337) ...
2025-09-26 17:05:31,578 ; PT3S                                                         ; DEBUG   ; Dx.__init__: VENT final in V3_VBEL-View (119,324) ...
2025-09-26 17:05:32,264 ; PT3S                                                         ; DEBUG   ; Dx.__init__: V3_DPKT ...
2025-09-26 17:05:32,355 ; PT3S                                                         ; DEBUG   ; Dx.__init__: V3_RKNOT ...
2025-09-26 17:05:32,427 ; PT3S                                                         ; DEBUG   ; Dx.__init__: V3_RRUES ...
2025-09-26 17:05:32,728 ; PT3S                                                         ; DEBUG   ; Dx.__init__: V3_RVBEL ...
2025-09-26 17:05:32,748 ; PT3S                                                         ; DEBUG   ; Dx.__init__: V3_RVBEL RUES-Verbindungen zur Quelle hin aufloesen ...
2025-09-26 17:05:32,910 ; PT3S                                                         ; DEBUG   ; Dx.__init__: _Done.#########
2025-09-26 17:05:32,919 ; PT3S                                                         ; DEBUG   ; PT3S.dxAndMxHelperFcts.readDxAndMx: detecting MX-Source for dx.dbFile (abspath) c:\users\jablonski\3s\pt3s\PT3S\Examples\Example6.db3 ...
2025-09-26 17:05:32,925 ; PT3S                                                         ; DEBUG   ; PT3S.dxAndMxHelperFcts.readDxAndMx: wDir from dbFile: .\WDExample6
2025-09-26 17:05:32,925 ; PT3S                                                         ; DEBUG   ; PT3S.dxAndMxHelperFcts.readDxAndMx: abspath of wDir from dbFile: c:\users\jablonski\3s\pt3s\PT3S\Examples\WDExample6
2025-09-26 17:05:32,925 ; PT3S                                                         ; DEBUG   ; PT3S.dxAndMxHelperFcts.readDxAndMx: wDirMx from abspath of wDir from dbFile: c:\users\jablonski\3s\pt3s\PT3S\Examples\WDExample6\B1\V0\BZ1
2025-09-26 17:05:32,927 ; PT3S                                                         ; DEBUG   ; PT3S.dxAndMxHelperFcts.readDxAndMx: mx1File: ..\PT3S\Examples\WDExample6\B1\V0\BZ1\M-1-0-1.1.MX1
2025-09-26 17:05:32,927 ; PT3S                                                         ; DEBUG   ; PT3S.dxAndMxHelperFcts.readDxAndMx: corresponding dbFileMxPkl-File: ..\PT3S\Examples\Example6-mx-_PT3S_Examples_WDExample6_B1_V0_BZ1_M_1_0_1_1_MX1.pkl
2025-09-26 17:05:32,927 ; PT3S                                                         ; INFO    ; PT3S.dxAndMxHelperFcts.readDxAndMx: 
+..\PT3S\Examples\Example6.db3 is newer than
+..\PT3S\Examples\WDExample6\B1\V0\BZ1\M-1-0-1.1.MX1:
+SIR 3S' dbFile is newer than SIR 3S' mx1File
+in this case the results are maybe dated or (worse) incompatible to the model
2025-09-26 17:05:32,927 ; PT3S                                                         ; INFO    ; PT3S.dxAndMxHelperFcts.readDxAndMx: 
+..\PT3S\Examples\WDExample6\B1\V0\BZ1\M-1-0-1.XML is newer than
+..\PT3S\Examples\WDExample6\B1\V0\BZ1\M-1-0-1.1.MX1:
+SirCalc's xmlFile is newer than SIR 3S' mx1File
+in this case the results are maybe dated or (worse) incompatible to the model
2025-09-26 17:05:44,590 ; PT3S                                                         ; INFO    ; PT3S.dxAndMxHelperFcts.readDxAndMx: Model is being recalculated using C:\3S\SIR 3S\SirCalc-90-14-02-12_Potsdam.fix1_x64\SirCalc.exe
2025-09-26 17:05:44,592 ; PT3S                                                         ; DEBUG   ; Mx.__init__: Start.#########
2025-09-26 17:05:44,594 ; PT3S                                                         ; DEBUG   ; Mx._initWithMx1: Start.
2025-09-26 17:05:44,594 ; PT3S                                                         ; DEBUG   ; Mx._parseMx1: Start.
2025-09-26 17:05:44,728 ; PT3S                                                         ; DEBUG   ; Mx._parseMx1: mx1File: c:\users\jablonski\3s\pt3s\PT3S\Examples\WDExample6\B1\V0\BZ1\M-1-0-1.1.MX1 mx1Df read. Shape: (2328, 22).
2025-09-26 17:05:44,777 ; PT3S                                                         ; DEBUG   ; Mx._parseMx1: mx1Df after some generated Columns: Shape: (2328, 27).
2025-09-26 17:05:44,777 ; PT3S                                                         ; DEBUG   ; Mx._parseMx1: _Done.
2025-09-26 17:05:44,781 ; PT3S                                                         ; DEBUG   ; Mx._parseMx2: Start.
2025-09-26 17:05:44,802 ; PT3S                                                         ; DEBUG   ; Mx._parseMx2: _Done.
2025-09-26 17:05:44,802 ; PT3S                                                         ; DEBUG   ; Mx._buildMxRecordStructUnpackFmtString: Start.
2025-09-26 17:05:44,850 ; PT3S                                                         ; DEBUG   ; Mx._buildMxRecordStructUnpackFmtString: Bytes per MX-Record=580468. Bytes Unpacked=580468 (making up 100.00 Bytes-%).
2025-09-26 17:05:44,850 ; PT3S                                                         ; DEBUG   ; Mx._buildMxRecordStructUnpackFmtString: mx1Df after generated Column: Shape: (2328, 28).
2025-09-26 17:05:44,850 ; PT3S                                                         ; DEBUG   ; Mx._buildMxRecordStructUnpackFmtString: _Done.
2025-09-26 17:05:44,850 ; PT3S                                                         ; DEBUG   ; Mx._buildMxRecordStructUnpackFmtStringPost: Start.
2025-09-26 17:05:44,962 ; PT3S                                                         ; DEBUG   ; Mx._buildMxRecordStructUnpackFmtStringPost: _Done.
2025-09-26 17:05:44,962 ; PT3S                                                         ; DEBUG   ; Mx._initWithMx1: _Done.
2025-09-26 17:05:44,962 ; PT3S                                                         ; DEBUG   ; Mx.__init__: mxsFile c:\users\jablonski\3s\pt3s\PT3S\Examples\WDExample6\B1\V0\BZ1\M-1-0-1.1.MXS exists _and is newer than mx1File c:\users\jablonski\3s\pt3s\PT3S\Examples\WDExample6\B1\V0\BZ1\M-1-0-1.1.MX1 _and NoMxsRead False:
2025-09-26 17:05:44,962 ; PT3S                                                         ; DEBUG   ; Mx.__init__: mxsFile is read.
2025-09-26 17:05:44,962 ; PT3S                                                         ; DEBUG   ; Mx.setResultsToMxsFile: Start.
2025-09-26 17:05:44,962 ; PT3S                                                         ; DEBUG   ; Mx.setResultsToMxsFile: Mxs: Implicit specified.
2025-09-26 17:05:44,962 ; PT3S                                                         ; DEBUG   ; Mx._handleMxsVecsFileDeletion: Start.
2025-09-26 17:05:44,962 ; PT3S                                                         ; DEBUG   ; Mx._handleMxsVecsFileDeletion: Delete H5Dump because Mxs c:\users\jablonski\3s\pt3s\PT3S\Examples\WDExample6\B1\V0\BZ1\M-1-0-1.1.MXS To Read is newer than H5Dump c:\users\jablonski\3s\pt3s\PT3S\Examples\WDExample6\B1\V0\BZ1\M-1-0-1.1.vec.h5 ...
2025-09-26 17:05:44,975 ; PT3S                                                         ; DEBUG   ; Mx._handleMxsVecsFileDeletion: _Done.
2025-09-26 17:05:44,981 ; PT3S                                                         ; DEBUG   ; Mx.setResultsToMxsFile: Mxs: c:\users\jablonski\3s\pt3s\PT3S\Examples\WDExample6\B1\V0\BZ1\M-1-0-1.1.MXS opening ...
2025-09-26 17:05:44,987 ; PT3S                                                         ; INFO    ; Mx.setResultsToMxsFile: Mxs: ..\PT3S\Examples\WDExample6\B1\V0\BZ1\M-1-0-1.1.MXS reading ...
2025-09-26 17:05:44,989 ; PT3S                                                         ; DEBUG   ; Mx._readMxsFile: Start.
2025-09-26 17:05:44,996 ; PT3S                                                         ; DEBUG   ; Mx._readMxsFileSingleRecord: CVERSO: SIR 3S 90-14-02-12 3S Consult, 30827 Garbsen - 26.09.2025 17:05 - M-1-0-1       .
2025-09-26 17:05:45,244 ; PT3S                                                         ; DEBUG   ; Mx._processToDfVecAggs: cSNAPSHOTTYPE STAT     processed to (empty) dfVecAggs with TIMESTAMPL: 2024-01-09 23:00:00+00:00
2025-09-26 17:05:45,244 ; PT3S                                                         ; DEBUG   ; Mx._readMxsFile: TimeNr.      1 read and processed finally=2024-01-09 23:00:00.000000+0000 Values (without TIMESTAMP): 2225 - Actual SNAPSHOTTYPE: STAT. - H5Dump: YES: key=/                   0 not in keys.
2025-09-26 17:05:45,244 ; PT3S                                                         ; DEBUG   ; Mx._readMxsFile: File finished: Records read=1. Last Time read=2024-01-09 23:00:00.000000+0000. MB read=0000.58.
2025-09-26 17:05:45,293 ; PT3S                                                         ; DEBUG   ; Mx._readMxsFile: df.shape(): (1, 2225).
2025-09-26 17:05:45,293 ; PT3S                                                         ; DEBUG   ; Mx._readMxsFile: _Done.
2025-09-26 17:05:45,296 ; PT3S                                                         ; DEBUG   ; Mx.setResultsToMxsFile: Mxs: c:\users\jablonski\3s\pt3s\PT3S\Examples\WDExample6\B1\V0\BZ1\M-1-0-1.1.MXS: Assigned.     df Shape: (1, 2225).
2025-09-26 17:05:45,296 ; PT3S                                                         ; DEBUG   ; Mx.setResultsToMxsFile: RESULT after c:\users\jablonski\3s\pt3s\PT3S\Examples\WDExample6\B1\V0\BZ1\M-1-0-1.1.MXS: df Shape: (1, 2225) First Time: 2024-01-09 23:00:00+00:00 Last Time: 2024-01-09 23:00:00+00:00.
2025-09-26 17:05:45,307 ; PT3S                                                         ; DEBUG   ; Mx.setResultsToMxsFile: _Done.
2025-09-26 17:05:45,308 ; PT3S                                                         ; DEBUG   ; Mx.__init__: _Done.#########
2025-09-26 17:05:45,309 ; PT3S                                                         ; DEBUG   ; PT3S.dxAndMxHelperFcts.readDxAndMx: MX read ok so far.
2025-09-26 17:05:45,309 ; PT3S                                                         ; DEBUG   ; PT3S.dxAndMxHelperFcts.processMxVectorResults: Start.
2025-09-26 17:05:45,309 ; PT3S                                                         ; DEBUG   ; PT3S.dxAndMxHelperFcts.processMxVectorResults: _Done.
2025-09-26 17:05:45,310 ; PT3S                                                         ; DEBUG   ; dxWithMx.__init__: Start.
2025-09-26 17:05:45,310 ; PT3S                                                         ; DEBUG   ; PT3S.dxDecodeObjsData.Wblz: Start.
2025-09-26 17:05:45,315 ; PT3S                                                         ; DEBUG   ; PT3S.dxDecodeObjsData.Wblz: no WBLZs available ...
2025-09-26 17:05:45,315 ; PT3S                                                         ; DEBUG   ; PT3S.dxDecodeObjsData.Wblz: _Done.
2025-09-26 17:05:45,315 ; PT3S                                                         ; DEBUG   ; PT3S.dxDecodeObjsData.Agsn: Start.
2025-09-26 17:05:46,069 ; PT3S                                                         ; DEBUG   ; PT3S.dxDecodeObjsData.Agsn: _Done.
2025-09-26 17:05:46,103 ; PT3S                                                         ; INFO    ; dxWithMx.__init__: Example6: processing dx and mx ...
2025-09-26 17:05:46,105 ; PT3S                                                         ; DEBUG   ; Dx.MxSync: Start.
2025-09-26 17:05:46,393 ; PT3S                                                         ; DEBUG   ; Dx.MxSync: _Done.
2025-09-26 17:05:46,436 ; PT3S                                                         ; DEBUG   ; Dx.MxAdd: Start.
2025-09-26 17:05:46,436 ; PT3S                                                         ; DEBUG   ; Dx.MxAdd: dfName: V3_KNOT: read Results:
2025-09-26 17:05:46,465 ; PT3S                                                         ; DEBUG   ; Dx.MxAdd: dfName: V3_ROHR: read Results:
2025-09-26 17:05:46,487 ; PT3S                                                         ; DEBUG   ; Dx.MxAdd: dfName: V3_FWVB: read Results:
2025-09-26 17:05:46,496 ; PT3S                                                         ; DEBUG   ; Dx.MxAdd: dfName: V3_ROHR: addNodeData:
2025-09-26 17:05:46,515 ; PT3S                                                         ; DEBUG   ; Dx.MxAdd: dfName: V3_FWVB: addNodeData:
2025-09-26 17:05:46,532 ; PT3S                                                         ; DEBUG   ; Mx.getVecAggsResultsForAttributeType: Start.
2025-09-26 17:05:46,536 ; PT3S                                                         ; DEBUG   ; Mx.getVecAggsResultsForAttributeType: Sir3sIDsMatching: ['FWES~*~*~*~QM', 'FWVB~*~*~*~QM', 'KLAP~*~*~*~QM', 'KNOT~*~*~*~QM', 'PUMP~*~*~*~QM', 'REGV~*~*~*~QM', 'ROHR~*~*~*~QMAV', 'VENT~*~*~*~QM']
2025-09-26 17:05:46,536 ; PT3S                                                         ; DEBUG   ; Mx.getVecAggsResultsForAttributeType: choosen Name of 'common' ATTR: QM.
2025-09-26 17:05:46,592 ; PT3S                                                         ; DEBUG   ; Mx.getVecAggsResultsForAttributeType: _Done.
2025-09-26 17:05:46,627 ; PT3S                                                         ; DEBUG   ; Dx.MxAdd: Exception: Line: 1655: <class 'KeyError'>: 'OBEH': Edge-Type OBEH: adding Vec-Results for ~QMA{0,1}V{0,1}$ failed (maybe because not available in mx).
2025-09-26 17:05:46,628 ; PT3S                                                         ; DEBUG   ; Dx.MxAdd: Exception: Line: 1655: <class 'KeyError'>: 'PGRP': Edge-Type PGRP: adding Vec-Results for ~QMA{0,1}V{0,1}$ failed (maybe because not available in mx).
2025-09-26 17:05:46,703 ; PT3S                                                         ; DEBUG   ; Mx.getVecAggsResultsForAttributeType: Start.
2025-09-26 17:05:46,704 ; PT3S                                                         ; DEBUG   ; Mx.getVecAggsResultsForAttributeType: Sir3sIDsMatching: []
2025-09-26 17:05:46,704 ; PT3S                                                         ; DEBUG   ; Mx.getVecAggsResultsForAttributeType: _Done.
2025-09-26 17:05:46,707 ; PT3S                                                         ; DEBUG   ; Dx.MxAdd: Exception: Line: 1655: <class 'KeyError'>: 'FWES': Edge-Type FWES: adding Vec-Results for ~MA{0,1}V{0,1}$ failed (maybe because not available in mx).
2025-09-26 17:05:46,707 ; PT3S                                                         ; DEBUG   ; Dx.MxAdd: Exception: Line: 1655: <class 'KeyError'>: 'FWVB': Edge-Type FWVB: adding Vec-Results for ~MA{0,1}V{0,1}$ failed (maybe because not available in mx).
2025-09-26 17:05:46,707 ; PT3S                                                         ; DEBUG   ; Dx.MxAdd: Exception: Line: 1655: <class 'KeyError'>: 'KLAP': Edge-Type KLAP: adding Vec-Results for ~MA{0,1}V{0,1}$ failed (maybe because not available in mx).
2025-09-26 17:05:46,707 ; PT3S                                                         ; DEBUG   ; Dx.MxAdd: Exception: Line: 1655: <class 'KeyError'>: 'OBEH': Edge-Type OBEH: adding Vec-Results for ~MA{0,1}V{0,1}$ failed (maybe because not available in mx).
2025-09-26 17:05:46,707 ; PT3S                                                         ; DEBUG   ; Dx.MxAdd: Exception: Line: 1655: <class 'KeyError'>: 'PGRP': Edge-Type PGRP: adding Vec-Results for ~MA{0,1}V{0,1}$ failed (maybe because not available in mx).
2025-09-26 17:05:46,708 ; PT3S                                                         ; DEBUG   ; Dx.MxAdd: Exception: Line: 1655: <class 'KeyError'>: 'PUMP': Edge-Type PUMP: adding Vec-Results for ~MA{0,1}V{0,1}$ failed (maybe because not available in mx).
2025-09-26 17:05:46,708 ; PT3S                                                         ; DEBUG   ; Dx.MxAdd: Exception: Line: 1655: <class 'KeyError'>: 'REGV': Edge-Type REGV: adding Vec-Results for ~MA{0,1}V{0,1}$ failed (maybe because not available in mx).
2025-09-26 17:05:46,708 ; PT3S                                                         ; DEBUG   ; Dx.MxAdd: Exception: Line: 1655: <class 'KeyError'>: 'ROHR': Edge-Type ROHR: adding Vec-Results for ~MA{0,1}V{0,1}$ failed (maybe because not available in mx).
2025-09-26 17:05:46,708 ; PT3S                                                         ; DEBUG   ; Dx.MxAdd: Exception: Line: 1655: <class 'KeyError'>: 'VENT': Edge-Type VENT: adding Vec-Results for ~MA{0,1}V{0,1}$ failed (maybe because not available in mx).
2025-09-26 17:05:46,843 ; PT3S                                                         ; DEBUG   ; Dx.MxAdd: _Done.
2025-09-26 17:05:46,843 ; PT3S                                                         ; DEBUG   ; dxWithMx._V3_ROHR: Start.
2025-09-26 17:05:46,886 ; PT3S                                                         ; DEBUG   ; dxWithMx._V3_ROHR: Constructing of V3_ROHR['QMAVAbs'] ok so far.
2025-09-26 17:05:46,932 ; PT3S                                                         ; DEBUG   ; dxWithMx._V3_ROHR: Constructing of V3_ROHR['VAVAbs'] ok so far.
2025-09-26 17:05:46,979 ; PT3S                                                         ; DEBUG   ; dxWithMx._V3_ROHR: Constructing of V3_ROHR['PHRAbs'] ok so far.
2025-09-26 17:05:47,028 ; PT3S                                                         ; DEBUG   ; dxWithMx._V3_ROHR: Constructing of V3_ROHR['JVAbs'] ok so far.
2025-09-26 17:05:47,028 ; PT3S                                                         ; DEBUG   ; dxWithMx._V3_ROHR: Exception: Line: 334: <class 'KeyError'>: ('STAT', 'ROHR~*~*~*~MAV', Timestamp('2024-01-09 23:00:00'), Timestamp('2024-01-09 23:00:00'))
2025-09-26 17:05:47,029 ; PT3S                                                         ; DEBUG   ; dxWithMx._V3_ROHR: Constructing col MAV=STAT ROHR~*~*~*~MAV in V3_ROHR failed.
2025-09-26 17:05:47,029 ; PT3S                                                         ; DEBUG   ; dxWithMx._V3_ROHR: Constructing of V3_ROHR['LAMBDA'] ok so far.
2025-09-26 17:05:47,029 ; PT3S                                                         ; DEBUG   ; dxWithMx._V3_ROHR: _Done.
2025-09-26 17:05:47,030 ; PT3S                                                         ; DEBUG   ; dxWithMx._V3_KNOT: Start.
2025-09-26 17:05:47,031 ; PT3S                                                         ; DEBUG   ; All cols of df_V3_KNOT['pk', 'fkDE', 'rk', 'tk', 'NAME', 'KTYP', 'ZKOR', 'QM_EIN', 'LFAKT', 'fkPZON', 'fkFSTF', 'fkUTMP', 'fkFQPS', 'fkCONT', 'fk2LKNOT', 'BESCHREIBUNG', 'GEOMWKB', 'DELETED', 'SELECT1', 'IDREFERENZ', 'KENNUNG', 'IPLANUNG', 'KVR', 'GEOMFIX', 'UPRP', 'DRAKONZ', 'pk_BZ', 'fkDE_BZ', 'fk', 'fkPVAR', 'fkQVAR', 'fkLFKT', 'PH_EIN', 'TM', 'TE', 'PH_MIN', 'GRAF', 'GEOM', 'MId', 'MText', 'Basis', 'Variante', 'BZ', 'Geaendert', 'Erstellt', 'pk_VMBZ', 'fkBASIS', 'fkVARIANTE', 'fkBZ', 'MZ', 'MT', 'pk_CONT', 'fkDE_CONT', 'rk_CONT', 'tk_CONT', 'ID_CONT', 'NAME_CONT', 'IDPARENT_CONT', 'rkPARENT_CONT', 'LFDNR_CONT', 'FONT_CONT', 'DELETED_CONT', 'SELECT1_CONT', 'IDREFERENZ_CONT', 'GEOMWKB_CONT', 'GEOMFIX_CONT', 'UPRP_CONT', 'GEOMWKB_converted', 'XKOR', 'YKOR', 'pk_VKNO', 'fkDE_VKNO', 'rk_VKNO', 'fkKNOT_VKNO', 'fkCONT_VKNO', 'SHOWNAME_VKNO', 'POSNAME_VKNO', 'POINTINSERTX_VKNO', 'POINTINSERTY_VKNO', 'SYMBOLFACT_VKNO', 'DISPLAYMODE_VKNO', 'DELETED_VKNO', 'SELECT1_VKNO', 'MId_VKNO', 'MText_VKNO', 'Basis_VKNO', 'Variante_VKNO', 'BZ_VKNO', 'Geaendert_VKNO', 'Erstellt_VKNO', 'pk_VMBASIS_VKNO', 'fkBASIS_VKNO', 'fkVARIANTE_VKNO', 'fkBZ_VKNO', 'MZ_VKNO', 'MT_VKNO', 'MId_VMVARIANTE_VKNO', 'MText_VMVARIANTE_VKNO', 'Basis_VMVARIANTE_VKNO', 'Variante_VMVARIANTE_VKNO', 'BZ_VMVARIANTE_VKNO', 'Geaendert_VMVARIANTE_VKNO', 'Erstellt_VMVARIANTE_VKNO', 'pk_VMVARIANTE_VKNO', 'fkBASIS_VMVARIANTE_VKNO', 'fkVARIANTE_VMVARIANTE_VKNO', 'fkBZ_VMVARIANTE_VKNO', 'MZ_VMVARIANTE_VKNO', 'MT_VMVARIANTE_VKNO', 'pk_CONT_VKNO', 'fkDE_CONT_VKNO', 'rk_CONT_VKNO', 'tk_CONT_VKNO', 'ID_CONT_VKNO', 'NAME_CONT_VKNO', 'IDPARENT_CONT_VKNO', 'rkPARENT_CONT_VKNO', 'LFDNR_CONT_VKNO', 'FONT_CONT_VKNO', 'DELETED_CONT_VKNO', 'SELECT1_CONT_VKNO', 'IDREFERENZ_CONT_VKNO', 'GEOMWKB_CONT_VKNO', 'GEOMFIX_CONT_VKNO', 'UPRP_CONT_VKNO', 'NAME_LFKT', 'NAME_PVAR', 'NAME_PZON', 'NAME_QVAR', 'NAME_UTMP', 'NAME_FSTF', 'NAME_FQPS', 'mx2Idx', ('STAT', 'KNOT~*~*~*~BCIND', Timestamp('2024-01-09 23:00:00'), Timestamp('2024-01-09 23:00:00')), ('STAT', 'KNOT~*~*~*~DP', Timestamp('2024-01-09 23:00:00'), Timestamp('2024-01-09 23:00:00')), ('STAT', 'KNOT~*~*~*~DPH', Timestamp('2024-01-09 23:00:00'), Timestamp('2024-01-09 23:00:00')), ('STAT', 'KNOT~*~*~*~ESQUELLSP', Timestamp('2024-01-09 23:00:00'), Timestamp('2024-01-09 23:00:00')), ('STAT', 'KNOT~*~*~*~H', Timestamp('2024-01-09 23:00:00'), Timestamp('2024-01-09 23:00:00')), ('STAT', 'KNOT~*~*~*~HMAX_INST', Timestamp('2024-01-09 23:00:00'), Timestamp('2024-01-09 23:00:00')), ('STAT', 'KNOT~*~*~*~HMIN_INST', Timestamp('2024-01-09 23:00:00'), Timestamp('2024-01-09 23:00:00')), ('STAT', 'KNOT~*~*~*~IAKTIV', Timestamp('2024-01-09 23:00:00'), Timestamp('2024-01-09 23:00:00')), ('STAT', 'KNOT~*~*~*~P', Timestamp('2024-01-09 23:00:00'), Timestamp('2024-01-09 23:00:00')), ('STAT', 'KNOT~*~*~*~PDAMPF', Timestamp('2024-01-09 23:00:00'), Timestamp('2024-01-09 23:00:00')), ('STAT', 'KNOT~*~*~*~PH', Timestamp('2024-01-09 23:00:00'), Timestamp('2024-01-09 23:00:00')), ('STAT', 'KNOT~*~*~*~PH_EIN', Timestamp('2024-01-09 23:00:00'), Timestamp('2024-01-09 23:00:00')), ('STAT', 'KNOT~*~*~*~PH_MIN', Timestamp('2024-01-09 23:00:00'), Timestamp('2024-01-09 23:00:00')), ('STAT', 'KNOT~*~*~*~PMAX_INST', Timestamp('2024-01-09 23:00:00'), Timestamp('2024-01-09 23:00:00')), ('STAT', 'KNOT~*~*~*~PMIN_INST', Timestamp('2024-01-09 23:00:00'), Timestamp('2024-01-09 23:00:00')), ('STAT', 'KNOT~*~*~*~QM', Timestamp('2024-01-09 23:00:00'), Timestamp('2024-01-09 23:00:00')), ('STAT', 'KNOT~*~*~*~RHO', Timestamp('2024-01-09 23:00:00'), Timestamp('2024-01-09 23:00:00')), ('STAT', 'KNOT~*~*~*~T', Timestamp('2024-01-09 23:00:00'), Timestamp('2024-01-09 23:00:00')), ('STAT', 'KNOT~*~*~*~VOLD', Timestamp('2024-01-09 23:00:00'), Timestamp('2024-01-09 23:00:00'))]
2025-09-26 17:05:47,031 ; PT3S                                                         ; DEBUG   ; dxWithMx._V3_KNOT: Constructing of V3_KNOT['PH'] ok so far.
2025-09-26 17:05:47,032 ; PT3S                                                         ; DEBUG   ; dxWithMx._V3_KNOT: Constructing of V3_KNOT['QM'] ok so far.
2025-09-26 17:05:47,032 ; PT3S                                                         ; DEBUG   ; qs: True
2025-09-26 17:05:47,042 ; PT3S                                                         ; DEBUG   ; dxWithMx._V3_KNOT: Constructing of V3_KNOT['srcvector'] ok so far.
2025-09-26 17:05:47,043 ; PT3S                                                         ; DEBUG   ; dxWithMx._V3_KNOT: Constructing of V3_KNOT['T'] ok so far.
2025-09-26 17:05:47,043 ; PT3S                                                         ; DEBUG   ; dxWithMx._V3_KNOT: Exception: Line: 800: <class 'KeyError'>: ('STAT', 'KNOT~*~*~*~M', Timestamp('2024-01-09 23:00:00'), Timestamp('2024-01-09 23:00:00'))
2025-09-26 17:05:47,045 ; PT3S                                                         ; DEBUG   ; dxWithMx._V3_KNOT: Constructing col M in V3_KNOT failed.
2025-09-26 17:05:47,045 ; PT3S                                                         ; DEBUG   ; dxWithMx._V3_KNOT: Exception: Line: 812: <class 'KeyError'>: ('STAT', 'KNOT~*~*~*~TTR', Timestamp('2024-01-09 23:00:00'), Timestamp('2024-01-09 23:00:00'))
2025-09-26 17:05:47,045 ; PT3S                                                         ; DEBUG   ; dxWithMx._V3_KNOT: Constructing col TTR in V3_KNOT failed.
2025-09-26 17:05:47,198 ; PT3S                                                         ; DEBUG   ; Cols of df_V3_KNOT: ['pk', 'fkDE', 'rk', 'tk', 'NAME', 'KTYP', 'ZKOR', 'QM_EIN', 'LFAKT', 'fkPZON', 'fkFSTF', 'fkUTMP', 'fkFQPS', 'fkCONT', 'fk2LKNOT', 'BESCHREIBUNG', 'GEOMWKB', 'DELETED', 'SELECT1', 'IDREFERENZ', 'KENNUNG', 'IPLANUNG', 'KVR', 'GEOMFIX', 'UPRP', 'DRAKONZ', 'pk_BZ', 'fkDE_BZ', 'fk', 'fkPVAR', 'fkQVAR', 'fkLFKT', 'PH_EIN', 'TM', 'TE', 'PH_MIN', 'GRAF', 'GEOM', 'MId', 'MText', 'Basis', 'Variante', 'BZ', 'Geaendert', 'Erstellt', 'pk_VMBZ', 'fkBASIS', 'fkVARIANTE', 'fkBZ', 'MZ', 'MT', 'pk_CONT', 'fkDE_CONT', 'rk_CONT', 'tk_CONT', 'ID_CONT', 'NAME_CONT', 'IDPARENT_CONT', 'rkPARENT_CONT', 'LFDNR_CONT', 'FONT_CONT', 'DELETED_CONT', 'SELECT1_CONT', 'IDREFERENZ_CONT', 'GEOMWKB_CONT', 'GEOMFIX_CONT', 'UPRP_CONT', 'GEOMWKB_converted', 'XKOR', 'YKOR', 'pk_VKNO', 'fkDE_VKNO', 'rk_VKNO', 'fkKNOT_VKNO', 'fkCONT_VKNO', 'SHOWNAME_VKNO', 'POSNAME_VKNO', 'POINTINSERTX_VKNO', 'POINTINSERTY_VKNO', 'SYMBOLFACT_VKNO', 'DISPLAYMODE_VKNO', 'DELETED_VKNO', 'SELECT1_VKNO', 'MId_VKNO', 'MText_VKNO', 'Basis_VKNO', 'Variante_VKNO', 'BZ_VKNO', 'Geaendert_VKNO', 'Erstellt_VKNO', 'pk_VMBASIS_VKNO', 'fkBASIS_VKNO', 'fkVARIANTE_VKNO', 'fkBZ_VKNO', 'MZ_VKNO', 'MT_VKNO', 'MId_VMVARIANTE_VKNO', 'MText_VMVARIANTE_VKNO', 'Basis_VMVARIANTE_VKNO', 'Variante_VMVARIANTE_VKNO', 'BZ_VMVARIANTE_VKNO', 'Geaendert_VMVARIANTE_VKNO', 'Erstellt_VMVARIANTE_VKNO', 'pk_VMVARIANTE_VKNO', 'fkBASIS_VMVARIANTE_VKNO', 'fkVARIANTE_VMVARIANTE_VKNO', 'fkBZ_VMVARIANTE_VKNO', 'MZ_VMVARIANTE_VKNO', 'MT_VMVARIANTE_VKNO', 'pk_CONT_VKNO', 'fkDE_CONT_VKNO', 'rk_CONT_VKNO', 'tk_CONT_VKNO', 'ID_CONT_VKNO', 'NAME_CONT_VKNO', 'IDPARENT_CONT_VKNO', 'rkPARENT_CONT_VKNO', 'LFDNR_CONT_VKNO', 'FONT_CONT_VKNO', 'DELETED_CONT_VKNO', 'SELECT1_CONT_VKNO', 'IDREFERENZ_CONT_VKNO', 'GEOMWKB_CONT_VKNO', 'GEOMFIX_CONT_VKNO', 'UPRP_CONT_VKNO', 'NAME_LFKT', 'NAME_PVAR', 'NAME_PZON', 'NAME_QVAR', 'NAME_UTMP', 'NAME_FSTF', 'NAME_FQPS', 'mx2Idx', 'PH', 'QM', 'srcvector', 'T', '_merge', 'dPH']
2025-09-26 17:05:47,198 ; PT3S                                                         ; DEBUG   ; dxWithMx._V3_KNOT: Constructing of V3_KNOT[dPH] ok so far.
2025-09-26 17:05:47,198 ; PT3S                                                         ; DEBUG   ; dxWithMx._V3_KNOT: _Done.
2025-09-26 17:05:47,209 ; PT3S                                                         ; DEBUG   ; dxWithMx._V3_VBEL: Start.
2025-09-26 17:05:47,210 ; PT3S                                                         ; DEBUG   ; dxWithMx._V3_VBEL: Constructing of V3_VBEL['QM'] ok so far.
2025-09-26 17:05:47,210 ; PT3S                                                         ; DEBUG   ; dxWithMx._V3_VBEL: Exception: Line: 944: <class 'KeyError'>: "('STAT', 'M', Timestamp('2024-01-09 23:00:00'), Timestamp('2024-01-09 23:00:00'))"
2025-09-26 17:05:47,210 ; PT3S                                                         ; DEBUG   ; dxWithMx._V3_VBEL: Constructing col M in V3_VBEL failed.
2025-09-26 17:05:47,212 ; PT3S                                                         ; DEBUG   ; dxWithMx._V3_VBEL: Constructing of V3_VBEL['PH_i'] ok so far.
2025-09-26 17:05:47,212 ; PT3S                                                         ; DEBUG   ; dxWithMx._V3_VBEL: Constructing of V3_VBEL['PH_k'] ok so far.
2025-09-26 17:05:47,214 ; PT3S                                                         ; DEBUG   ; dxWithMx._V3_VBEL: Constructing of V3_VBEL['T_i'] ok so far.
2025-09-26 17:05:47,214 ; PT3S                                                         ; DEBUG   ; dxWithMx._V3_VBEL: Constructing of V3_VBEL['T_k'] ok so far.
2025-09-26 17:05:47,214 ; PT3S                                                         ; DEBUG   ; dxWithMx._V3_VBEL: Constructing of V3_VBEL['H_i'] ok so far.
2025-09-26 17:05:47,214 ; PT3S                                                         ; DEBUG   ; dxWithMx._V3_VBEL: Constructing of V3_VBEL['H_k'] ok so far.
2025-09-26 17:05:47,214 ; PT3S                                                         ; DEBUG   ; dxWithMx._V3_VBEL: Constructing of V3_VBEL['RHO_i'] ok so far.
2025-09-26 17:05:47,214 ; PT3S                                                         ; DEBUG   ; dxWithMx._V3_VBEL: Constructing of V3_VBEL['RHO_k'] ok so far.
2025-09-26 17:05:47,214 ; PT3S                                                         ; DEBUG   ; dxWithMx._V3_VBEL: Constructing of V3_VBEL['mlc_i'] ok so far.
2025-09-26 17:05:47,214 ; PT3S                                                         ; DEBUG   ; dxWithMx._V3_VBEL: Constructing of V3_VBEL['mlc_k'] ok so far.
2025-09-26 17:05:47,214 ; PT3S                                                         ; DEBUG   ; dxWithMx._V3_VBEL: _Done.
2025-09-26 17:05:47,229 ; PT3S                                                         ; DEBUG   ; dxWithMx._V3_FWVB: Start.
2025-09-26 17:05:47,231 ; PT3S                                                         ; DEBUG   ; dxWithMx._V3_FWVB: Constructing of V3_FWVB['W'] ok so far.
2025-09-26 17:05:47,231 ; PT3S                                                         ; DEBUG   ; dxWithMx._V3_FWVB: Constructing of V3_FWVB['QM'] ok so far.
2025-09-26 17:05:47,233 ; PT3S                                                         ; DEBUG   ; dxWithMx._V3_FWVB: Constructing of V3_FWVB['PH_i'] ok so far.
2025-09-26 17:05:47,234 ; PT3S                                                         ; DEBUG   ; dxWithMx._V3_FWVB: Constructing of V3_FWVB['PH_k'] ok so far.
2025-09-26 17:05:47,234 ; PT3S                                                         ; DEBUG   ; dxWithMx._V3_FWVB: Constructing of V3_FWVB['T_i'] ok so far.
2025-09-26 17:05:47,235 ; PT3S                                                         ; DEBUG   ; dxWithMx._V3_FWVB: Constructing of V3_FWVB['T_k'] ok so far.
2025-09-26 17:05:47,235 ; PT3S                                                         ; DEBUG   ; dxWithMx._V3_FWVB: _Done.
2025-09-26 17:05:47,236 ; PT3S                                                         ; DEBUG   ; dxWithMx._V3_ROHRVEC: Start.
2025-09-26 17:05:47,676 ; PT3S                                                         ; DEBUG   ; dxWithMx._V3_ROHRVEC: _Done.
2025-09-26 17:05:47,676 ; PT3S                                                         ; DEBUG   ; dxWithMx.__init__: Constructing of V3_ROHRVEC ok so far.
2025-09-26 17:05:47,676 ; PT3S                                                         ; DEBUG   ; dxWithMx.__init__: Adding MX-Results to V3_WBLZ: no such results.
2025-09-26 17:05:47,676 ; PT3S                                                         ; DEBUG   ; dxWithMx._gdfs: Start.
2025-09-26 17:05:47,676 ; PT3S                                                         ; DEBUG   ; dxWithMx._gdfs: crs reading successful:  EPSG:25832
2025-09-26 17:05:47,745 ; PT3S                                                         ; DEBUG   ; dxWithMx._gdfs: Constructing of gdfs ok so far.
2025-09-26 17:05:47,745 ; PT3S                                                         ; DEBUG   ; dxWithMx._gdfs: _Done.
2025-09-26 17:05:47,745 ; PT3S                                                         ; DEBUG   ; dxWithMx._G: Start.
2025-09-26 17:05:48,812 ; PT3S                                                         ; DEBUG   ; dxWithMx._G: Constructing NetworkX Graph G ok so far.
2025-09-26 17:05:48,812 ; PT3S                                                         ; DEBUG   ; dxWithMx._G: Constructing NetworkX Graph G nodeposDct ok so far.
2025-09-26 17:05:48,812 ; PT3S                                                         ; DEBUG   ; dxWithMx._G: _Done.
2025-09-26 17:05:48,829 ; PT3S                                                         ; DEBUG   ; dxWithMx._GSig: Start.
2025-09-26 17:05:48,879 ; PT3S                                                         ; DEBUG   ; dxWithMx._GSig: Constructing NetworkX Graph GSig ok so far.
2025-09-26 17:05:48,879 ; PT3S                                                         ; DEBUG   ; dxWithMx._GSig: _Done.
2025-09-26 17:05:48,879 ; PT3S                                                         ; DEBUG   ; dxWithMx._V3_AGSN: Start.
2025-09-26 17:05:48,931 ; PT3S                                                         ; DEBUG   ; dxWithMx._V3_AGSN: dfAGSN.columns.to_list(): zugeh. Sachspalten _n angelegt: ['ZKOR_n', 'BESCHREIBUNG_n', 'KVR_n']
2025-09-26 17:05:48,931 ; PT3S                                                         ; DEBUG   ; dxWithMx._V3_AGSN: dfAGSN.columns.to_list(): zugeh. Ergspalten _n angelegt: ["('STAT', 'KNOT~*~*~*~PH', Timestamp('2024-01-09 23:00:00'), Timestamp('2024-01-09 23:00:00'))_n", "('STAT', 'KNOT~*~*~*~H', Timestamp('2024-01-09 23:00:00'), Timestamp('2024-01-09 23:00:00'))_n", "('STAT', 'KNOT~*~*~*~T', Timestamp('2024-01-09 23:00:00'), Timestamp('2024-01-09 23:00:00'))_n", "('STAT', 'KNOT~*~*~*~RHO', Timestamp('2024-01-09 23:00:00'), Timestamp('2024-01-09 23:00:00'))_n", 'PH_n', 'T_n', 'H_n', 'RHO_n', 'mlc_n']
2025-09-26 17:05:50,977 ; PT3S                                                         ; DEBUG   ; dxWithMx._V3_AGSN: dfAGSN.columns.to_list(): zugeh. Ergspalten mlc _n angelegt: ["('STAT', 'mlc', Timestamp('2024-01-09 23:00:00'), Timestamp('2024-01-09 23:00:00'))_n"]
2025-09-26 17:05:51,143 ; PT3S                                                         ; DEBUG   ; dxWithMx._V3_AGSN: tuple-cols:
2025-09-26 17:05:51,143 ; PT3S                                                         ; DEBUG   ; dxWithMx._V3_AGSN: str-cols:
2025-09-26 17:05:51,143 ; PT3S                                                         ; DEBUG   ; dxWithMx._V3_AGSN: Pos
2025-09-26 17:05:51,143 ; PT3S                                                         ; DEBUG   ; dxWithMx._V3_AGSN: pk
2025-09-26 17:05:51,143 ; PT3S                                                         ; DEBUG   ; dxWithMx._V3_AGSN: tk
2025-09-26 17:05:51,143 ; PT3S                                                         ; DEBUG   ; dxWithMx._V3_AGSN: LFDNR
2025-09-26 17:05:51,143 ; PT3S                                                         ; DEBUG   ; dxWithMx._V3_AGSN: NAME
2025-09-26 17:05:51,143 ; PT3S                                                         ; DEBUG   ; dxWithMx._V3_AGSN: XL
2025-09-26 17:05:51,143 ; PT3S                                                         ; DEBUG   ; dxWithMx._V3_AGSN: compNr
2025-09-26 17:05:51,143 ; PT3S                                                         ; DEBUG   ; dxWithMx._V3_AGSN: nextNODE
2025-09-26 17:05:51,143 ; PT3S                                                         ; DEBUG   ; dxWithMx._V3_AGSN: OBJTYPE
2025-09-26 17:05:51,143 ; PT3S                                                         ; DEBUG   ; dxWithMx._V3_AGSN: OBJID
2025-09-26 17:05:51,143 ; PT3S                                                         ; DEBUG   ; dxWithMx._V3_AGSN: L
2025-09-26 17:05:51,143 ; PT3S                                                         ; DEBUG   ; dxWithMx._V3_AGSN: DN
2025-09-26 17:05:51,143 ; PT3S                                                         ; DEBUG   ; dxWithMx._V3_AGSN: Am2
2025-09-26 17:05:51,143 ; PT3S                                                         ; DEBUG   ; dxWithMx._V3_AGSN: Vm3
2025-09-26 17:05:51,143 ; PT3S                                                         ; DEBUG   ; dxWithMx._V3_AGSN: NAME_CONT
2025-09-26 17:05:51,143 ; PT3S                                                         ; DEBUG   ; dxWithMx._V3_AGSN: NAME_i
2025-09-26 17:05:51,143 ; PT3S                                                         ; DEBUG   ; dxWithMx._V3_AGSN: NAME_k
2025-09-26 17:05:51,143 ; PT3S                                                         ; DEBUG   ; dxWithMx._V3_AGSN: ZKOR_n
2025-09-26 17:05:51,143 ; PT3S                                                         ; DEBUG   ; dxWithMx._V3_AGSN: BESCHREIBUNG_n
2025-09-26 17:05:51,143 ; PT3S                                                         ; DEBUG   ; dxWithMx._V3_AGSN: KVR_n
2025-09-26 17:05:51,143 ; PT3S                                                         ; DEBUG   ; dxWithMx._V3_AGSN: LSum
2025-09-26 17:05:51,143 ; PT3S                                                         ; DEBUG   ; dxWithMx._V3_AGSN: direction
2025-09-26 17:05:51,143 ; PT3S                                                         ; DEBUG   ; dxWithMx._V3_AGSN: ('STAT', 'QM', Timestamp('2024-01-09 23:00:00'), Timestamp('2024-01-09 23:00:00'))
2025-09-26 17:05:51,143 ; PT3S                                                         ; DEBUG   ; dxWithMx._V3_AGSN: QM
2025-09-26 17:05:51,143 ; PT3S                                                         ; DEBUG   ; dxWithMx._V3_AGSN: ('STAT', 'KNOT~*~*~*~PH', Timestamp('2024-01-09 23:00:00'), Timestamp('2024-01-09 23:00:00'))_n
2025-09-26 17:05:51,143 ; PT3S                                                         ; DEBUG   ; dxWithMx._V3_AGSN: ('STAT', 'KNOT~*~*~*~H', Timestamp('2024-01-09 23:00:00'), Timestamp('2024-01-09 23:00:00'))_n
2025-09-26 17:05:51,143 ; PT3S                                                         ; DEBUG   ; dxWithMx._V3_AGSN: ('STAT', 'KNOT~*~*~*~T', Timestamp('2024-01-09 23:00:00'), Timestamp('2024-01-09 23:00:00'))_n
2025-09-26 17:05:51,143 ; PT3S                                                         ; DEBUG   ; dxWithMx._V3_AGSN: ('STAT', 'KNOT~*~*~*~RHO', Timestamp('2024-01-09 23:00:00'), Timestamp('2024-01-09 23:00:00'))_n
2025-09-26 17:05:51,143 ; PT3S                                                         ; DEBUG   ; dxWithMx._V3_AGSN: PH_n
2025-09-26 17:05:51,143 ; PT3S                                                         ; DEBUG   ; dxWithMx._V3_AGSN: T_n
2025-09-26 17:05:51,143 ; PT3S                                                         ; DEBUG   ; dxWithMx._V3_AGSN: H_n
2025-09-26 17:05:51,143 ; PT3S                                                         ; DEBUG   ; dxWithMx._V3_AGSN: RHO_n
2025-09-26 17:05:51,143 ; PT3S                                                         ; DEBUG   ; dxWithMx._V3_AGSN: mlc_n
2025-09-26 17:05:51,143 ; PT3S                                                         ; DEBUG   ; dxWithMx._V3_AGSN: ('STAT', 'mlc', Timestamp('2024-01-09 23:00:00'), Timestamp('2024-01-09 23:00:00'))_n
2025-09-26 17:05:51,143 ; PT3S                                                         ; DEBUG   ; dxWithMx._V3_AGSN: _Done.
2025-09-26 17:05:51,143 ; PT3S                                                         ; DEBUG   ; dxWithMx._V3_AGSNVEC: Start.
2025-09-26 17:05:51,143 ; PT3S                                                         ; DEBUG   ; dxWithMx._V3_AGSNVEC: self.V3_ROHRVEC: tuple-cols:
2025-09-26 17:05:51,143 ; PT3S                                                         ; DEBUG   ; dxWithMx._V3_AGSNVEC: ('STAT', 'ROHR~*~*~*~ETAAV', Timestamp('2024-01-09 23:00:00'), Timestamp('2024-01-09 23:00:00'))
2025-09-26 17:05:51,143 ; PT3S                                                         ; DEBUG   ; dxWithMx._V3_AGSNVEC: ('STAT', 'ROHR~*~*~*~IAKTIV', Timestamp('2024-01-09 23:00:00'), Timestamp('2024-01-09 23:00:00'))
2025-09-26 17:05:51,143 ; PT3S                                                         ; DEBUG   ; dxWithMx._V3_AGSNVEC: ('STAT', 'ROHR~*~*~*~IRTRENN', Timestamp('2024-01-09 23:00:00'), Timestamp('2024-01-09 23:00:00'))
2025-09-26 17:05:51,143 ; PT3S                                                         ; DEBUG   ; dxWithMx._V3_AGSNVEC: ('STAT', 'ROHR~*~*~*~JV', Timestamp('2024-01-09 23:00:00'), Timestamp('2024-01-09 23:00:00'))
2025-09-26 17:05:51,143 ; PT3S                                                         ; DEBUG   ; dxWithMx._V3_AGSNVEC: ('STAT', 'ROHR~*~*~*~LAMBDA', Timestamp('2024-01-09 23:00:00'), Timestamp('2024-01-09 23:00:00'))
2025-09-26 17:05:51,143 ; PT3S                                                         ; DEBUG   ; dxWithMx._V3_AGSNVEC: ('STAT', 'ROHR~*~*~*~LECKEINAUS', Timestamp('2024-01-09 23:00:00'), Timestamp('2024-01-09 23:00:00'))
2025-09-26 17:05:51,143 ; PT3S                                                         ; DEBUG   ; dxWithMx._V3_AGSNVEC: ('STAT', 'ROHR~*~*~*~LECKMENGE', Timestamp('2024-01-09 23:00:00'), Timestamp('2024-01-09 23:00:00'))
2025-09-26 17:05:51,143 ; PT3S                                                         ; DEBUG   ; dxWithMx._V3_AGSNVEC: ('STAT', 'ROHR~*~*~*~LECKORT', Timestamp('2024-01-09 23:00:00'), Timestamp('2024-01-09 23:00:00'))
2025-09-26 17:05:51,143 ; PT3S                                                         ; DEBUG   ; dxWithMx._V3_AGSNVEC: ('STAT', 'ROHR~*~*~*~PDAMPF', Timestamp('2024-01-09 23:00:00'), Timestamp('2024-01-09 23:00:00'))
2025-09-26 17:05:51,143 ; PT3S                                                         ; DEBUG   ; dxWithMx._V3_AGSNVEC: ('STAT', 'ROHR~*~*~*~PHR', Timestamp('2024-01-09 23:00:00'), Timestamp('2024-01-09 23:00:00'))
2025-09-26 17:05:51,143 ; PT3S                                                         ; DEBUG   ; dxWithMx._V3_AGSNVEC: ('STAT', 'ROHR~*~*~*~PMIN', Timestamp('2024-01-09 23:00:00'), Timestamp('2024-01-09 23:00:00'))
2025-09-26 17:05:51,143 ; PT3S                                                         ; DEBUG   ; dxWithMx._V3_AGSNVEC: ('STAT', 'ROHR~*~*~*~QI2', Timestamp('2024-01-09 23:00:00'), Timestamp('2024-01-09 23:00:00'))
2025-09-26 17:05:51,143 ; PT3S                                                         ; DEBUG   ; dxWithMx._V3_AGSNVEC: ('STAT', 'ROHR~*~*~*~QK2', Timestamp('2024-01-09 23:00:00'), Timestamp('2024-01-09 23:00:00'))
2025-09-26 17:05:51,143 ; PT3S                                                         ; DEBUG   ; dxWithMx._V3_AGSNVEC: ('STAT', 'ROHR~*~*~*~QMAV', Timestamp('2024-01-09 23:00:00'), Timestamp('2024-01-09 23:00:00'))
2025-09-26 17:05:51,143 ; PT3S                                                         ; DEBUG   ; dxWithMx._V3_AGSNVEC: ('STAT', 'ROHR~*~*~*~QMI', Timestamp('2024-01-09 23:00:00'), Timestamp('2024-01-09 23:00:00'))
2025-09-26 17:05:51,143 ; PT3S                                                         ; DEBUG   ; dxWithMx._V3_AGSNVEC: ('STAT', 'ROHR~*~*~*~QMK', Timestamp('2024-01-09 23:00:00'), Timestamp('2024-01-09 23:00:00'))
2025-09-26 17:05:51,143 ; PT3S                                                         ; DEBUG   ; dxWithMx._V3_AGSNVEC: ('STAT', 'ROHR~*~*~*~RHOAV', Timestamp('2024-01-09 23:00:00'), Timestamp('2024-01-09 23:00:00'))
2025-09-26 17:05:51,143 ; PT3S                                                         ; DEBUG   ; dxWithMx._V3_AGSNVEC: ('STAT', 'ROHR~*~*~*~VAV', Timestamp('2024-01-09 23:00:00'), Timestamp('2024-01-09 23:00:00'))
2025-09-26 17:05:51,143 ; PT3S                                                         ; DEBUG   ; dxWithMx._V3_AGSNVEC: ('STAT', 'ROHR~*~*~*~VI', Timestamp('2024-01-09 23:00:00'), Timestamp('2024-01-09 23:00:00'))
2025-09-26 17:05:51,143 ; PT3S                                                         ; DEBUG   ; dxWithMx._V3_AGSNVEC: ('STAT', 'ROHR~*~*~*~VK', Timestamp('2024-01-09 23:00:00'), Timestamp('2024-01-09 23:00:00'))
2025-09-26 17:05:51,143 ; PT3S                                                         ; DEBUG   ; dxWithMx._V3_AGSNVEC: ('STAT', 'ROHR~*~*~*~VOLDA', Timestamp('2024-01-09 23:00:00'), Timestamp('2024-01-09 23:00:00'))
2025-09-26 17:05:51,143 ; PT3S                                                         ; DEBUG   ; dxWithMx._V3_AGSNVEC: ('STAT', 'ROHR~*~*~*~WVL', Timestamp('2024-01-09 23:00:00'), Timestamp('2024-01-09 23:00:00'))
2025-09-26 17:05:51,143 ; PT3S                                                         ; DEBUG   ; dxWithMx._V3_AGSNVEC: ('STAT', 'ROHR~*~*~*~MVEC', Timestamp('2024-01-09 23:00:00'), Timestamp('2024-01-09 23:00:00'))
2025-09-26 17:05:51,143 ; PT3S                                                         ; DEBUG   ; dxWithMx._V3_AGSNVEC: ('STAT', 'ROHR~*~*~*~PVEC', Timestamp('2024-01-09 23:00:00'), Timestamp('2024-01-09 23:00:00'))
2025-09-26 17:05:51,143 ; PT3S                                                         ; DEBUG   ; dxWithMx._V3_AGSNVEC: ('STAT', 'ROHR~*~*~*~PVECMAX_INST', Timestamp('2024-01-09 23:00:00'), Timestamp('2024-01-09 23:00:00'))
2025-09-26 17:05:51,143 ; PT3S                                                         ; DEBUG   ; dxWithMx._V3_AGSNVEC: ('STAT', 'ROHR~*~*~*~PVECMIN_INST', Timestamp('2024-01-09 23:00:00'), Timestamp('2024-01-09 23:00:00'))
2025-09-26 17:05:51,143 ; PT3S                                                         ; DEBUG   ; dxWithMx._V3_AGSNVEC: ('STAT', 'ROHR~*~*~*~RHOVEC', Timestamp('2024-01-09 23:00:00'), Timestamp('2024-01-09 23:00:00'))
2025-09-26 17:05:51,143 ; PT3S                                                         ; DEBUG   ; dxWithMx._V3_AGSNVEC: ('STAT', 'ROHR~*~*~*~TVEC', Timestamp('2024-01-09 23:00:00'), Timestamp('2024-01-09 23:00:00'))
2025-09-26 17:05:51,143 ; PT3S                                                         ; DEBUG   ; dxWithMx._V3_AGSNVEC: ('STAT', 'manPVECMIN_INST', Timestamp('2024-01-09 23:00:00'), Timestamp('2024-01-09 23:00:00'))
2025-09-26 17:05:51,143 ; PT3S                                                         ; DEBUG   ; dxWithMx._V3_AGSNVEC: ('STAT', 'mlcPVECMIN_INST', Timestamp('2024-01-09 23:00:00'), Timestamp('2024-01-09 23:00:00'))
2025-09-26 17:05:51,143 ; PT3S                                                         ; DEBUG   ; dxWithMx._V3_AGSNVEC: ('STAT', 'barBzgPVECMIN_INST', Timestamp('2024-01-09 23:00:00'), Timestamp('2024-01-09 23:00:00'))
2025-09-26 17:05:51,143 ; PT3S                                                         ; DEBUG   ; dxWithMx._V3_AGSNVEC: ('STAT', 'manPVEC', Timestamp('2024-01-09 23:00:00'), Timestamp('2024-01-09 23:00:00'))
2025-09-26 17:05:51,143 ; PT3S                                                         ; DEBUG   ; dxWithMx._V3_AGSNVEC: ('STAT', 'mlcPVEC', Timestamp('2024-01-09 23:00:00'), Timestamp('2024-01-09 23:00:00'))
2025-09-26 17:05:51,143 ; PT3S                                                         ; DEBUG   ; dxWithMx._V3_AGSNVEC: ('STAT', 'barBzgPVEC', Timestamp('2024-01-09 23:00:00'), Timestamp('2024-01-09 23:00:00'))
2025-09-26 17:05:51,143 ; PT3S                                                         ; DEBUG   ; dxWithMx._V3_AGSNVEC: ('STAT', 'manPVECMAX_INST', Timestamp('2024-01-09 23:00:00'), Timestamp('2024-01-09 23:00:00'))
2025-09-26 17:05:51,143 ; PT3S                                                         ; DEBUG   ; dxWithMx._V3_AGSNVEC: ('STAT', 'mlcPVECMAX_INST', Timestamp('2024-01-09 23:00:00'), Timestamp('2024-01-09 23:00:00'))
2025-09-26 17:05:51,143 ; PT3S                                                         ; DEBUG   ; dxWithMx._V3_AGSNVEC: ('STAT', 'barBzgPVECMAX_INST', Timestamp('2024-01-09 23:00:00'), Timestamp('2024-01-09 23:00:00'))
2025-09-26 17:05:51,143 ; PT3S                                                         ; DEBUG   ; dxWithMx._V3_AGSNVEC: ('STAT', 'QMVEC', Timestamp('2024-01-09 23:00:00'), Timestamp('2024-01-09 23:00:00'))
2025-09-26 17:05:51,143 ; PT3S                                                         ; DEBUG   ; dxWithMx._V3_AGSNVEC: ('STAT', 'tMVEC', Timestamp('2024-01-09 23:00:00'), Timestamp('2024-01-09 23:00:00'))
2025-09-26 17:05:51,143 ; PT3S                                                         ; DEBUG   ; dxWithMx._V3_AGSNVEC: self.V3_ROHRVEC: str-cols:
2025-09-26 17:05:51,143 ; PT3S                                                         ; DEBUG   ; dxWithMx._V3_AGSNVEC: pk
2025-09-26 17:05:51,143 ; PT3S                                                         ; DEBUG   ; dxWithMx._V3_AGSNVEC: fkDE
2025-09-26 17:05:51,143 ; PT3S                                                         ; DEBUG   ; dxWithMx._V3_AGSNVEC: rk
2025-09-26 17:05:51,143 ; PT3S                                                         ; DEBUG   ; dxWithMx._V3_AGSNVEC: tk
2025-09-26 17:05:51,143 ; PT3S                                                         ; DEBUG   ; dxWithMx._V3_AGSNVEC: fkKI
2025-09-26 17:05:51,143 ; PT3S                                                         ; DEBUG   ; dxWithMx._V3_AGSNVEC: fkKK
2025-09-26 17:05:51,143 ; PT3S                                                         ; DEBUG   ; dxWithMx._V3_AGSNVEC: fkDTRO_ROWD
2025-09-26 17:05:51,159 ; PT3S                                                         ; DEBUG   ; dxWithMx._V3_AGSNVEC: fkLTGR
2025-09-26 17:05:51,159 ; PT3S                                                         ; DEBUG   ; dxWithMx._V3_AGSNVEC: fkSTRASSE
2025-09-26 17:05:51,160 ; PT3S                                                         ; DEBUG   ; dxWithMx._V3_AGSNVEC: L
2025-09-26 17:05:51,160 ; PT3S                                                         ; DEBUG   ; dxWithMx._V3_AGSNVEC: LZU
2025-09-26 17:05:51,160 ; PT3S                                                         ; DEBUG   ; dxWithMx._V3_AGSNVEC: RAU
2025-09-26 17:05:51,160 ; PT3S                                                         ; DEBUG   ; dxWithMx._V3_AGSNVEC: JLAMBS
2025-09-26 17:05:51,160 ; PT3S                                                         ; DEBUG   ; dxWithMx._V3_AGSNVEC: LAMBDA0
2025-09-26 17:05:51,160 ; PT3S                                                         ; DEBUG   ; dxWithMx._V3_AGSNVEC: ZEIN
2025-09-26 17:05:51,160 ; PT3S                                                         ; DEBUG   ; dxWithMx._V3_AGSNVEC: ZAUS
2025-09-26 17:05:51,161 ; PT3S                                                         ; DEBUG   ; dxWithMx._V3_AGSNVEC: ZUML
2025-09-26 17:05:51,161 ; PT3S                                                         ; DEBUG   ; dxWithMx._V3_AGSNVEC: ASOLL
2025-09-26 17:05:51,161 ; PT3S                                                         ; DEBUG   ; dxWithMx._V3_AGSNVEC: INDSCHALL
2025-09-26 17:05:51,161 ; PT3S                                                         ; DEBUG   ; dxWithMx._V3_AGSNVEC: BAUJAHR
2025-09-26 17:05:51,161 ; PT3S                                                         ; DEBUG   ; dxWithMx._V3_AGSNVEC: HAL
2025-09-26 17:05:51,161 ; PT3S                                                         ; DEBUG   ; dxWithMx._V3_AGSNVEC: fkCONT
2025-09-26 17:05:51,161 ; PT3S                                                         ; DEBUG   ; dxWithMx._V3_AGSNVEC: fk2LROHR
2025-09-26 17:05:51,161 ; PT3S                                                         ; DEBUG   ; dxWithMx._V3_AGSNVEC: BESCHREIBUNG
2025-09-26 17:05:51,161 ; PT3S                                                         ; DEBUG   ; dxWithMx._V3_AGSNVEC: GEOMWKB
2025-09-26 17:05:51,161 ; PT3S                                                         ; DEBUG   ; dxWithMx._V3_AGSNVEC: DELETED
2025-09-26 17:05:51,162 ; PT3S                                                         ; DEBUG   ; dxWithMx._V3_AGSNVEC: SELECT1
2025-09-26 17:05:51,162 ; PT3S                                                         ; DEBUG   ; dxWithMx._V3_AGSNVEC: IDREFERENZ
2025-09-26 17:05:51,162 ; PT3S                                                         ; DEBUG   ; dxWithMx._V3_AGSNVEC: KENNUNG
2025-09-26 17:05:51,162 ; PT3S                                                         ; DEBUG   ; dxWithMx._V3_AGSNVEC: IPLANUNG
2025-09-26 17:05:51,162 ; PT3S                                                         ; DEBUG   ; dxWithMx._V3_AGSNVEC: KVR
2025-09-26 17:05:51,162 ; PT3S                                                         ; DEBUG   ; dxWithMx._V3_AGSNVEC: GEOMFIX
2025-09-26 17:05:51,162 ; PT3S                                                         ; DEBUG   ; dxWithMx._V3_AGSNVEC: UPRP
2025-09-26 17:05:51,162 ; PT3S                                                         ; DEBUG   ; dxWithMx._V3_AGSNVEC: pk_BZ
2025-09-26 17:05:51,163 ; PT3S                                                         ; DEBUG   ; dxWithMx._V3_AGSNVEC: fkDE_BZ
2025-09-26 17:05:51,163 ; PT3S                                                         ; DEBUG   ; dxWithMx._V3_AGSNVEC: fk
2025-09-26 17:05:51,163 ; PT3S                                                         ; DEBUG   ; dxWithMx._V3_AGSNVEC: QSVB
2025-09-26 17:05:51,163 ; PT3S                                                         ; DEBUG   ; dxWithMx._V3_AGSNVEC: IRTRENN
2025-09-26 17:05:51,163 ; PT3S                                                         ; DEBUG   ; dxWithMx._V3_AGSNVEC: LECKSTATUS
2025-09-26 17:05:51,163 ; PT3S                                                         ; DEBUG   ; dxWithMx._V3_AGSNVEC: LECKSTART
2025-09-26 17:05:51,163 ; PT3S                                                         ; DEBUG   ; dxWithMx._V3_AGSNVEC: LECKEND
2025-09-26 17:05:51,164 ; PT3S                                                         ; DEBUG   ; dxWithMx._V3_AGSNVEC: LECKORT
2025-09-26 17:05:51,164 ; PT3S                                                         ; DEBUG   ; dxWithMx._V3_AGSNVEC: LECKMENGE
2025-09-26 17:05:51,164 ; PT3S                                                         ; DEBUG   ; dxWithMx._V3_AGSNVEC: IMPTNZ
2025-09-26 17:05:51,164 ; PT3S                                                         ; DEBUG   ; dxWithMx._V3_AGSNVEC: ZVLIMPTNZ
2025-09-26 17:05:51,164 ; PT3S                                                         ; DEBUG   ; dxWithMx._V3_AGSNVEC: KANTENZV
2025-09-26 17:05:51,164 ; PT3S                                                         ; DEBUG   ; dxWithMx._V3_AGSNVEC: GEOM
2025-09-26 17:05:51,164 ; PT3S                                                         ; DEBUG   ; dxWithMx._V3_AGSNVEC: GRAF
2025-09-26 17:05:51,164 ; PT3S                                                         ; DEBUG   ; dxWithMx._V3_AGSNVEC: MId
2025-09-26 17:05:51,166 ; PT3S                                                         ; DEBUG   ; dxWithMx._V3_AGSNVEC: MText
2025-09-26 17:05:51,166 ; PT3S                                                         ; DEBUG   ; dxWithMx._V3_AGSNVEC: Basis
2025-09-26 17:05:51,166 ; PT3S                                                         ; DEBUG   ; dxWithMx._V3_AGSNVEC: Variante
2025-09-26 17:05:51,166 ; PT3S                                                         ; DEBUG   ; dxWithMx._V3_AGSNVEC: BZ
2025-09-26 17:05:51,166 ; PT3S                                                         ; DEBUG   ; dxWithMx._V3_AGSNVEC: Geaendert
2025-09-26 17:05:51,166 ; PT3S                                                         ; DEBUG   ; dxWithMx._V3_AGSNVEC: Erstellt
2025-09-26 17:05:51,166 ; PT3S                                                         ; DEBUG   ; dxWithMx._V3_AGSNVEC: pk_VMBZ
2025-09-26 17:05:51,166 ; PT3S                                                         ; DEBUG   ; dxWithMx._V3_AGSNVEC: fkBASIS
2025-09-26 17:05:51,166 ; PT3S                                                         ; DEBUG   ; dxWithMx._V3_AGSNVEC: fkVARIANTE
2025-09-26 17:05:51,166 ; PT3S                                                         ; DEBUG   ; dxWithMx._V3_AGSNVEC: fkBZ
2025-09-26 17:05:51,166 ; PT3S                                                         ; DEBUG   ; dxWithMx._V3_AGSNVEC: MZ
2025-09-26 17:05:51,166 ; PT3S                                                         ; DEBUG   ; dxWithMx._V3_AGSNVEC: MT
2025-09-26 17:05:51,167 ; PT3S                                                         ; DEBUG   ; dxWithMx._V3_AGSNVEC: pk_CONT
2025-09-26 17:05:51,167 ; PT3S                                                         ; DEBUG   ; dxWithMx._V3_AGSNVEC: fkDE_CONT
2025-09-26 17:05:51,167 ; PT3S                                                         ; DEBUG   ; dxWithMx._V3_AGSNVEC: rk_CONT
2025-09-26 17:05:51,167 ; PT3S                                                         ; DEBUG   ; dxWithMx._V3_AGSNVEC: tk_CONT
2025-09-26 17:05:51,167 ; PT3S                                                         ; DEBUG   ; dxWithMx._V3_AGSNVEC: ID_CONT
2025-09-26 17:05:51,167 ; PT3S                                                         ; DEBUG   ; dxWithMx._V3_AGSNVEC: NAME_CONT
2025-09-26 17:05:51,167 ; PT3S                                                         ; DEBUG   ; dxWithMx._V3_AGSNVEC: IDPARENT_CONT
2025-09-26 17:05:51,167 ; PT3S                                                         ; DEBUG   ; dxWithMx._V3_AGSNVEC: rkPARENT_CONT
2025-09-26 17:05:51,167 ; PT3S                                                         ; DEBUG   ; dxWithMx._V3_AGSNVEC: LFDNR_CONT
2025-09-26 17:05:51,167 ; PT3S                                                         ; DEBUG   ; dxWithMx._V3_AGSNVEC: FONT_CONT
2025-09-26 17:05:51,167 ; PT3S                                                         ; DEBUG   ; dxWithMx._V3_AGSNVEC: DELETED_CONT
2025-09-26 17:05:51,167 ; PT3S                                                         ; DEBUG   ; dxWithMx._V3_AGSNVEC: SELECT1_CONT
2025-09-26 17:05:51,168 ; PT3S                                                         ; DEBUG   ; dxWithMx._V3_AGSNVEC: IDREFERENZ_CONT
2025-09-26 17:05:51,168 ; PT3S                                                         ; DEBUG   ; dxWithMx._V3_AGSNVEC: GEOMWKB_CONT
2025-09-26 17:05:51,168 ; PT3S                                                         ; DEBUG   ; dxWithMx._V3_AGSNVEC: GEOMFIX_CONT
2025-09-26 17:05:51,168 ; PT3S                                                         ; DEBUG   ; dxWithMx._V3_AGSNVEC: UPRP_CONT
2025-09-26 17:05:51,168 ; PT3S                                                         ; DEBUG   ; dxWithMx._V3_AGSNVEC: NAME_DTRO
2025-09-26 17:05:51,168 ; PT3S                                                         ; DEBUG   ; dxWithMx._V3_AGSNVEC: DN
2025-09-26 17:05:51,168 ; PT3S                                                         ; DEBUG   ; dxWithMx._V3_AGSNVEC: DI
2025-09-26 17:05:51,168 ; PT3S                                                         ; DEBUG   ; dxWithMx._V3_AGSNVEC: DA
2025-09-26 17:05:51,168 ; PT3S                                                         ; DEBUG   ; dxWithMx._V3_AGSNVEC: S
2025-09-26 17:05:51,168 ; PT3S                                                         ; DEBUG   ; dxWithMx._V3_AGSNVEC: KT
2025-09-26 17:05:51,168 ; PT3S                                                         ; DEBUG   ; dxWithMx._V3_AGSNVEC: PN
2025-09-26 17:05:51,169 ; PT3S                                                         ; DEBUG   ; dxWithMx._V3_AGSNVEC: Am2
2025-09-26 17:05:51,169 ; PT3S                                                         ; DEBUG   ; dxWithMx._V3_AGSNVEC: Vm3
2025-09-26 17:05:51,169 ; PT3S                                                         ; DEBUG   ; dxWithMx._V3_AGSNVEC: NAME_LTGR
2025-09-26 17:05:51,169 ; PT3S                                                         ; DEBUG   ; dxWithMx._V3_AGSNVEC: NAME_STRASSE
2025-09-26 17:05:51,169 ; PT3S                                                         ; DEBUG   ; dxWithMx._V3_AGSNVEC: tk_i
2025-09-26 17:05:51,169 ; PT3S                                                         ; DEBUG   ; dxWithMx._V3_AGSNVEC: NAME_i
2025-09-26 17:05:51,169 ; PT3S                                                         ; DEBUG   ; dxWithMx._V3_AGSNVEC: tk_k
2025-09-26 17:05:51,169 ; PT3S                                                         ; DEBUG   ; dxWithMx._V3_AGSNVEC: NAME_k
2025-09-26 17:05:51,170 ; PT3S                                                         ; DEBUG   ; dxWithMx._V3_AGSNVEC: mx2NofPts
2025-09-26 17:05:51,170 ; PT3S                                                         ; DEBUG   ; dxWithMx._V3_AGSNVEC: dL
2025-09-26 17:05:51,170 ; PT3S                                                         ; DEBUG   ; dxWithMx._V3_AGSNVEC: mx2Idx
2025-09-26 17:05:51,170 ; PT3S                                                         ; DEBUG   ; dxWithMx._V3_AGSNVEC: ('STAT', 'KNOT~*~*~*~PH', Timestamp('2024-01-09 23:00:00'), Timestamp('2024-01-09 23:00:00'))_i
2025-09-26 17:05:51,170 ; PT3S                                                         ; DEBUG   ; dxWithMx._V3_AGSNVEC: ('STAT', 'KNOT~*~*~*~H', Timestamp('2024-01-09 23:00:00'), Timestamp('2024-01-09 23:00:00'))_i
2025-09-26 17:05:51,170 ; PT3S                                                         ; DEBUG   ; dxWithMx._V3_AGSNVEC: ('STAT', 'KNOT~*~*~*~T', Timestamp('2024-01-09 23:00:00'), Timestamp('2024-01-09 23:00:00'))_i
2025-09-26 17:05:51,170 ; PT3S                                                         ; DEBUG   ; dxWithMx._V3_AGSNVEC: ('STAT', 'KNOT~*~*~*~RHO', Timestamp('2024-01-09 23:00:00'), Timestamp('2024-01-09 23:00:00'))_i
2025-09-26 17:05:51,170 ; PT3S                                                         ; DEBUG   ; dxWithMx._V3_AGSNVEC: ('STAT', 'KNOT~*~*~*~PH', Timestamp('2024-01-09 23:00:00'), Timestamp('2024-01-09 23:00:00'))_k
2025-09-26 17:05:51,170 ; PT3S                                                         ; DEBUG   ; dxWithMx._V3_AGSNVEC: ('STAT', 'KNOT~*~*~*~H', Timestamp('2024-01-09 23:00:00'), Timestamp('2024-01-09 23:00:00'))_k
2025-09-26 17:05:51,170 ; PT3S                                                         ; DEBUG   ; dxWithMx._V3_AGSNVEC: ('STAT', 'KNOT~*~*~*~T', Timestamp('2024-01-09 23:00:00'), Timestamp('2024-01-09 23:00:00'))_k
2025-09-26 17:05:51,170 ; PT3S                                                         ; DEBUG   ; dxWithMx._V3_AGSNVEC: ('STAT', 'KNOT~*~*~*~RHO', Timestamp('2024-01-09 23:00:00'), Timestamp('2024-01-09 23:00:00'))_k
2025-09-26 17:05:51,170 ; PT3S                                                         ; DEBUG   ; dxWithMx._V3_AGSNVEC: QMAVAbs
2025-09-26 17:05:51,170 ; PT3S                                                         ; DEBUG   ; dxWithMx._V3_AGSNVEC: VAVAbs
2025-09-26 17:05:51,170 ; PT3S                                                         ; DEBUG   ; dxWithMx._V3_AGSNVEC: PHRAbs
2025-09-26 17:05:51,170 ; PT3S                                                         ; DEBUG   ; dxWithMx._V3_AGSNVEC: JVAbs
2025-09-26 17:05:51,170 ; PT3S                                                         ; DEBUG   ; dxWithMx._V3_AGSNVEC: LAMBDA
2025-09-26 17:05:51,170 ; PT3S                                                         ; DEBUG   ; dxWithMx._V3_AGSNVEC: IptIdx
2025-09-26 17:05:51,170 ; PT3S                                                         ; DEBUG   ; dxWithMx._V3_AGSNVEC: SVEC
2025-09-26 17:05:51,172 ; PT3S                                                         ; DEBUG   ; dxWithMx._V3_AGSNVEC: SVECRev
2025-09-26 17:05:51,172 ; PT3S                                                         ; DEBUG   ; dxWithMx._V3_AGSNVEC: IptIdxAsNo
2025-09-26 17:05:51,172 ; PT3S                                                         ; DEBUG   ; dxWithMx._V3_AGSNVEC: IptIdxAsNoRev
2025-09-26 17:05:51,172 ; PT3S                                                         ; DEBUG   ; dxWithMx._V3_AGSNVEC: ZVEC
2025-09-26 17:05:51,860 ; PT3S                                                         ; DEBUG   ; dxWithMx._V3_AGSNVEC_mapExistingColWithVecResults: Start.
2025-09-26 17:05:51,875 ; PT3S                                                         ; DEBUG   ; mapping PH_n with ('STAT', 'manPVEC', Timestamp('2024-01-09 23:00:00'), Timestamp('2024-01-09 23:00:00'))
2025-09-26 17:05:51,908 ; PT3S                                                         ; DEBUG   ; dxWithMx._V3_AGSNVEC_mapExistingColWithVecResults: _Done.
2025-09-26 17:05:51,908 ; PT3S                                                         ; DEBUG   ; dxWithMx._V3_AGSNVEC_mapExistingColWithVecResults: Start.
2025-09-26 17:05:51,908 ; PT3S                                                         ; DEBUG   ; mapping mlc_n with ('STAT', 'mlcPVEC', Timestamp('2024-01-09 23:00:00'), Timestamp('2024-01-09 23:00:00'))
2025-09-26 17:05:51,936 ; PT3S                                                         ; DEBUG   ; dxWithMx._V3_AGSNVEC_mapExistingColWithVecResults: _Done.
2025-09-26 17:05:51,936 ; PT3S                                                         ; DEBUG   ; dxWithMx._V3_AGSNVEC_mapExistingColWithVecResults: Start.
2025-09-26 17:05:51,936 ; PT3S                                                         ; DEBUG   ; mapping H_n with ('STAT', 'barBzgPVEC', Timestamp('2024-01-09 23:00:00'), Timestamp('2024-01-09 23:00:00'))
2025-09-26 17:05:51,976 ; PT3S                                                         ; DEBUG   ; dxWithMx._V3_AGSNVEC_mapExistingColWithVecResults: _Done.
2025-09-26 17:05:51,976 ; PT3S                                                         ; DEBUG   ; dxWithMx._V3_AGSNVEC_mapExistingColWithVecResults: Start.
2025-09-26 17:05:51,976 ; PT3S                                                         ; DEBUG   ; mapping T_n with ('STAT', 'ROHR~*~*~*~TVEC', Timestamp('2024-01-09 23:00:00'), Timestamp('2024-01-09 23:00:00'))
2025-09-26 17:05:52,009 ; PT3S                                                         ; DEBUG   ; dxWithMx._V3_AGSNVEC_mapExistingColWithVecResults: _Done.
2025-09-26 17:05:52,009 ; PT3S                                                         ; DEBUG   ; dxWithMx._V3_AGSNVEC: IDQM=5.0 (t/h). tMVEC wird verwendet fuer das Mapping in VBEL-QM.
2025-09-26 17:05:52,009 ; PT3S                                                         ; DEBUG   ; dxWithMx._V3_AGSNVEC_mapExistingColWithVecResults: Start.
2025-09-26 17:05:52,009 ; PT3S                                                         ; DEBUG   ; mapping QM with ('STAT', 'tMVEC', Timestamp('2024-01-09 23:00:00'), Timestamp('2024-01-09 23:00:00'))
2025-09-26 17:05:52,042 ; PT3S                                                         ; DEBUG   ; dxWithMx._V3_AGSNVEC_mapExistingColWithVecResults: _Done.
2025-09-26 17:05:52,046 ; PT3S                                                         ; DEBUG   ; dxWithMx._V3_AGSNVEC: tuple-cols vor min, max, end:
2025-09-26 17:05:52,046 ; PT3S                                                         ; DEBUG   ; dxWithMx._V3_AGSNVEC: ('STAT', 'ROHR~*~*~*~ETAAV', Timestamp('2024-01-09 23:00:00'), Timestamp('2024-01-09 23:00:00'))
2025-09-26 17:05:52,046 ; PT3S                                                         ; DEBUG   ; dxWithMx._V3_AGSNVEC: ('STAT', 'ROHR~*~*~*~IAKTIV', Timestamp('2024-01-09 23:00:00'), Timestamp('2024-01-09 23:00:00'))
2025-09-26 17:05:52,046 ; PT3S                                                         ; DEBUG   ; dxWithMx._V3_AGSNVEC: ('STAT', 'ROHR~*~*~*~IRTRENN', Timestamp('2024-01-09 23:00:00'), Timestamp('2024-01-09 23:00:00'))
2025-09-26 17:05:52,046 ; PT3S                                                         ; DEBUG   ; dxWithMx._V3_AGSNVEC: ('STAT', 'ROHR~*~*~*~JV', Timestamp('2024-01-09 23:00:00'), Timestamp('2024-01-09 23:00:00'))
2025-09-26 17:05:52,046 ; PT3S                                                         ; DEBUG   ; dxWithMx._V3_AGSNVEC: ('STAT', 'ROHR~*~*~*~LAMBDA', Timestamp('2024-01-09 23:00:00'), Timestamp('2024-01-09 23:00:00'))
2025-09-26 17:05:52,046 ; PT3S                                                         ; DEBUG   ; dxWithMx._V3_AGSNVEC: ('STAT', 'ROHR~*~*~*~LECKEINAUS', Timestamp('2024-01-09 23:00:00'), Timestamp('2024-01-09 23:00:00'))
2025-09-26 17:05:52,046 ; PT3S                                                         ; DEBUG   ; dxWithMx._V3_AGSNVEC: ('STAT', 'ROHR~*~*~*~LECKMENGE', Timestamp('2024-01-09 23:00:00'), Timestamp('2024-01-09 23:00:00'))
2025-09-26 17:05:52,046 ; PT3S                                                         ; DEBUG   ; dxWithMx._V3_AGSNVEC: ('STAT', 'ROHR~*~*~*~LECKORT', Timestamp('2024-01-09 23:00:00'), Timestamp('2024-01-09 23:00:00'))
2025-09-26 17:05:52,046 ; PT3S                                                         ; DEBUG   ; dxWithMx._V3_AGSNVEC: ('STAT', 'ROHR~*~*~*~PDAMPF', Timestamp('2024-01-09 23:00:00'), Timestamp('2024-01-09 23:00:00'))
2025-09-26 17:05:52,046 ; PT3S                                                         ; DEBUG   ; dxWithMx._V3_AGSNVEC: ('STAT', 'ROHR~*~*~*~PHR', Timestamp('2024-01-09 23:00:00'), Timestamp('2024-01-09 23:00:00'))
2025-09-26 17:05:52,046 ; PT3S                                                         ; DEBUG   ; dxWithMx._V3_AGSNVEC: ('STAT', 'ROHR~*~*~*~PMIN', Timestamp('2024-01-09 23:00:00'), Timestamp('2024-01-09 23:00:00'))
2025-09-26 17:05:52,046 ; PT3S                                                         ; DEBUG   ; dxWithMx._V3_AGSNVEC: ('STAT', 'ROHR~*~*~*~QI2', Timestamp('2024-01-09 23:00:00'), Timestamp('2024-01-09 23:00:00'))
2025-09-26 17:05:52,046 ; PT3S                                                         ; DEBUG   ; dxWithMx._V3_AGSNVEC: ('STAT', 'ROHR~*~*~*~QK2', Timestamp('2024-01-09 23:00:00'), Timestamp('2024-01-09 23:00:00'))
2025-09-26 17:05:52,046 ; PT3S                                                         ; DEBUG   ; dxWithMx._V3_AGSNVEC: ('STAT', 'ROHR~*~*~*~QMAV', Timestamp('2024-01-09 23:00:00'), Timestamp('2024-01-09 23:00:00'))
2025-09-26 17:05:52,046 ; PT3S                                                         ; DEBUG   ; dxWithMx._V3_AGSNVEC: ('STAT', 'ROHR~*~*~*~QMI', Timestamp('2024-01-09 23:00:00'), Timestamp('2024-01-09 23:00:00'))
2025-09-26 17:05:52,046 ; PT3S                                                         ; DEBUG   ; dxWithMx._V3_AGSNVEC: ('STAT', 'ROHR~*~*~*~QMK', Timestamp('2024-01-09 23:00:00'), Timestamp('2024-01-09 23:00:00'))
2025-09-26 17:05:52,046 ; PT3S                                                         ; DEBUG   ; dxWithMx._V3_AGSNVEC: ('STAT', 'ROHR~*~*~*~RHOAV', Timestamp('2024-01-09 23:00:00'), Timestamp('2024-01-09 23:00:00'))
2025-09-26 17:05:52,046 ; PT3S                                                         ; DEBUG   ; dxWithMx._V3_AGSNVEC: ('STAT', 'ROHR~*~*~*~VAV', Timestamp('2024-01-09 23:00:00'), Timestamp('2024-01-09 23:00:00'))
2025-09-26 17:05:52,046 ; PT3S                                                         ; DEBUG   ; dxWithMx._V3_AGSNVEC: ('STAT', 'ROHR~*~*~*~VI', Timestamp('2024-01-09 23:00:00'), Timestamp('2024-01-09 23:00:00'))
2025-09-26 17:05:52,046 ; PT3S                                                         ; DEBUG   ; dxWithMx._V3_AGSNVEC: ('STAT', 'ROHR~*~*~*~VK', Timestamp('2024-01-09 23:00:00'), Timestamp('2024-01-09 23:00:00'))
2025-09-26 17:05:52,046 ; PT3S                                                         ; DEBUG   ; dxWithMx._V3_AGSNVEC: ('STAT', 'ROHR~*~*~*~VOLDA', Timestamp('2024-01-09 23:00:00'), Timestamp('2024-01-09 23:00:00'))
2025-09-26 17:05:52,046 ; PT3S                                                         ; DEBUG   ; dxWithMx._V3_AGSNVEC: ('STAT', 'ROHR~*~*~*~WVL', Timestamp('2024-01-09 23:00:00'), Timestamp('2024-01-09 23:00:00'))
2025-09-26 17:05:52,046 ; PT3S                                                         ; DEBUG   ; dxWithMx._V3_AGSNVEC: ('STAT', 'ROHR~*~*~*~MVEC', Timestamp('2024-01-09 23:00:00'), Timestamp('2024-01-09 23:00:00'))
2025-09-26 17:05:52,046 ; PT3S                                                         ; DEBUG   ; dxWithMx._V3_AGSNVEC: ('STAT', 'ROHR~*~*~*~PVEC', Timestamp('2024-01-09 23:00:00'), Timestamp('2024-01-09 23:00:00'))
2025-09-26 17:05:52,046 ; PT3S                                                         ; DEBUG   ; dxWithMx._V3_AGSNVEC: ('STAT', 'ROHR~*~*~*~PVECMAX_INST', Timestamp('2024-01-09 23:00:00'), Timestamp('2024-01-09 23:00:00'))
2025-09-26 17:05:52,046 ; PT3S                                                         ; DEBUG   ; dxWithMx._V3_AGSNVEC: ('STAT', 'ROHR~*~*~*~PVECMIN_INST', Timestamp('2024-01-09 23:00:00'), Timestamp('2024-01-09 23:00:00'))
2025-09-26 17:05:52,046 ; PT3S                                                         ; DEBUG   ; dxWithMx._V3_AGSNVEC: ('STAT', 'ROHR~*~*~*~RHOVEC', Timestamp('2024-01-09 23:00:00'), Timestamp('2024-01-09 23:00:00'))
2025-09-26 17:05:52,046 ; PT3S                                                         ; DEBUG   ; dxWithMx._V3_AGSNVEC: ('STAT', 'ROHR~*~*~*~TVEC', Timestamp('2024-01-09 23:00:00'), Timestamp('2024-01-09 23:00:00'))
2025-09-26 17:05:52,046 ; PT3S                                                         ; DEBUG   ; dxWithMx._V3_AGSNVEC: ('STAT', 'manPVECMIN_INST', Timestamp('2024-01-09 23:00:00'), Timestamp('2024-01-09 23:00:00'))
2025-09-26 17:05:52,046 ; PT3S                                                         ; DEBUG   ; dxWithMx._V3_AGSNVEC: ('STAT', 'mlcPVECMIN_INST', Timestamp('2024-01-09 23:00:00'), Timestamp('2024-01-09 23:00:00'))
2025-09-26 17:05:52,046 ; PT3S                                                         ; DEBUG   ; dxWithMx._V3_AGSNVEC: ('STAT', 'barBzgPVECMIN_INST', Timestamp('2024-01-09 23:00:00'), Timestamp('2024-01-09 23:00:00'))
2025-09-26 17:05:52,046 ; PT3S                                                         ; DEBUG   ; dxWithMx._V3_AGSNVEC: ('STAT', 'manPVEC', Timestamp('2024-01-09 23:00:00'), Timestamp('2024-01-09 23:00:00'))
2025-09-26 17:05:52,046 ; PT3S                                                         ; DEBUG   ; dxWithMx._V3_AGSNVEC: ('STAT', 'mlcPVEC', Timestamp('2024-01-09 23:00:00'), Timestamp('2024-01-09 23:00:00'))
2025-09-26 17:05:52,046 ; PT3S                                                         ; DEBUG   ; dxWithMx._V3_AGSNVEC: ('STAT', 'barBzgPVEC', Timestamp('2024-01-09 23:00:00'), Timestamp('2024-01-09 23:00:00'))
2025-09-26 17:05:52,046 ; PT3S                                                         ; DEBUG   ; dxWithMx._V3_AGSNVEC: ('STAT', 'manPVECMAX_INST', Timestamp('2024-01-09 23:00:00'), Timestamp('2024-01-09 23:00:00'))
2025-09-26 17:05:52,046 ; PT3S                                                         ; DEBUG   ; dxWithMx._V3_AGSNVEC: ('STAT', 'mlcPVECMAX_INST', Timestamp('2024-01-09 23:00:00'), Timestamp('2024-01-09 23:00:00'))
2025-09-26 17:05:52,046 ; PT3S                                                         ; DEBUG   ; dxWithMx._V3_AGSNVEC: ('STAT', 'barBzgPVECMAX_INST', Timestamp('2024-01-09 23:00:00'), Timestamp('2024-01-09 23:00:00'))
2025-09-26 17:05:52,046 ; PT3S                                                         ; DEBUG   ; dxWithMx._V3_AGSNVEC: ('STAT', 'QMVEC', Timestamp('2024-01-09 23:00:00'), Timestamp('2024-01-09 23:00:00'))
2025-09-26 17:05:52,046 ; PT3S                                                         ; DEBUG   ; dxWithMx._V3_AGSNVEC: ('STAT', 'tMVEC', Timestamp('2024-01-09 23:00:00'), Timestamp('2024-01-09 23:00:00'))
2025-09-26 17:05:52,046 ; PT3S                                                         ; DEBUG   ; dxWithMx._V3_AGSNVEC: str-cols vor min, max, end:
2025-09-26 17:05:52,046 ; PT3S                                                         ; DEBUG   ; dxWithMx._V3_AGSNVEC: Pos
2025-09-26 17:05:52,046 ; PT3S                                                         ; DEBUG   ; dxWithMx._V3_AGSNVEC: pk
2025-09-26 17:05:52,046 ; PT3S                                                         ; DEBUG   ; dxWithMx._V3_AGSNVEC: tk
2025-09-26 17:05:52,046 ; PT3S                                                         ; DEBUG   ; dxWithMx._V3_AGSNVEC: LFDNR
2025-09-26 17:05:52,046 ; PT3S                                                         ; DEBUG   ; dxWithMx._V3_AGSNVEC: NAME
2025-09-26 17:05:52,046 ; PT3S                                                         ; DEBUG   ; dxWithMx._V3_AGSNVEC: XL
2025-09-26 17:05:52,046 ; PT3S                                                         ; DEBUG   ; dxWithMx._V3_AGSNVEC: compNr
2025-09-26 17:05:52,046 ; PT3S                                                         ; DEBUG   ; dxWithMx._V3_AGSNVEC: nextNODE
2025-09-26 17:05:52,046 ; PT3S                                                         ; DEBUG   ; dxWithMx._V3_AGSNVEC: OBJTYPE
2025-09-26 17:05:52,046 ; PT3S                                                         ; DEBUG   ; dxWithMx._V3_AGSNVEC: OBJID
2025-09-26 17:05:52,046 ; PT3S                                                         ; DEBUG   ; dxWithMx._V3_AGSNVEC: L
2025-09-26 17:05:52,046 ; PT3S                                                         ; DEBUG   ; dxWithMx._V3_AGSNVEC: DN
2025-09-26 17:05:52,046 ; PT3S                                                         ; DEBUG   ; dxWithMx._V3_AGSNVEC: Am2
2025-09-26 17:05:52,046 ; PT3S                                                         ; DEBUG   ; dxWithMx._V3_AGSNVEC: Vm3
2025-09-26 17:05:52,046 ; PT3S                                                         ; DEBUG   ; dxWithMx._V3_AGSNVEC: NAME_CONT
2025-09-26 17:05:52,046 ; PT3S                                                         ; DEBUG   ; dxWithMx._V3_AGSNVEC: NAME_i
2025-09-26 17:05:52,046 ; PT3S                                                         ; DEBUG   ; dxWithMx._V3_AGSNVEC: NAME_k
2025-09-26 17:05:52,046 ; PT3S                                                         ; DEBUG   ; dxWithMx._V3_AGSNVEC: ZKOR_n
2025-09-26 17:05:52,046 ; PT3S                                                         ; DEBUG   ; dxWithMx._V3_AGSNVEC: BESCHREIBUNG_n
2025-09-26 17:05:52,046 ; PT3S                                                         ; DEBUG   ; dxWithMx._V3_AGSNVEC: KVR_n
2025-09-26 17:05:52,046 ; PT3S                                                         ; DEBUG   ; dxWithMx._V3_AGSNVEC: LSum
2025-09-26 17:05:52,046 ; PT3S                                                         ; DEBUG   ; dxWithMx._V3_AGSNVEC: direction
2025-09-26 17:05:52,046 ; PT3S                                                         ; DEBUG   ; dxWithMx._V3_AGSNVEC: ('STAT', 'QM', Timestamp('2024-01-09 23:00:00'), Timestamp('2024-01-09 23:00:00'))
2025-09-26 17:05:52,046 ; PT3S                                                         ; DEBUG   ; dxWithMx._V3_AGSNVEC: QM
2025-09-26 17:05:52,046 ; PT3S                                                         ; DEBUG   ; dxWithMx._V3_AGSNVEC: ('STAT', 'KNOT~*~*~*~PH', Timestamp('2024-01-09 23:00:00'), Timestamp('2024-01-09 23:00:00'))_n
2025-09-26 17:05:52,046 ; PT3S                                                         ; DEBUG   ; dxWithMx._V3_AGSNVEC: ('STAT', 'KNOT~*~*~*~H', Timestamp('2024-01-09 23:00:00'), Timestamp('2024-01-09 23:00:00'))_n
2025-09-26 17:05:52,046 ; PT3S                                                         ; DEBUG   ; dxWithMx._V3_AGSNVEC: ('STAT', 'KNOT~*~*~*~T', Timestamp('2024-01-09 23:00:00'), Timestamp('2024-01-09 23:00:00'))_n
2025-09-26 17:05:52,046 ; PT3S                                                         ; DEBUG   ; dxWithMx._V3_AGSNVEC: ('STAT', 'KNOT~*~*~*~RHO', Timestamp('2024-01-09 23:00:00'), Timestamp('2024-01-09 23:00:00'))_n
2025-09-26 17:05:52,046 ; PT3S                                                         ; DEBUG   ; dxWithMx._V3_AGSNVEC: PH_n
2025-09-26 17:05:52,046 ; PT3S                                                         ; DEBUG   ; dxWithMx._V3_AGSNVEC: T_n
2025-09-26 17:05:52,046 ; PT3S                                                         ; DEBUG   ; dxWithMx._V3_AGSNVEC: H_n
2025-09-26 17:05:52,046 ; PT3S                                                         ; DEBUG   ; dxWithMx._V3_AGSNVEC: RHO_n
2025-09-26 17:05:52,046 ; PT3S                                                         ; DEBUG   ; dxWithMx._V3_AGSNVEC: mlc_n
2025-09-26 17:05:52,046 ; PT3S                                                         ; DEBUG   ; dxWithMx._V3_AGSNVEC: ('STAT', 'mlc', Timestamp('2024-01-09 23:00:00'), Timestamp('2024-01-09 23:00:00'))_n
2025-09-26 17:05:52,046 ; PT3S                                                         ; DEBUG   ; dxWithMx._V3_AGSNVEC: pk_ROHRVEC
2025-09-26 17:05:52,046 ; PT3S                                                         ; DEBUG   ; dxWithMx._V3_AGSNVEC: fkDE
2025-09-26 17:05:52,046 ; PT3S                                                         ; DEBUG   ; dxWithMx._V3_AGSNVEC: rk
2025-09-26 17:05:52,046 ; PT3S                                                         ; DEBUG   ; dxWithMx._V3_AGSNVEC: tk_ROHRVEC
2025-09-26 17:05:52,046 ; PT3S                                                         ; DEBUG   ; dxWithMx._V3_AGSNVEC: fkKI
2025-09-26 17:05:52,046 ; PT3S                                                         ; DEBUG   ; dxWithMx._V3_AGSNVEC: fkKK
2025-09-26 17:05:52,046 ; PT3S                                                         ; DEBUG   ; dxWithMx._V3_AGSNVEC: fkDTRO_ROWD
2025-09-26 17:05:52,046 ; PT3S                                                         ; DEBUG   ; dxWithMx._V3_AGSNVEC: fkLTGR
2025-09-26 17:05:52,046 ; PT3S                                                         ; DEBUG   ; dxWithMx._V3_AGSNVEC: fkSTRASSE
2025-09-26 17:05:52,046 ; PT3S                                                         ; DEBUG   ; dxWithMx._V3_AGSNVEC: L_ROHRVEC
2025-09-26 17:05:52,046 ; PT3S                                                         ; DEBUG   ; dxWithMx._V3_AGSNVEC: LZU
2025-09-26 17:05:52,046 ; PT3S                                                         ; DEBUG   ; dxWithMx._V3_AGSNVEC: RAU
2025-09-26 17:05:52,046 ; PT3S                                                         ; DEBUG   ; dxWithMx._V3_AGSNVEC: JLAMBS
2025-09-26 17:05:52,058 ; PT3S                                                         ; DEBUG   ; dxWithMx._V3_AGSNVEC: LAMBDA0
2025-09-26 17:05:52,059 ; PT3S                                                         ; DEBUG   ; dxWithMx._V3_AGSNVEC: ZEIN
2025-09-26 17:05:52,059 ; PT3S                                                         ; DEBUG   ; dxWithMx._V3_AGSNVEC: ZAUS
2025-09-26 17:05:52,059 ; PT3S                                                         ; DEBUG   ; dxWithMx._V3_AGSNVEC: ZUML
2025-09-26 17:05:52,059 ; PT3S                                                         ; DEBUG   ; dxWithMx._V3_AGSNVEC: ASOLL
2025-09-26 17:05:52,059 ; PT3S                                                         ; DEBUG   ; dxWithMx._V3_AGSNVEC: INDSCHALL
2025-09-26 17:05:52,059 ; PT3S                                                         ; DEBUG   ; dxWithMx._V3_AGSNVEC: BAUJAHR
2025-09-26 17:05:52,059 ; PT3S                                                         ; DEBUG   ; dxWithMx._V3_AGSNVEC: HAL
2025-09-26 17:05:52,059 ; PT3S                                                         ; DEBUG   ; dxWithMx._V3_AGSNVEC: fkCONT
2025-09-26 17:05:52,059 ; PT3S                                                         ; DEBUG   ; dxWithMx._V3_AGSNVEC: fk2LROHR
2025-09-26 17:05:52,059 ; PT3S                                                         ; DEBUG   ; dxWithMx._V3_AGSNVEC: BESCHREIBUNG
2025-09-26 17:05:52,060 ; PT3S                                                         ; DEBUG   ; dxWithMx._V3_AGSNVEC: GEOMWKB
2025-09-26 17:05:52,060 ; PT3S                                                         ; DEBUG   ; dxWithMx._V3_AGSNVEC: DELETED
2025-09-26 17:05:52,060 ; PT3S                                                         ; DEBUG   ; dxWithMx._V3_AGSNVEC: SELECT1
2025-09-26 17:05:52,060 ; PT3S                                                         ; DEBUG   ; dxWithMx._V3_AGSNVEC: IDREFERENZ
2025-09-26 17:05:52,060 ; PT3S                                                         ; DEBUG   ; dxWithMx._V3_AGSNVEC: KENNUNG
2025-09-26 17:05:52,060 ; PT3S                                                         ; DEBUG   ; dxWithMx._V3_AGSNVEC: IPLANUNG
2025-09-26 17:05:52,060 ; PT3S                                                         ; DEBUG   ; dxWithMx._V3_AGSNVEC: KVR
2025-09-26 17:05:52,060 ; PT3S                                                         ; DEBUG   ; dxWithMx._V3_AGSNVEC: GEOMFIX
2025-09-26 17:05:52,060 ; PT3S                                                         ; DEBUG   ; dxWithMx._V3_AGSNVEC: UPRP
2025-09-26 17:05:52,060 ; PT3S                                                         ; DEBUG   ; dxWithMx._V3_AGSNVEC: pk_BZ
2025-09-26 17:05:52,061 ; PT3S                                                         ; DEBUG   ; dxWithMx._V3_AGSNVEC: fkDE_BZ
2025-09-26 17:05:52,061 ; PT3S                                                         ; DEBUG   ; dxWithMx._V3_AGSNVEC: fk
2025-09-26 17:05:52,061 ; PT3S                                                         ; DEBUG   ; dxWithMx._V3_AGSNVEC: QSVB
2025-09-26 17:05:52,061 ; PT3S                                                         ; DEBUG   ; dxWithMx._V3_AGSNVEC: IRTRENN
2025-09-26 17:05:52,061 ; PT3S                                                         ; DEBUG   ; dxWithMx._V3_AGSNVEC: LECKSTATUS
2025-09-26 17:05:52,061 ; PT3S                                                         ; DEBUG   ; dxWithMx._V3_AGSNVEC: LECKSTART
2025-09-26 17:05:52,061 ; PT3S                                                         ; DEBUG   ; dxWithMx._V3_AGSNVEC: LECKEND
2025-09-26 17:05:52,061 ; PT3S                                                         ; DEBUG   ; dxWithMx._V3_AGSNVEC: LECKORT
2025-09-26 17:05:52,061 ; PT3S                                                         ; DEBUG   ; dxWithMx._V3_AGSNVEC: LECKMENGE
2025-09-26 17:05:52,061 ; PT3S                                                         ; DEBUG   ; dxWithMx._V3_AGSNVEC: IMPTNZ
2025-09-26 17:05:52,062 ; PT3S                                                         ; DEBUG   ; dxWithMx._V3_AGSNVEC: ZVLIMPTNZ
2025-09-26 17:05:52,062 ; PT3S                                                         ; DEBUG   ; dxWithMx._V3_AGSNVEC: KANTENZV
2025-09-26 17:05:52,062 ; PT3S                                                         ; DEBUG   ; dxWithMx._V3_AGSNVEC: GEOM
2025-09-26 17:05:52,062 ; PT3S                                                         ; DEBUG   ; dxWithMx._V3_AGSNVEC: GRAF
2025-09-26 17:05:52,062 ; PT3S                                                         ; DEBUG   ; dxWithMx._V3_AGSNVEC: MId
2025-09-26 17:05:52,062 ; PT3S                                                         ; DEBUG   ; dxWithMx._V3_AGSNVEC: MText
2025-09-26 17:05:52,062 ; PT3S                                                         ; DEBUG   ; dxWithMx._V3_AGSNVEC: Basis
2025-09-26 17:05:52,062 ; PT3S                                                         ; DEBUG   ; dxWithMx._V3_AGSNVEC: Variante
2025-09-26 17:05:52,062 ; PT3S                                                         ; DEBUG   ; dxWithMx._V3_AGSNVEC: BZ
2025-09-26 17:05:52,063 ; PT3S                                                         ; DEBUG   ; dxWithMx._V3_AGSNVEC: Geaendert
2025-09-26 17:05:52,063 ; PT3S                                                         ; DEBUG   ; dxWithMx._V3_AGSNVEC: Erstellt
2025-09-26 17:05:52,063 ; PT3S                                                         ; DEBUG   ; dxWithMx._V3_AGSNVEC: pk_VMBZ
2025-09-26 17:05:52,063 ; PT3S                                                         ; DEBUG   ; dxWithMx._V3_AGSNVEC: fkBASIS
2025-09-26 17:05:52,063 ; PT3S                                                         ; DEBUG   ; dxWithMx._V3_AGSNVEC: fkVARIANTE
2025-09-26 17:05:52,063 ; PT3S                                                         ; DEBUG   ; dxWithMx._V3_AGSNVEC: fkBZ
2025-09-26 17:05:52,063 ; PT3S                                                         ; DEBUG   ; dxWithMx._V3_AGSNVEC: MZ
2025-09-26 17:05:52,063 ; PT3S                                                         ; DEBUG   ; dxWithMx._V3_AGSNVEC: MT
2025-09-26 17:05:52,063 ; PT3S                                                         ; DEBUG   ; dxWithMx._V3_AGSNVEC: pk_CONT
2025-09-26 17:05:52,063 ; PT3S                                                         ; DEBUG   ; dxWithMx._V3_AGSNVEC: fkDE_CONT
2025-09-26 17:05:52,064 ; PT3S                                                         ; DEBUG   ; dxWithMx._V3_AGSNVEC: rk_CONT
2025-09-26 17:05:52,064 ; PT3S                                                         ; DEBUG   ; dxWithMx._V3_AGSNVEC: tk_CONT
2025-09-26 17:05:52,064 ; PT3S                                                         ; DEBUG   ; dxWithMx._V3_AGSNVEC: ID_CONT
2025-09-26 17:05:52,064 ; PT3S                                                         ; DEBUG   ; dxWithMx._V3_AGSNVEC: NAME_CONT_ROHRVEC
2025-09-26 17:05:52,064 ; PT3S                                                         ; DEBUG   ; dxWithMx._V3_AGSNVEC: IDPARENT_CONT
2025-09-26 17:05:52,064 ; PT3S                                                         ; DEBUG   ; dxWithMx._V3_AGSNVEC: rkPARENT_CONT
2025-09-26 17:05:52,064 ; PT3S                                                         ; DEBUG   ; dxWithMx._V3_AGSNVEC: LFDNR_CONT
2025-09-26 17:05:52,064 ; PT3S                                                         ; DEBUG   ; dxWithMx._V3_AGSNVEC: FONT_CONT
2025-09-26 17:05:52,065 ; PT3S                                                         ; DEBUG   ; dxWithMx._V3_AGSNVEC: DELETED_CONT
2025-09-26 17:05:52,065 ; PT3S                                                         ; DEBUG   ; dxWithMx._V3_AGSNVEC: SELECT1_CONT
2025-09-26 17:05:52,065 ; PT3S                                                         ; DEBUG   ; dxWithMx._V3_AGSNVEC: IDREFERENZ_CONT
2025-09-26 17:05:52,065 ; PT3S                                                         ; DEBUG   ; dxWithMx._V3_AGSNVEC: GEOMWKB_CONT
2025-09-26 17:05:52,065 ; PT3S                                                         ; DEBUG   ; dxWithMx._V3_AGSNVEC: GEOMFIX_CONT
2025-09-26 17:05:52,065 ; PT3S                                                         ; DEBUG   ; dxWithMx._V3_AGSNVEC: UPRP_CONT
2025-09-26 17:05:52,066 ; PT3S                                                         ; DEBUG   ; dxWithMx._V3_AGSNVEC: NAME_DTRO
2025-09-26 17:05:52,066 ; PT3S                                                         ; DEBUG   ; dxWithMx._V3_AGSNVEC: DN_ROHRVEC
2025-09-26 17:05:52,066 ; PT3S                                                         ; DEBUG   ; dxWithMx._V3_AGSNVEC: DI
2025-09-26 17:05:52,066 ; PT3S                                                         ; DEBUG   ; dxWithMx._V3_AGSNVEC: DA
2025-09-26 17:05:52,066 ; PT3S                                                         ; DEBUG   ; dxWithMx._V3_AGSNVEC: S
2025-09-26 17:05:52,066 ; PT3S                                                         ; DEBUG   ; dxWithMx._V3_AGSNVEC: KT
2025-09-26 17:05:52,066 ; PT3S                                                         ; DEBUG   ; dxWithMx._V3_AGSNVEC: PN
2025-09-26 17:05:52,066 ; PT3S                                                         ; DEBUG   ; dxWithMx._V3_AGSNVEC: Am2_ROHRVEC
2025-09-26 17:05:52,066 ; PT3S                                                         ; DEBUG   ; dxWithMx._V3_AGSNVEC: Vm3_ROHRVEC
2025-09-26 17:05:52,066 ; PT3S                                                         ; DEBUG   ; dxWithMx._V3_AGSNVEC: NAME_LTGR
2025-09-26 17:05:52,066 ; PT3S                                                         ; DEBUG   ; dxWithMx._V3_AGSNVEC: NAME_STRASSE
2025-09-26 17:05:52,066 ; PT3S                                                         ; DEBUG   ; dxWithMx._V3_AGSNVEC: tk_i
2025-09-26 17:05:52,068 ; PT3S                                                         ; DEBUG   ; dxWithMx._V3_AGSNVEC: NAME_i_ROHRVEC
2025-09-26 17:05:52,068 ; PT3S                                                         ; DEBUG   ; dxWithMx._V3_AGSNVEC: tk_k
2025-09-26 17:05:52,068 ; PT3S                                                         ; DEBUG   ; dxWithMx._V3_AGSNVEC: NAME_k_ROHRVEC
2025-09-26 17:05:52,068 ; PT3S                                                         ; DEBUG   ; dxWithMx._V3_AGSNVEC: mx2NofPts
2025-09-26 17:05:52,068 ; PT3S                                                         ; DEBUG   ; dxWithMx._V3_AGSNVEC: dL
2025-09-26 17:05:52,068 ; PT3S                                                         ; DEBUG   ; dxWithMx._V3_AGSNVEC: mx2Idx
2025-09-26 17:05:52,068 ; PT3S                                                         ; DEBUG   ; dxWithMx._V3_AGSNVEC: ('STAT', 'KNOT~*~*~*~PH', Timestamp('2024-01-09 23:00:00'), Timestamp('2024-01-09 23:00:00'))_i
2025-09-26 17:05:52,068 ; PT3S                                                         ; DEBUG   ; dxWithMx._V3_AGSNVEC: ('STAT', 'KNOT~*~*~*~H', Timestamp('2024-01-09 23:00:00'), Timestamp('2024-01-09 23:00:00'))_i
2025-09-26 17:05:52,068 ; PT3S                                                         ; DEBUG   ; dxWithMx._V3_AGSNVEC: ('STAT', 'KNOT~*~*~*~T', Timestamp('2024-01-09 23:00:00'), Timestamp('2024-01-09 23:00:00'))_i
2025-09-26 17:05:52,068 ; PT3S                                                         ; DEBUG   ; dxWithMx._V3_AGSNVEC: ('STAT', 'KNOT~*~*~*~RHO', Timestamp('2024-01-09 23:00:00'), Timestamp('2024-01-09 23:00:00'))_i
2025-09-26 17:05:52,068 ; PT3S                                                         ; DEBUG   ; dxWithMx._V3_AGSNVEC: ('STAT', 'KNOT~*~*~*~PH', Timestamp('2024-01-09 23:00:00'), Timestamp('2024-01-09 23:00:00'))_k
2025-09-26 17:05:52,068 ; PT3S                                                         ; DEBUG   ; dxWithMx._V3_AGSNVEC: ('STAT', 'KNOT~*~*~*~H', Timestamp('2024-01-09 23:00:00'), Timestamp('2024-01-09 23:00:00'))_k
2025-09-26 17:05:52,068 ; PT3S                                                         ; DEBUG   ; dxWithMx._V3_AGSNVEC: ('STAT', 'KNOT~*~*~*~T', Timestamp('2024-01-09 23:00:00'), Timestamp('2024-01-09 23:00:00'))_k
2025-09-26 17:05:52,068 ; PT3S                                                         ; DEBUG   ; dxWithMx._V3_AGSNVEC: ('STAT', 'KNOT~*~*~*~RHO', Timestamp('2024-01-09 23:00:00'), Timestamp('2024-01-09 23:00:00'))_k
2025-09-26 17:05:52,068 ; PT3S                                                         ; DEBUG   ; dxWithMx._V3_AGSNVEC: QMAVAbs
2025-09-26 17:05:52,068 ; PT3S                                                         ; DEBUG   ; dxWithMx._V3_AGSNVEC: VAVAbs
2025-09-26 17:05:52,068 ; PT3S                                                         ; DEBUG   ; dxWithMx._V3_AGSNVEC: PHRAbs
2025-09-26 17:05:52,068 ; PT3S                                                         ; DEBUG   ; dxWithMx._V3_AGSNVEC: JVAbs
2025-09-26 17:05:52,068 ; PT3S                                                         ; DEBUG   ; dxWithMx._V3_AGSNVEC: LAMBDA
2025-09-26 17:05:52,068 ; PT3S                                                         ; DEBUG   ; dxWithMx._V3_AGSNVEC: IptIdx
2025-09-26 17:05:52,068 ; PT3S                                                         ; DEBUG   ; dxWithMx._V3_AGSNVEC: SVEC
2025-09-26 17:05:52,068 ; PT3S                                                         ; DEBUG   ; dxWithMx._V3_AGSNVEC: IptIdxAsNo
2025-09-26 17:05:52,068 ; PT3S                                                         ; DEBUG   ; dxWithMx._V3_AGSNVEC: ZVEC
2025-09-26 17:05:52,068 ; PT3S                                                         ; DEBUG   ; dxWithMx._V3_AGSNVEC_addNewCols: Start.
2025-09-26 17:05:52,068 ; PT3S                                                         ; DEBUG   ; dxWithMx._V3_AGSNVEC_addNewCols: Exception: Line: 2186: <class 'KeyError'>: "None of [Index(['('TMIN', 'KNOT~*~*~*~T', Timestamp('2024-01-09 23:00:00'), Timestamp('2024-01-09 23:00:00'))_n', ('TMIN', 'ROHR~*~*~*~TVEC', 2024-01-09 23:00:00, 2024-01-09 23:00:00)], dtype='object')] are in the [columns]"
2025-09-26 17:05:52,068 ; PT3S                                                         ; DEBUG   ; dxWithMx._V3_AGSNVEC_addNewCols: colNameNewFlat:T_n_min: Spaltenpaare NCHT extrahiert:
2025-09-26 17:05:52,068 ; PT3S                                                         ; DEBUG   ; dxWithMx._V3_AGSNVEC_addNewCols: referencing ('TMIN', 'KNOT~*~*~*~T', Timestamp('2024-01-09 23:00:00'), Timestamp('2024-01-09 23:00:00'))_n and ('TMIN', 'ROHR~*~*~*~TVEC', Timestamp('2024-01-09 23:00:00'), Timestamp('2024-01-09 23:00:00')) FAILED
2025-09-26 17:05:52,068 ; PT3S                                                         ; DEBUG   ; dxWithMx._V3_AGSNVEC_addNewCols: Exception: Line: 2186: <class 'KeyError'>: "None of [Index(['('TMAX', 'KNOT~*~*~*~T', Timestamp('2024-01-09 23:00:00'), Timestamp('2024-01-09 23:00:00'))_n', ('TMAX', 'ROHR~*~*~*~TVEC', 2024-01-09 23:00:00, 2024-01-09 23:00:00)], dtype='object')] are in the [columns]"
2025-09-26 17:05:52,068 ; PT3S                                                         ; DEBUG   ; dxWithMx._V3_AGSNVEC_addNewCols: colNameNewFlat:T_n_max: Spaltenpaare NCHT extrahiert:
2025-09-26 17:05:52,068 ; PT3S                                                         ; DEBUG   ; dxWithMx._V3_AGSNVEC_addNewCols: referencing ('TMAX', 'KNOT~*~*~*~T', Timestamp('2024-01-09 23:00:00'), Timestamp('2024-01-09 23:00:00'))_n and ('TMAX', 'ROHR~*~*~*~TVEC', Timestamp('2024-01-09 23:00:00'), Timestamp('2024-01-09 23:00:00')) FAILED
2025-09-26 17:05:52,068 ; PT3S                                                         ; DEBUG   ; dxWithMx._V3_AGSNVEC_addNewCols: Exception: Line: 2186: <class 'KeyError'>: "None of [Index(['('TIME', 'KNOT~*~*~*~T', Timestamp('2024-01-09 23:00:00'), Timestamp('2024-01-09 23:00:00'))_n', ('TIME', 'ROHR~*~*~*~TVEC', 2024-01-09 23:00:00, 2024-01-09 23:00:00)], dtype='object')] are in the [columns]"
2025-09-26 17:05:52,068 ; PT3S                                                         ; DEBUG   ; dxWithMx._V3_AGSNVEC_addNewCols: colNameNewFlat:T_n_end: Spaltenpaare NCHT extrahiert:
2025-09-26 17:05:52,068 ; PT3S                                                         ; DEBUG   ; dxWithMx._V3_AGSNVEC_addNewCols: referencing ('TIME', 'KNOT~*~*~*~T', Timestamp('2024-01-09 23:00:00'), Timestamp('2024-01-09 23:00:00'))_n and ('TIME', 'ROHR~*~*~*~TVEC', Timestamp('2024-01-09 23:00:00'), Timestamp('2024-01-09 23:00:00')) FAILED
2025-09-26 17:05:52,068 ; PT3S                                                         ; DEBUG   ; dxWithMx._V3_AGSNVEC_addNewCols: Exception: Line: 2186: <class 'KeyError'>: "None of [Index(['('TMIN', 'KNOT~*~*~*~PH', Timestamp('2024-01-09 23:00:00'), Timestamp('2024-01-09 23:00:00'))_n', ('TMIN', 'manPVEC', 2024-01-09 23:00:00, 2024-01-09 23:00:00)], dtype='object')] are in the [columns]"
2025-09-26 17:05:52,068 ; PT3S                                                         ; DEBUG   ; dxWithMx._V3_AGSNVEC_addNewCols: colNameNewFlat:PH_n_min: Spaltenpaare NCHT extrahiert:
2025-09-26 17:05:52,068 ; PT3S                                                         ; DEBUG   ; dxWithMx._V3_AGSNVEC_addNewCols: referencing ('TMIN', 'KNOT~*~*~*~PH', Timestamp('2024-01-09 23:00:00'), Timestamp('2024-01-09 23:00:00'))_n and ('TMIN', 'manPVEC', Timestamp('2024-01-09 23:00:00'), Timestamp('2024-01-09 23:00:00')) FAILED
2025-09-26 17:05:52,075 ; PT3S                                                         ; DEBUG   ; dxWithMx._V3_AGSNVEC_addNewCols: Exception: Line: 2186: <class 'KeyError'>: "None of [Index(['('TMAX', 'KNOT~*~*~*~PH', Timestamp('2024-01-09 23:00:00'), Timestamp('2024-01-09 23:00:00'))_n', ('TMAX', 'manPVEC', 2024-01-09 23:00:00, 2024-01-09 23:00:00)], dtype='object')] are in the [columns]"
2025-09-26 17:05:52,075 ; PT3S                                                         ; DEBUG   ; dxWithMx._V3_AGSNVEC_addNewCols: colNameNewFlat:PH_n_max: Spaltenpaare NCHT extrahiert:
2025-09-26 17:05:52,075 ; PT3S                                                         ; DEBUG   ; dxWithMx._V3_AGSNVEC_addNewCols: referencing ('TMAX', 'KNOT~*~*~*~PH', Timestamp('2024-01-09 23:00:00'), Timestamp('2024-01-09 23:00:00'))_n and ('TMAX', 'manPVEC', Timestamp('2024-01-09 23:00:00'), Timestamp('2024-01-09 23:00:00')) FAILED
2025-09-26 17:05:52,076 ; PT3S                                                         ; DEBUG   ; dxWithMx._V3_AGSNVEC_addNewCols: Exception: Line: 2186: <class 'KeyError'>: "None of [Index(['('TIME', 'KNOT~*~*~*~PH', Timestamp('2024-01-09 23:00:00'), Timestamp('2024-01-09 23:00:00'))_n', ('TIME', 'manPVEC', 2024-01-09 23:00:00, 2024-01-09 23:00:00)], dtype='object')] are in the [columns]"
2025-09-26 17:05:52,076 ; PT3S                                                         ; DEBUG   ; dxWithMx._V3_AGSNVEC_addNewCols: colNameNewFlat:PH_n_end: Spaltenpaare NCHT extrahiert:
2025-09-26 17:05:52,077 ; PT3S                                                         ; DEBUG   ; dxWithMx._V3_AGSNVEC_addNewCols: referencing ('TIME', 'KNOT~*~*~*~PH', Timestamp('2024-01-09 23:00:00'), Timestamp('2024-01-09 23:00:00'))_n and ('TIME', 'manPVEC', Timestamp('2024-01-09 23:00:00'), Timestamp('2024-01-09 23:00:00')) FAILED
2025-09-26 17:05:52,078 ; PT3S                                                         ; DEBUG   ; dxWithMx._V3_AGSNVEC_addNewCols: Exception: Line: 2186: <class 'KeyError'>: "None of [Index(['('TMIN', 'mlc', Timestamp('2024-01-09 23:00:00'), Timestamp('2024-01-09 23:00:00'))_n', ('TMIN', 'mlcPVEC', 2024-01-09 23:00:00, 2024-01-09 23:00:00)], dtype='object')] are in the [columns]"
2025-09-26 17:05:52,078 ; PT3S                                                         ; DEBUG   ; dxWithMx._V3_AGSNVEC_addNewCols: colNameNewFlat:mlc_n_min: Spaltenpaare NCHT extrahiert:
2025-09-26 17:05:52,078 ; PT3S                                                         ; DEBUG   ; dxWithMx._V3_AGSNVEC_addNewCols: referencing ('TMIN', 'mlc', Timestamp('2024-01-09 23:00:00'), Timestamp('2024-01-09 23:00:00'))_n and ('TMIN', 'mlcPVEC', Timestamp('2024-01-09 23:00:00'), Timestamp('2024-01-09 23:00:00')) FAILED
2025-09-26 17:05:52,078 ; PT3S                                                         ; DEBUG   ; dxWithMx._V3_AGSNVEC_addNewCols: Exception: Line: 2186: <class 'KeyError'>: "None of [Index(['('TMAX', 'mlc', Timestamp('2024-01-09 23:00:00'), Timestamp('2024-01-09 23:00:00'))_n', ('TMAX', 'mlcPVEC', 2024-01-09 23:00:00, 2024-01-09 23:00:00)], dtype='object')] are in the [columns]"
2025-09-26 17:05:52,078 ; PT3S                                                         ; DEBUG   ; dxWithMx._V3_AGSNVEC_addNewCols: colNameNewFlat:mlc_n_max: Spaltenpaare NCHT extrahiert:
2025-09-26 17:05:52,078 ; PT3S                                                         ; DEBUG   ; dxWithMx._V3_AGSNVEC_addNewCols: referencing ('TMAX', 'mlc', Timestamp('2024-01-09 23:00:00'), Timestamp('2024-01-09 23:00:00'))_n and ('TMAX', 'mlcPVEC', Timestamp('2024-01-09 23:00:00'), Timestamp('2024-01-09 23:00:00')) FAILED
2025-09-26 17:05:52,080 ; PT3S                                                         ; DEBUG   ; dxWithMx._V3_AGSNVEC_addNewCols: Exception: Line: 2186: <class 'KeyError'>: "None of [Index(['('TIME', 'mlc', Timestamp('2024-01-09 23:00:00'), Timestamp('2024-01-09 23:00:00'))_n', ('TIME', 'mlcPVEC', 2024-01-09 23:00:00, 2024-01-09 23:00:00)], dtype='object')] are in the [columns]"
2025-09-26 17:05:52,080 ; PT3S                                                         ; DEBUG   ; dxWithMx._V3_AGSNVEC_addNewCols: colNameNewFlat:mlc_n_end: Spaltenpaare NCHT extrahiert:
2025-09-26 17:05:52,080 ; PT3S                                                         ; DEBUG   ; dxWithMx._V3_AGSNVEC_addNewCols: referencing ('TIME', 'mlc', Timestamp('2024-01-09 23:00:00'), Timestamp('2024-01-09 23:00:00'))_n and ('TIME', 'mlcPVEC', Timestamp('2024-01-09 23:00:00'), Timestamp('2024-01-09 23:00:00')) FAILED
2025-09-26 17:05:52,080 ; PT3S                                                         ; DEBUG   ; dxWithMx._V3_AGSNVEC_addNewCols: Exception: Line: 2186: <class 'KeyError'>: "None of [Index(['('TMIN', 'H', Timestamp('2024-01-09 23:00:00'), Timestamp('2024-01-09 23:00:00'))_n', ('TMIN', 'barBzgPVEC', 2024-01-09 23:00:00, 2024-01-09 23:00:00)], dtype='object')] are in the [columns]"
2025-09-26 17:05:52,080 ; PT3S                                                         ; DEBUG   ; dxWithMx._V3_AGSNVEC_addNewCols: colNameNewFlat:H_n_min: Spaltenpaare NCHT extrahiert:
2025-09-26 17:05:52,080 ; PT3S                                                         ; DEBUG   ; dxWithMx._V3_AGSNVEC_addNewCols: referencing ('TMIN', 'H', Timestamp('2024-01-09 23:00:00'), Timestamp('2024-01-09 23:00:00'))_n and ('TMIN', 'barBzgPVEC', Timestamp('2024-01-09 23:00:00'), Timestamp('2024-01-09 23:00:00')) FAILED
2025-09-26 17:05:52,080 ; PT3S                                                         ; DEBUG   ; dxWithMx._V3_AGSNVEC_addNewCols: Exception: Line: 2186: <class 'KeyError'>: "None of [Index(['('TMAX', 'H', Timestamp('2024-01-09 23:00:00'), Timestamp('2024-01-09 23:00:00'))_n', ('TMAX', 'barBzgPVEC', 2024-01-09 23:00:00, 2024-01-09 23:00:00)], dtype='object')] are in the [columns]"
2025-09-26 17:05:52,080 ; PT3S                                                         ; DEBUG   ; dxWithMx._V3_AGSNVEC_addNewCols: colNameNewFlat:H_n_max: Spaltenpaare NCHT extrahiert:
2025-09-26 17:05:52,080 ; PT3S                                                         ; DEBUG   ; dxWithMx._V3_AGSNVEC_addNewCols: referencing ('TMAX', 'H', Timestamp('2024-01-09 23:00:00'), Timestamp('2024-01-09 23:00:00'))_n and ('TMAX', 'barBzgPVEC', Timestamp('2024-01-09 23:00:00'), Timestamp('2024-01-09 23:00:00')) FAILED
2025-09-26 17:05:52,080 ; PT3S                                                         ; DEBUG   ; dxWithMx._V3_AGSNVEC_addNewCols: Exception: Line: 2186: <class 'KeyError'>: "None of [Index(['('TIME', 'H', Timestamp('2024-01-09 23:00:00'), Timestamp('2024-01-09 23:00:00'))_n', ('TIME', 'barBzgPVEC', 2024-01-09 23:00:00, 2024-01-09 23:00:00)], dtype='object')] are in the [columns]"
2025-09-26 17:05:52,080 ; PT3S                                                         ; DEBUG   ; dxWithMx._V3_AGSNVEC_addNewCols: colNameNewFlat:H_n_end: Spaltenpaare NCHT extrahiert:
2025-09-26 17:05:52,080 ; PT3S                                                         ; DEBUG   ; dxWithMx._V3_AGSNVEC_addNewCols: referencing ('TIME', 'H', Timestamp('2024-01-09 23:00:00'), Timestamp('2024-01-09 23:00:00'))_n and ('TIME', 'barBzgPVEC', Timestamp('2024-01-09 23:00:00'), Timestamp('2024-01-09 23:00:00')) FAILED
2025-09-26 17:05:52,080 ; PT3S                                                         ; DEBUG   ; dxWithMx._V3_AGSNVEC_addNewCols: Exception: Line: 2186: <class 'KeyError'>: "None of [Index(['('TMIN', 'QM', Timestamp('2024-01-09 23:00:00'), Timestamp('2024-01-09 23:00:00'))', ('TMIN', 'tMVEC', 2024-01-09 23:00:00, 2024-01-09 23:00:00)], dtype='object')] are in the [columns]"
2025-09-26 17:05:52,080 ; PT3S                                                         ; DEBUG   ; dxWithMx._V3_AGSNVEC_addNewCols: colNameNewFlat:QM_min: Spaltenpaare NCHT extrahiert:
2025-09-26 17:05:52,080 ; PT3S                                                         ; DEBUG   ; dxWithMx._V3_AGSNVEC_addNewCols: referencing ('TMIN', 'QM', Timestamp('2024-01-09 23:00:00'), Timestamp('2024-01-09 23:00:00')) and ('TMIN', 'tMVEC', Timestamp('2024-01-09 23:00:00'), Timestamp('2024-01-09 23:00:00')) FAILED
2025-09-26 17:05:52,080 ; PT3S                                                         ; DEBUG   ; dxWithMx._V3_AGSNVEC_addNewCols: Exception: Line: 2186: <class 'KeyError'>: "None of [Index(['('TMAX', 'QM', Timestamp('2024-01-09 23:00:00'), Timestamp('2024-01-09 23:00:00'))', ('TMAX', 'tMVEC', 2024-01-09 23:00:00, 2024-01-09 23:00:00)], dtype='object')] are in the [columns]"
2025-09-26 17:05:52,080 ; PT3S                                                         ; DEBUG   ; dxWithMx._V3_AGSNVEC_addNewCols: colNameNewFlat:QM_max: Spaltenpaare NCHT extrahiert:
2025-09-26 17:05:52,080 ; PT3S                                                         ; DEBUG   ; dxWithMx._V3_AGSNVEC_addNewCols: referencing ('TMAX', 'QM', Timestamp('2024-01-09 23:00:00'), Timestamp('2024-01-09 23:00:00')) and ('TMAX', 'tMVEC', Timestamp('2024-01-09 23:00:00'), Timestamp('2024-01-09 23:00:00')) FAILED
2025-09-26 17:05:52,080 ; PT3S                                                         ; DEBUG   ; dxWithMx._V3_AGSNVEC_addNewCols: Exception: Line: 2186: <class 'KeyError'>: "None of [Index(['('TIME', 'QM', Timestamp('2024-01-09 23:00:00'), Timestamp('2024-01-09 23:00:00'))', ('TIME', 'tMVEC', 2024-01-09 23:00:00, 2024-01-09 23:00:00)], dtype='object')] are in the [columns]"
2025-09-26 17:05:52,080 ; PT3S                                                         ; DEBUG   ; dxWithMx._V3_AGSNVEC_addNewCols: colNameNewFlat:QM_end: Spaltenpaare NCHT extrahiert:
2025-09-26 17:05:52,080 ; PT3S                                                         ; DEBUG   ; dxWithMx._V3_AGSNVEC_addNewCols: referencing ('TIME', 'QM', Timestamp('2024-01-09 23:00:00'), Timestamp('2024-01-09 23:00:00')) and ('TIME', 'tMVEC', Timestamp('2024-01-09 23:00:00'), Timestamp('2024-01-09 23:00:00')) FAILED
2025-09-26 17:05:52,080 ; PT3S                                                         ; DEBUG   ; dxWithMx._V3_AGSNVEC_addNewCols: _Done.
2025-09-26 17:05:52,080 ; PT3S                                                         ; DEBUG   ; dxWithMx._V3_AGSNVEC: Starting to filter columns based on timestamps.
2025-09-26 17:05:52,080 ; PT3S                                                         ; DEBUG   ; dxWithMx._V3_AGSNVEC: Unique timestamps sorted: []
2025-09-26 17:05:52,080 ; PT3S                                                         ; DEBUG   ; dxWithMx._V3_AGSNVEC: tuple-cols:
2025-09-26 17:05:52,080 ; PT3S                                                         ; DEBUG   ; dxWithMx._V3_AGSNVEC: ('STAT', 'ROHR~*~*~*~ETAAV', Timestamp('2024-01-09 23:00:00'), Timestamp('2024-01-09 23:00:00'))
2025-09-26 17:05:52,080 ; PT3S                                                         ; DEBUG   ; dxWithMx._V3_AGSNVEC: ('STAT', 'ROHR~*~*~*~IAKTIV', Timestamp('2024-01-09 23:00:00'), Timestamp('2024-01-09 23:00:00'))
2025-09-26 17:05:52,080 ; PT3S                                                         ; DEBUG   ; dxWithMx._V3_AGSNVEC: ('STAT', 'ROHR~*~*~*~IRTRENN', Timestamp('2024-01-09 23:00:00'), Timestamp('2024-01-09 23:00:00'))
2025-09-26 17:05:52,080 ; PT3S                                                         ; DEBUG   ; dxWithMx._V3_AGSNVEC: ('STAT', 'ROHR~*~*~*~JV', Timestamp('2024-01-09 23:00:00'), Timestamp('2024-01-09 23:00:00'))
2025-09-26 17:05:52,080 ; PT3S                                                         ; DEBUG   ; dxWithMx._V3_AGSNVEC: ('STAT', 'ROHR~*~*~*~LAMBDA', Timestamp('2024-01-09 23:00:00'), Timestamp('2024-01-09 23:00:00'))
2025-09-26 17:05:52,080 ; PT3S                                                         ; DEBUG   ; dxWithMx._V3_AGSNVEC: ('STAT', 'ROHR~*~*~*~LECKEINAUS', Timestamp('2024-01-09 23:00:00'), Timestamp('2024-01-09 23:00:00'))
2025-09-26 17:05:52,080 ; PT3S                                                         ; DEBUG   ; dxWithMx._V3_AGSNVEC: ('STAT', 'ROHR~*~*~*~LECKMENGE', Timestamp('2024-01-09 23:00:00'), Timestamp('2024-01-09 23:00:00'))
2025-09-26 17:05:52,080 ; PT3S                                                         ; DEBUG   ; dxWithMx._V3_AGSNVEC: ('STAT', 'ROHR~*~*~*~LECKORT', Timestamp('2024-01-09 23:00:00'), Timestamp('2024-01-09 23:00:00'))
2025-09-26 17:05:52,080 ; PT3S                                                         ; DEBUG   ; dxWithMx._V3_AGSNVEC: ('STAT', 'ROHR~*~*~*~PDAMPF', Timestamp('2024-01-09 23:00:00'), Timestamp('2024-01-09 23:00:00'))
2025-09-26 17:05:52,080 ; PT3S                                                         ; DEBUG   ; dxWithMx._V3_AGSNVEC: ('STAT', 'ROHR~*~*~*~PHR', Timestamp('2024-01-09 23:00:00'), Timestamp('2024-01-09 23:00:00'))
2025-09-26 17:05:52,080 ; PT3S                                                         ; DEBUG   ; dxWithMx._V3_AGSNVEC: ('STAT', 'ROHR~*~*~*~PMIN', Timestamp('2024-01-09 23:00:00'), Timestamp('2024-01-09 23:00:00'))
2025-09-26 17:05:52,080 ; PT3S                                                         ; DEBUG   ; dxWithMx._V3_AGSNVEC: ('STAT', 'ROHR~*~*~*~QI2', Timestamp('2024-01-09 23:00:00'), Timestamp('2024-01-09 23:00:00'))
2025-09-26 17:05:52,080 ; PT3S                                                         ; DEBUG   ; dxWithMx._V3_AGSNVEC: ('STAT', 'ROHR~*~*~*~QK2', Timestamp('2024-01-09 23:00:00'), Timestamp('2024-01-09 23:00:00'))
2025-09-26 17:05:52,080 ; PT3S                                                         ; DEBUG   ; dxWithMx._V3_AGSNVEC: ('STAT', 'ROHR~*~*~*~QMAV', Timestamp('2024-01-09 23:00:00'), Timestamp('2024-01-09 23:00:00'))
2025-09-26 17:05:52,080 ; PT3S                                                         ; DEBUG   ; dxWithMx._V3_AGSNVEC: ('STAT', 'ROHR~*~*~*~QMI', Timestamp('2024-01-09 23:00:00'), Timestamp('2024-01-09 23:00:00'))
2025-09-26 17:05:52,080 ; PT3S                                                         ; DEBUG   ; dxWithMx._V3_AGSNVEC: ('STAT', 'ROHR~*~*~*~QMK', Timestamp('2024-01-09 23:00:00'), Timestamp('2024-01-09 23:00:00'))
2025-09-26 17:05:52,080 ; PT3S                                                         ; DEBUG   ; dxWithMx._V3_AGSNVEC: ('STAT', 'ROHR~*~*~*~RHOAV', Timestamp('2024-01-09 23:00:00'), Timestamp('2024-01-09 23:00:00'))
2025-09-26 17:05:52,080 ; PT3S                                                         ; DEBUG   ; dxWithMx._V3_AGSNVEC: ('STAT', 'ROHR~*~*~*~VAV', Timestamp('2024-01-09 23:00:00'), Timestamp('2024-01-09 23:00:00'))
2025-09-26 17:05:52,080 ; PT3S                                                         ; DEBUG   ; dxWithMx._V3_AGSNVEC: ('STAT', 'ROHR~*~*~*~VI', Timestamp('2024-01-09 23:00:00'), Timestamp('2024-01-09 23:00:00'))
2025-09-26 17:05:52,080 ; PT3S                                                         ; DEBUG   ; dxWithMx._V3_AGSNVEC: ('STAT', 'ROHR~*~*~*~VK', Timestamp('2024-01-09 23:00:00'), Timestamp('2024-01-09 23:00:00'))
2025-09-26 17:05:52,080 ; PT3S                                                         ; DEBUG   ; dxWithMx._V3_AGSNVEC: ('STAT', 'ROHR~*~*~*~VOLDA', Timestamp('2024-01-09 23:00:00'), Timestamp('2024-01-09 23:00:00'))
2025-09-26 17:05:52,080 ; PT3S                                                         ; DEBUG   ; dxWithMx._V3_AGSNVEC: ('STAT', 'ROHR~*~*~*~WVL', Timestamp('2024-01-09 23:00:00'), Timestamp('2024-01-09 23:00:00'))
2025-09-26 17:05:52,080 ; PT3S                                                         ; DEBUG   ; dxWithMx._V3_AGSNVEC: ('STAT', 'ROHR~*~*~*~MVEC', Timestamp('2024-01-09 23:00:00'), Timestamp('2024-01-09 23:00:00'))
2025-09-26 17:05:52,080 ; PT3S                                                         ; DEBUG   ; dxWithMx._V3_AGSNVEC: ('STAT', 'ROHR~*~*~*~PVEC', Timestamp('2024-01-09 23:00:00'), Timestamp('2024-01-09 23:00:00'))
2025-09-26 17:05:52,080 ; PT3S                                                         ; DEBUG   ; dxWithMx._V3_AGSNVEC: ('STAT', 'ROHR~*~*~*~PVECMAX_INST', Timestamp('2024-01-09 23:00:00'), Timestamp('2024-01-09 23:00:00'))
2025-09-26 17:05:52,080 ; PT3S                                                         ; DEBUG   ; dxWithMx._V3_AGSNVEC: ('STAT', 'ROHR~*~*~*~PVECMIN_INST', Timestamp('2024-01-09 23:00:00'), Timestamp('2024-01-09 23:00:00'))
2025-09-26 17:05:52,080 ; PT3S                                                         ; DEBUG   ; dxWithMx._V3_AGSNVEC: ('STAT', 'ROHR~*~*~*~RHOVEC', Timestamp('2024-01-09 23:00:00'), Timestamp('2024-01-09 23:00:00'))
2025-09-26 17:05:52,080 ; PT3S                                                         ; DEBUG   ; dxWithMx._V3_AGSNVEC: ('STAT', 'ROHR~*~*~*~TVEC', Timestamp('2024-01-09 23:00:00'), Timestamp('2024-01-09 23:00:00'))
2025-09-26 17:05:52,080 ; PT3S                                                         ; DEBUG   ; dxWithMx._V3_AGSNVEC: ('STAT', 'manPVECMIN_INST', Timestamp('2024-01-09 23:00:00'), Timestamp('2024-01-09 23:00:00'))
2025-09-26 17:05:52,080 ; PT3S                                                         ; DEBUG   ; dxWithMx._V3_AGSNVEC: ('STAT', 'mlcPVECMIN_INST', Timestamp('2024-01-09 23:00:00'), Timestamp('2024-01-09 23:00:00'))
2025-09-26 17:05:52,080 ; PT3S                                                         ; DEBUG   ; dxWithMx._V3_AGSNVEC: ('STAT', 'barBzgPVECMIN_INST', Timestamp('2024-01-09 23:00:00'), Timestamp('2024-01-09 23:00:00'))
2025-09-26 17:05:52,080 ; PT3S                                                         ; DEBUG   ; dxWithMx._V3_AGSNVEC: ('STAT', 'manPVEC', Timestamp('2024-01-09 23:00:00'), Timestamp('2024-01-09 23:00:00'))
2025-09-26 17:05:52,080 ; PT3S                                                         ; DEBUG   ; dxWithMx._V3_AGSNVEC: ('STAT', 'mlcPVEC', Timestamp('2024-01-09 23:00:00'), Timestamp('2024-01-09 23:00:00'))
2025-09-26 17:05:52,080 ; PT3S                                                         ; DEBUG   ; dxWithMx._V3_AGSNVEC: ('STAT', 'barBzgPVEC', Timestamp('2024-01-09 23:00:00'), Timestamp('2024-01-09 23:00:00'))
2025-09-26 17:05:52,080 ; PT3S                                                         ; DEBUG   ; dxWithMx._V3_AGSNVEC: ('STAT', 'manPVECMAX_INST', Timestamp('2024-01-09 23:00:00'), Timestamp('2024-01-09 23:00:00'))
2025-09-26 17:05:52,080 ; PT3S                                                         ; DEBUG   ; dxWithMx._V3_AGSNVEC: ('STAT', 'mlcPVECMAX_INST', Timestamp('2024-01-09 23:00:00'), Timestamp('2024-01-09 23:00:00'))
2025-09-26 17:05:52,080 ; PT3S                                                         ; DEBUG   ; dxWithMx._V3_AGSNVEC: ('STAT', 'barBzgPVECMAX_INST', Timestamp('2024-01-09 23:00:00'), Timestamp('2024-01-09 23:00:00'))
2025-09-26 17:05:52,080 ; PT3S                                                         ; DEBUG   ; dxWithMx._V3_AGSNVEC: ('STAT', 'QMVEC', Timestamp('2024-01-09 23:00:00'), Timestamp('2024-01-09 23:00:00'))
2025-09-26 17:05:52,091 ; PT3S                                                         ; DEBUG   ; dxWithMx._V3_AGSNVEC: ('STAT', 'tMVEC', Timestamp('2024-01-09 23:00:00'), Timestamp('2024-01-09 23:00:00'))
2025-09-26 17:05:52,091 ; PT3S                                                         ; DEBUG   ; dxWithMx._V3_AGSNVEC: str-cols:
2025-09-26 17:05:52,091 ; PT3S                                                         ; DEBUG   ; dxWithMx._V3_AGSNVEC: Pos
2025-09-26 17:05:52,091 ; PT3S                                                         ; DEBUG   ; dxWithMx._V3_AGSNVEC: pk
2025-09-26 17:05:52,091 ; PT3S                                                         ; DEBUG   ; dxWithMx._V3_AGSNVEC: tk
2025-09-26 17:05:52,092 ; PT3S                                                         ; DEBUG   ; dxWithMx._V3_AGSNVEC: LFDNR
2025-09-26 17:05:52,092 ; PT3S                                                         ; DEBUG   ; dxWithMx._V3_AGSNVEC: NAME
2025-09-26 17:05:52,092 ; PT3S                                                         ; DEBUG   ; dxWithMx._V3_AGSNVEC: XL
2025-09-26 17:05:52,092 ; PT3S                                                         ; DEBUG   ; dxWithMx._V3_AGSNVEC: compNr
2025-09-26 17:05:52,092 ; PT3S                                                         ; DEBUG   ; dxWithMx._V3_AGSNVEC: nextNODE
2025-09-26 17:05:52,092 ; PT3S                                                         ; DEBUG   ; dxWithMx._V3_AGSNVEC: OBJTYPE
2025-09-26 17:05:52,092 ; PT3S                                                         ; DEBUG   ; dxWithMx._V3_AGSNVEC: OBJID
2025-09-26 17:05:52,093 ; PT3S                                                         ; DEBUG   ; dxWithMx._V3_AGSNVEC: L
2025-09-26 17:05:52,093 ; PT3S                                                         ; DEBUG   ; dxWithMx._V3_AGSNVEC: DN
2025-09-26 17:05:52,093 ; PT3S                                                         ; DEBUG   ; dxWithMx._V3_AGSNVEC: Am2
2025-09-26 17:05:52,093 ; PT3S                                                         ; DEBUG   ; dxWithMx._V3_AGSNVEC: Vm3
2025-09-26 17:05:52,093 ; PT3S                                                         ; DEBUG   ; dxWithMx._V3_AGSNVEC: NAME_CONT
2025-09-26 17:05:52,093 ; PT3S                                                         ; DEBUG   ; dxWithMx._V3_AGSNVEC: NAME_i
2025-09-26 17:05:52,093 ; PT3S                                                         ; DEBUG   ; dxWithMx._V3_AGSNVEC: NAME_k
2025-09-26 17:05:52,093 ; PT3S                                                         ; DEBUG   ; dxWithMx._V3_AGSNVEC: ZKOR_n
2025-09-26 17:05:52,093 ; PT3S                                                         ; DEBUG   ; dxWithMx._V3_AGSNVEC: BESCHREIBUNG_n
2025-09-26 17:05:52,093 ; PT3S                                                         ; DEBUG   ; dxWithMx._V3_AGSNVEC: KVR_n
2025-09-26 17:05:52,093 ; PT3S                                                         ; DEBUG   ; dxWithMx._V3_AGSNVEC: LSum
2025-09-26 17:05:52,093 ; PT3S                                                         ; DEBUG   ; dxWithMx._V3_AGSNVEC: direction
2025-09-26 17:05:52,093 ; PT3S                                                         ; DEBUG   ; dxWithMx._V3_AGSNVEC: ('STAT', 'QM', Timestamp('2024-01-09 23:00:00'), Timestamp('2024-01-09 23:00:00'))
2025-09-26 17:05:52,093 ; PT3S                                                         ; DEBUG   ; dxWithMx._V3_AGSNVEC: QM
2025-09-26 17:05:52,095 ; PT3S                                                         ; DEBUG   ; dxWithMx._V3_AGSNVEC: ('STAT', 'KNOT~*~*~*~PH', Timestamp('2024-01-09 23:00:00'), Timestamp('2024-01-09 23:00:00'))_n
2025-09-26 17:05:52,095 ; PT3S                                                         ; DEBUG   ; dxWithMx._V3_AGSNVEC: ('STAT', 'KNOT~*~*~*~H', Timestamp('2024-01-09 23:00:00'), Timestamp('2024-01-09 23:00:00'))_n
2025-09-26 17:05:52,095 ; PT3S                                                         ; DEBUG   ; dxWithMx._V3_AGSNVEC: ('STAT', 'KNOT~*~*~*~T', Timestamp('2024-01-09 23:00:00'), Timestamp('2024-01-09 23:00:00'))_n
2025-09-26 17:05:52,095 ; PT3S                                                         ; DEBUG   ; dxWithMx._V3_AGSNVEC: ('STAT', 'KNOT~*~*~*~RHO', Timestamp('2024-01-09 23:00:00'), Timestamp('2024-01-09 23:00:00'))_n
2025-09-26 17:05:52,095 ; PT3S                                                         ; DEBUG   ; dxWithMx._V3_AGSNVEC: PH_n
2025-09-26 17:05:52,095 ; PT3S                                                         ; DEBUG   ; dxWithMx._V3_AGSNVEC: T_n
2025-09-26 17:05:52,095 ; PT3S                                                         ; DEBUG   ; dxWithMx._V3_AGSNVEC: H_n
2025-09-26 17:05:52,095 ; PT3S                                                         ; DEBUG   ; dxWithMx._V3_AGSNVEC: RHO_n
2025-09-26 17:05:52,095 ; PT3S                                                         ; DEBUG   ; dxWithMx._V3_AGSNVEC: mlc_n
2025-09-26 17:05:52,095 ; PT3S                                                         ; DEBUG   ; dxWithMx._V3_AGSNVEC: ('STAT', 'mlc', Timestamp('2024-01-09 23:00:00'), Timestamp('2024-01-09 23:00:00'))_n
2025-09-26 17:05:52,095 ; PT3S                                                         ; DEBUG   ; dxWithMx._V3_AGSNVEC: pk_ROHRVEC
2025-09-26 17:05:52,095 ; PT3S                                                         ; DEBUG   ; dxWithMx._V3_AGSNVEC: fkDE
2025-09-26 17:05:52,095 ; PT3S                                                         ; DEBUG   ; dxWithMx._V3_AGSNVEC: rk
2025-09-26 17:05:52,095 ; PT3S                                                         ; DEBUG   ; dxWithMx._V3_AGSNVEC: tk_ROHRVEC
2025-09-26 17:05:52,095 ; PT3S                                                         ; DEBUG   ; dxWithMx._V3_AGSNVEC: fkKI
2025-09-26 17:05:52,095 ; PT3S                                                         ; DEBUG   ; dxWithMx._V3_AGSNVEC: fkKK
2025-09-26 17:05:52,095 ; PT3S                                                         ; DEBUG   ; dxWithMx._V3_AGSNVEC: fkDTRO_ROWD
2025-09-26 17:05:52,095 ; PT3S                                                         ; DEBUG   ; dxWithMx._V3_AGSNVEC: fkLTGR
2025-09-26 17:05:52,095 ; PT3S                                                         ; DEBUG   ; dxWithMx._V3_AGSNVEC: fkSTRASSE
2025-09-26 17:05:52,095 ; PT3S                                                         ; DEBUG   ; dxWithMx._V3_AGSNVEC: L_ROHRVEC
2025-09-26 17:05:52,095 ; PT3S                                                         ; DEBUG   ; dxWithMx._V3_AGSNVEC: LZU
2025-09-26 17:05:52,095 ; PT3S                                                         ; DEBUG   ; dxWithMx._V3_AGSNVEC: RAU
2025-09-26 17:05:52,097 ; PT3S                                                         ; DEBUG   ; dxWithMx._V3_AGSNVEC: JLAMBS
2025-09-26 17:05:52,097 ; PT3S                                                         ; DEBUG   ; dxWithMx._V3_AGSNVEC: LAMBDA0
2025-09-26 17:05:52,097 ; PT3S                                                         ; DEBUG   ; dxWithMx._V3_AGSNVEC: ZEIN
2025-09-26 17:05:52,097 ; PT3S                                                         ; DEBUG   ; dxWithMx._V3_AGSNVEC: ZAUS
2025-09-26 17:05:52,097 ; PT3S                                                         ; DEBUG   ; dxWithMx._V3_AGSNVEC: ZUML
2025-09-26 17:05:52,098 ; PT3S                                                         ; DEBUG   ; dxWithMx._V3_AGSNVEC: ASOLL
2025-09-26 17:05:52,098 ; PT3S                                                         ; DEBUG   ; dxWithMx._V3_AGSNVEC: INDSCHALL
2025-09-26 17:05:52,098 ; PT3S                                                         ; DEBUG   ; dxWithMx._V3_AGSNVEC: BAUJAHR
2025-09-26 17:05:52,098 ; PT3S                                                         ; DEBUG   ; dxWithMx._V3_AGSNVEC: HAL
2025-09-26 17:05:52,098 ; PT3S                                                         ; DEBUG   ; dxWithMx._V3_AGSNVEC: fkCONT
2025-09-26 17:05:52,098 ; PT3S                                                         ; DEBUG   ; dxWithMx._V3_AGSNVEC: fk2LROHR
2025-09-26 17:05:52,098 ; PT3S                                                         ; DEBUG   ; dxWithMx._V3_AGSNVEC: BESCHREIBUNG
2025-09-26 17:05:52,098 ; PT3S                                                         ; DEBUG   ; dxWithMx._V3_AGSNVEC: GEOMWKB
2025-09-26 17:05:52,098 ; PT3S                                                         ; DEBUG   ; dxWithMx._V3_AGSNVEC: DELETED
2025-09-26 17:05:52,098 ; PT3S                                                         ; DEBUG   ; dxWithMx._V3_AGSNVEC: SELECT1
2025-09-26 17:05:52,098 ; PT3S                                                         ; DEBUG   ; dxWithMx._V3_AGSNVEC: IDREFERENZ
2025-09-26 17:05:52,098 ; PT3S                                                         ; DEBUG   ; dxWithMx._V3_AGSNVEC: KENNUNG
2025-09-26 17:05:52,098 ; PT3S                                                         ; DEBUG   ; dxWithMx._V3_AGSNVEC: IPLANUNG
2025-09-26 17:05:52,098 ; PT3S                                                         ; DEBUG   ; dxWithMx._V3_AGSNVEC: KVR
2025-09-26 17:05:52,098 ; PT3S                                                         ; DEBUG   ; dxWithMx._V3_AGSNVEC: GEOMFIX
2025-09-26 17:05:52,098 ; PT3S                                                         ; DEBUG   ; dxWithMx._V3_AGSNVEC: UPRP
2025-09-26 17:05:52,098 ; PT3S                                                         ; DEBUG   ; dxWithMx._V3_AGSNVEC: pk_BZ
2025-09-26 17:05:52,098 ; PT3S                                                         ; DEBUG   ; dxWithMx._V3_AGSNVEC: fkDE_BZ
2025-09-26 17:05:52,098 ; PT3S                                                         ; DEBUG   ; dxWithMx._V3_AGSNVEC: fk
2025-09-26 17:05:52,098 ; PT3S                                                         ; DEBUG   ; dxWithMx._V3_AGSNVEC: QSVB
2025-09-26 17:05:52,098 ; PT3S                                                         ; DEBUG   ; dxWithMx._V3_AGSNVEC: IRTRENN
2025-09-26 17:05:52,098 ; PT3S                                                         ; DEBUG   ; dxWithMx._V3_AGSNVEC: LECKSTATUS
2025-09-26 17:05:52,098 ; PT3S                                                         ; DEBUG   ; dxWithMx._V3_AGSNVEC: LECKSTART
2025-09-26 17:05:52,098 ; PT3S                                                         ; DEBUG   ; dxWithMx._V3_AGSNVEC: LECKEND
2025-09-26 17:05:52,098 ; PT3S                                                         ; DEBUG   ; dxWithMx._V3_AGSNVEC: LECKORT
2025-09-26 17:05:52,098 ; PT3S                                                         ; DEBUG   ; dxWithMx._V3_AGSNVEC: LECKMENGE
2025-09-26 17:05:52,098 ; PT3S                                                         ; DEBUG   ; dxWithMx._V3_AGSNVEC: IMPTNZ
2025-09-26 17:05:52,098 ; PT3S                                                         ; DEBUG   ; dxWithMx._V3_AGSNVEC: ZVLIMPTNZ
2025-09-26 17:05:52,098 ; PT3S                                                         ; DEBUG   ; dxWithMx._V3_AGSNVEC: KANTENZV
2025-09-26 17:05:52,098 ; PT3S                                                         ; DEBUG   ; dxWithMx._V3_AGSNVEC: GEOM
2025-09-26 17:05:52,098 ; PT3S                                                         ; DEBUG   ; dxWithMx._V3_AGSNVEC: GRAF
2025-09-26 17:05:52,098 ; PT3S                                                         ; DEBUG   ; dxWithMx._V3_AGSNVEC: MId
2025-09-26 17:05:52,098 ; PT3S                                                         ; DEBUG   ; dxWithMx._V3_AGSNVEC: MText
2025-09-26 17:05:52,098 ; PT3S                                                         ; DEBUG   ; dxWithMx._V3_AGSNVEC: Basis
2025-09-26 17:05:52,098 ; PT3S                                                         ; DEBUG   ; dxWithMx._V3_AGSNVEC: Variante
2025-09-26 17:05:52,098 ; PT3S                                                         ; DEBUG   ; dxWithMx._V3_AGSNVEC: BZ
2025-09-26 17:05:52,098 ; PT3S                                                         ; DEBUG   ; dxWithMx._V3_AGSNVEC: Geaendert
2025-09-26 17:05:52,098 ; PT3S                                                         ; DEBUG   ; dxWithMx._V3_AGSNVEC: Erstellt
2025-09-26 17:05:52,098 ; PT3S                                                         ; DEBUG   ; dxWithMx._V3_AGSNVEC: pk_VMBZ
2025-09-26 17:05:52,098 ; PT3S                                                         ; DEBUG   ; dxWithMx._V3_AGSNVEC: fkBASIS
2025-09-26 17:05:52,098 ; PT3S                                                         ; DEBUG   ; dxWithMx._V3_AGSNVEC: fkVARIANTE
2025-09-26 17:05:52,098 ; PT3S                                                         ; DEBUG   ; dxWithMx._V3_AGSNVEC: fkBZ
2025-09-26 17:05:52,098 ; PT3S                                                         ; DEBUG   ; dxWithMx._V3_AGSNVEC: MZ
2025-09-26 17:05:52,098 ; PT3S                                                         ; DEBUG   ; dxWithMx._V3_AGSNVEC: MT
2025-09-26 17:05:52,098 ; PT3S                                                         ; DEBUG   ; dxWithMx._V3_AGSNVEC: pk_CONT
2025-09-26 17:05:52,098 ; PT3S                                                         ; DEBUG   ; dxWithMx._V3_AGSNVEC: fkDE_CONT
2025-09-26 17:05:52,098 ; PT3S                                                         ; DEBUG   ; dxWithMx._V3_AGSNVEC: rk_CONT
2025-09-26 17:05:52,098 ; PT3S                                                         ; DEBUG   ; dxWithMx._V3_AGSNVEC: tk_CONT
2025-09-26 17:05:52,098 ; PT3S                                                         ; DEBUG   ; dxWithMx._V3_AGSNVEC: ID_CONT
2025-09-26 17:05:52,098 ; PT3S                                                         ; DEBUG   ; dxWithMx._V3_AGSNVEC: NAME_CONT_ROHRVEC
2025-09-26 17:05:52,098 ; PT3S                                                         ; DEBUG   ; dxWithMx._V3_AGSNVEC: IDPARENT_CONT
2025-09-26 17:05:52,098 ; PT3S                                                         ; DEBUG   ; dxWithMx._V3_AGSNVEC: rkPARENT_CONT
2025-09-26 17:05:52,098 ; PT3S                                                         ; DEBUG   ; dxWithMx._V3_AGSNVEC: LFDNR_CONT
2025-09-26 17:05:52,098 ; PT3S                                                         ; DEBUG   ; dxWithMx._V3_AGSNVEC: FONT_CONT
2025-09-26 17:05:52,098 ; PT3S                                                         ; DEBUG   ; dxWithMx._V3_AGSNVEC: DELETED_CONT
2025-09-26 17:05:52,098 ; PT3S                                                         ; DEBUG   ; dxWithMx._V3_AGSNVEC: SELECT1_CONT
2025-09-26 17:05:52,098 ; PT3S                                                         ; DEBUG   ; dxWithMx._V3_AGSNVEC: IDREFERENZ_CONT
2025-09-26 17:05:52,098 ; PT3S                                                         ; DEBUG   ; dxWithMx._V3_AGSNVEC: GEOMWKB_CONT
2025-09-26 17:05:52,098 ; PT3S                                                         ; DEBUG   ; dxWithMx._V3_AGSNVEC: GEOMFIX_CONT
2025-09-26 17:05:52,098 ; PT3S                                                         ; DEBUG   ; dxWithMx._V3_AGSNVEC: UPRP_CONT
2025-09-26 17:05:52,098 ; PT3S                                                         ; DEBUG   ; dxWithMx._V3_AGSNVEC: NAME_DTRO
2025-09-26 17:05:52,098 ; PT3S                                                         ; DEBUG   ; dxWithMx._V3_AGSNVEC: DN_ROHRVEC
2025-09-26 17:05:52,098 ; PT3S                                                         ; DEBUG   ; dxWithMx._V3_AGSNVEC: DI
2025-09-26 17:05:52,098 ; PT3S                                                         ; DEBUG   ; dxWithMx._V3_AGSNVEC: DA
2025-09-26 17:05:52,098 ; PT3S                                                         ; DEBUG   ; dxWithMx._V3_AGSNVEC: S
2025-09-26 17:05:52,098 ; PT3S                                                         ; DEBUG   ; dxWithMx._V3_AGSNVEC: KT
2025-09-26 17:05:52,098 ; PT3S                                                         ; DEBUG   ; dxWithMx._V3_AGSNVEC: PN
2025-09-26 17:05:52,098 ; PT3S                                                         ; DEBUG   ; dxWithMx._V3_AGSNVEC: Am2_ROHRVEC
2025-09-26 17:05:52,098 ; PT3S                                                         ; DEBUG   ; dxWithMx._V3_AGSNVEC: Vm3_ROHRVEC
2025-09-26 17:05:52,098 ; PT3S                                                         ; DEBUG   ; dxWithMx._V3_AGSNVEC: NAME_LTGR
2025-09-26 17:05:52,098 ; PT3S                                                         ; DEBUG   ; dxWithMx._V3_AGSNVEC: NAME_STRASSE
2025-09-26 17:05:52,098 ; PT3S                                                         ; DEBUG   ; dxWithMx._V3_AGSNVEC: tk_i
2025-09-26 17:05:52,098 ; PT3S                                                         ; DEBUG   ; dxWithMx._V3_AGSNVEC: NAME_i_ROHRVEC
2025-09-26 17:05:52,098 ; PT3S                                                         ; DEBUG   ; dxWithMx._V3_AGSNVEC: tk_k
2025-09-26 17:05:52,098 ; PT3S                                                         ; DEBUG   ; dxWithMx._V3_AGSNVEC: NAME_k_ROHRVEC
2025-09-26 17:05:52,098 ; PT3S                                                         ; DEBUG   ; dxWithMx._V3_AGSNVEC: mx2NofPts
2025-09-26 17:05:52,098 ; PT3S                                                         ; DEBUG   ; dxWithMx._V3_AGSNVEC: dL
2025-09-26 17:05:52,098 ; PT3S                                                         ; DEBUG   ; dxWithMx._V3_AGSNVEC: mx2Idx
2025-09-26 17:05:52,098 ; PT3S                                                         ; DEBUG   ; dxWithMx._V3_AGSNVEC: ('STAT', 'KNOT~*~*~*~PH', Timestamp('2024-01-09 23:00:00'), Timestamp('2024-01-09 23:00:00'))_i
2025-09-26 17:05:52,098 ; PT3S                                                         ; DEBUG   ; dxWithMx._V3_AGSNVEC: ('STAT', 'KNOT~*~*~*~H', Timestamp('2024-01-09 23:00:00'), Timestamp('2024-01-09 23:00:00'))_i
2025-09-26 17:05:52,098 ; PT3S                                                         ; DEBUG   ; dxWithMx._V3_AGSNVEC: ('STAT', 'KNOT~*~*~*~T', Timestamp('2024-01-09 23:00:00'), Timestamp('2024-01-09 23:00:00'))_i
2025-09-26 17:05:52,098 ; PT3S                                                         ; DEBUG   ; dxWithMx._V3_AGSNVEC: ('STAT', 'KNOT~*~*~*~RHO', Timestamp('2024-01-09 23:00:00'), Timestamp('2024-01-09 23:00:00'))_i
2025-09-26 17:05:52,098 ; PT3S                                                         ; DEBUG   ; dxWithMx._V3_AGSNVEC: ('STAT', 'KNOT~*~*~*~PH', Timestamp('2024-01-09 23:00:00'), Timestamp('2024-01-09 23:00:00'))_k
2025-09-26 17:05:52,098 ; PT3S                                                         ; DEBUG   ; dxWithMx._V3_AGSNVEC: ('STAT', 'KNOT~*~*~*~H', Timestamp('2024-01-09 23:00:00'), Timestamp('2024-01-09 23:00:00'))_k
2025-09-26 17:05:52,098 ; PT3S                                                         ; DEBUG   ; dxWithMx._V3_AGSNVEC: ('STAT', 'KNOT~*~*~*~T', Timestamp('2024-01-09 23:00:00'), Timestamp('2024-01-09 23:00:00'))_k
2025-09-26 17:05:52,098 ; PT3S                                                         ; DEBUG   ; dxWithMx._V3_AGSNVEC: ('STAT', 'KNOT~*~*~*~RHO', Timestamp('2024-01-09 23:00:00'), Timestamp('2024-01-09 23:00:00'))_k
2025-09-26 17:05:52,098 ; PT3S                                                         ; DEBUG   ; dxWithMx._V3_AGSNVEC: QMAVAbs
2025-09-26 17:05:52,098 ; PT3S                                                         ; DEBUG   ; dxWithMx._V3_AGSNVEC: VAVAbs
2025-09-26 17:05:52,098 ; PT3S                                                         ; DEBUG   ; dxWithMx._V3_AGSNVEC: PHRAbs
2025-09-26 17:05:52,098 ; PT3S                                                         ; DEBUG   ; dxWithMx._V3_AGSNVEC: JVAbs
2025-09-26 17:05:52,098 ; PT3S                                                         ; DEBUG   ; dxWithMx._V3_AGSNVEC: LAMBDA
2025-09-26 17:05:52,098 ; PT3S                                                         ; DEBUG   ; dxWithMx._V3_AGSNVEC: IptIdx
2025-09-26 17:05:52,098 ; PT3S                                                         ; DEBUG   ; dxWithMx._V3_AGSNVEC: SVEC
2025-09-26 17:05:52,098 ; PT3S                                                         ; DEBUG   ; dxWithMx._V3_AGSNVEC: IptIdxAsNo
2025-09-26 17:05:52,098 ; PT3S                                                         ; DEBUG   ; dxWithMx._V3_AGSNVEC: ZVEC
2025-09-26 17:05:52,098 ; PT3S                                                         ; DEBUG   ; dxWithMx._V3_AGSNVEC: _Done.
2025-09-26 17:05:52,109 ; PT3S                                                         ; DEBUG   ; dxWithMx.__init__: _Done.
2025-09-26 17:05:52,111 ; PT3S                                                         ; DEBUG   ; PT3S.dxAndMxHelperFcts.readDxAndMx: _Done.
PT3S.dxAndMxHelperFcts.readDxAndMx: _Done.
