2025-09-26 16:49:13,602 ; PT3S                                                         ; DEBUG   ; PT3S.dxAndMxHelperFcts.readDxAndMx: Start.
2025-09-26 16:49:13,603 ; PT3S                                                         ; DEBUG   ; Dx.__init__: Start.#########
2025-09-26 16:49:13,604 ; PT3S                                                         ; INFO    ; Dx.__init__: dbFile (abspath): c:\users\aUserName\3s\pt3s\PT3S\Examples\Example2.db3 exists readable ...
2025-09-26 16:49:13,648 ; PT3S                                                         ; DEBUG   ; Dx.__init__: tableNames: ['AB_DEF', 'AGSN', 'ALLG', 'ALLG_BZ', 'ANTP', 'ANTP_ROWS', 'ARRW', 'ATMO', 'AVOS', 'AVOS_ROWS', 'BENUTZER', 'BEVE', 'BEVE_BZ', 'BEWI', 'BEWI_BZ', 'BREF', 'BZAG', 'BZAG_BZ', 'CIRC', 'CONT', 'CRGL', 'DATENEBENE', 'DPGR', 'DPGR_BZ', 'DPGR_DPKT', 'DPKT', 'DPKT_BZ', 'DPRG', 'DPRG_BZ', 'DRNP', 'DTRO', 'DTRO_ROWD', 'EBES', 'EBES_BZ', 'ELEMENTQUERY', 'ETAM', 'ETAM_ROWS', 'ETAR', 'ETAR_ROWS', 'ETAU', 'ETAU_ROWS', 'FKNL', 'FKNL_BZ', 'FQPS', 'FQPS_BZ', 'FSTF', 'FWBZ', 'FWEA', 'FWEA_BZ', 'FWES', 'FWES_BZ', 'FWVB', 'FWVB_BZ', 'FWWU', 'FWWU_BZ', 'GEOMETRY_COLUMNS', 'GKMP', 'GMIX', 'GRAV', 'GTXT', 'GVWK', 'GVWK_BZ', 'HAUS', 'HYDR', 'HYDR_BZ', 'KLAP', 'KLAP_BZ', 'KNOT', 'KNOT_BZ', 'KOMK', 'KOMK_ROWS', 'KOMP', 'KOMP_BZ', 'LAYR', 'LFAL', 'LFAL_BZ', 'LFKT', 'LFKT_ROWT', 'LTGR', 'MAPG', 'MAPG_ROWS', 'MODELL', 'MREG', 'MREG_BZ', 'NRCV', 'NSCH', 'NSCH_BZ', 'OBEH', 'OBEH_BZ', 'OVAL', 'PARI', 'PARI_BZ', 'PARV', 'PARZ', 'PARZ_BZ', 'PGPR', 'PGRP', 'PGRP_BZ', 'PGRP_PUMP', 'PGRP_PUMP_BZ', 'PHI1', 'PHI1_ROWT', 'PHI2', 'PHI2_ROWS', 'PHIV', 'PHIV_ROWS', 'PHTR', 'PHTR_BZ', 'PLYG', 'POLY', 'PREG', 'PREG_BZ', 'PROZESSE', 'PUMD', 'PUMD_ROWT', 'PUMK', 'PUMK_ROWS', 'PUMP', 'PUMP_BZ', 'PVAR', 'PVAR_ROWT', 'PZON', 'PZVR', 'PZVR_BZ', 'QVAR', 'QVAR_ROWT', 'RADD', 'RADD_BZ', 'RART', 'RART_BZ', 'RCON', 'RCPL', 'RCPL_ROWT', 'RDIV', 'RDIV_BZ', 'RECT', 'REGP', 'REGV', 'REGV_BZ', 'RFKT', 'RFKT_BZ', 'RHYS', 'RHYS_BZ', 'RINT', 'RINT_BZ', 'RLSR', 'RLSR_BZ', 'RLVG', 'RLVG_BZ', 'RMES', 'RMES_BZ', 'RMES_DPTS', 'RMES_DPTS_BZ', 'RMMA', 'RMMA_BZ', 'RMUL', 'RMUL_BZ', 'ROHR', 'ROHR_BZ', 'ROHR_VRTX', 'RPFL', 'RPID', 'RPID_BZ', 'RPLAN', 'RPLAN_ROWS', 'RPT1', 'RPT1_BZ', 'RRCT', 'RSLW', 'RSLW_BZ', 'RSTE', 'RSTE_BZ', 'RSTN', 'RSTN_BZ', 'RTOT', 'RTOT_BZ', 'RUES', 'RUES_BZ', 'SIRGRAF', 'SIVE', 'SIVE_BZ', 'SOKO', 'SPLZ', 'SRAT', 'SRAT_ROWS', 'STOF', 'STOF_ROWS', 'STRASSE', 'STRO', 'STRO_BZ', 'SWVT', 'SWVT_ROWT', 'SYSTEMKONFIG', 'TEVT', 'TEVT_ROWT', 'TFKT', 'TFKT_ROWS', 'TIMD', 'TRFT', 'TRFT_ROWS', 'TRVA', 'UTMP', 'VARA', 'VARA_ROWS', 'VENT', 'VENT_BZ', 'VERB', 'VKNO', 'VRCT', 'WBLZ', 'WEVT', 'WEVT_ROWT', 'WIND', 'WIND_BZ', 'WTTR', 'WTTR_ROWT', 'ZEP1', 'ZEP1_ROWS', 'ZEP2', 'ZEP2_ROWS', 'ARRW_BZ', 'CIRC_BZ', 'CONT_BZ', 'GTXT_BZ', 'HAUS_BZ', 'HIDDEN_ACTIVITIES', 'NRCV_BZ', 'OVAL_BZ', 'PLYG_BZ', 'POLY_BZ', 'RECT_BZ', 'RPFL_BZ', 'RRCT_BZ', 'USCH', 'UTMP_BZ', 'VERB_BZ']
2025-09-26 16:49:13,648 ; PT3S                                                         ; DEBUG   ; Dx.__init__: viewNames: ['VARRW', 'VBEVE', 'VBEWI', 'VCIRC', 'VCONT', 'VDPRG', 'VFWEA', 'VFWES', 'VFWVB', 'VFWWU', 'VGTXT', 'VGVWK', 'VHAUS', 'VHYDR', 'VKLAP', 'VKNOT', 'VKOMP', 'VMREG', 'VNRCV', 'VNSCH', 'VOBEH', 'VOVAL', 'VPHTR', 'VPLYG', 'VPOLY', 'VPREG', 'VPUMP', 'VRECT', 'VREGV', 'VROHR', 'VRPFL', 'VRRCT', 'VSIVE', 'VVENT', 'VVERB', 'VWIND', 'VSTRO', 'VIEW_MODELLE']
2025-09-26 16:49:13,657 ; PT3S                                                         ; DEBUG   ; Dx.__init__: pair-tables: pairType: _BZ:
2025-09-26 16:49:13,689 ; PT3S                                                         ; DEBUG   ; Dx.__init__: BV: ALLG         BVZ: ALLG_BZ      V: V_BVZ_ALLG      constructed with        1 rows and  44 cols.
2025-09-26 16:49:13,726 ; PT3S                                                         ; DEBUG   ; Dx.__init__: BV: BEVE         BVZ: BEVE_BZ      V: V_BVZ_BEVE      constructed with        1 rows and  80 cols.
2025-09-26 16:49:13,756 ; PT3S                                                         ; DEBUG   ; Dx.__init__: BV: BEWI         BVZ: BEWI_BZ      V: V_BVZ_BEWI      constructed with        1 rows and  79 cols.
2025-09-26 16:49:13,765 ; PT3S                                                         ; DEBUG   ; Dx.__init__: BV: BZAG         BVZ: BZAG_BZ      V: V_BVZ_BZAG      constructed with        1 rows and  26 cols.
2025-09-26 16:49:13,776 ; PT3S                                                         ; DEBUG   ; Dx.__init__: BV: DPGR         BVZ: DPGR_BZ      V: V_BVZ_DPGR      constructed with       14 rows and  32 cols.
2025-09-26 16:49:13,808 ; PT3S                                                         ; DEBUG   ; Dx.__init__: BV: DPKT         BVZ: DPKT_BZ      V: V_BVZ_DPKT      constructed with      261 rows and  49 cols.
2025-09-26 16:49:13,843 ; PT3S                                                         ; DEBUG   ; Dx.__init__: BV: DPRG         BVZ: DPRG_BZ      V: V_BVZ_DPRG      constructed with        1 rows and  76 cols.
2025-09-26 16:49:13,862 ; PT3S                                                         ; DEBUG   ; Dx.__init__: BV: EBES         BVZ: EBES_BZ      V: V_BVZ_EBES      constructed with        1 rows and  43 cols.
2025-09-26 16:49:13,889 ; PT3S                                                         ; DEBUG   ; Dx.__init__: BV: FKNL         BVZ: FKNL_BZ      V: V_BVZ_FKNL      constructed with        1 rows and  70 cols.
2025-09-26 16:49:13,909 ; PT3S                                                         ; DEBUG   ; Dx.__init__: BV: FQPS         BVZ: FQPS_BZ      V: V_BVZ_FQPS      constructed with        1 rows and  71 cols.
2025-09-26 16:49:13,949 ; PT3S                                                         ; DEBUG   ; Dx.__init__: BV: FWEA         BVZ: FWEA_BZ      V: V_BVZ_FWEA      constructed with        1 rows and 162 cols.
2025-09-26 16:49:13,973 ; PT3S                                                         ; DEBUG   ; Dx.__init__: BV: FWES         BVZ: FWES_BZ      V: V_BVZ_FWES      constructed with        1 rows and  77 cols.
2025-09-26 16:49:14,002 ; PT3S                                                         ; DEBUG   ; Dx.__init__: BV: FWVB         BVZ: FWVB_BZ      V: V_BVZ_FWVB      constructed with        1 rows and 100 cols.
2025-09-26 16:49:14,031 ; PT3S                                                         ; DEBUG   ; Dx.__init__: BV: FWWU         BVZ: FWWU_BZ      V: V_BVZ_FWWU      constructed with        1 rows and  97 cols.
2025-09-26 16:49:14,057 ; PT3S                                                         ; DEBUG   ; Dx.__init__: BV: GVWK         BVZ: GVWK_BZ      V: V_BVZ_GVWK      constructed with        1 rows and  71 cols.
2025-09-26 16:49:14,076 ; PT3S                                                         ; DEBUG   ; Dx.__init__: BV: HYDR         BVZ: HYDR_BZ      V: V_BVZ_HYDR      constructed with        1 rows and  61 cols.
2025-09-26 16:49:14,109 ; PT3S                                                         ; DEBUG   ; Dx.__init__: BV: KLAP         BVZ: KLAP_BZ      V: V_BVZ_KLAP      constructed with        4 rows and  60 cols.
2025-09-26 16:49:14,332 ; PT3S                                                         ; DEBUG   ; Dx.__init__: BV: KNOT         BVZ: KNOT_BZ      V: V_BVZ_KNOT      constructed with      636 rows and  67 cols.
2025-09-26 16:49:14,355 ; PT3S                                                         ; DEBUG   ; Dx.__init__: BV: KOMP         BVZ: KOMP_BZ      V: V_BVZ_KOMP      constructed with        1 rows and  84 cols.
2025-09-26 16:49:14,361 ; PT3S                                                         ; DEBUG   ; Dx.__init__: BV: LFAL         BVZ: LFAL_BZ      V: V_BVZ_LFAL      constructed with        1 rows and  25 cols.
2025-09-26 16:49:14,383 ; PT3S                                                         ; DEBUG   ; Dx.__init__: BV: MREG         BVZ: MREG_BZ      V: V_BVZ_MREG      constructed with        1 rows and  77 cols.
2025-09-26 16:49:14,402 ; PT3S                                                         ; DEBUG   ; Dx.__init__: BV: NSCH         BVZ: NSCH_BZ      V: V_BVZ_NSCH      constructed with        1 rows and  50 cols.
2025-09-26 16:49:14,437 ; PT3S                                                         ; DEBUG   ; Dx.__init__: BV: OBEH         BVZ: OBEH_BZ      V: V_BVZ_OBEH      constructed with        2 rows and  66 cols.
2025-09-26 16:49:14,443 ; PT3S                                                         ; DEBUG   ; Dx.__init__: BV: PARI         BVZ: PARI_BZ      V: V_BVZ_PARI      constructed with        1 rows and  31 cols.
2025-09-26 16:49:14,455 ; PT3S                                                         ; DEBUG   ; Dx.__init__: BV: PARZ         BVZ: PARZ_BZ      V: V_BVZ_PARZ      constructed with        1 rows and  28 cols.
2025-09-26 16:49:14,480 ; PT3S                                                         ; DEBUG   ; Dx.__init__: BV: PGRP         BVZ: PGRP_BZ      V: V_BVZ_PGRP      constructed with        1 rows and  76 cols.
2025-09-26 16:49:14,491 ; PT3S                                                         ; DEBUG   ; Dx.__init__: BV: PGRP_PUMP    BVZ: PGRP_PUMP_BZ V: V_BVZ_PGRP_PUMP constructed with        0 rows and  39 cols.
2025-09-26 16:49:14,515 ; PT3S                                                         ; DEBUG   ; Dx.__init__: BV: PHTR         BVZ: PHTR_BZ      V: V_BVZ_PHTR      constructed with        1 rows and  69 cols.
2025-09-26 16:49:14,536 ; PT3S                                                         ; DEBUG   ; Dx.__init__: BV: PREG         BVZ: PREG_BZ      V: V_BVZ_PREG      constructed with        1 rows and  75 cols.
2025-09-26 16:49:14,594 ; PT3S                                                         ; DEBUG   ; Dx.__init__: BV: PUMP         BVZ: PUMP_BZ      V: V_BVZ_PUMP      constructed with        3 rows and 146 cols.
2025-09-26 16:49:14,604 ; PT3S                                                         ; DEBUG   ; Dx.__init__: BV: PZVR         BVZ: PZVR_BZ      V: V_BVZ_PZVR      constructed with        1 rows and  30 cols.
2025-09-26 16:49:14,626 ; PT3S                                                         ; DEBUG   ; Dx.__init__: BV: RADD         BVZ: RADD_BZ      V: V_BVZ_RADD      constructed with        1 rows and  56 cols.
2025-09-26 16:49:14,632 ; PT3S                                                         ; DEBUG   ; Dx.__init__: BV: RART         BVZ: RART_BZ      V: V_BVZ_RART      constructed with        1 rows and  48 cols.
2025-09-26 16:49:14,667 ; PT3S                                                         ; DEBUG   ; Dx.__init__: BV: RDIV         BVZ: RDIV_BZ      V: V_BVZ_RDIV      constructed with        1 rows and  57 cols.
2025-09-26 16:49:14,695 ; PT3S                                                         ; DEBUG   ; Dx.__init__: BV: REGV         BVZ: REGV_BZ      V: V_BVZ_REGV      constructed with        1 rows and  72 cols.
2025-09-26 16:49:14,722 ; PT3S                                                         ; DEBUG   ; Dx.__init__: BV: RFKT         BVZ: RFKT_BZ      V: V_BVZ_RFKT      constructed with        1 rows and  58 cols.
2025-09-26 16:49:14,744 ; PT3S                                                         ; DEBUG   ; Dx.__init__: BV: RHYS         BVZ: RHYS_BZ      V: V_BVZ_RHYS      constructed with        1 rows and  59 cols.
2025-09-26 16:49:14,766 ; PT3S                                                         ; DEBUG   ; Dx.__init__: BV: RINT         BVZ: RINT_BZ      V: V_BVZ_RINT      constructed with        1 rows and  57 cols.
2025-09-26 16:49:14,780 ; PT3S                                                         ; DEBUG   ; Dx.__init__: BV: RLSR         BVZ: RLSR_BZ      V: V_BVZ_RLSR      constructed with        1 rows and  55 cols.
2025-09-26 16:49:14,809 ; PT3S                                                         ; DEBUG   ; Dx.__init__: BV: RLVG         BVZ: RLVG_BZ      V: V_BVZ_RLVG      constructed with        1 rows and  56 cols.
2025-09-26 16:49:14,831 ; PT3S                                                         ; DEBUG   ; Dx.__init__: BV: RMES         BVZ: RMES_BZ      V: V_BVZ_RMES      constructed with        1 rows and  66 cols.
2025-09-26 16:49:14,843 ; PT3S                                                         ; DEBUG   ; Dx.__init__: BV: RMES_DPTS    BVZ: RMES_DPTS_BZ V: V_BVZ_RMES_DPTS constructed with        0 rows and  42 cols.
2025-09-26 16:49:14,863 ; PT3S                                                         ; DEBUG   ; Dx.__init__: BV: RMMA         BVZ: RMMA_BZ      V: V_BVZ_RMMA      constructed with        1 rows and  56 cols.
2025-09-26 16:49:14,885 ; PT3S                                                         ; DEBUG   ; Dx.__init__: BV: RMUL         BVZ: RMUL_BZ      V: V_BVZ_RMUL      constructed with        1 rows and  57 cols.
2025-09-26 16:49:14,962 ; PT3S                                                         ; DEBUG   ; Dx.__init__: BV: ROHR         BVZ: ROHR_BZ      V: V_BVZ_ROHR      constructed with      622 rows and  77 cols.
2025-09-26 16:49:14,991 ; PT3S                                                         ; DEBUG   ; Dx.__init__: BV: RPID         BVZ: RPID_BZ      V: V_BVZ_RPID      constructed with        1 rows and  64 cols.
2025-09-26 16:49:15,019 ; PT3S                                                         ; DEBUG   ; Dx.__init__: BV: RPT1         BVZ: RPT1_BZ      V: V_BVZ_RPT1      constructed with        1 rows and  57 cols.
2025-09-26 16:49:15,054 ; PT3S                                                         ; DEBUG   ; Dx.__init__: BV: RSLW         BVZ: RSLW_BZ      V: V_BVZ_RSLW      constructed with        1 rows and  64 cols.
2025-09-26 16:49:15,093 ; PT3S                                                         ; DEBUG   ; Dx.__init__: BV: RSTE         BVZ: RSTE_BZ      V: V_BVZ_RSTE      constructed with        1 rows and 105 cols.
2025-09-26 16:49:15,124 ; PT3S                                                         ; DEBUG   ; Dx.__init__: BV: RSTN         BVZ: RSTN_BZ      V: V_BVZ_RSTN      constructed with        1 rows and  92 cols.
2025-09-26 16:49:15,149 ; PT3S                                                         ; DEBUG   ; Dx.__init__: BV: RTOT         BVZ: RTOT_BZ      V: V_BVZ_RTOT      constructed with        1 rows and  56 cols.
2025-09-26 16:49:15,179 ; PT3S                                                         ; DEBUG   ; Dx.__init__: BV: RUES         BVZ: RUES_BZ      V: V_BVZ_RUES      constructed with        1 rows and  57 cols.
2025-09-26 16:49:15,216 ; PT3S                                                         ; DEBUG   ; Dx.__init__: BV: SIVE         BVZ: SIVE_BZ      V: V_BVZ_SIVE      constructed with        1 rows and  74 cols.
2025-09-26 16:49:15,249 ; PT3S                                                         ; DEBUG   ; Dx.__init__: BV: STRO         BVZ: STRO_BZ      V: V_BVZ_STRO      constructed with        1 rows and  76 cols.
2025-09-26 16:49:15,299 ; PT3S                                                         ; DEBUG   ; Dx.__init__: BV: VENT         BVZ: VENT_BZ      V: V_BVZ_VENT      constructed with        9 rows and  73 cols.
2025-09-26 16:49:15,328 ; PT3S                                                         ; DEBUG   ; Dx.__init__: BV: WIND         BVZ: WIND_BZ      V: V_BVZ_WIND      constructed with        1 rows and  80 cols.
2025-09-26 16:49:15,351 ; PT3S                                                         ; DEBUG   ; Dx.__init__: BV: ARRW         BVZ: ARRW_BZ      V: V_BVZ_ARRW      constructed with        1 rows and  59 cols.
2025-09-26 16:49:15,374 ; PT3S                                                         ; DEBUG   ; Dx.__init__: BV: CIRC         BVZ: CIRC_BZ      V: V_BVZ_CIRC      constructed with        1 rows and  59 cols.
2025-09-26 16:49:15,390 ; PT3S                                                         ; DEBUG   ; Dx.__init__: BV: CONT         BVZ: CONT_BZ      V: V_BVZ_CONT      constructed with        3 rows and  34 cols.
2025-09-26 16:49:15,420 ; PT3S                                                         ; DEBUG   ; Dx.__init__: BV: GTXT         BVZ: GTXT_BZ      V: V_BVZ_GTXT      constructed with        1 rows and  61 cols.
2025-09-26 16:49:15,448 ; PT3S                                                         ; DEBUG   ; Dx.__init__: BV: HAUS         BVZ: HAUS_BZ      V: V_BVZ_HAUS      constructed with      243 rows and  34 cols.
2025-09-26 16:49:15,488 ; PT3S                                                         ; DEBUG   ; Dx.__init__: BV: NRCV         BVZ: NRCV_BZ      V: V_BVZ_NRCV      constructed with       13 rows and  60 cols.
2025-09-26 16:49:15,523 ; PT3S                                                         ; DEBUG   ; Dx.__init__: BV: OVAL         BVZ: OVAL_BZ      V: V_BVZ_OVAL      constructed with        1 rows and  59 cols.
2025-09-26 16:49:15,555 ; PT3S                                                         ; DEBUG   ; Dx.__init__: BV: PLYG         BVZ: PLYG_BZ      V: V_BVZ_PLYG      constructed with        1 rows and  59 cols.
2025-09-26 16:49:15,583 ; PT3S                                                         ; DEBUG   ; Dx.__init__: BV: POLY         BVZ: POLY_BZ      V: V_BVZ_POLY      constructed with        1 rows and  59 cols.
2025-09-26 16:49:15,612 ; PT3S                                                         ; DEBUG   ; Dx.__init__: BV: RECT         BVZ: RECT_BZ      V: V_BVZ_RECT      constructed with        1 rows and  59 cols.
2025-09-26 16:49:15,628 ; PT3S                                                         ; DEBUG   ; Dx.__init__: BV: RPFL         BVZ: RPFL_BZ      V: V_BVZ_RPFL      constructed with        1 rows and  61 cols.
2025-09-26 16:49:15,663 ; PT3S                                                         ; DEBUG   ; Dx.__init__: BV: RRCT         BVZ: RRCT_BZ      V: V_BVZ_RRCT      constructed with        1 rows and  59 cols.
2025-09-26 16:49:15,664 ; PT3S                                                         ; DEBUG   ; Dx.__init__: BV: UTMP         BVZ: UTMP_BZ      V: V_BVZ_UTMP      constructed with        1 rows and  28 cols.
2025-09-26 16:49:15,703 ; PT3S                                                         ; DEBUG   ; Dx.__init__: BV: VERB         BVZ: VERB_BZ      V: V_BVZ_VERB      constructed with      244 rows and  65 cols.
2025-09-26 16:49:15,703 ; PT3S                                                         ; DEBUG   ; Dx.__init__: pair-tables: pairType: _ROWS:
2025-09-26 16:49:15,714 ; PT3S                                                         ; DEBUG   ; Dx.__init__: BV: ANTP         BVZ: ANTP_ROWS    V: V_BVZ_ANTP      constructed with        1 rows and  43 cols.
2025-09-26 16:49:15,736 ; PT3S                                                         ; DEBUG   ; Dx.__init__: BV: AVOS         BVZ: AVOS_ROWS    V: V_BVZ_AVOS      constructed with        3 rows and  43 cols.
2025-09-26 16:49:15,755 ; PT3S                                                         ; DEBUG   ; Dx.__init__: BV: ETAM         BVZ: ETAM_ROWS    V: V_BVZ_ETAM      constructed with        7 rows and  43 cols.
2025-09-26 16:49:15,765 ; PT3S                                                         ; DEBUG   ; Dx.__init__: BV: ETAR         BVZ: ETAR_ROWS    V: V_BVZ_ETAR      constructed with        7 rows and  43 cols.
2025-09-26 16:49:15,786 ; PT3S                                                         ; DEBUG   ; Dx.__init__: BV: ETAU         BVZ: ETAU_ROWS    V: V_BVZ_ETAU      constructed with        7 rows and  43 cols.
2025-09-26 16:49:15,808 ; PT3S                                                         ; DEBUG   ; Dx.__init__: BV: KOMK         BVZ: KOMK_ROWS    V: V_BVZ_KOMK      constructed with        1 rows and  53 cols.
2025-09-26 16:49:15,842 ; PT3S                                                         ; DEBUG   ; Dx.__init__: BV: MAPG         BVZ: MAPG_ROWS    V: V_BVZ_MAPG      constructed with        2 rows and  61 cols.
2025-09-26 16:49:15,853 ; PT3S                                                         ; DEBUG   ; Dx.__init__: BV: PHI2         BVZ: PHI2_ROWS    V: V_BVZ_PHI2      constructed with        4 rows and  44 cols.
2025-09-26 16:49:15,862 ; PT3S                                                         ; DEBUG   ; Dx.__init__: BV: PHIV         BVZ: PHIV_ROWS    V: V_BVZ_PHIV      constructed with        9 rows and  43 cols.
2025-09-26 16:49:15,887 ; PT3S                                                         ; DEBUG   ; Dx.__init__: BV: PUMK         BVZ: PUMK_ROWS    V: V_BVZ_PUMK      constructed with       15 rows and  49 cols.
2025-09-26 16:49:15,903 ; PT3S                                                         ; DEBUG   ; Dx.__init__: BV: RPLAN        BVZ: RPLAN_ROWS   V: V_BVZ_RPLAN     constructed with        1 rows and  54 cols.
2025-09-26 16:49:15,910 ; PT3S                                                         ; DEBUG   ; Dx.__init__: BV: SRAT         BVZ: SRAT_ROWS    V: V_BVZ_SRAT      constructed with        1 rows and  44 cols.
2025-09-26 16:49:15,942 ; PT3S                                                         ; DEBUG   ; Dx.__init__: BV: STOF         BVZ: STOF_ROWS    V: V_BVZ_STOF      constructed with      201 rows and  47 cols.
2025-09-26 16:49:15,959 ; PT3S                                                         ; DEBUG   ; Dx.__init__: BV: TFKT         BVZ: TFKT_ROWS    V: V_BVZ_TFKT      constructed with        1 rows and  43 cols.
2025-09-26 16:49:15,975 ; PT3S                                                         ; DEBUG   ; Dx.__init__: BV: TRFT         BVZ: TRFT_ROWS    V: V_BVZ_TRFT      constructed with        1 rows and  43 cols.
2025-09-26 16:49:15,997 ; PT3S                                                         ; DEBUG   ; Dx.__init__: BV: VARA         BVZ: VARA_ROWS    V: V_BVZ_VARA      constructed with        8 rows and  63 cols.
2025-09-26 16:49:16,013 ; PT3S                                                         ; DEBUG   ; Dx.__init__: BV: ZEP1         BVZ: ZEP1_ROWS    V: V_BVZ_ZEP1      constructed with       21 rows and  46 cols.
2025-09-26 16:49:16,031 ; PT3S                                                         ; DEBUG   ; Dx.__init__: BV: ZEP2         BVZ: ZEP2_ROWS    V: V_BVZ_ZEP2      constructed with       42 rows and  48 cols.
2025-09-26 16:49:16,031 ; PT3S                                                         ; DEBUG   ; Dx.__init__: pair-tables: pairType: _ROWT:
2025-09-26 16:49:16,051 ; PT3S                                                         ; DEBUG   ; Dx.__init__: BV: LFKT         BVZ: LFKT_ROWT    V: V_BVZ_LFKT      constructed with        2 rows and  39 cols.
2025-09-26 16:49:16,069 ; PT3S                                                         ; DEBUG   ; Dx.__init__: BV: PHI1         BVZ: PHI1_ROWT    V: V_BVZ_PHI1      constructed with        2 rows and  39 cols.
2025-09-26 16:49:16,082 ; PT3S                                                         ; DEBUG   ; Dx.__init__: BV: PUMD         BVZ: PUMD_ROWT    V: V_BVZ_PUMD      constructed with        2 rows and  39 cols.
2025-09-26 16:49:16,103 ; PT3S                                                         ; DEBUG   ; Dx.__init__: BV: PVAR         BVZ: PVAR_ROWT    V: V_BVZ_PVAR      constructed with        1 rows and  39 cols.
2025-09-26 16:49:16,127 ; PT3S                                                         ; DEBUG   ; Dx.__init__: BV: QVAR         BVZ: QVAR_ROWT    V: V_BVZ_QVAR      constructed with        1 rows and  39 cols.
2025-09-26 16:49:16,139 ; PT3S                                                         ; DEBUG   ; PT3S.Dx.fHelperCONTetc: pairType ROWT: df RCPL hat keine Spalte ZEIT? Keine Sortierung nach Zeit.
2025-09-26 16:49:16,139 ; PT3S                                                         ; DEBUG   ; Dx.__init__: BV: RCPL         BVZ: RCPL_ROWT    V: V_BVZ_RCPL      constructed with        0 rows and  13 cols.
2025-09-26 16:49:16,158 ; PT3S                                                         ; DEBUG   ; Dx.__init__: BV: SWVT         BVZ: SWVT_ROWT    V: V_BVZ_SWVT      constructed with        1 rows and  39 cols.
2025-09-26 16:49:16,170 ; PT3S                                                         ; DEBUG   ; Dx.__init__: BV: TEVT         BVZ: TEVT_ROWT    V: V_BVZ_TEVT      constructed with        0 rows and  39 cols.
2025-09-26 16:49:16,186 ; PT3S                                                         ; DEBUG   ; Dx.__init__: BV: WEVT         BVZ: WEVT_ROWT    V: V_BVZ_WEVT      constructed with        0 rows and  39 cols.
2025-09-26 16:49:16,204 ; PT3S                                                         ; DEBUG   ; Dx.__init__: BV: WTTR         BVZ: WTTR_ROWT    V: V_BVZ_WTTR      constructed with        0 rows and  46 cols.
2025-09-26 16:49:16,204 ; PT3S                                                         ; DEBUG   ; Dx.__init__: pair-tables: pairType: _ROWD:
2025-09-26 16:49:16,229 ; PT3S                                                         ; DEBUG   ; Dx.__init__: BV: DTRO         BVZ: DTRO_ROWD    V: V_BVZ_DTRO      constructed with      200 rows and  55 cols.
2025-09-26 16:49:16,230 ; PT3S                                                         ; DEBUG   ; Dx.__init__: tables which are not pair-tables:
2025-09-26 16:49:16,232 ; PT3S                                                         ; DEBUG   ; Dx.__init__: table: AB_DEF           V: V_AB_DEF             constructed with        1 rows and  16 cols.
2025-09-26 16:49:16,236 ; PT3S                                                         ; DEBUG   ; Dx.__init__: table: AGSN             V: V_AGSN               constructed with        2 rows and  37 cols.
2025-09-26 16:49:16,248 ; PT3S                                                         ; DEBUG   ; Dx.__init__: table: ARRW             V: V_ARRW               constructed with        1 rows and  54 cols.
2025-09-26 16:49:16,248 ; PT3S                                                         ; DEBUG   ; Dx.__init__: table: ATMO             V: V_ATMO               constructed with        2 rows and  37 cols.
2025-09-26 16:49:16,262 ; PT3S                                                         ; DEBUG   ; Dx.__init__: table: BENUTZER         V: V_BENUTZER           constructed with        0 rows and  26 cols.
2025-09-26 16:49:16,265 ; PT3S                                                         ; DEBUG   ; Dx.__init__: table: BREF             V: V_BREF               constructed with        1 rows and  53 cols.
2025-09-26 16:49:16,286 ; PT3S                                                         ; DEBUG   ; Dx.__init__: table: CIRC             V: V_CIRC               constructed with        1 rows and  54 cols.
2025-09-26 16:49:16,294 ; PT3S                                                         ; DEBUG   ; Dx.__init__: table: CONT             V: V_CONT               constructed with        4 rows and  42 cols.
2025-09-26 16:49:16,303 ; PT3S                                                         ; DEBUG   ; Dx.__init__: table: CRGL             V: V_CRGL               constructed with        1 rows and  54 cols.
2025-09-26 16:49:16,303 ; PT3S                                                         ; DEBUG   ; Dx.__init__: table: DATENEBENE       V: V_DATENEBENE         constructed with        4 rows and  11 cols.
2025-09-26 16:49:16,315 ; PT3S                                                         ; DEBUG   ; Dx.__init__: table: DPGR_DPKT        V: V_DPGR_DPKT          constructed with      321 rows and  34 cols.
2025-09-26 16:49:16,315 ; PT3S                                                         ; DEBUG   ; Dx.__init__: table: DRNP             V: V_DRNP               constructed with        2 rows and  38 cols.
2025-09-26 16:49:16,333 ; PT3S                                                         ; DEBUG   ; Dx.__init__: table: ELEMENTQUERY     V: V_ELEMENTQUERY       constructed with       51 rows and  36 cols.
2025-09-26 16:49:16,345 ; PT3S                                                         ; DEBUG   ; Dx.__init__: table: FSTF             V: V_FSTF               constructed with        2 rows and  51 cols.
2025-09-26 16:49:16,351 ; PT3S                                                         ; DEBUG   ; Dx.__init__: table: FWBZ             V: V_FWBZ               constructed with        2 rows and  40 cols.
2025-09-26 16:49:16,351 ; PT3S                                                         ; DEBUG   ; Dx.__init__: table: GEOMETRY_COLUMNS V: V_GEOMETRY_COLUMNS   constructed with       38 rows and   7 cols.
2025-09-26 16:49:16,362 ; PT3S                                                         ; DEBUG   ; Dx.__init__: table: GKMP             V: V_GKMP               constructed with        1 rows and  55 cols.
2025-09-26 16:49:16,365 ; PT3S                                                         ; DEBUG   ; Dx.__init__: table: GMIX             V: V_GMIX               constructed with        1 rows and  80 cols.
2025-09-26 16:49:16,378 ; PT3S                                                         ; DEBUG   ; Dx.__init__: table: GRAV             V: V_GRAV               constructed with        2 rows and  35 cols.
2025-09-26 16:49:16,392 ; PT3S                                                         ; DEBUG   ; Dx.__init__: table: GTXT             V: V_GTXT               constructed with        1 rows and  56 cols.
2025-09-26 16:49:16,403 ; PT3S                                                         ; DEBUG   ; Dx.__init__: table: HAUS             V: V_HAUS               constructed with      244 rows and  42 cols.
2025-09-26 16:49:16,414 ; PT3S                                                         ; DEBUG   ; Dx.__init__: table: LAYR             V: V_LAYR               constructed with        4 rows and  38 cols.
2025-09-26 16:49:16,416 ; PT3S                                                         ; DEBUG   ; Dx.__init__: table: LTGR             V: V_LTGR               constructed with        8 rows and  37 cols.
2025-09-26 16:49:16,426 ; PT3S                                                         ; DEBUG   ; Dx.__init__: table: MODELL           V: V_MODELL             constructed with        1 rows and  18 cols.
2025-09-26 16:49:16,450 ; PT3S                                                         ; DEBUG   ; Dx.__init__: table: NRCV             V: V_NRCV               constructed with       14 rows and  68 cols.
2025-09-26 16:49:16,464 ; PT3S                                                         ; DEBUG   ; Dx.__init__: table: OVAL             V: V_OVAL               constructed with        1 rows and  54 cols.
2025-09-26 16:49:16,466 ; PT3S                                                         ; DEBUG   ; Dx.__init__: table: PARV             V: V_PARV               constructed with        2 rows and  48 cols.
2025-09-26 16:49:16,478 ; PT3S                                                         ; DEBUG   ; Dx.__init__: table: PGPR             V: V_PGPR               constructed with        2 rows and  36 cols.
2025-09-26 16:49:16,486 ; PT3S                                                         ; DEBUG   ; Dx.__init__: table: PLYG             V: V_PLYG               constructed with        1 rows and  54 cols.
2025-09-26 16:49:16,499 ; PT3S                                                         ; DEBUG   ; Dx.__init__: table: POLY             V: V_POLY               constructed with        1 rows and  54 cols.
2025-09-26 16:49:16,503 ; PT3S                                                         ; DEBUG   ; Dx.__init__: table: PROZESSE         V: V_PROZESSE           constructed with        0 rows and  21 cols.
2025-09-26 16:49:16,512 ; PT3S                                                         ; DEBUG   ; Dx.__init__: table: PZON             V: V_PZON               constructed with        2 rows and  43 cols.
2025-09-26 16:49:16,516 ; PT3S                                                         ; DEBUG   ; Dx.__init__: table: RCON             V: V_RCON               constructed with        2 rows and  35 cols.
2025-09-26 16:49:16,529 ; PT3S                                                         ; DEBUG   ; Dx.__init__: table: RECT             V: V_RECT               constructed with        1 rows and  54 cols.
2025-09-26 16:49:16,533 ; PT3S                                                         ; DEBUG   ; Dx.__init__: table: REGP             V: V_REGP               constructed with        2 rows and  34 cols.
2025-09-26 16:49:16,537 ; PT3S                                                         ; DEBUG   ; Dx.__init__: table: ROHR_VRTX        V: V_ROHR_VRTX          constructed with        1 rows and  36 cols.
2025-09-26 16:49:16,549 ; PT3S                                                         ; DEBUG   ; Dx.__init__: table: RPFL             V: V_RPFL               constructed with        1 rows and  55 cols.
2025-09-26 16:49:16,559 ; PT3S                                                         ; DEBUG   ; Dx.__init__: table: RRCT             V: V_RRCT               constructed with        1 rows and  54 cols.
2025-09-26 16:49:16,570 ; PT3S                                                         ; DEBUG   ; Dx.__init__: table: SIRGRAF          V: V_SIRGRAF            constructed with        2 rows and  74 cols.
2025-09-26 16:49:16,579 ; PT3S                                                         ; DEBUG   ; Dx.__init__: table: SOKO             V: V_SOKO               constructed with        1 rows and  69 cols.
2025-09-26 16:49:16,582 ; PT3S                                                         ; DEBUG   ; Dx.__init__: table: SPLZ             V: V_SPLZ               constructed with        4 rows and  44 cols.
2025-09-26 16:49:16,586 ; PT3S                                                         ; DEBUG   ; Dx.__init__: table: STRASSE          V: V_STRASSE            constructed with        3 rows and  37 cols.
2025-09-26 16:49:16,593 ; PT3S                                                         ; DEBUG   ; Dx.__init__: table: SYSTEMKONFIG     V: V_SYSTEMKONFIG       constructed with        3 rows and   4 cols.
2025-09-26 16:49:16,599 ; PT3S                                                         ; DEBUG   ; Dx.__init__: table: TIMD             V: V_TIMD               constructed with        2 rows and  40 cols.
2025-09-26 16:49:16,603 ; PT3S                                                         ; DEBUG   ; Dx.__init__: table: TRVA             V: V_TRVA               constructed with        2 rows and  45 cols.
2025-09-26 16:49:16,610 ; PT3S                                                         ; DEBUG   ; Dx.__init__: table: UTMP             V: V_UTMP               constructed with        2 rows and  34 cols.
2025-09-26 16:49:16,615 ; PT3S                                                         ; DEBUG   ; Dx.__init__: table: VARA             V: V_VARA               constructed with        4 rows and  35 cols.
2025-09-26 16:49:16,636 ; PT3S                                                         ; DEBUG   ; Dx.__init__: table: VERB             V: V_VERB               constructed with      245 rows and  73 cols.
2025-09-26 16:49:16,658 ; PT3S                                                         ; DEBUG   ; Dx.__init__: table: VKNO             V: V_VKNO               constructed with        4 rows and  55 cols.
2025-09-26 16:49:16,665 ; PT3S                                                         ; DEBUG   ; Dx.__init__: table: VRCT             V: V_VRCT               constructed with        1 rows and  37 cols.
2025-09-26 16:49:16,670 ; PT3S                                                         ; DEBUG   ; Dx.__init__: table: WBLZ             V: V_WBLZ               constructed with        2 rows and  39 cols.
2025-09-26 16:49:16,670 ; PT3S                                                         ; DEBUG   ; Dx.__init__: tableName: USCH: Tabelle keine SIR 3S Tabelle aus Sicht dieses Moduls. Trotzdem lesen. 
2025-09-26 16:49:16,676 ; PT3S                                                         ; DEBUG   ; Dx.__init__: V: V_USCH
2025-09-26 16:49:16,676 ; PT3S                                                         ; DEBUG   ; Dx.__init__: tableName: HIDDEN_ACTIVITIES: Tabelle keine SIR 3S Tabelle aus Sicht dieses Moduls. Trotzdem lesen. 
2025-09-26 16:49:16,678 ; PT3S                                                         ; DEBUG   ; Dx.__init__: V: V_HIDDEN_ACTIVITIES
2025-09-26 16:49:16,685 ; PT3S                                                         ; DEBUG   ; Dx._dfLAYR: Start.
2025-09-26 16:49:16,685 ; PT3S                                                         ; DEBUG   ; PT3S.dxDecodeObjsData.Layr: Start.
2025-09-26 16:49:16,967 ; PT3S                                                         ; DEBUG   ; PT3S.dxDecodeObjsData.Layr: _Done.
2025-09-26 16:49:16,967 ; PT3S                                                         ; DEBUG   ; Dx._dfLAYR: _Done.
2025-09-26 16:49:16,967 ; PT3S                                                         ; DEBUG   ; Dx.__init__: expanding V_BVZ_ROHR with NAME_DTRO, DN, DI, DA, S, KT, PN, Am2, Vm3 ...
2025-09-26 16:49:16,995 ; PT3S                                                         ; DEBUG   ; Dx.__init__: expanding V_BVZ_ROHR: rows before: 622 rows now: 622
2025-09-26 16:49:16,995 ; PT3S                                                         ; DEBUG   ; Dx.__init__: V3_ROHR: expanding V_BVZ_ROHR with  NAME_LTGR, NAME_STRASSE, tk_i, NAME_i, tk_k, NAME_k ...
2025-09-26 16:49:17,010 ; PT3S                                                         ; DEBUG   ; Dx.__init__: V3_SWVT: expanding V_BVZ_SWVT ...
2025-09-26 16:49:17,031 ; PT3S                                                         ; DEBUG   ; Dx.__init__: V3_ROWT: combining ROWT_tables like V_BVZ_LFKT, V_BVZ_PVAR, ...
2025-09-26 16:49:17,045 ; PT3S                                                         ; DEBUG   ; Dx.__init__: V3_TFKT: ...
2025-09-26 16:49:17,050 ; PT3S                                                         ; DEBUG   ; Dx.__init__: V3_RSLW_SWVT: combining RSLW and SWVT ...
2025-09-26 16:49:17,060 ; PT3S                                                         ; DEBUG   ; Dx.__init__: V3_KNOT: expanding V_BVZ_KNOT with XKOR, YKOR, NAME_LFKT, NAME_PVAR, NAME_PZON,NAME_QVAR,NAME_UTMP,NAME_FSTF,NAME_FQPS ...
2025-09-26 16:49:17,081 ; PT3S                                                         ; DEBUG   ; Dx.__init__:  Converting and creating geometry with x, y coordinates for nodes successful
2025-09-26 16:49:17,125 ; PT3S                                                         ; DEBUG   ; Dx.__init__: V3_FWVB: expanding V_BVZ_FWVB with NAME_LFKT, NAME_ZEP1VL, NAME_ZEP1RL, NAME_TEVT, NAME_TRFT, tk_i, NAME_i, tk_k, NAME_k, ...
2025-09-26 16:49:17,148 ; PT3S                                                         ; DEBUG   ; Dx.__init__: V3_:ROHR,KNOT,FWVB: filterTemplateObjects ...
2025-09-26 16:49:17,148 ; PT3S                                                         ; DEBUG   ; Dx._filterTemplateObjects: Start.
2025-09-26 16:49:17,150 ; PT3S                                                         ; DEBUG   ; Dx._filterTemplateObjects: V3_KNOT: Zeilen vorher: 636 Zeilen jetzt: 635
2025-09-26 16:49:17,150 ; PT3S                                                         ; DEBUG   ; Dx._filterTemplateObjects: V3_ROHR: Zeilen vorher: 621 Zeilen jetzt: 621
2025-09-26 16:49:17,150 ; PT3S                                                         ; DEBUG   ; Dx._filterTemplateObjects: V3_FWVB: Zeilen vorher: 0 Zeilen jetzt: 0
2025-09-26 16:49:17,150 ; PT3S                                                         ; DEBUG   ; Dx._filterTemplateObjects: _Done.
2025-09-26 16:49:17,150 ; PT3S                                                         ; DEBUG   ; Dx.__init__: V3_VBEL: ...
2025-09-26 16:49:17,245 ; PT3S                                                         ; DEBUG   ; Dx.__init__: KLAP final in V3_VBEL-View (4,311) ...
2025-09-26 16:49:17,330 ; PT3S                                                         ; DEBUG   ; Dx.__init__: PUMP final in V3_VBEL-View (3,397) ...
2025-09-26 16:49:17,366 ; PT3S                                                         ; DEBUG   ; Dx.__init__: ROHR final in V3_VBEL-View (621,337) ...
2025-09-26 16:49:17,397 ; PT3S                                                         ; DEBUG   ; Dx.__init__: VENT final in V3_VBEL-View (9,324) ...
2025-09-26 16:49:17,826 ; PT3S                                                         ; DEBUG   ; Dx.__init__: V3_DPKT ...
2025-09-26 16:49:17,848 ; PT3S                                                         ; DEBUG   ; Dx.__init__: V3_RKNOT ...
2025-09-26 16:49:17,905 ; PT3S                                                         ; DEBUG   ; Dx.__init__: V3_RRUES ...
2025-09-26 16:49:17,905 ; PT3S                                                         ; DEBUG   ; Dx.__init__: V3_RVBEL ...
2025-09-26 16:49:17,928 ; PT3S                                                         ; INFO    ; Dx.__init__:  SYSTEMKONFIG ID 3 not defined. Value(ID=3) is supposed to define the Model which is used in QGIS. Now QGISmodelXk is undefined ...
2025-09-26 16:49:17,929 ; PT3S                                                         ; DEBUG   ; Dx.__init__: _Done.#########
2025-09-26 16:49:17,932 ; PT3S                                                         ; DEBUG   ; PT3S.dxAndMxHelperFcts.readDxAndMx: detecting MX-Source for dx.dbFile (abspath) c:\users\jablonski\3s\pt3s\PT3S\Examples\Example2.db3 ...
2025-09-26 16:49:17,932 ; PT3S                                                         ; DEBUG   ; PT3S.dxAndMxHelperFcts.readDxAndMx: wDir from dbFile: .\WDExample2
2025-09-26 16:49:17,937 ; PT3S                                                         ; DEBUG   ; PT3S.dxAndMxHelperFcts.readDxAndMx: abspath of wDir from dbFile: c:\users\jablonski\3s\pt3s\PT3S\Examples\WDExample2
2025-09-26 16:49:17,937 ; PT3S                                                         ; INFO    ; PT3S.dxAndMxHelperFcts.readDxAndMx:  QGISmodelXk not defined. Now the MX of 1st Model in VIEW_MODELLE is used ...
2025-09-26 16:49:17,939 ; PT3S                                                         ; DEBUG   ; PT3S.dxAndMxHelperFcts.readDxAndMx: wDirMx from abspath of wDir from dbFile: c:\users\jablonski\3s\pt3s\PT3S\Examples\WDExample2\B1\V0\BZ1
2025-09-26 16:49:17,939 ; PT3S                                                         ; DEBUG   ; PT3S.dxAndMxHelperFcts.readDxAndMx: mx1File: ..\PT3S\Examples\WDExample2\B1\V0\BZ1\M-1-0-1.5.MX1
2025-09-26 16:49:17,939 ; PT3S                                                         ; DEBUG   ; PT3S.dxAndMxHelperFcts.readDxAndMx: corresponding dbFileMxPkl-File: ..\PT3S\Examples\Example2-mx-_PT3S_Examples_WDExample2_B1_V0_BZ1_M_1_0_1_5_MX1.pkl
2025-09-26 16:49:17,944 ; PT3S                                                         ; INFO    ; PT3S.dxAndMxHelperFcts.readDxAndMx: 
+..\PT3S\Examples\Example2.db3 is newer than
+..\PT3S\Examples\WDExample2\B1\V0\BZ1\M-1-0-1.5.MX1:
+SIR 3S' dbFile is newer than SIR 3S' mx1File
+in this case the results are maybe dated or (worse) incompatible to the model
2025-09-26 16:49:17,946 ; PT3S                                                         ; INFO    ; PT3S.dxAndMxHelperFcts.readDxAndMx: 
+..\PT3S\Examples\WDExample2\B1\V0\BZ1\M-1-0-1.XML is newer than
+..\PT3S\Examples\WDExample2\B1\V0\BZ1\M-1-0-1.5.MX1:
+SirCalc's xmlFile is newer than SIR 3S' mx1File
+in this case the results are maybe dated or (worse) incompatible to the model
2025-09-26 16:50:28,675 ; PT3S                                                         ; INFO    ; PT3S.dxAndMxHelperFcts.readDxAndMx: Model is being recalculated using C:\3S\SIR 3S\SirCalc-90-14-02-12_Potsdam.fix1_x64\SirCalc.exe
2025-09-26 16:50:28,677 ; PT3S                                                         ; DEBUG   ; Mx.__init__: Start.#########
2025-09-26 16:50:28,679 ; PT3S                                                         ; DEBUG   ; Mx._initWithMx1: Start.
2025-09-26 16:50:28,679 ; PT3S                                                         ; DEBUG   ; Mx._parseMx1: Start.
2025-09-26 16:50:28,691 ; PT3S                                                         ; DEBUG   ; Mx._parseMx1: mx1File: c:\users\jablonski\3s\pt3s\PT3S\Examples\WDExample2\B1\V0\BZ1\M-1-0-1.5.MX1 mx1Df read. Shape: (131, 22).
2025-09-26 16:50:28,701 ; PT3S                                                         ; DEBUG   ; Mx._parseMx1: mx1Df after some generated Columns: Shape: (131, 27).
2025-09-26 16:50:28,701 ; PT3S                                                         ; DEBUG   ; Mx._parseMx1: _Done.
2025-09-26 16:50:28,701 ; PT3S                                                         ; DEBUG   ; Mx._parseMx2: Start.
2025-09-26 16:50:28,708 ; PT3S                                                         ; DEBUG   ; Mx._parseMx2: _Done.
2025-09-26 16:50:28,708 ; PT3S                                                         ; DEBUG   ; Mx._buildMxRecordStructUnpackFmtString: Start.
2025-09-26 16:50:28,716 ; PT3S                                                         ; DEBUG   ; Mx._buildMxRecordStructUnpackFmtString: Bytes per MX-Record=121168. Bytes Unpacked=121168 (making up 100.00 Bytes-%).
2025-09-26 16:50:28,717 ; PT3S                                                         ; DEBUG   ; Mx._buildMxRecordStructUnpackFmtString: mx1Df after generated Column: Shape: (131, 28).
2025-09-26 16:50:28,717 ; PT3S                                                         ; DEBUG   ; Mx._buildMxRecordStructUnpackFmtString: _Done.
2025-09-26 16:50:28,717 ; PT3S                                                         ; DEBUG   ; Mx._buildMxRecordStructUnpackFmtStringPost: Start.
2025-09-26 16:50:28,731 ; PT3S                                                         ; DEBUG   ; Mx._buildMxRecordStructUnpackFmtStringPost: _Done.
2025-09-26 16:50:28,732 ; PT3S                                                         ; DEBUG   ; Mx._initWithMx1: _Done.
2025-09-26 16:50:28,732 ; PT3S                                                         ; DEBUG   ; Mx.__init__: mxsFile c:\users\jablonski\3s\pt3s\PT3S\Examples\WDExample2\B1\V0\BZ1\M-1-0-1.5.MXS exists _and is newer than mx1File c:\users\jablonski\3s\pt3s\PT3S\Examples\WDExample2\B1\V0\BZ1\M-1-0-1.5.MX1 _and NoMxsRead False:
2025-09-26 16:50:28,732 ; PT3S                                                         ; DEBUG   ; Mx.__init__: mxsFile is read.
2025-09-26 16:50:28,733 ; PT3S                                                         ; DEBUG   ; Mx.setResultsToMxsFile: Start.
2025-09-26 16:50:28,733 ; PT3S                                                         ; DEBUG   ; Mx.setResultsToMxsFile: Mxs: Implicit specified.
2025-09-26 16:50:28,733 ; PT3S                                                         ; DEBUG   ; Mx._handleMxsVecsFileDeletion: Start.
2025-09-26 16:50:28,734 ; PT3S                                                         ; DEBUG   ; Mx._handleMxsVecsFileDeletion: Delete H5Dump because Mxs c:\users\jablonski\3s\pt3s\PT3S\Examples\WDExample2\B1\V0\BZ1\M-1-0-1.5.MXS To Read is newer than H5Dump c:\users\jablonski\3s\pt3s\PT3S\Examples\WDExample2\B1\V0\BZ1\M-1-0-1.5.vec.h5 ...
2025-09-26 16:50:28,735 ; PT3S                                                         ; DEBUG   ; Mx._handleMxsVecsFileDeletion: _Done.
2025-09-26 16:50:28,741 ; PT3S                                                         ; DEBUG   ; Mx.setResultsToMxsFile: Mxs: c:\users\jablonski\3s\pt3s\PT3S\Examples\WDExample2\B1\V0\BZ1\M-1-0-1.5.MXS opening ...
2025-09-26 16:50:28,747 ; PT3S                                                         ; INFO    ; Mx.setResultsToMxsFile: Mxs: ..\PT3S\Examples\WDExample2\B1\V0\BZ1\M-1-0-1.5.MXS reading ...
2025-09-26 16:50:28,749 ; PT3S                                                         ; DEBUG   ; Mx._readMxsFile: Start.
2025-09-26 16:50:28,751 ; PT3S                                                         ; DEBUG   ; Mx._readMxsFileSingleRecord: CVERSO: SIR 3S 90-14-02-12 3S Consult, 30827 Garbsen - 26.09.2025 16:49 - M-1-0-1       .
2025-09-26 16:50:28,815 ; PT3S                                                         ; DEBUG   ; Mx._processToDfVecAggs: cSNAPSHOTTYPE STAT     processed to (empty) dfVecAggs with TIMESTAMPL: 2020-01-28 14:45:01+00:00
2025-09-26 16:50:28,815 ; PT3S                                                         ; DEBUG   ; Mx._readMxsFile: TimeNr.      1 read and processed finally=2020-01-28 14:45:01.000000+0000 Values (without TIMESTAMP): 60 - Actual SNAPSHOTTYPE: STAT. - H5Dump: YES: key=/                   0 not in keys.
2025-09-26 16:50:28,885 ; PT3S                                                         ; DEBUG   ; Mx._processToDfVecAggs: cSNAPSHOTTYPE TIME     processed to         dfVecAggs with TIMESTAMPL: 2020-01-28 14:45:01+00:00
2025-09-26 16:50:28,885 ; PT3S                                                         ; DEBUG   ; Mx._readMxsFile: TimeNr.      2 read and processed finally=2020-01-28 14:45:01.000000+0000 Values (without TIMESTAMP): 60 - Actual SNAPSHOTTYPE: TIME. - H5Dump: YES: key=/                   0 not in keys - Nr.      1.
2025-09-26 16:50:28,892 ; PT3S                                                         ; DEBUG   ; Mx._readMxsFile: TimeNr.      3 read and processed finally=2020-01-28 14:45:01.100000+0000 Values (without TIMESTAMP): 60 - Actual SNAPSHOTTYPE: TIME. - H5Dump: YES: key=/                 100 not in keys.
2025-09-26 16:50:28,892 ; PT3S                                                         ; DEBUG   ; Mx._readMxsFile: TimeNr.      4 read and processed finally=2020-01-28 14:45:01.200000+0000 Values (without TIMESTAMP): 60 - Actual SNAPSHOTTYPE: TIME. - H5Dump: YES: key=/                 200 not in keys.
2025-09-26 16:50:28,892 ; PT3S                                                         ; DEBUG   ; Mx._readMxsFile: TimeNr.      5 read and processed finally=2020-01-28 14:45:01.300000+0000 Values (without TIMESTAMP): 60 - Actual SNAPSHOTTYPE: TIME. - H5Dump: YES: key=/                 300 not in keys.
2025-09-26 16:50:28,892 ; PT3S                                                         ; DEBUG   ; Mx._readMxsFile: TimeNr.      6 read and processed finally=2020-01-28 14:45:01.400000+0000 Values (without TIMESTAMP): 60 - Actual SNAPSHOTTYPE: TIME. - H5Dump: YES: key=/                 400 not in keys.
2025-09-26 16:50:28,909 ; PT3S                                                         ; DEBUG   ; Mx._readMxsFile: TimeNr.      7 read and processed finally=2020-01-28 14:45:01.500000+0000 Values (without TIMESTAMP): 60 - Actual SNAPSHOTTYPE: TIME. - H5Dump: YES: key=/                 500 not in keys.
2025-09-26 16:50:28,911 ; PT3S                                                         ; DEBUG   ; Mx._readMxsFile: TimeNr.      8 read and processed finally=2020-01-28 14:45:01.600000+0000 Values (without TIMESTAMP): 60 - Actual SNAPSHOTTYPE: TIME. - H5Dump: YES: key=/                 600 not in keys.
2025-09-26 16:50:28,916 ; PT3S                                                         ; DEBUG   ; Mx._readMxsFile: TimeNr.      9 read and processed finally=2020-01-28 14:45:01.700000+0000 Values (without TIMESTAMP): 60 - Actual SNAPSHOTTYPE: TIME. - H5Dump: YES: key=/                 700 not in keys.
2025-09-26 16:50:28,916 ; PT3S                                                         ; DEBUG   ; Mx._readMxsFile: TimeNr.     10 read and processed finally=2020-01-28 14:45:01.800000+0000 Values (without TIMESTAMP): 60 - Actual SNAPSHOTTYPE: TIME. - H5Dump: YES: key=/                 800 not in keys.
2025-09-26 16:50:28,924 ; PT3S                                                         ; DEBUG   ; Mx._readMxsFile: TimeNr.     11 read and processed finally=2020-01-28 14:45:01.900000+0000 Values (without TIMESTAMP): 60 - Actual SNAPSHOTTYPE: TIME. - H5Dump: YES: key=/                 900 not in keys.
2025-09-26 16:50:28,926 ; PT3S                                                         ; DEBUG   ; Mx._readMxsFile: TimeNr.     12 read and processed finally=2020-01-28 14:45:02.000000+0000 Values (without TIMESTAMP): 60 - Actual SNAPSHOTTYPE: TIME. - H5Dump: YES: key=/                1000 not in keys.
2025-09-26 16:50:28,933 ; PT3S                                                         ; DEBUG   ; Mx._readMxsFile: TimeNr.     13 read and processed finally=2020-01-28 14:45:02.100000+0000 Values (without TIMESTAMP): 60 - Actual SNAPSHOTTYPE: TIME. - H5Dump: YES: key=/                1100 not in keys.
2025-09-26 16:50:28,933 ; PT3S                                                         ; DEBUG   ; Mx._readMxsFile: TimeNr.     14 read and processed finally=2020-01-28 14:45:02.200000+0000 Values (without TIMESTAMP): 60 - Actual SNAPSHOTTYPE: TIME. - H5Dump: YES: key=/                1200 not in keys.
2025-09-26 16:50:28,938 ; PT3S                                                         ; DEBUG   ; Mx._readMxsFile: TimeNr.     15 read and processed finally=2020-01-28 14:45:02.300000+0000 Values (without TIMESTAMP): 60 - Actual SNAPSHOTTYPE: TIME. - H5Dump: YES: key=/                1300 not in keys.
2025-09-26 16:50:28,945 ; PT3S                                                         ; DEBUG   ; Mx._readMxsFile: TimeNr.     16 read and processed finally=2020-01-28 14:45:02.400000+0000 Values (without TIMESTAMP): 60 - Actual SNAPSHOTTYPE: TIME. - H5Dump: YES: key=/                1400 not in keys.
2025-09-26 16:50:28,949 ; PT3S                                                         ; DEBUG   ; Mx._readMxsFile: TimeNr.     17 read and processed finally=2020-01-28 14:45:02.500000+0000 Values (without TIMESTAMP): 60 - Actual SNAPSHOTTYPE: TIME. - H5Dump: YES: key=/                1500 not in keys.
2025-09-26 16:50:28,953 ; PT3S                                                         ; DEBUG   ; Mx._readMxsFile: TimeNr.     18 read and processed finally=2020-01-28 14:45:02.600000+0000 Values (without TIMESTAMP): 60 - Actual SNAPSHOTTYPE: TIME. - H5Dump: YES: key=/                1600 not in keys.
2025-09-26 16:50:28,953 ; PT3S                                                         ; DEBUG   ; Mx._readMxsFile: TimeNr.     19 read and processed finally=2020-01-28 14:45:02.700000+0000 Values (without TIMESTAMP): 60 - Actual SNAPSHOTTYPE: TIME. - H5Dump: YES: key=/                1700 not in keys.
2025-09-26 16:50:28,959 ; PT3S                                                         ; DEBUG   ; Mx._readMxsFile: TimeNr.     20 read and processed finally=2020-01-28 14:45:02.800000+0000 Values (without TIMESTAMP): 60 - Actual SNAPSHOTTYPE: TIME. - H5Dump: YES: key=/                1800 not in keys.
2025-09-26 16:50:28,965 ; PT3S                                                         ; DEBUG   ; Mx._readMxsFile: TimeNr.     21 read and processed finally=2020-01-28 14:45:02.900000+0000 Values (without TIMESTAMP): 60 - Actual SNAPSHOTTYPE: TIME. - H5Dump: YES: key=/                1900 not in keys.
2025-09-26 16:50:28,969 ; PT3S                                                         ; DEBUG   ; Mx._readMxsFile: TimeNr.     22 read and processed finally=2020-01-28 14:45:03.000000+0000 Values (without TIMESTAMP): 60 - Actual SNAPSHOTTYPE: TIME. - H5Dump: YES: key=/                2000 not in keys.
2025-09-26 16:50:28,969 ; PT3S                                                         ; DEBUG   ; Mx._readMxsFile: TimeNr.     23 read and processed finally=2020-01-28 14:45:03.100000+0000 Values (without TIMESTAMP): 60 - Actual SNAPSHOTTYPE: TIME. - H5Dump: YES: key=/                2100 not in keys.
2025-09-26 16:50:28,978 ; PT3S                                                         ; DEBUG   ; Mx._readMxsFile: TimeNr.     24 read and processed finally=2020-01-28 14:45:03.200000+0000 Values (without TIMESTAMP): 60 - Actual SNAPSHOTTYPE: TIME. - H5Dump: YES: key=/                2200 not in keys.
2025-09-26 16:50:28,984 ; PT3S                                                         ; DEBUG   ; Mx._readMxsFile: TimeNr.     25 read and processed finally=2020-01-28 14:45:03.300000+0000 Values (without TIMESTAMP): 60 - Actual SNAPSHOTTYPE: TIME. - H5Dump: YES: key=/                2300 not in keys.
2025-09-26 16:50:28,984 ; PT3S                                                         ; DEBUG   ; Mx._readMxsFile: TimeNr.     26 read and processed finally=2020-01-28 14:45:03.400000+0000 Values (without TIMESTAMP): 60 - Actual SNAPSHOTTYPE: TIME. - H5Dump: YES: key=/                2400 not in keys.
2025-09-26 16:50:28,992 ; PT3S                                                         ; DEBUG   ; Mx._readMxsFile: TimeNr.     27 read and processed finally=2020-01-28 14:45:03.500000+0000 Values (without TIMESTAMP): 60 - Actual SNAPSHOTTYPE: TIME. - H5Dump: YES: key=/                2500 not in keys.
2025-09-26 16:50:28,996 ; PT3S                                                         ; DEBUG   ; Mx._readMxsFile: TimeNr.     28 read and processed finally=2020-01-28 14:45:03.600000+0000 Values (without TIMESTAMP): 60 - Actual SNAPSHOTTYPE: TIME. - H5Dump: YES: key=/                2600 not in keys.
2025-09-26 16:50:29,003 ; PT3S                                                         ; DEBUG   ; Mx._readMxsFile: TimeNr.     29 read and processed finally=2020-01-28 14:45:03.700000+0000 Values (without TIMESTAMP): 60 - Actual SNAPSHOTTYPE: TIME. - H5Dump: YES: key=/                2700 not in keys.
2025-09-26 16:50:29,007 ; PT3S                                                         ; DEBUG   ; Mx._readMxsFile: TimeNr.     30 read and processed finally=2020-01-28 14:45:03.800000+0000 Values (without TIMESTAMP): 60 - Actual SNAPSHOTTYPE: TIME. - H5Dump: YES: key=/                2800 not in keys.
2025-09-26 16:50:29,011 ; PT3S                                                         ; DEBUG   ; Mx._readMxsFile: TimeNr.     31 read and processed finally=2020-01-28 14:45:03.900000+0000 Values (without TIMESTAMP): 60 - Actual SNAPSHOTTYPE: TIME. - H5Dump: YES: key=/                2900 not in keys.
2025-09-26 16:50:29,019 ; PT3S                                                         ; DEBUG   ; Mx._readMxsFile: TimeNr.     32 read and processed finally=2020-01-28 14:45:04.000000+0000 Values (without TIMESTAMP): 60 - Actual SNAPSHOTTYPE: TIME. - H5Dump: YES: key=/                3000 not in keys.
2025-09-26 16:50:29,024 ; PT3S                                                         ; DEBUG   ; Mx._readMxsFile: TimeNr.     33 read and processed finally=2020-01-28 14:45:04.100000+0000 Values (without TIMESTAMP): 60 - Actual SNAPSHOTTYPE: TIME. - H5Dump: YES: key=/                3100 not in keys.
2025-09-26 16:50:29,027 ; PT3S                                                         ; DEBUG   ; Mx._readMxsFile: TimeNr.     34 read and processed finally=2020-01-28 14:45:04.200000+0000 Values (without TIMESTAMP): 60 - Actual SNAPSHOTTYPE: TIME. - H5Dump: YES: key=/                3200 not in keys.
2025-09-26 16:50:29,031 ; PT3S                                                         ; DEBUG   ; Mx._readMxsFile: TimeNr.     35 read and processed finally=2020-01-28 14:45:04.300000+0000 Values (without TIMESTAMP): 60 - Actual SNAPSHOTTYPE: TIME. - H5Dump: YES: key=/                3300 not in keys.
2025-09-26 16:50:29,031 ; PT3S                                                         ; DEBUG   ; Mx._readMxsFile: TimeNr.     36 read and processed finally=2020-01-28 14:45:04.400000+0000 Values (without TIMESTAMP): 60 - Actual SNAPSHOTTYPE: TIME. - H5Dump: YES: key=/                3400 not in keys.
2025-09-26 16:50:29,043 ; PT3S                                                         ; DEBUG   ; Mx._readMxsFile: TimeNr.     37 read and processed finally=2020-01-28 14:45:04.500000+0000 Values (without TIMESTAMP): 60 - Actual SNAPSHOTTYPE: TIME. - H5Dump: YES: key=/                3500 not in keys.
2025-09-26 16:50:29,046 ; PT3S                                                         ; DEBUG   ; Mx._readMxsFile: TimeNr.     38 read and processed finally=2020-01-28 14:45:04.600000+0000 Values (without TIMESTAMP): 60 - Actual SNAPSHOTTYPE: TIME. - H5Dump: YES: key=/                3600 not in keys.
2025-09-26 16:50:29,054 ; PT3S                                                         ; DEBUG   ; Mx._readMxsFile: TimeNr.     39 read and processed finally=2020-01-28 14:45:04.700000+0000 Values (without TIMESTAMP): 60 - Actual SNAPSHOTTYPE: TIME. - H5Dump: YES: key=/                3700 not in keys.
2025-09-26 16:50:29,061 ; PT3S                                                         ; DEBUG   ; Mx._readMxsFile: TimeNr.     40 read and processed finally=2020-01-28 14:45:04.800000+0000 Values (without TIMESTAMP): 60 - Actual SNAPSHOTTYPE: TIME. - H5Dump: YES: key=/                3800 not in keys.
2025-09-26 16:50:29,067 ; PT3S                                                         ; DEBUG   ; Mx._readMxsFile: TimeNr.     41 read and processed finally=2020-01-28 14:45:04.900000+0000 Values (without TIMESTAMP): 60 - Actual SNAPSHOTTYPE: TIME. - H5Dump: YES: key=/                3900 not in keys.
2025-09-26 16:50:29,073 ; PT3S                                                         ; DEBUG   ; Mx._readMxsFile: TimeNr.     42 read and processed finally=2020-01-28 14:45:05.000000+0000 Values (without TIMESTAMP): 60 - Actual SNAPSHOTTYPE: TIME. - H5Dump: YES: key=/                4000 not in keys.
2025-09-26 16:50:29,077 ; PT3S                                                         ; DEBUG   ; Mx._readMxsFile: TimeNr.     43 read and processed finally=2020-01-28 14:45:05.100000+0000 Values (without TIMESTAMP): 60 - Actual SNAPSHOTTYPE: TIME. - H5Dump: YES: key=/                4100 not in keys.
2025-09-26 16:50:29,083 ; PT3S                                                         ; DEBUG   ; Mx._readMxsFile: TimeNr.     44 read and processed finally=2020-01-28 14:45:05.200000+0000 Values (without TIMESTAMP): 60 - Actual SNAPSHOTTYPE: TIME. - H5Dump: YES: key=/                4200 not in keys.
2025-09-26 16:50:29,090 ; PT3S                                                         ; DEBUG   ; Mx._readMxsFile: TimeNr.     45 read and processed finally=2020-01-28 14:45:05.300000+0000 Values (without TIMESTAMP): 60 - Actual SNAPSHOTTYPE: TIME. - H5Dump: YES: key=/                4300 not in keys.
2025-09-26 16:50:29,095 ; PT3S                                                         ; DEBUG   ; Mx._readMxsFile: TimeNr.     46 read and processed finally=2020-01-28 14:45:05.400000+0000 Values (without TIMESTAMP): 60 - Actual SNAPSHOTTYPE: TIME. - H5Dump: YES: key=/                4400 not in keys.
2025-09-26 16:50:29,098 ; PT3S                                                         ; DEBUG   ; Mx._readMxsFile: TimeNr.     47 read and processed finally=2020-01-28 14:45:05.500000+0000 Values (without TIMESTAMP): 60 - Actual SNAPSHOTTYPE: TIME. - H5Dump: YES: key=/                4500 not in keys.
2025-09-26 16:50:29,104 ; PT3S                                                         ; DEBUG   ; Mx._readMxsFile: TimeNr.     48 read and processed finally=2020-01-28 14:45:05.600000+0000 Values (without TIMESTAMP): 60 - Actual SNAPSHOTTYPE: TIME. - H5Dump: YES: key=/                4600 not in keys.
2025-09-26 16:50:29,110 ; PT3S                                                         ; DEBUG   ; Mx._readMxsFile: TimeNr.     49 read and processed finally=2020-01-28 14:45:05.700000+0000 Values (without TIMESTAMP): 60 - Actual SNAPSHOTTYPE: TIME. - H5Dump: YES: key=/                4700 not in keys.
2025-09-26 16:50:29,116 ; PT3S                                                         ; DEBUG   ; Mx._readMxsFile: TimeNr.     50 read and processed finally=2020-01-28 14:45:05.800000+0000 Values (without TIMESTAMP): 60 - Actual SNAPSHOTTYPE: TIME. - H5Dump: YES: key=/                4800 not in keys.
2025-09-26 16:50:29,118 ; PT3S                                                         ; DEBUG   ; Mx._readMxsFile: TimeNr.     51 read and processed finally=2020-01-28 14:45:05.900000+0000 Values (without TIMESTAMP): 60 - Actual SNAPSHOTTYPE: TIME. - H5Dump: YES: key=/                4900 not in keys.
2025-09-26 16:50:29,125 ; PT3S                                                         ; DEBUG   ; Mx._readMxsFile: TimeNr.     52 read and processed finally=2020-01-28 14:45:06.000000+0000 Values (without TIMESTAMP): 60 - Actual SNAPSHOTTYPE: TIME. - H5Dump: YES: key=/                5000 not in keys.
2025-09-26 16:50:29,132 ; PT3S                                                         ; DEBUG   ; Mx._readMxsFile: TimeNr.     53 read and processed finally=2020-01-28 14:45:06.100000+0000 Values (without TIMESTAMP): 60 - Actual SNAPSHOTTYPE: TIME. - H5Dump: YES: key=/                5100 not in keys.
2025-09-26 16:50:29,135 ; PT3S                                                         ; DEBUG   ; Mx._readMxsFile: TimeNr.     54 read and processed finally=2020-01-28 14:45:06.200000+0000 Values (without TIMESTAMP): 60 - Actual SNAPSHOTTYPE: TIME. - H5Dump: YES: key=/                5200 not in keys.
2025-09-26 16:50:29,142 ; PT3S                                                         ; DEBUG   ; Mx._readMxsFile: TimeNr.     55 read and processed finally=2020-01-28 14:45:06.300000+0000 Values (without TIMESTAMP): 60 - Actual SNAPSHOTTYPE: TIME. - H5Dump: YES: key=/                5300 not in keys.
2025-09-26 16:50:29,149 ; PT3S                                                         ; DEBUG   ; Mx._readMxsFile: TimeNr.     56 read and processed finally=2020-01-28 14:45:06.400000+0000 Values (without TIMESTAMP): 60 - Actual SNAPSHOTTYPE: TIME. - H5Dump: YES: key=/                5400 not in keys.
2025-09-26 16:50:29,156 ; PT3S                                                         ; DEBUG   ; Mx._readMxsFile: TimeNr.     57 read and processed finally=2020-01-28 14:45:06.500000+0000 Values (without TIMESTAMP): 60 - Actual SNAPSHOTTYPE: TIME. - H5Dump: YES: key=/                5500 not in keys.
2025-09-26 16:50:29,161 ; PT3S                                                         ; DEBUG   ; Mx._readMxsFile: TimeNr.     58 read and processed finally=2020-01-28 14:45:06.600000+0000 Values (without TIMESTAMP): 60 - Actual SNAPSHOTTYPE: TIME. - H5Dump: YES: key=/                5600 not in keys.
2025-09-26 16:50:29,167 ; PT3S                                                         ; DEBUG   ; Mx._readMxsFile: TimeNr.     59 read and processed finally=2020-01-28 14:45:06.700000+0000 Values (without TIMESTAMP): 60 - Actual SNAPSHOTTYPE: TIME. - H5Dump: YES: key=/                5700 not in keys.
2025-09-26 16:50:29,173 ; PT3S                                                         ; DEBUG   ; Mx._readMxsFile: TimeNr.     60 read and processed finally=2020-01-28 14:45:06.800000+0000 Values (without TIMESTAMP): 60 - Actual SNAPSHOTTYPE: TIME. - H5Dump: YES: key=/                5800 not in keys.
2025-09-26 16:50:29,182 ; PT3S                                                         ; DEBUG   ; Mx._readMxsFile: TimeNr.     61 read and processed finally=2020-01-28 14:45:06.900000+0000 Values (without TIMESTAMP): 60 - Actual SNAPSHOTTYPE: TIME. - H5Dump: YES: key=/                5900 not in keys.
2025-09-26 16:50:29,187 ; PT3S                                                         ; DEBUG   ; Mx._readMxsFile: TimeNr.     62 read and processed finally=2020-01-28 14:45:07.000000+0000 Values (without TIMESTAMP): 60 - Actual SNAPSHOTTYPE: TIME. - H5Dump: YES: key=/                6000 not in keys.
2025-09-26 16:50:29,193 ; PT3S                                                         ; DEBUG   ; Mx._readMxsFile: TimeNr.     63 read and processed finally=2020-01-28 14:45:07.100000+0000 Values (without TIMESTAMP): 60 - Actual SNAPSHOTTYPE: TIME. - H5Dump: YES: key=/                6100 not in keys.
2025-09-26 16:50:29,202 ; PT3S                                                         ; DEBUG   ; Mx._readMxsFile: TimeNr.     64 read and processed finally=2020-01-28 14:45:07.200000+0000 Values (without TIMESTAMP): 60 - Actual SNAPSHOTTYPE: TIME. - H5Dump: YES: key=/                6200 not in keys.
2025-09-26 16:50:29,209 ; PT3S                                                         ; DEBUG   ; Mx._readMxsFile: TimeNr.     65 read and processed finally=2020-01-28 14:45:07.300000+0000 Values (without TIMESTAMP): 60 - Actual SNAPSHOTTYPE: TIME. - H5Dump: YES: key=/                6300 not in keys.
2025-09-26 16:50:29,214 ; PT3S                                                         ; DEBUG   ; Mx._readMxsFile: TimeNr.     66 read and processed finally=2020-01-28 14:45:07.400000+0000 Values (without TIMESTAMP): 60 - Actual SNAPSHOTTYPE: TIME. - H5Dump: YES: key=/                6400 not in keys.
2025-09-26 16:50:29,218 ; PT3S                                                         ; DEBUG   ; Mx._readMxsFile: TimeNr.     67 read and processed finally=2020-01-28 14:45:07.500000+0000 Values (without TIMESTAMP): 60 - Actual SNAPSHOTTYPE: TIME. - H5Dump: YES: key=/                6500 not in keys.
2025-09-26 16:50:29,227 ; PT3S                                                         ; DEBUG   ; Mx._readMxsFile: TimeNr.     68 read and processed finally=2020-01-28 14:45:07.600000+0000 Values (without TIMESTAMP): 60 - Actual SNAPSHOTTYPE: TIME. - H5Dump: YES: key=/                6600 not in keys.
2025-09-26 16:50:29,235 ; PT3S                                                         ; DEBUG   ; Mx._readMxsFile: TimeNr.     69 read and processed finally=2020-01-28 14:45:07.700000+0000 Values (without TIMESTAMP): 60 - Actual SNAPSHOTTYPE: TIME. - H5Dump: YES: key=/                6700 not in keys.
2025-09-26 16:50:29,235 ; PT3S                                                         ; DEBUG   ; Mx._readMxsFile: TimeNr.     70 read and processed finally=2020-01-28 14:45:07.800000+0000 Values (without TIMESTAMP): 60 - Actual SNAPSHOTTYPE: TIME. - H5Dump: YES: key=/                6800 not in keys.
2025-09-26 16:50:29,242 ; PT3S                                                         ; DEBUG   ; Mx._readMxsFile: TimeNr.     71 read and processed finally=2020-01-28 14:45:07.900000+0000 Values (without TIMESTAMP): 60 - Actual SNAPSHOTTYPE: TIME. - H5Dump: YES: key=/                6900 not in keys.
2025-09-26 16:50:29,251 ; PT3S                                                         ; DEBUG   ; Mx._readMxsFile: TimeNr.     72 read and processed finally=2020-01-28 14:45:08.000000+0000 Values (without TIMESTAMP): 60 - Actual SNAPSHOTTYPE: TIME. - H5Dump: YES: key=/                7000 not in keys.
2025-09-26 16:50:29,251 ; PT3S                                                         ; DEBUG   ; Mx._readMxsFile: TimeNr.     73 read and processed finally=2020-01-28 14:45:08.100000+0000 Values (without TIMESTAMP): 60 - Actual SNAPSHOTTYPE: TIME. - H5Dump: YES: key=/                7100 not in keys.
2025-09-26 16:50:29,261 ; PT3S                                                         ; DEBUG   ; Mx._readMxsFile: TimeNr.     74 read and processed finally=2020-01-28 14:45:08.200000+0000 Values (without TIMESTAMP): 60 - Actual SNAPSHOTTYPE: TIME. - H5Dump: YES: key=/                7200 not in keys.
2025-09-26 16:50:29,268 ; PT3S                                                         ; DEBUG   ; Mx._readMxsFile: TimeNr.     75 read and processed finally=2020-01-28 14:45:08.300000+0000 Values (without TIMESTAMP): 60 - Actual SNAPSHOTTYPE: TIME. - H5Dump: YES: key=/                7300 not in keys.
2025-09-26 16:50:29,276 ; PT3S                                                         ; DEBUG   ; Mx._readMxsFile: TimeNr.     76 read and processed finally=2020-01-28 14:45:08.400000+0000 Values (without TIMESTAMP): 60 - Actual SNAPSHOTTYPE: TIME. - H5Dump: YES: key=/                7400 not in keys.
2025-09-26 16:50:29,286 ; PT3S                                                         ; DEBUG   ; Mx._readMxsFile: TimeNr.     77 read and processed finally=2020-01-28 14:45:08.500000+0000 Values (without TIMESTAMP): 60 - Actual SNAPSHOTTYPE: TIME. - H5Dump: YES: key=/                7500 not in keys.
2025-09-26 16:50:29,287 ; PT3S                                                         ; DEBUG   ; Mx._readMxsFile: TimeNr.     78 read and processed finally=2020-01-28 14:45:08.600000+0000 Values (without TIMESTAMP): 60 - Actual SNAPSHOTTYPE: TIME. - H5Dump: YES: key=/                7600 not in keys.
2025-09-26 16:50:29,292 ; PT3S                                                         ; DEBUG   ; Mx._readMxsFile: TimeNr.     79 read and processed finally=2020-01-28 14:45:08.700000+0000 Values (without TIMESTAMP): 60 - Actual SNAPSHOTTYPE: TIME. - H5Dump: YES: key=/                7700 not in keys.
2025-09-26 16:50:29,303 ; PT3S                                                         ; DEBUG   ; Mx._readMxsFile: TimeNr.     80 read and processed finally=2020-01-28 14:45:08.800000+0000 Values (without TIMESTAMP): 60 - Actual SNAPSHOTTYPE: TIME. - H5Dump: YES: key=/                7800 not in keys.
2025-09-26 16:50:29,309 ; PT3S                                                         ; DEBUG   ; Mx._readMxsFile: TimeNr.     81 read and processed finally=2020-01-28 14:45:08.900000+0000 Values (without TIMESTAMP): 60 - Actual SNAPSHOTTYPE: TIME. - H5Dump: YES: key=/                7900 not in keys.
2025-09-26 16:50:29,319 ; PT3S                                                         ; DEBUG   ; Mx._readMxsFile: TimeNr.     82 read and processed finally=2020-01-28 14:45:09.000000+0000 Values (without TIMESTAMP): 60 - Actual SNAPSHOTTYPE: TIME. - H5Dump: YES: key=/                8000 not in keys.
2025-09-26 16:50:29,324 ; PT3S                                                         ; DEBUG   ; Mx._readMxsFile: TimeNr.     83 read and processed finally=2020-01-28 14:45:09.100000+0000 Values (without TIMESTAMP): 60 - Actual SNAPSHOTTYPE: TIME. - H5Dump: YES: key=/                8100 not in keys.
2025-09-26 16:50:29,329 ; PT3S                                                         ; DEBUG   ; Mx._readMxsFile: TimeNr.     84 read and processed finally=2020-01-28 14:45:09.200000+0000 Values (without TIMESTAMP): 60 - Actual SNAPSHOTTYPE: TIME. - H5Dump: YES: key=/                8200 not in keys.
2025-09-26 16:50:29,338 ; PT3S                                                         ; DEBUG   ; Mx._readMxsFile: TimeNr.     85 read and processed finally=2020-01-28 14:45:09.300000+0000 Values (without TIMESTAMP): 60 - Actual SNAPSHOTTYPE: TIME. - H5Dump: YES: key=/                8300 not in keys.
2025-09-26 16:50:29,344 ; PT3S                                                         ; DEBUG   ; Mx._readMxsFile: TimeNr.     86 read and processed finally=2020-01-28 14:45:09.400000+0000 Values (without TIMESTAMP): 60 - Actual SNAPSHOTTYPE: TIME. - H5Dump: YES: key=/                8400 not in keys.
2025-09-26 16:50:29,347 ; PT3S                                                         ; DEBUG   ; Mx._readMxsFile: TimeNr.     87 read and processed finally=2020-01-28 14:45:09.500000+0000 Values (without TIMESTAMP): 60 - Actual SNAPSHOTTYPE: TIME. - H5Dump: YES: key=/                8500 not in keys.
2025-09-26 16:50:29,358 ; PT3S                                                         ; DEBUG   ; Mx._readMxsFile: TimeNr.     88 read and processed finally=2020-01-28 14:45:09.600000+0000 Values (without TIMESTAMP): 60 - Actual SNAPSHOTTYPE: TIME. - H5Dump: YES: key=/                8600 not in keys.
2025-09-26 16:50:29,371 ; PT3S                                                         ; DEBUG   ; Mx._readMxsFile: TimeNr.     89 read and processed finally=2020-01-28 14:45:09.700000+0000 Values (without TIMESTAMP): 60 - Actual SNAPSHOTTYPE: TIME. - H5Dump: YES: key=/                8700 not in keys.
2025-09-26 16:50:29,376 ; PT3S                                                         ; DEBUG   ; Mx._readMxsFile: TimeNr.     90 read and processed finally=2020-01-28 14:45:09.800000+0000 Values (without TIMESTAMP): 60 - Actual SNAPSHOTTYPE: TIME. - H5Dump: YES: key=/                8800 not in keys.
2025-09-26 16:50:29,383 ; PT3S                                                         ; DEBUG   ; Mx._readMxsFile: TimeNr.     91 read and processed finally=2020-01-28 14:45:09.900000+0000 Values (without TIMESTAMP): 60 - Actual SNAPSHOTTYPE: TIME. - H5Dump: YES: key=/                8900 not in keys.
2025-09-26 16:50:29,389 ; PT3S                                                         ; DEBUG   ; Mx._readMxsFile: TimeNr.     92 read and processed finally=2020-01-28 14:45:10.000000+0000 Values (without TIMESTAMP): 60 - Actual SNAPSHOTTYPE: TIME. - H5Dump: YES: key=/                9000 not in keys.
2025-09-26 16:50:29,392 ; PT3S                                                         ; DEBUG   ; Mx._readMxsFile: TimeNr.     93 read and processed finally=2020-01-28 14:45:10.100000+0000 Values (without TIMESTAMP): 60 - Actual SNAPSHOTTYPE: TIME. - H5Dump: YES: key=/                9100 not in keys.
2025-09-26 16:50:29,392 ; PT3S                                                         ; DEBUG   ; Mx._readMxsFile: TimeNr.     94 read and processed finally=2020-01-28 14:45:10.200000+0000 Values (without TIMESTAMP): 60 - Actual SNAPSHOTTYPE: TIME. - H5Dump: YES: key=/                9200 not in keys.
2025-09-26 16:50:29,404 ; PT3S                                                         ; DEBUG   ; Mx._readMxsFile: TimeNr.     95 read and processed finally=2020-01-28 14:45:10.300000+0000 Values (without TIMESTAMP): 60 - Actual SNAPSHOTTYPE: TIME. - H5Dump: YES: key=/                9300 not in keys.
2025-09-26 16:50:29,409 ; PT3S                                                         ; DEBUG   ; Mx._readMxsFile: TimeNr.     96 read and processed finally=2020-01-28 14:45:10.400000+0000 Values (without TIMESTAMP): 60 - Actual SNAPSHOTTYPE: TIME. - H5Dump: YES: key=/                9400 not in keys.
2025-09-26 16:50:29,419 ; PT3S                                                         ; DEBUG   ; Mx._readMxsFile: TimeNr.     97 read and processed finally=2020-01-28 14:45:10.500000+0000 Values (without TIMESTAMP): 60 - Actual SNAPSHOTTYPE: TIME. - H5Dump: YES: key=/                9500 not in keys.
2025-09-26 16:50:29,420 ; PT3S                                                         ; DEBUG   ; Mx._readMxsFile: TimeNr.     98 read and processed finally=2020-01-28 14:45:10.600000+0000 Values (without TIMESTAMP): 60 - Actual SNAPSHOTTYPE: TIME. - H5Dump: YES: key=/                9600 not in keys.
2025-09-26 16:50:29,429 ; PT3S                                                         ; DEBUG   ; Mx._readMxsFile: TimeNr.     99 read and processed finally=2020-01-28 14:45:10.700000+0000 Values (without TIMESTAMP): 60 - Actual SNAPSHOTTYPE: TIME. - H5Dump: YES: key=/                9700 not in keys.
2025-09-26 16:50:29,434 ; PT3S                                                         ; DEBUG   ; Mx._readMxsFile: TimeNr.    100 read and processed finally=2020-01-28 14:45:10.800000+0000 Values (without TIMESTAMP): 60 - Actual SNAPSHOTTYPE: TIME. - H5Dump: YES: key=/                9800 not in keys.
2025-09-26 16:50:29,434 ; PT3S                                                         ; DEBUG   ; Mx._readMxsFile: TimeNr.    101 read and processed finally=2020-01-28 14:45:10.900000+0000 Values (without TIMESTAMP): 60 - Actual SNAPSHOTTYPE: TIME. - H5Dump: YES: key=/                9900 not in keys.
2025-09-26 16:50:29,444 ; PT3S                                                         ; DEBUG   ; Mx._readMxsFile: TimeNr.    102 read and processed finally=2020-01-28 14:45:11.000000+0000 Values (without TIMESTAMP): 60 - Actual SNAPSHOTTYPE: TIME. - H5Dump: YES: key=/               10000 not in keys.
2025-09-26 16:50:29,450 ; PT3S                                                         ; DEBUG   ; Mx._readMxsFile: TimeNr.    103 read and processed finally=2020-01-28 14:45:11.100000+0000 Values (without TIMESTAMP): 60 - Actual SNAPSHOTTYPE: TIME. - H5Dump: YES: key=/               10100 not in keys.
2025-09-26 16:50:29,451 ; PT3S                                                         ; DEBUG   ; Mx._readMxsFile: TimeNr.    104 read and processed finally=2020-01-28 14:45:11.200000+0000 Values (without TIMESTAMP): 60 - Actual SNAPSHOTTYPE: TIME. - H5Dump: YES: key=/               10200 not in keys.
2025-09-26 16:50:29,459 ; PT3S                                                         ; DEBUG   ; Mx._readMxsFile: TimeNr.    105 read and processed finally=2020-01-28 14:45:11.300000+0000 Values (without TIMESTAMP): 60 - Actual SNAPSHOTTYPE: TIME. - H5Dump: YES: key=/               10300 not in keys.
2025-09-26 16:50:29,467 ; PT3S                                                         ; DEBUG   ; Mx._readMxsFile: TimeNr.    106 read and processed finally=2020-01-28 14:45:11.400000+0000 Values (without TIMESTAMP): 60 - Actual SNAPSHOTTYPE: TIME. - H5Dump: YES: key=/               10400 not in keys.
2025-09-26 16:50:29,467 ; PT3S                                                         ; DEBUG   ; Mx._readMxsFile: TimeNr.    107 read and processed finally=2020-01-28 14:45:11.500000+0000 Values (without TIMESTAMP): 60 - Actual SNAPSHOTTYPE: TIME. - H5Dump: YES: key=/               10500 not in keys.
2025-09-26 16:50:29,478 ; PT3S                                                         ; DEBUG   ; Mx._readMxsFile: TimeNr.    108 read and processed finally=2020-01-28 14:45:11.600000+0000 Values (without TIMESTAMP): 60 - Actual SNAPSHOTTYPE: TIME. - H5Dump: YES: key=/               10600 not in keys.
2025-09-26 16:50:29,484 ; PT3S                                                         ; DEBUG   ; Mx._readMxsFile: TimeNr.    109 read and processed finally=2020-01-28 14:45:11.700000+0000 Values (without TIMESTAMP): 60 - Actual SNAPSHOTTYPE: TIME. - H5Dump: YES: key=/               10700 not in keys.
2025-09-26 16:50:29,489 ; PT3S                                                         ; DEBUG   ; Mx._readMxsFile: TimeNr.    110 read and processed finally=2020-01-28 14:45:11.800000+0000 Values (without TIMESTAMP): 60 - Actual SNAPSHOTTYPE: TIME. - H5Dump: YES: key=/               10800 not in keys.
2025-09-26 16:50:29,497 ; PT3S                                                         ; DEBUG   ; Mx._readMxsFile: TimeNr.    111 read and processed finally=2020-01-28 14:45:11.900000+0000 Values (without TIMESTAMP): 60 - Actual SNAPSHOTTYPE: TIME. - H5Dump: YES: key=/               10900 not in keys.
2025-09-26 16:50:29,502 ; PT3S                                                         ; DEBUG   ; Mx._readMxsFile: TimeNr.    112 read and processed finally=2020-01-28 14:45:12.000000+0000 Values (without TIMESTAMP): 60 - Actual SNAPSHOTTYPE: TIME. - H5Dump: YES: key=/               11000 not in keys.
2025-09-26 16:50:29,502 ; PT3S                                                         ; DEBUG   ; Mx._readMxsFile: TimeNr.    113 read and processed finally=2020-01-28 14:45:12.100000+0000 Values (without TIMESTAMP): 60 - Actual SNAPSHOTTYPE: TIME. - H5Dump: YES: key=/               11100 not in keys.
2025-09-26 16:50:29,514 ; PT3S                                                         ; DEBUG   ; Mx._readMxsFile: TimeNr.    114 read and processed finally=2020-01-28 14:45:12.200000+0000 Values (without TIMESTAMP): 60 - Actual SNAPSHOTTYPE: TIME. - H5Dump: YES: key=/               11200 not in keys.
2025-09-26 16:50:29,518 ; PT3S                                                         ; DEBUG   ; Mx._readMxsFile: TimeNr.    115 read and processed finally=2020-01-28 14:45:12.300000+0000 Values (without TIMESTAMP): 60 - Actual SNAPSHOTTYPE: TIME. - H5Dump: YES: key=/               11300 not in keys.
2025-09-26 16:50:29,518 ; PT3S                                                         ; DEBUG   ; Mx._readMxsFile: TimeNr.    116 read and processed finally=2020-01-28 14:45:12.400000+0000 Values (without TIMESTAMP): 60 - Actual SNAPSHOTTYPE: TIME. - H5Dump: YES: key=/               11400 not in keys.
2025-09-26 16:50:29,531 ; PT3S                                                         ; DEBUG   ; Mx._readMxsFile: TimeNr.    117 read and processed finally=2020-01-28 14:45:12.500000+0000 Values (without TIMESTAMP): 60 - Actual SNAPSHOTTYPE: TIME. - H5Dump: YES: key=/               11500 not in keys.
2025-09-26 16:50:29,536 ; PT3S                                                         ; DEBUG   ; Mx._readMxsFile: TimeNr.    118 read and processed finally=2020-01-28 14:45:12.600000+0000 Values (without TIMESTAMP): 60 - Actual SNAPSHOTTYPE: TIME. - H5Dump: YES: key=/               11600 not in keys.
2025-09-26 16:50:29,543 ; PT3S                                                         ; DEBUG   ; Mx._readMxsFile: TimeNr.    119 read and processed finally=2020-01-28 14:45:12.700000+0000 Values (without TIMESTAMP): 60 - Actual SNAPSHOTTYPE: TIME. - H5Dump: YES: key=/               11700 not in keys.
2025-09-26 16:50:29,551 ; PT3S                                                         ; DEBUG   ; Mx._readMxsFile: TimeNr.    120 read and processed finally=2020-01-28 14:45:12.800000+0000 Values (without TIMESTAMP): 60 - Actual SNAPSHOTTYPE: TIME. - H5Dump: YES: key=/               11800 not in keys.
2025-09-26 16:50:29,553 ; PT3S                                                         ; DEBUG   ; Mx._readMxsFile: TimeNr.    121 read and processed finally=2020-01-28 14:45:12.900000+0000 Values (without TIMESTAMP): 60 - Actual SNAPSHOTTYPE: TIME. - H5Dump: YES: key=/               11900 not in keys.
2025-09-26 16:50:29,559 ; PT3S                                                         ; DEBUG   ; Mx._readMxsFile: TimeNr.    122 read and processed finally=2020-01-28 14:45:13.000000+0000 Values (without TIMESTAMP): 60 - Actual SNAPSHOTTYPE: TIME. - H5Dump: YES: key=/               12000 not in keys.
2025-09-26 16:50:29,573 ; PT3S                                                         ; DEBUG   ; Mx._readMxsFile: TimeNr.    123 read and processed finally=2020-01-28 14:45:13.100000+0000 Values (without TIMESTAMP): 60 - Actual SNAPSHOTTYPE: TIME. - H5Dump: YES: key=/               12100 not in keys.
2025-09-26 16:50:29,579 ; PT3S                                                         ; DEBUG   ; Mx._readMxsFile: TimeNr.    124 read and processed finally=2020-01-28 14:45:13.200000+0000 Values (without TIMESTAMP): 60 - Actual SNAPSHOTTYPE: TIME. - H5Dump: YES: key=/               12200 not in keys.
2025-09-26 16:50:29,584 ; PT3S                                                         ; DEBUG   ; Mx._readMxsFile: TimeNr.    125 read and processed finally=2020-01-28 14:45:13.300000+0000 Values (without TIMESTAMP): 60 - Actual SNAPSHOTTYPE: TIME. - H5Dump: YES: key=/               12300 not in keys.
2025-09-26 16:50:29,588 ; PT3S                                                         ; DEBUG   ; Mx._readMxsFile: TimeNr.    126 read and processed finally=2020-01-28 14:45:13.400000+0000 Values (without TIMESTAMP): 60 - Actual SNAPSHOTTYPE: TIME. - H5Dump: YES: key=/               12400 not in keys.
2025-09-26 16:50:29,597 ; PT3S                                                         ; DEBUG   ; Mx._readMxsFile: TimeNr.    127 read and processed finally=2020-01-28 14:45:13.500000+0000 Values (without TIMESTAMP): 60 - Actual SNAPSHOTTYPE: TIME. - H5Dump: YES: key=/               12500 not in keys.
2025-09-26 16:50:29,602 ; PT3S                                                         ; DEBUG   ; Mx._readMxsFile: TimeNr.    128 read and processed finally=2020-01-28 14:45:13.600000+0000 Values (without TIMESTAMP): 60 - Actual SNAPSHOTTYPE: TIME. - H5Dump: YES: key=/               12600 not in keys.
2025-09-26 16:50:29,604 ; PT3S                                                         ; DEBUG   ; Mx._readMxsFile: TimeNr.    129 read and processed finally=2020-01-28 14:45:13.700000+0000 Values (without TIMESTAMP): 60 - Actual SNAPSHOTTYPE: TIME. - H5Dump: YES: key=/               12700 not in keys.
2025-09-26 16:50:29,612 ; PT3S                                                         ; DEBUG   ; Mx._readMxsFile: TimeNr.    130 read and processed finally=2020-01-28 14:45:13.800000+0000 Values (without TIMESTAMP): 60 - Actual SNAPSHOTTYPE: TIME. - H5Dump: YES: key=/               12800 not in keys.
2025-09-26 16:50:29,620 ; PT3S                                                         ; DEBUG   ; Mx._readMxsFile: TimeNr.    131 read and processed finally=2020-01-28 14:45:13.900000+0000 Values (without TIMESTAMP): 60 - Actual SNAPSHOTTYPE: TIME. - H5Dump: YES: key=/               12900 not in keys.
2025-09-26 16:50:29,620 ; PT3S                                                         ; DEBUG   ; Mx._readMxsFile: TimeNr.    132 read and processed finally=2020-01-28 14:45:14.000000+0000 Values (without TIMESTAMP): 60 - Actual SNAPSHOTTYPE: TIME. - H5Dump: YES: key=/               13000 not in keys.
2025-09-26 16:50:29,628 ; PT3S                                                         ; DEBUG   ; Mx._readMxsFile: TimeNr.    133 read and processed finally=2020-01-28 14:45:14.100000+0000 Values (without TIMESTAMP): 60 - Actual SNAPSHOTTYPE: TIME. - H5Dump: YES: key=/               13100 not in keys.
2025-09-26 16:50:29,634 ; PT3S                                                         ; DEBUG   ; Mx._readMxsFile: TimeNr.    134 read and processed finally=2020-01-28 14:45:14.200000+0000 Values (without TIMESTAMP): 60 - Actual SNAPSHOTTYPE: TIME. - H5Dump: YES: key=/               13200 not in keys.
2025-09-26 16:50:29,634 ; PT3S                                                         ; DEBUG   ; Mx._readMxsFile: TimeNr.    135 read and processed finally=2020-01-28 14:45:14.300000+0000 Values (without TIMESTAMP): 60 - Actual SNAPSHOTTYPE: TIME. - H5Dump: YES: key=/               13300 not in keys.
2025-09-26 16:50:29,646 ; PT3S                                                         ; DEBUG   ; Mx._readMxsFile: TimeNr.    136 read and processed finally=2020-01-28 14:45:14.400000+0000 Values (without TIMESTAMP): 60 - Actual SNAPSHOTTYPE: TIME. - H5Dump: YES: key=/               13400 not in keys.
2025-09-26 16:50:29,650 ; PT3S                                                         ; DEBUG   ; Mx._readMxsFile: TimeNr.    137 read and processed finally=2020-01-28 14:45:14.500000+0000 Values (without TIMESTAMP): 60 - Actual SNAPSHOTTYPE: TIME. - H5Dump: YES: key=/               13500 not in keys.
2025-09-26 16:50:29,650 ; PT3S                                                         ; DEBUG   ; Mx._readMxsFile: TimeNr.    138 read and processed finally=2020-01-28 14:45:14.600000+0000 Values (without TIMESTAMP): 60 - Actual SNAPSHOTTYPE: TIME. - H5Dump: YES: key=/               13600 not in keys.
2025-09-26 16:50:29,661 ; PT3S                                                         ; DEBUG   ; Mx._readMxsFile: TimeNr.    139 read and processed finally=2020-01-28 14:45:14.700000+0000 Values (without TIMESTAMP): 60 - Actual SNAPSHOTTYPE: TIME. - H5Dump: YES: key=/               13700 not in keys.
2025-09-26 16:50:29,665 ; PT3S                                                         ; DEBUG   ; Mx._readMxsFile: TimeNr.    140 read and processed finally=2020-01-28 14:45:14.800000+0000 Values (without TIMESTAMP): 60 - Actual SNAPSHOTTYPE: TIME. - H5Dump: YES: key=/               13800 not in keys.
2025-09-26 16:50:29,665 ; PT3S                                                         ; DEBUG   ; Mx._readMxsFile: TimeNr.    141 read and processed finally=2020-01-28 14:45:14.900000+0000 Values (without TIMESTAMP): 60 - Actual SNAPSHOTTYPE: TIME. - H5Dump: YES: key=/               13900 not in keys.
2025-09-26 16:50:29,678 ; PT3S                                                         ; DEBUG   ; Mx._readMxsFile: TimeNr.    142 read and processed finally=2020-01-28 14:45:15.000000+0000 Values (without TIMESTAMP): 60 - Actual SNAPSHOTTYPE: TIME. - H5Dump: YES: key=/               14000 not in keys.
2025-09-26 16:50:29,683 ; PT3S                                                         ; DEBUG   ; Mx._readMxsFile: TimeNr.    143 read and processed finally=2020-01-28 14:45:15.100000+0000 Values (without TIMESTAMP): 60 - Actual SNAPSHOTTYPE: TIME. - H5Dump: YES: key=/               14100 not in keys.
2025-09-26 16:50:29,683 ; PT3S                                                         ; DEBUG   ; Mx._readMxsFile: TimeNr.    144 read and processed finally=2020-01-28 14:45:15.200000+0000 Values (without TIMESTAMP): 60 - Actual SNAPSHOTTYPE: TIME. - H5Dump: YES: key=/               14200 not in keys.
2025-09-26 16:50:29,697 ; PT3S                                                         ; DEBUG   ; Mx._readMxsFile: TimeNr.    145 read and processed finally=2020-01-28 14:45:15.300000+0000 Values (without TIMESTAMP): 60 - Actual SNAPSHOTTYPE: TIME. - H5Dump: YES: key=/               14300 not in keys.
2025-09-26 16:50:29,704 ; PT3S                                                         ; DEBUG   ; Mx._readMxsFile: TimeNr.    146 read and processed finally=2020-01-28 14:45:15.400000+0000 Values (without TIMESTAMP): 60 - Actual SNAPSHOTTYPE: TIME. - H5Dump: YES: key=/               14400 not in keys.
2025-09-26 16:50:29,711 ; PT3S                                                         ; DEBUG   ; Mx._readMxsFile: TimeNr.    147 read and processed finally=2020-01-28 14:45:15.500000+0000 Values (without TIMESTAMP): 60 - Actual SNAPSHOTTYPE: TIME. - H5Dump: YES: key=/               14500 not in keys.
2025-09-26 16:50:29,711 ; PT3S                                                         ; DEBUG   ; Mx._readMxsFile: TimeNr.    148 read and processed finally=2020-01-28 14:45:15.600000+0000 Values (without TIMESTAMP): 60 - Actual SNAPSHOTTYPE: TIME. - H5Dump: YES: key=/               14600 not in keys.
2025-09-26 16:50:29,722 ; PT3S                                                         ; DEBUG   ; Mx._readMxsFile: TimeNr.    149 read and processed finally=2020-01-28 14:45:15.700000+0000 Values (without TIMESTAMP): 60 - Actual SNAPSHOTTYPE: TIME. - H5Dump: YES: key=/               14700 not in keys.
2025-09-26 16:50:29,729 ; PT3S                                                         ; DEBUG   ; Mx._readMxsFile: TimeNr.    150 read and processed finally=2020-01-28 14:45:15.800000+0000 Values (without TIMESTAMP): 60 - Actual SNAPSHOTTYPE: TIME. - H5Dump: YES: key=/               14800 not in keys.
2025-09-26 16:50:29,729 ; PT3S                                                         ; DEBUG   ; Mx._readMxsFile: TimeNr.    151 read and processed finally=2020-01-28 14:45:15.900000+0000 Values (without TIMESTAMP): 60 - Actual SNAPSHOTTYPE: TIME. - H5Dump: YES: key=/               14900 not in keys.
2025-09-26 16:50:29,738 ; PT3S                                                         ; DEBUG   ; Mx._readMxsFile: TimeNr.    152 read and processed finally=2020-01-28 14:45:16.000000+0000 Values (without TIMESTAMP): 60 - Actual SNAPSHOTTYPE: TIME. - H5Dump: YES: key=/               15000 not in keys.
2025-09-26 16:50:29,742 ; PT3S                                                         ; DEBUG   ; Mx._readMxsFile: TimeNr.    153 read and processed finally=2020-01-28 14:45:16.100000+0000 Values (without TIMESTAMP): 60 - Actual SNAPSHOTTYPE: TIME. - H5Dump: YES: key=/               15100 not in keys.
2025-09-26 16:50:29,749 ; PT3S                                                         ; DEBUG   ; Mx._readMxsFile: TimeNr.    154 read and processed finally=2020-01-28 14:45:16.200000+0000 Values (without TIMESTAMP): 60 - Actual SNAPSHOTTYPE: TIME. - H5Dump: YES: key=/               15200 not in keys.
2025-09-26 16:50:29,753 ; PT3S                                                         ; DEBUG   ; Mx._readMxsFile: TimeNr.    155 read and processed finally=2020-01-28 14:45:16.300000+0000 Values (without TIMESTAMP): 60 - Actual SNAPSHOTTYPE: TIME. - H5Dump: YES: key=/               15300 not in keys.
2025-09-26 16:50:29,760 ; PT3S                                                         ; DEBUG   ; Mx._readMxsFile: TimeNr.    156 read and processed finally=2020-01-28 14:45:16.400000+0000 Values (without TIMESTAMP): 60 - Actual SNAPSHOTTYPE: TIME. - H5Dump: YES: key=/               15400 not in keys.
2025-09-26 16:50:29,763 ; PT3S                                                         ; DEBUG   ; Mx._readMxsFile: TimeNr.    157 read and processed finally=2020-01-28 14:45:16.500000+0000 Values (without TIMESTAMP): 60 - Actual SNAPSHOTTYPE: TIME. - H5Dump: YES: key=/               15500 not in keys.
2025-09-26 16:50:29,770 ; PT3S                                                         ; DEBUG   ; Mx._readMxsFile: TimeNr.    158 read and processed finally=2020-01-28 14:45:16.600000+0000 Values (without TIMESTAMP): 60 - Actual SNAPSHOTTYPE: TIME. - H5Dump: YES: key=/               15600 not in keys.
2025-09-26 16:50:29,778 ; PT3S                                                         ; DEBUG   ; Mx._readMxsFile: TimeNr.    159 read and processed finally=2020-01-28 14:45:16.700000+0000 Values (without TIMESTAMP): 60 - Actual SNAPSHOTTYPE: TIME. - H5Dump: YES: key=/               15700 not in keys.
2025-09-26 16:50:29,785 ; PT3S                                                         ; DEBUG   ; Mx._readMxsFile: TimeNr.    160 read and processed finally=2020-01-28 14:45:16.800000+0000 Values (without TIMESTAMP): 60 - Actual SNAPSHOTTYPE: TIME. - H5Dump: YES: key=/               15800 not in keys.
2025-09-26 16:50:29,795 ; PT3S                                                         ; DEBUG   ; Mx._readMxsFile: TimeNr.    161 read and processed finally=2020-01-28 14:45:16.900000+0000 Values (without TIMESTAMP): 60 - Actual SNAPSHOTTYPE: TIME. - H5Dump: YES: key=/               15900 not in keys.
2025-09-26 16:50:29,802 ; PT3S                                                         ; DEBUG   ; Mx._readMxsFile: TimeNr.    162 read and processed finally=2020-01-28 14:45:17.000000+0000 Values (without TIMESTAMP): 60 - Actual SNAPSHOTTYPE: TIME. - H5Dump: YES: key=/               16000 not in keys.
2025-09-26 16:50:29,806 ; PT3S                                                         ; DEBUG   ; Mx._readMxsFile: TimeNr.    163 read and processed finally=2020-01-28 14:45:17.100000+0000 Values (without TIMESTAMP): 60 - Actual SNAPSHOTTYPE: TIME. - H5Dump: YES: key=/               16100 not in keys.
2025-09-26 16:50:29,816 ; PT3S                                                         ; DEBUG   ; Mx._readMxsFile: TimeNr.    164 read and processed finally=2020-01-28 14:45:17.200000+0000 Values (without TIMESTAMP): 60 - Actual SNAPSHOTTYPE: TIME. - H5Dump: YES: key=/               16200 not in keys.
2025-09-26 16:50:29,823 ; PT3S                                                         ; DEBUG   ; Mx._readMxsFile: TimeNr.    165 read and processed finally=2020-01-28 14:45:17.300000+0000 Values (without TIMESTAMP): 60 - Actual SNAPSHOTTYPE: TIME. - H5Dump: YES: key=/               16300 not in keys.
2025-09-26 16:50:29,833 ; PT3S                                                         ; DEBUG   ; Mx._readMxsFile: TimeNr.    166 read and processed finally=2020-01-28 14:45:17.400000+0000 Values (without TIMESTAMP): 60 - Actual SNAPSHOTTYPE: TIME. - H5Dump: YES: key=/               16400 not in keys.
2025-09-26 16:50:29,838 ; PT3S                                                         ; DEBUG   ; Mx._readMxsFile: TimeNr.    167 read and processed finally=2020-01-28 14:45:17.500000+0000 Values (without TIMESTAMP): 60 - Actual SNAPSHOTTYPE: TIME. - H5Dump: YES: key=/               16500 not in keys.
2025-09-26 16:50:29,844 ; PT3S                                                         ; DEBUG   ; Mx._readMxsFile: TimeNr.    168 read and processed finally=2020-01-28 14:45:17.600000+0000 Values (without TIMESTAMP): 60 - Actual SNAPSHOTTYPE: TIME. - H5Dump: YES: key=/               16600 not in keys.
2025-09-26 16:50:29,850 ; PT3S                                                         ; DEBUG   ; Mx._readMxsFile: TimeNr.    169 read and processed finally=2020-01-28 14:45:17.700000+0000 Values (without TIMESTAMP): 60 - Actual SNAPSHOTTYPE: TIME. - H5Dump: YES: key=/               16700 not in keys.
2025-09-26 16:50:29,856 ; PT3S                                                         ; DEBUG   ; Mx._readMxsFile: TimeNr.    170 read and processed finally=2020-01-28 14:45:17.800000+0000 Values (without TIMESTAMP): 60 - Actual SNAPSHOTTYPE: TIME. - H5Dump: YES: key=/               16800 not in keys.
2025-09-26 16:50:29,864 ; PT3S                                                         ; DEBUG   ; Mx._readMxsFile: TimeNr.    171 read and processed finally=2020-01-28 14:45:17.900000+0000 Values (without TIMESTAMP): 60 - Actual SNAPSHOTTYPE: TIME. - H5Dump: YES: key=/               16900 not in keys.
2025-09-26 16:50:29,870 ; PT3S                                                         ; DEBUG   ; Mx._readMxsFile: TimeNr.    172 read and processed finally=2020-01-28 14:45:18.000000+0000 Values (without TIMESTAMP): 60 - Actual SNAPSHOTTYPE: TIME. - H5Dump: YES: key=/               17000 not in keys.
2025-09-26 16:50:29,883 ; PT3S                                                         ; DEBUG   ; Mx._readMxsFile: TimeNr.    173 read and processed finally=2020-01-28 14:45:18.100000+0000 Values (without TIMESTAMP): 60 - Actual SNAPSHOTTYPE: TIME. - H5Dump: YES: key=/               17100 not in keys.
2025-09-26 16:50:29,890 ; PT3S                                                         ; DEBUG   ; Mx._readMxsFile: TimeNr.    174 read and processed finally=2020-01-28 14:45:18.200000+0000 Values (without TIMESTAMP): 60 - Actual SNAPSHOTTYPE: TIME. - H5Dump: YES: key=/               17200 not in keys.
2025-09-26 16:50:29,892 ; PT3S                                                         ; DEBUG   ; Mx._readMxsFile: TimeNr.    175 read and processed finally=2020-01-28 14:45:18.300000+0000 Values (without TIMESTAMP): 60 - Actual SNAPSHOTTYPE: TIME. - H5Dump: YES: key=/               17300 not in keys.
2025-09-26 16:50:29,912 ; PT3S                                                         ; DEBUG   ; Mx._readMxsFile: TimeNr.    176 read and processed finally=2020-01-28 14:45:18.400000+0000 Values (without TIMESTAMP): 60 - Actual SNAPSHOTTYPE: TIME. - H5Dump: YES: key=/               17400 not in keys.
2025-09-26 16:50:29,926 ; PT3S                                                         ; DEBUG   ; Mx._readMxsFile: TimeNr.    177 read and processed finally=2020-01-28 14:45:18.500000+0000 Values (without TIMESTAMP): 60 - Actual SNAPSHOTTYPE: TIME. - H5Dump: YES: key=/               17500 not in keys.
2025-09-26 16:50:29,940 ; PT3S                                                         ; DEBUG   ; Mx._readMxsFile: TimeNr.    178 read and processed finally=2020-01-28 14:45:18.600000+0000 Values (without TIMESTAMP): 60 - Actual SNAPSHOTTYPE: TIME. - H5Dump: YES: key=/               17600 not in keys.
2025-09-26 16:50:29,943 ; PT3S                                                         ; DEBUG   ; Mx._readMxsFile: TimeNr.    179 read and processed finally=2020-01-28 14:45:18.700000+0000 Values (without TIMESTAMP): 60 - Actual SNAPSHOTTYPE: TIME. - H5Dump: YES: key=/               17700 not in keys.
2025-09-26 16:50:29,963 ; PT3S                                                         ; DEBUG   ; Mx._readMxsFile: TimeNr.    180 read and processed finally=2020-01-28 14:45:18.800000+0000 Values (without TIMESTAMP): 60 - Actual SNAPSHOTTYPE: TIME. - H5Dump: YES: key=/               17800 not in keys.
2025-09-26 16:50:29,972 ; PT3S                                                         ; DEBUG   ; Mx._readMxsFile: TimeNr.    181 read and processed finally=2020-01-28 14:45:18.900000+0000 Values (without TIMESTAMP): 60 - Actual SNAPSHOTTYPE: TIME. - H5Dump: YES: key=/               17900 not in keys.
2025-09-26 16:50:29,983 ; PT3S                                                         ; DEBUG   ; Mx._readMxsFile: TimeNr.    182 read and processed finally=2020-01-28 14:45:19.000000+0000 Values (without TIMESTAMP): 60 - Actual SNAPSHOTTYPE: TIME. - H5Dump: YES: key=/               18000 not in keys.
2025-09-26 16:50:29,987 ; PT3S                                                         ; DEBUG   ; Mx._readMxsFile: TimeNr.    183 read and processed finally=2020-01-28 14:45:19.100000+0000 Values (without TIMESTAMP): 60 - Actual SNAPSHOTTYPE: TIME. - H5Dump: YES: key=/               18100 not in keys.
2025-09-26 16:50:30,003 ; PT3S                                                         ; DEBUG   ; Mx._readMxsFile: TimeNr.    184 read and processed finally=2020-01-28 14:45:19.200000+0000 Values (without TIMESTAMP): 60 - Actual SNAPSHOTTYPE: TIME. - H5Dump: YES: key=/               18200 not in keys.
2025-09-26 16:50:30,012 ; PT3S                                                         ; DEBUG   ; Mx._readMxsFile: TimeNr.    185 read and processed finally=2020-01-28 14:45:19.300000+0000 Values (without TIMESTAMP): 60 - Actual SNAPSHOTTYPE: TIME. - H5Dump: YES: key=/               18300 not in keys.
2025-09-26 16:50:30,021 ; PT3S                                                         ; DEBUG   ; Mx._readMxsFile: TimeNr.    186 read and processed finally=2020-01-28 14:45:19.400000+0000 Values (without TIMESTAMP): 60 - Actual SNAPSHOTTYPE: TIME. - H5Dump: YES: key=/               18400 not in keys.
2025-09-26 16:50:30,026 ; PT3S                                                         ; DEBUG   ; Mx._readMxsFile: TimeNr.    187 read and processed finally=2020-01-28 14:45:19.500000+0000 Values (without TIMESTAMP): 60 - Actual SNAPSHOTTYPE: TIME. - H5Dump: YES: key=/               18500 not in keys.
2025-09-26 16:50:30,039 ; PT3S                                                         ; DEBUG   ; Mx._readMxsFile: TimeNr.    188 read and processed finally=2020-01-28 14:45:19.600000+0000 Values (without TIMESTAMP): 60 - Actual SNAPSHOTTYPE: TIME. - H5Dump: YES: key=/               18600 not in keys.
2025-09-26 16:50:30,042 ; PT3S                                                         ; DEBUG   ; Mx._readMxsFile: TimeNr.    189 read and processed finally=2020-01-28 14:45:19.700000+0000 Values (without TIMESTAMP): 60 - Actual SNAPSHOTTYPE: TIME. - H5Dump: YES: key=/               18700 not in keys.
2025-09-26 16:50:30,056 ; PT3S                                                         ; DEBUG   ; Mx._readMxsFile: TimeNr.    190 read and processed finally=2020-01-28 14:45:19.800000+0000 Values (without TIMESTAMP): 60 - Actual SNAPSHOTTYPE: TIME. - H5Dump: YES: key=/               18800 not in keys.
2025-09-26 16:50:30,059 ; PT3S                                                         ; DEBUG   ; Mx._readMxsFile: TimeNr.    191 read and processed finally=2020-01-28 14:45:19.900000+0000 Values (without TIMESTAMP): 60 - Actual SNAPSHOTTYPE: TIME. - H5Dump: YES: key=/               18900 not in keys.
2025-09-26 16:50:30,059 ; PT3S                                                         ; DEBUG   ; Mx._readMxsFile: TimeNr.    192 read and processed finally=2020-01-28 14:45:20.000000+0000 Values (without TIMESTAMP): 60 - Actual SNAPSHOTTYPE: TIME. - H5Dump: YES: key=/               19000 not in keys.
2025-09-26 16:50:30,072 ; PT3S                                                         ; DEBUG   ; Mx._readMxsFile: TimeNr.    193 read and processed finally=2020-01-28 14:45:20.100000+0000 Values (without TIMESTAMP): 60 - Actual SNAPSHOTTYPE: TIME. - H5Dump: YES: key=/               19100 not in keys.
2025-09-26 16:50:30,083 ; PT3S                                                         ; DEBUG   ; Mx._readMxsFile: TimeNr.    194 read and processed finally=2020-01-28 14:45:20.200000+0000 Values (without TIMESTAMP): 60 - Actual SNAPSHOTTYPE: TIME. - H5Dump: YES: key=/               19200 not in keys.
2025-09-26 16:50:30,083 ; PT3S                                                         ; DEBUG   ; Mx._readMxsFile: TimeNr.    195 read and processed finally=2020-01-28 14:45:20.300000+0000 Values (without TIMESTAMP): 60 - Actual SNAPSHOTTYPE: TIME. - H5Dump: YES: key=/               19300 not in keys.
2025-09-26 16:50:30,095 ; PT3S                                                         ; DEBUG   ; Mx._readMxsFile: TimeNr.    196 read and processed finally=2020-01-28 14:45:20.400000+0000 Values (without TIMESTAMP): 60 - Actual SNAPSHOTTYPE: TIME. - H5Dump: YES: key=/               19400 not in keys.
2025-09-26 16:50:30,095 ; PT3S                                                         ; DEBUG   ; Mx._readMxsFile: TimeNr.    197 read and processed finally=2020-01-28 14:45:20.500000+0000 Values (without TIMESTAMP): 60 - Actual SNAPSHOTTYPE: TIME. - H5Dump: YES: key=/               19500 not in keys.
2025-09-26 16:50:30,110 ; PT3S                                                         ; DEBUG   ; Mx._readMxsFile: TimeNr.    198 read and processed finally=2020-01-28 14:45:20.600000+0000 Values (without TIMESTAMP): 60 - Actual SNAPSHOTTYPE: TIME. - H5Dump: YES: key=/               19600 not in keys.
2025-09-26 16:50:30,118 ; PT3S                                                         ; DEBUG   ; Mx._readMxsFile: TimeNr.    199 read and processed finally=2020-01-28 14:45:20.700000+0000 Values (without TIMESTAMP): 60 - Actual SNAPSHOTTYPE: TIME. - H5Dump: YES: key=/               19700 not in keys.
2025-09-26 16:50:30,126 ; PT3S                                                         ; DEBUG   ; Mx._readMxsFile: TimeNr.    200 read and processed finally=2020-01-28 14:45:20.800000+0000 Values (without TIMESTAMP): 60 - Actual SNAPSHOTTYPE: TIME. - H5Dump: YES: key=/               19800 not in keys.
2025-09-26 16:50:30,134 ; PT3S                                                         ; DEBUG   ; Mx._readMxsFile: TimeNr.    201 read and processed finally=2020-01-28 14:45:20.900000+0000 Values (without TIMESTAMP): 60 - Actual SNAPSHOTTYPE: TIME. - H5Dump: YES: key=/               19900 not in keys.
2025-09-26 16:50:30,144 ; PT3S                                                         ; DEBUG   ; Mx._readMxsFile: TimeNr.    202 read and processed finally=2020-01-28 14:45:21.000000+0000 Values (without TIMESTAMP): 60 - Actual SNAPSHOTTYPE: TIME. - H5Dump: YES: key=/               20000 not in keys.
2025-09-26 16:50:30,144 ; PT3S                                                         ; DEBUG   ; Mx._readMxsFile: TimeNr.    203 read and processed finally=2020-01-28 14:45:21.100000+0000 Values (without TIMESTAMP): 60 - Actual SNAPSHOTTYPE: TIME. - H5Dump: YES: key=/               20100 not in keys.
2025-09-26 16:50:30,159 ; PT3S                                                         ; DEBUG   ; Mx._readMxsFile: TimeNr.    204 read and processed finally=2020-01-28 14:45:21.200000+0000 Values (without TIMESTAMP): 60 - Actual SNAPSHOTTYPE: TIME. - H5Dump: YES: key=/               20200 not in keys.
2025-09-26 16:50:30,160 ; PT3S                                                         ; DEBUG   ; Mx._readMxsFile: TimeNr.    205 read and processed finally=2020-01-28 14:45:21.300000+0000 Values (without TIMESTAMP): 60 - Actual SNAPSHOTTYPE: TIME. - H5Dump: YES: key=/               20300 not in keys.
2025-09-26 16:50:30,172 ; PT3S                                                         ; DEBUG   ; Mx._readMxsFile: TimeNr.    206 read and processed finally=2020-01-28 14:45:21.400000+0000 Values (without TIMESTAMP): 60 - Actual SNAPSHOTTYPE: TIME. - H5Dump: YES: key=/               20400 not in keys.
2025-09-26 16:50:30,176 ; PT3S                                                         ; DEBUG   ; Mx._readMxsFile: TimeNr.    207 read and processed finally=2020-01-28 14:45:21.500000+0000 Values (without TIMESTAMP): 60 - Actual SNAPSHOTTYPE: TIME. - H5Dump: YES: key=/               20500 not in keys.
2025-09-26 16:50:30,185 ; PT3S                                                         ; DEBUG   ; Mx._readMxsFile: TimeNr.    208 read and processed finally=2020-01-28 14:45:21.600000+0000 Values (without TIMESTAMP): 60 - Actual SNAPSHOTTYPE: TIME. - H5Dump: YES: key=/               20600 not in keys.
2025-09-26 16:50:30,193 ; PT3S                                                         ; DEBUG   ; Mx._readMxsFile: TimeNr.    209 read and processed finally=2020-01-28 14:45:21.700000+0000 Values (without TIMESTAMP): 60 - Actual SNAPSHOTTYPE: TIME. - H5Dump: YES: key=/               20700 not in keys.
2025-09-26 16:50:30,193 ; PT3S                                                         ; DEBUG   ; Mx._readMxsFile: TimeNr.    210 read and processed finally=2020-01-28 14:45:21.800000+0000 Values (without TIMESTAMP): 60 - Actual SNAPSHOTTYPE: TIME. - H5Dump: YES: key=/               20800 not in keys.
2025-09-26 16:50:30,193 ; PT3S                                                         ; DEBUG   ; Mx._readMxsFile: TimeNr.    211 read and processed finally=2020-01-28 14:45:21.900000+0000 Values (without TIMESTAMP): 60 - Actual SNAPSHOTTYPE: TIME. - H5Dump: YES: key=/               20900 not in keys.
2025-09-26 16:50:30,213 ; PT3S                                                         ; DEBUG   ; Mx._readMxsFile: TimeNr.    212 read and processed finally=2020-01-28 14:45:22.000000+0000 Values (without TIMESTAMP): 60 - Actual SNAPSHOTTYPE: TIME. - H5Dump: YES: key=/               21000 not in keys.
2025-09-26 16:50:30,223 ; PT3S                                                         ; DEBUG   ; Mx._readMxsFile: TimeNr.    213 read and processed finally=2020-01-28 14:45:22.100000+0000 Values (without TIMESTAMP): 60 - Actual SNAPSHOTTYPE: TIME. - H5Dump: YES: key=/               21100 not in keys.
2025-09-26 16:50:30,230 ; PT3S                                                         ; DEBUG   ; Mx._readMxsFile: TimeNr.    214 read and processed finally=2020-01-28 14:45:22.200000+0000 Values (without TIMESTAMP): 60 - Actual SNAPSHOTTYPE: TIME. - H5Dump: YES: key=/               21200 not in keys.
2025-09-26 16:50:30,240 ; PT3S                                                         ; DEBUG   ; Mx._readMxsFile: TimeNr.    215 read and processed finally=2020-01-28 14:45:22.300000+0000 Values (without TIMESTAMP): 60 - Actual SNAPSHOTTYPE: TIME. - H5Dump: YES: key=/               21300 not in keys.
2025-09-26 16:50:30,242 ; PT3S                                                         ; DEBUG   ; Mx._readMxsFile: TimeNr.    216 read and processed finally=2020-01-28 14:45:22.400000+0000 Values (without TIMESTAMP): 60 - Actual SNAPSHOTTYPE: TIME. - H5Dump: YES: key=/               21400 not in keys.
2025-09-26 16:50:30,256 ; PT3S                                                         ; DEBUG   ; Mx._readMxsFile: TimeNr.    217 read and processed finally=2020-01-28 14:45:22.500000+0000 Values (without TIMESTAMP): 60 - Actual SNAPSHOTTYPE: TIME. - H5Dump: YES: key=/               21500 not in keys.
2025-09-26 16:50:30,259 ; PT3S                                                         ; DEBUG   ; Mx._readMxsFile: TimeNr.    218 read and processed finally=2020-01-28 14:45:22.600000+0000 Values (without TIMESTAMP): 60 - Actual SNAPSHOTTYPE: TIME. - H5Dump: YES: key=/               21600 not in keys.
2025-09-26 16:50:30,259 ; PT3S                                                         ; DEBUG   ; Mx._readMxsFile: TimeNr.    219 read and processed finally=2020-01-28 14:45:22.700000+0000 Values (without TIMESTAMP): 60 - Actual SNAPSHOTTYPE: TIME. - H5Dump: YES: key=/               21700 not in keys.
2025-09-26 16:50:30,276 ; PT3S                                                         ; DEBUG   ; Mx._readMxsFile: TimeNr.    220 read and processed finally=2020-01-28 14:45:22.800000+0000 Values (without TIMESTAMP): 60 - Actual SNAPSHOTTYPE: TIME. - H5Dump: YES: key=/               21800 not in keys.
2025-09-26 16:50:30,284 ; PT3S                                                         ; DEBUG   ; Mx._readMxsFile: TimeNr.    221 read and processed finally=2020-01-28 14:45:22.900000+0000 Values (without TIMESTAMP): 60 - Actual SNAPSHOTTYPE: TIME. - H5Dump: YES: key=/               21900 not in keys.
2025-09-26 16:50:30,288 ; PT3S                                                         ; DEBUG   ; Mx._readMxsFile: TimeNr.    222 read and processed finally=2020-01-28 14:45:23.000000+0000 Values (without TIMESTAMP): 60 - Actual SNAPSHOTTYPE: TIME. - H5Dump: YES: key=/               22000 not in keys.
2025-09-26 16:50:30,292 ; PT3S                                                         ; DEBUG   ; Mx._readMxsFile: TimeNr.    223 read and processed finally=2020-01-28 14:45:23.100000+0000 Values (without TIMESTAMP): 60 - Actual SNAPSHOTTYPE: TIME. - H5Dump: YES: key=/               22100 not in keys.
2025-09-26 16:50:30,304 ; PT3S                                                         ; DEBUG   ; Mx._readMxsFile: TimeNr.    224 read and processed finally=2020-01-28 14:45:23.200000+0000 Values (without TIMESTAMP): 60 - Actual SNAPSHOTTYPE: TIME. - H5Dump: YES: key=/               22200 not in keys.
2025-09-26 16:50:30,313 ; PT3S                                                         ; DEBUG   ; Mx._readMxsFile: TimeNr.    225 read and processed finally=2020-01-28 14:45:23.300000+0000 Values (without TIMESTAMP): 60 - Actual SNAPSHOTTYPE: TIME. - H5Dump: YES: key=/               22300 not in keys.
2025-09-26 16:50:30,321 ; PT3S                                                         ; DEBUG   ; Mx._readMxsFile: TimeNr.    226 read and processed finally=2020-01-28 14:45:23.400000+0000 Values (without TIMESTAMP): 60 - Actual SNAPSHOTTYPE: TIME. - H5Dump: YES: key=/               22400 not in keys.
2025-09-26 16:50:30,327 ; PT3S                                                         ; DEBUG   ; Mx._readMxsFile: TimeNr.    227 read and processed finally=2020-01-28 14:45:23.500000+0000 Values (without TIMESTAMP): 60 - Actual SNAPSHOTTYPE: TIME. - H5Dump: YES: key=/               22500 not in keys.
2025-09-26 16:50:30,338 ; PT3S                                                         ; DEBUG   ; Mx._readMxsFile: TimeNr.    228 read and processed finally=2020-01-28 14:45:23.600000+0000 Values (without TIMESTAMP): 60 - Actual SNAPSHOTTYPE: TIME. - H5Dump: YES: key=/               22600 not in keys.
2025-09-26 16:50:30,347 ; PT3S                                                         ; DEBUG   ; Mx._readMxsFile: TimeNr.    229 read and processed finally=2020-01-28 14:45:23.700000+0000 Values (without TIMESTAMP): 60 - Actual SNAPSHOTTYPE: TIME. - H5Dump: YES: key=/               22700 not in keys.
2025-09-26 16:50:30,355 ; PT3S                                                         ; DEBUG   ; Mx._readMxsFile: TimeNr.    230 read and processed finally=2020-01-28 14:45:23.800000+0000 Values (without TIMESTAMP): 60 - Actual SNAPSHOTTYPE: TIME. - H5Dump: YES: key=/               22800 not in keys.
2025-09-26 16:50:30,366 ; PT3S                                                         ; DEBUG   ; Mx._readMxsFile: TimeNr.    231 read and processed finally=2020-01-28 14:45:23.900000+0000 Values (without TIMESTAMP): 60 - Actual SNAPSHOTTYPE: TIME. - H5Dump: YES: key=/               22900 not in keys.
2025-09-26 16:50:30,366 ; PT3S                                                         ; DEBUG   ; Mx._readMxsFile: TimeNr.    232 read and processed finally=2020-01-28 14:45:24.000000+0000 Values (without TIMESTAMP): 60 - Actual SNAPSHOTTYPE: TIME. - H5Dump: YES: key=/               23000 not in keys.
2025-09-26 16:50:30,378 ; PT3S                                                         ; DEBUG   ; Mx._readMxsFile: TimeNr.    233 read and processed finally=2020-01-28 14:45:24.100000+0000 Values (without TIMESTAMP): 60 - Actual SNAPSHOTTYPE: TIME. - H5Dump: YES: key=/               23100 not in keys.
2025-09-26 16:50:30,384 ; PT3S                                                         ; DEBUG   ; Mx._readMxsFile: TimeNr.    234 read and processed finally=2020-01-28 14:45:24.200000+0000 Values (without TIMESTAMP): 60 - Actual SNAPSHOTTYPE: TIME. - H5Dump: YES: key=/               23200 not in keys.
2025-09-26 16:50:30,399 ; PT3S                                                         ; DEBUG   ; Mx._readMxsFile: TimeNr.    235 read and processed finally=2020-01-28 14:45:24.300000+0000 Values (without TIMESTAMP): 60 - Actual SNAPSHOTTYPE: TIME. - H5Dump: YES: key=/               23300 not in keys.
2025-09-26 16:50:30,407 ; PT3S                                                         ; DEBUG   ; Mx._readMxsFile: TimeNr.    236 read and processed finally=2020-01-28 14:45:24.400000+0000 Values (without TIMESTAMP): 60 - Actual SNAPSHOTTYPE: TIME. - H5Dump: YES: key=/               23400 not in keys.
2025-09-26 16:50:30,417 ; PT3S                                                         ; DEBUG   ; Mx._readMxsFile: TimeNr.    237 read and processed finally=2020-01-28 14:45:24.500000+0000 Values (without TIMESTAMP): 60 - Actual SNAPSHOTTYPE: TIME. - H5Dump: YES: key=/               23500 not in keys.
2025-09-26 16:50:30,417 ; PT3S                                                         ; DEBUG   ; Mx._readMxsFile: TimeNr.    238 read and processed finally=2020-01-28 14:45:24.600000+0000 Values (without TIMESTAMP): 60 - Actual SNAPSHOTTYPE: TIME. - H5Dump: YES: key=/               23600 not in keys.
2025-09-26 16:50:30,434 ; PT3S                                                         ; DEBUG   ; Mx._readMxsFile: TimeNr.    239 read and processed finally=2020-01-28 14:45:24.700000+0000 Values (without TIMESTAMP): 60 - Actual SNAPSHOTTYPE: TIME. - H5Dump: YES: key=/               23700 not in keys.
2025-09-26 16:50:30,444 ; PT3S                                                         ; DEBUG   ; Mx._readMxsFile: TimeNr.    240 read and processed finally=2020-01-28 14:45:24.800000+0000 Values (without TIMESTAMP): 60 - Actual SNAPSHOTTYPE: TIME. - H5Dump: YES: key=/               23800 not in keys.
2025-09-26 16:50:30,456 ; PT3S                                                         ; DEBUG   ; Mx._readMxsFile: TimeNr.    241 read and processed finally=2020-01-28 14:45:24.900000+0000 Values (without TIMESTAMP): 60 - Actual SNAPSHOTTYPE: TIME. - H5Dump: YES: key=/               23900 not in keys.
2025-09-26 16:50:30,466 ; PT3S                                                         ; DEBUG   ; Mx._readMxsFile: TimeNr.    242 read and processed finally=2020-01-28 14:45:25.000000+0000 Values (without TIMESTAMP): 60 - Actual SNAPSHOTTYPE: TIME. - H5Dump: YES: key=/               24000 not in keys.
2025-09-26 16:50:30,467 ; PT3S                                                         ; DEBUG   ; Mx._readMxsFile: TimeNr.    243 read and processed finally=2020-01-28 14:45:25.100000+0000 Values (without TIMESTAMP): 60 - Actual SNAPSHOTTYPE: TIME. - H5Dump: YES: key=/               24100 not in keys.
2025-09-26 16:50:30,482 ; PT3S                                                         ; DEBUG   ; Mx._readMxsFile: TimeNr.    244 read and processed finally=2020-01-28 14:45:25.200000+0000 Values (without TIMESTAMP): 60 - Actual SNAPSHOTTYPE: TIME. - H5Dump: YES: key=/               24200 not in keys.
2025-09-26 16:50:30,487 ; PT3S                                                         ; DEBUG   ; Mx._readMxsFile: TimeNr.    245 read and processed finally=2020-01-28 14:45:25.300000+0000 Values (without TIMESTAMP): 60 - Actual SNAPSHOTTYPE: TIME. - H5Dump: YES: key=/               24300 not in keys.
2025-09-26 16:50:30,493 ; PT3S                                                         ; DEBUG   ; Mx._readMxsFile: TimeNr.    246 read and processed finally=2020-01-28 14:45:25.400000+0000 Values (without TIMESTAMP): 60 - Actual SNAPSHOTTYPE: TIME. - H5Dump: YES: key=/               24400 not in keys.
2025-09-26 16:50:30,500 ; PT3S                                                         ; DEBUG   ; Mx._readMxsFile: TimeNr.    247 read and processed finally=2020-01-28 14:45:25.500000+0000 Values (without TIMESTAMP): 60 - Actual SNAPSHOTTYPE: TIME. - H5Dump: YES: key=/               24500 not in keys.
2025-09-26 16:50:30,503 ; PT3S                                                         ; DEBUG   ; Mx._readMxsFile: TimeNr.    248 read and processed finally=2020-01-28 14:45:25.600000+0000 Values (without TIMESTAMP): 60 - Actual SNAPSHOTTYPE: TIME. - H5Dump: YES: key=/               24600 not in keys.
2025-09-26 16:50:30,510 ; PT3S                                                         ; DEBUG   ; Mx._readMxsFile: TimeNr.    249 read and processed finally=2020-01-28 14:45:25.700000+0000 Values (without TIMESTAMP): 60 - Actual SNAPSHOTTYPE: TIME. - H5Dump: YES: key=/               24700 not in keys.
2025-09-26 16:50:30,525 ; PT3S                                                         ; DEBUG   ; Mx._readMxsFile: TimeNr.    250 read and processed finally=2020-01-28 14:45:25.800000+0000 Values (without TIMESTAMP): 60 - Actual SNAPSHOTTYPE: TIME. - H5Dump: YES: key=/               24800 not in keys.
2025-09-26 16:50:30,534 ; PT3S                                                         ; DEBUG   ; Mx._readMxsFile: TimeNr.    251 read and processed finally=2020-01-28 14:45:25.900000+0000 Values (without TIMESTAMP): 60 - Actual SNAPSHOTTYPE: TIME. - H5Dump: YES: key=/               24900 not in keys.
2025-09-26 16:50:30,545 ; PT3S                                                         ; DEBUG   ; Mx._readMxsFile: TimeNr.    252 read and processed finally=2020-01-28 14:45:26.000000+0000 Values (without TIMESTAMP): 60 - Actual SNAPSHOTTYPE: TIME. - H5Dump: YES: key=/               25000 not in keys.
2025-09-26 16:50:30,549 ; PT3S                                                         ; DEBUG   ; Mx._readMxsFile: TimeNr.    253 read and processed finally=2020-01-28 14:45:26.100000+0000 Values (without TIMESTAMP): 60 - Actual SNAPSHOTTYPE: TIME. - H5Dump: YES: key=/               25100 not in keys.
2025-09-26 16:50:30,563 ; PT3S                                                         ; DEBUG   ; Mx._readMxsFile: TimeNr.    254 read and processed finally=2020-01-28 14:45:26.200000+0000 Values (without TIMESTAMP): 60 - Actual SNAPSHOTTYPE: TIME. - H5Dump: YES: key=/               25200 not in keys.
2025-09-26 16:50:30,574 ; PT3S                                                         ; DEBUG   ; Mx._readMxsFile: TimeNr.    255 read and processed finally=2020-01-28 14:45:26.300000+0000 Values (without TIMESTAMP): 60 - Actual SNAPSHOTTYPE: TIME. - H5Dump: YES: key=/               25300 not in keys.
2025-09-26 16:50:30,584 ; PT3S                                                         ; DEBUG   ; Mx._readMxsFile: TimeNr.    256 read and processed finally=2020-01-28 14:45:26.400000+0000 Values (without TIMESTAMP): 60 - Actual SNAPSHOTTYPE: TIME. - H5Dump: YES: key=/               25400 not in keys.
2025-09-26 16:50:30,595 ; PT3S                                                         ; DEBUG   ; Mx._readMxsFile: TimeNr.    257 read and processed finally=2020-01-28 14:45:26.500000+0000 Values (without TIMESTAMP): 60 - Actual SNAPSHOTTYPE: TIME. - H5Dump: YES: key=/               25500 not in keys.
2025-09-26 16:50:30,603 ; PT3S                                                         ; DEBUG   ; Mx._readMxsFile: TimeNr.    258 read and processed finally=2020-01-28 14:45:26.600000+0000 Values (without TIMESTAMP): 60 - Actual SNAPSHOTTYPE: TIME. - H5Dump: YES: key=/               25600 not in keys.
2025-09-26 16:50:30,611 ; PT3S                                                         ; DEBUG   ; Mx._readMxsFile: TimeNr.    259 read and processed finally=2020-01-28 14:45:26.700000+0000 Values (without TIMESTAMP): 60 - Actual SNAPSHOTTYPE: TIME. - H5Dump: YES: key=/               25700 not in keys.
2025-09-26 16:50:30,620 ; PT3S                                                         ; DEBUG   ; Mx._readMxsFile: TimeNr.    260 read and processed finally=2020-01-28 14:45:26.800000+0000 Values (without TIMESTAMP): 60 - Actual SNAPSHOTTYPE: TIME. - H5Dump: YES: key=/               25800 not in keys.
2025-09-26 16:50:30,620 ; PT3S                                                         ; DEBUG   ; Mx._readMxsFile: TimeNr.    261 read and processed finally=2020-01-28 14:45:26.900000+0000 Values (without TIMESTAMP): 60 - Actual SNAPSHOTTYPE: TIME. - H5Dump: YES: key=/               25900 not in keys.
2025-09-26 16:50:30,627 ; PT3S                                                         ; DEBUG   ; Mx._readMxsFile: TimeNr.    262 read and processed finally=2020-01-28 14:45:27.000000+0000 Values (without TIMESTAMP): 60 - Actual SNAPSHOTTYPE: TIME. - H5Dump: YES: key=/               26000 not in keys.
2025-09-26 16:50:30,627 ; PT3S                                                         ; DEBUG   ; Mx._readMxsFile: TimeNr.    263 read and processed finally=2020-01-28 14:45:27.100000+0000 Values (without TIMESTAMP): 60 - Actual SNAPSHOTTYPE: TIME. - H5Dump: YES: key=/               26100 not in keys.
2025-09-26 16:50:30,652 ; PT3S                                                         ; DEBUG   ; Mx._readMxsFile: TimeNr.    264 read and processed finally=2020-01-28 14:45:27.200000+0000 Values (without TIMESTAMP): 60 - Actual SNAPSHOTTYPE: TIME. - H5Dump: YES: key=/               26200 not in keys.
2025-09-26 16:50:30,662 ; PT3S                                                         ; DEBUG   ; Mx._readMxsFile: TimeNr.    265 read and processed finally=2020-01-28 14:45:27.300000+0000 Values (without TIMESTAMP): 60 - Actual SNAPSHOTTYPE: TIME. - H5Dump: YES: key=/               26300 not in keys.
2025-09-26 16:50:30,664 ; PT3S                                                         ; DEBUG   ; Mx._readMxsFile: TimeNr.    266 read and processed finally=2020-01-28 14:45:27.400000+0000 Values (without TIMESTAMP): 60 - Actual SNAPSHOTTYPE: TIME. - H5Dump: YES: key=/               26400 not in keys.
2025-09-26 16:50:30,677 ; PT3S                                                         ; DEBUG   ; Mx._readMxsFile: TimeNr.    267 read and processed finally=2020-01-28 14:45:27.500000+0000 Values (without TIMESTAMP): 60 - Actual SNAPSHOTTYPE: TIME. - H5Dump: YES: key=/               26500 not in keys.
2025-09-26 16:50:30,684 ; PT3S                                                         ; DEBUG   ; Mx._readMxsFile: TimeNr.    268 read and processed finally=2020-01-28 14:45:27.600000+0000 Values (without TIMESTAMP): 60 - Actual SNAPSHOTTYPE: TIME. - H5Dump: YES: key=/               26600 not in keys.
2025-09-26 16:50:30,693 ; PT3S                                                         ; DEBUG   ; Mx._readMxsFile: TimeNr.    269 read and processed finally=2020-01-28 14:45:27.700000+0000 Values (without TIMESTAMP): 60 - Actual SNAPSHOTTYPE: TIME. - H5Dump: YES: key=/               26700 not in keys.
2025-09-26 16:50:30,693 ; PT3S                                                         ; DEBUG   ; Mx._readMxsFile: TimeNr.    270 read and processed finally=2020-01-28 14:45:27.800000+0000 Values (without TIMESTAMP): 60 - Actual SNAPSHOTTYPE: TIME. - H5Dump: YES: key=/               26800 not in keys.
2025-09-26 16:50:30,693 ; PT3S                                                         ; DEBUG   ; Mx._readMxsFile: TimeNr.    271 read and processed finally=2020-01-28 14:45:27.900000+0000 Values (without TIMESTAMP): 60 - Actual SNAPSHOTTYPE: TIME. - H5Dump: YES: key=/               26900 not in keys.
2025-09-26 16:50:30,709 ; PT3S                                                         ; DEBUG   ; Mx._readMxsFile: TimeNr.    272 read and processed finally=2020-01-28 14:45:28.000000+0000 Values (without TIMESTAMP): 60 - Actual SNAPSHOTTYPE: TIME. - H5Dump: YES: key=/               27000 not in keys.
2025-09-26 16:50:30,709 ; PT3S                                                         ; DEBUG   ; Mx._readMxsFile: TimeNr.    273 read and processed finally=2020-01-28 14:45:28.100000+0000 Values (without TIMESTAMP): 60 - Actual SNAPSHOTTYPE: TIME. - H5Dump: YES: key=/               27100 not in keys.
2025-09-26 16:50:30,727 ; PT3S                                                         ; DEBUG   ; Mx._readMxsFile: TimeNr.    274 read and processed finally=2020-01-28 14:45:28.200000+0000 Values (without TIMESTAMP): 60 - Actual SNAPSHOTTYPE: TIME. - H5Dump: YES: key=/               27200 not in keys.
2025-09-26 16:50:30,732 ; PT3S                                                         ; DEBUG   ; Mx._readMxsFile: TimeNr.    275 read and processed finally=2020-01-28 14:45:28.300000+0000 Values (without TIMESTAMP): 60 - Actual SNAPSHOTTYPE: TIME. - H5Dump: YES: key=/               27300 not in keys.
2025-09-26 16:50:30,741 ; PT3S                                                         ; DEBUG   ; Mx._readMxsFile: TimeNr.    276 read and processed finally=2020-01-28 14:45:28.400000+0000 Values (without TIMESTAMP): 60 - Actual SNAPSHOTTYPE: TIME. - H5Dump: YES: key=/               27400 not in keys.
2025-09-26 16:50:30,748 ; PT3S                                                         ; DEBUG   ; Mx._readMxsFile: TimeNr.    277 read and processed finally=2020-01-28 14:45:28.500000+0000 Values (without TIMESTAMP): 60 - Actual SNAPSHOTTYPE: TIME. - H5Dump: YES: key=/               27500 not in keys.
2025-09-26 16:50:30,753 ; PT3S                                                         ; DEBUG   ; Mx._readMxsFile: TimeNr.    278 read and processed finally=2020-01-28 14:45:28.600000+0000 Values (without TIMESTAMP): 60 - Actual SNAPSHOTTYPE: TIME. - H5Dump: YES: key=/               27600 not in keys.
2025-09-26 16:50:30,760 ; PT3S                                                         ; DEBUG   ; Mx._readMxsFile: TimeNr.    279 read and processed finally=2020-01-28 14:45:28.700000+0000 Values (without TIMESTAMP): 60 - Actual SNAPSHOTTYPE: TIME. - H5Dump: YES: key=/               27700 not in keys.
2025-09-26 16:50:30,767 ; PT3S                                                         ; DEBUG   ; Mx._readMxsFile: TimeNr.    280 read and processed finally=2020-01-28 14:45:28.800000+0000 Values (without TIMESTAMP): 60 - Actual SNAPSHOTTYPE: TIME. - H5Dump: YES: key=/               27800 not in keys.
2025-09-26 16:50:30,776 ; PT3S                                                         ; DEBUG   ; Mx._readMxsFile: TimeNr.    281 read and processed finally=2020-01-28 14:45:28.900000+0000 Values (without TIMESTAMP): 60 - Actual SNAPSHOTTYPE: TIME. - H5Dump: YES: key=/               27900 not in keys.
2025-09-26 16:50:30,782 ; PT3S                                                         ; DEBUG   ; Mx._readMxsFile: TimeNr.    282 read and processed finally=2020-01-28 14:45:29.000000+0000 Values (without TIMESTAMP): 60 - Actual SNAPSHOTTYPE: TIME. - H5Dump: YES: key=/               28000 not in keys.
2025-09-26 16:50:30,784 ; PT3S                                                         ; DEBUG   ; Mx._readMxsFile: TimeNr.    283 read and processed finally=2020-01-28 14:45:29.100000+0000 Values (without TIMESTAMP): 60 - Actual SNAPSHOTTYPE: TIME. - H5Dump: YES: key=/               28100 not in keys.
2025-09-26 16:50:30,794 ; PT3S                                                         ; DEBUG   ; Mx._readMxsFile: TimeNr.    284 read and processed finally=2020-01-28 14:45:29.200000+0000 Values (without TIMESTAMP): 60 - Actual SNAPSHOTTYPE: TIME. - H5Dump: YES: key=/               28200 not in keys.
2025-09-26 16:50:30,794 ; PT3S                                                         ; DEBUG   ; Mx._readMxsFile: TimeNr.    285 read and processed finally=2020-01-28 14:45:29.300000+0000 Values (without TIMESTAMP): 60 - Actual SNAPSHOTTYPE: TIME. - H5Dump: YES: key=/               28300 not in keys.
2025-09-26 16:50:30,794 ; PT3S                                                         ; DEBUG   ; Mx._readMxsFile: TimeNr.    286 read and processed finally=2020-01-28 14:45:29.400000+0000 Values (without TIMESTAMP): 60 - Actual SNAPSHOTTYPE: TIME. - H5Dump: YES: key=/               28400 not in keys.
2025-09-26 16:50:30,814 ; PT3S                                                         ; DEBUG   ; Mx._readMxsFile: TimeNr.    287 read and processed finally=2020-01-28 14:45:29.500000+0000 Values (without TIMESTAMP): 60 - Actual SNAPSHOTTYPE: TIME. - H5Dump: YES: key=/               28500 not in keys.
2025-09-26 16:50:30,821 ; PT3S                                                         ; DEBUG   ; Mx._readMxsFile: TimeNr.    288 read and processed finally=2020-01-28 14:45:29.600000+0000 Values (without TIMESTAMP): 60 - Actual SNAPSHOTTYPE: TIME. - H5Dump: YES: key=/               28600 not in keys.
2025-09-26 16:50:30,830 ; PT3S                                                         ; DEBUG   ; Mx._readMxsFile: TimeNr.    289 read and processed finally=2020-01-28 14:45:29.700000+0000 Values (without TIMESTAMP): 60 - Actual SNAPSHOTTYPE: TIME. - H5Dump: YES: key=/               28700 not in keys.
2025-09-26 16:50:30,832 ; PT3S                                                         ; DEBUG   ; Mx._readMxsFile: TimeNr.    290 read and processed finally=2020-01-28 14:45:29.800000+0000 Values (without TIMESTAMP): 60 - Actual SNAPSHOTTYPE: TIME. - H5Dump: YES: key=/               28800 not in keys.
2025-09-26 16:50:30,843 ; PT3S                                                         ; DEBUG   ; Mx._readMxsFile: TimeNr.    291 read and processed finally=2020-01-28 14:45:29.900000+0000 Values (without TIMESTAMP): 60 - Actual SNAPSHOTTYPE: TIME. - H5Dump: YES: key=/               28900 not in keys.
2025-09-26 16:50:30,852 ; PT3S                                                         ; DEBUG   ; Mx._readMxsFile: TimeNr.    292 read and processed finally=2020-01-28 14:45:30.000000+0000 Values (without TIMESTAMP): 60 - Actual SNAPSHOTTYPE: TIME. - H5Dump: YES: key=/               29000 not in keys.
2025-09-26 16:50:30,858 ; PT3S                                                         ; DEBUG   ; Mx._readMxsFile: TimeNr.    293 read and processed finally=2020-01-28 14:45:30.100000+0000 Values (without TIMESTAMP): 60 - Actual SNAPSHOTTYPE: TIME. - H5Dump: YES: key=/               29100 not in keys.
2025-09-26 16:50:30,864 ; PT3S                                                         ; DEBUG   ; Mx._readMxsFile: TimeNr.    294 read and processed finally=2020-01-28 14:45:30.200000+0000 Values (without TIMESTAMP): 60 - Actual SNAPSHOTTYPE: TIME. - H5Dump: YES: key=/               29200 not in keys.
2025-09-26 16:50:30,870 ; PT3S                                                         ; DEBUG   ; Mx._readMxsFile: TimeNr.    295 read and processed finally=2020-01-28 14:45:30.300000+0000 Values (without TIMESTAMP): 60 - Actual SNAPSHOTTYPE: TIME. - H5Dump: YES: key=/               29300 not in keys.
2025-09-26 16:50:30,878 ; PT3S                                                         ; DEBUG   ; Mx._readMxsFile: TimeNr.    296 read and processed finally=2020-01-28 14:45:30.400000+0000 Values (without TIMESTAMP): 60 - Actual SNAPSHOTTYPE: TIME. - H5Dump: YES: key=/               29400 not in keys.
2025-09-26 16:50:30,888 ; PT3S                                                         ; DEBUG   ; Mx._readMxsFile: TimeNr.    297 read and processed finally=2020-01-28 14:45:30.500000+0000 Values (without TIMESTAMP): 60 - Actual SNAPSHOTTYPE: TIME. - H5Dump: YES: key=/               29500 not in keys.
2025-09-26 16:50:30,898 ; PT3S                                                         ; DEBUG   ; Mx._readMxsFile: TimeNr.    298 read and processed finally=2020-01-28 14:45:30.600000+0000 Values (without TIMESTAMP): 60 - Actual SNAPSHOTTYPE: TIME. - H5Dump: YES: key=/               29600 not in keys.
2025-09-26 16:50:30,901 ; PT3S                                                         ; DEBUG   ; Mx._readMxsFile: TimeNr.    299 read and processed finally=2020-01-28 14:45:30.700000+0000 Values (without TIMESTAMP): 60 - Actual SNAPSHOTTYPE: TIME. - H5Dump: YES: key=/               29700 not in keys.
2025-09-26 16:50:30,901 ; PT3S                                                         ; DEBUG   ; Mx._readMxsFile: TimeNr.    300 read and processed finally=2020-01-28 14:45:30.800000+0000 Values (without TIMESTAMP): 60 - Actual SNAPSHOTTYPE: TIME. - H5Dump: YES: key=/               29800 not in keys.
2025-09-26 16:50:30,915 ; PT3S                                                         ; DEBUG   ; Mx._readMxsFile: TimeNr.    301 read and processed finally=2020-01-28 14:45:30.900000+0000 Values (without TIMESTAMP): 60 - Actual SNAPSHOTTYPE: TIME. - H5Dump: YES: key=/               29900 not in keys.
2025-09-26 16:50:30,915 ; PT3S                                                         ; DEBUG   ; Mx._readMxsFile: TimeNr.    302 read and processed finally=2020-01-28 14:45:31.000000+0000 Values (without TIMESTAMP): 60 - Actual SNAPSHOTTYPE: TIME. - H5Dump: YES: key=/               30000 not in keys.
2025-09-26 16:50:30,927 ; PT3S                                                         ; DEBUG   ; Mx._readMxsFile: TimeNr.    303 read and processed finally=2020-01-28 14:45:31.100000+0000 Values (without TIMESTAMP): 60 - Actual SNAPSHOTTYPE: TIME. - H5Dump: YES: key=/               30100 not in keys.
2025-09-26 16:50:30,933 ; PT3S                                                         ; DEBUG   ; Mx._readMxsFile: TimeNr.    304 read and processed finally=2020-01-28 14:45:31.200000+0000 Values (without TIMESTAMP): 60 - Actual SNAPSHOTTYPE: TIME. - H5Dump: YES: key=/               30200 not in keys.
2025-09-26 16:50:30,938 ; PT3S                                                         ; DEBUG   ; Mx._readMxsFile: TimeNr.    305 read and processed finally=2020-01-28 14:45:31.300000+0000 Values (without TIMESTAMP): 60 - Actual SNAPSHOTTYPE: TIME. - H5Dump: YES: key=/               30300 not in keys.
2025-09-26 16:50:30,944 ; PT3S                                                         ; DEBUG   ; Mx._readMxsFile: TimeNr.    306 read and processed finally=2020-01-28 14:45:31.400000+0000 Values (without TIMESTAMP): 60 - Actual SNAPSHOTTYPE: TIME. - H5Dump: YES: key=/               30400 not in keys.
2025-09-26 16:50:30,947 ; PT3S                                                         ; DEBUG   ; Mx._readMxsFile: TimeNr.    307 read and processed finally=2020-01-28 14:45:31.500000+0000 Values (without TIMESTAMP): 60 - Actual SNAPSHOTTYPE: TIME. - H5Dump: YES: key=/               30500 not in keys.
2025-09-26 16:50:30,947 ; PT3S                                                         ; DEBUG   ; Mx._readMxsFile: TimeNr.    308 read and processed finally=2020-01-28 14:45:31.600000+0000 Values (without TIMESTAMP): 60 - Actual SNAPSHOTTYPE: TIME. - H5Dump: YES: key=/               30600 not in keys.
2025-09-26 16:50:30,963 ; PT3S                                                         ; DEBUG   ; Mx._readMxsFile: TimeNr.    309 read and processed finally=2020-01-28 14:45:31.700000+0000 Values (without TIMESTAMP): 60 - Actual SNAPSHOTTYPE: TIME. - H5Dump: YES: key=/               30700 not in keys.
2025-09-26 16:50:30,969 ; PT3S                                                         ; DEBUG   ; Mx._readMxsFile: TimeNr.    310 read and processed finally=2020-01-28 14:45:31.800000+0000 Values (without TIMESTAMP): 60 - Actual SNAPSHOTTYPE: TIME. - H5Dump: YES: key=/               30800 not in keys.
2025-09-26 16:50:30,976 ; PT3S                                                         ; DEBUG   ; Mx._readMxsFile: TimeNr.    311 read and processed finally=2020-01-28 14:45:31.900000+0000 Values (without TIMESTAMP): 60 - Actual SNAPSHOTTYPE: TIME. - H5Dump: YES: key=/               30900 not in keys.
2025-09-26 16:50:30,984 ; PT3S                                                         ; DEBUG   ; Mx._readMxsFile: TimeNr.    312 read and processed finally=2020-01-28 14:45:32.000000+0000 Values (without TIMESTAMP): 60 - Actual SNAPSHOTTYPE: TIME. - H5Dump: YES: key=/               31000 not in keys.
2025-09-26 16:50:30,987 ; PT3S                                                         ; DEBUG   ; Mx._readMxsFile: TimeNr.    313 read and processed finally=2020-01-28 14:45:32.100000+0000 Values (without TIMESTAMP): 60 - Actual SNAPSHOTTYPE: TIME. - H5Dump: YES: key=/               31100 not in keys.
2025-09-26 16:50:30,994 ; PT3S                                                         ; DEBUG   ; Mx._readMxsFile: TimeNr.    314 read and processed finally=2020-01-28 14:45:32.200000+0000 Values (without TIMESTAMP): 60 - Actual SNAPSHOTTYPE: TIME. - H5Dump: YES: key=/               31200 not in keys.
2025-09-26 16:50:30,994 ; PT3S                                                         ; DEBUG   ; Mx._readMxsFile: TimeNr.    315 read and processed finally=2020-01-28 14:45:32.300000+0000 Values (without TIMESTAMP): 60 - Actual SNAPSHOTTYPE: TIME. - H5Dump: YES: key=/               31300 not in keys.
2025-09-26 16:50:31,011 ; PT3S                                                         ; DEBUG   ; Mx._readMxsFile: TimeNr.    316 read and processed finally=2020-01-28 14:45:32.400000+0000 Values (without TIMESTAMP): 60 - Actual SNAPSHOTTYPE: TIME. - H5Dump: YES: key=/               31400 not in keys.
2025-09-26 16:50:31,019 ; PT3S                                                         ; DEBUG   ; Mx._readMxsFile: TimeNr.    317 read and processed finally=2020-01-28 14:45:32.500000+0000 Values (without TIMESTAMP): 60 - Actual SNAPSHOTTYPE: TIME. - H5Dump: YES: key=/               31500 not in keys.
2025-09-26 16:50:31,020 ; PT3S                                                         ; DEBUG   ; Mx._readMxsFile: TimeNr.    318 read and processed finally=2020-01-28 14:45:32.600000+0000 Values (without TIMESTAMP): 60 - Actual SNAPSHOTTYPE: TIME. - H5Dump: YES: key=/               31600 not in keys.
2025-09-26 16:50:31,031 ; PT3S                                                         ; DEBUG   ; Mx._readMxsFile: TimeNr.    319 read and processed finally=2020-01-28 14:45:32.700000+0000 Values (without TIMESTAMP): 60 - Actual SNAPSHOTTYPE: TIME. - H5Dump: YES: key=/               31700 not in keys.
2025-09-26 16:50:31,037 ; PT3S                                                         ; DEBUG   ; Mx._readMxsFile: TimeNr.    320 read and processed finally=2020-01-28 14:45:32.800000+0000 Values (without TIMESTAMP): 60 - Actual SNAPSHOTTYPE: TIME. - H5Dump: YES: key=/               31800 not in keys.
2025-09-26 16:50:31,041 ; PT3S                                                         ; DEBUG   ; Mx._readMxsFile: TimeNr.    321 read and processed finally=2020-01-28 14:45:32.900000+0000 Values (without TIMESTAMP): 60 - Actual SNAPSHOTTYPE: TIME. - H5Dump: YES: key=/               31900 not in keys.
2025-09-26 16:50:31,048 ; PT3S                                                         ; DEBUG   ; Mx._readMxsFile: TimeNr.    322 read and processed finally=2020-01-28 14:45:33.000000+0000 Values (without TIMESTAMP): 60 - Actual SNAPSHOTTYPE: TIME. - H5Dump: YES: key=/               32000 not in keys.
2025-09-26 16:50:31,048 ; PT3S                                                         ; DEBUG   ; Mx._readMxsFile: TimeNr.    323 read and processed finally=2020-01-28 14:45:33.100000+0000 Values (without TIMESTAMP): 60 - Actual SNAPSHOTTYPE: TIME. - H5Dump: YES: key=/               32100 not in keys.
2025-09-26 16:50:31,048 ; PT3S                                                         ; DEBUG   ; Mx._readMxsFile: TimeNr.    324 read and processed finally=2020-01-28 14:45:33.200000+0000 Values (without TIMESTAMP): 60 - Actual SNAPSHOTTYPE: TIME. - H5Dump: YES: key=/               32200 not in keys.
2025-09-26 16:50:31,063 ; PT3S                                                         ; DEBUG   ; Mx._readMxsFile: TimeNr.    325 read and processed finally=2020-01-28 14:45:33.300000+0000 Values (without TIMESTAMP): 60 - Actual SNAPSHOTTYPE: TIME. - H5Dump: YES: key=/               32299 not in keys.
2025-09-26 16:50:31,063 ; PT3S                                                         ; DEBUG   ; Mx._readMxsFile: TimeNr.    326 read and processed finally=2020-01-28 14:45:33.400000+0000 Values (without TIMESTAMP): 60 - Actual SNAPSHOTTYPE: TIME. - H5Dump: YES: key=/               32400 not in keys.
2025-09-26 16:50:31,076 ; PT3S                                                         ; DEBUG   ; Mx._readMxsFile: TimeNr.    327 read and processed finally=2020-01-28 14:45:33.500000+0000 Values (without TIMESTAMP): 60 - Actual SNAPSHOTTYPE: TIME. - H5Dump: YES: key=/               32500 not in keys.
2025-09-26 16:50:31,081 ; PT3S                                                         ; DEBUG   ; Mx._readMxsFile: TimeNr.    328 read and processed finally=2020-01-28 14:45:33.600000+0000 Values (without TIMESTAMP): 60 - Actual SNAPSHOTTYPE: TIME. - H5Dump: YES: key=/               32600 not in keys.
2025-09-26 16:50:31,086 ; PT3S                                                         ; DEBUG   ; Mx._readMxsFile: TimeNr.    329 read and processed finally=2020-01-28 14:45:33.700000+0000 Values (without TIMESTAMP): 60 - Actual SNAPSHOTTYPE: TIME. - H5Dump: YES: key=/               32700 not in keys.
2025-09-26 16:50:31,093 ; PT3S                                                         ; DEBUG   ; Mx._readMxsFile: TimeNr.    330 read and processed finally=2020-01-28 14:45:33.800000+0000 Values (without TIMESTAMP): 60 - Actual SNAPSHOTTYPE: TIME. - H5Dump: YES: key=/               32800 not in keys.
2025-09-26 16:50:31,097 ; PT3S                                                         ; DEBUG   ; Mx._readMxsFile: TimeNr.    331 read and processed finally=2020-01-28 14:45:33.900000+0000 Values (without TIMESTAMP): 60 - Actual SNAPSHOTTYPE: TIME. - H5Dump: YES: key=/               32900 not in keys.
2025-09-26 16:50:31,097 ; PT3S                                                         ; DEBUG   ; Mx._readMxsFile: TimeNr.    332 read and processed finally=2020-01-28 14:45:34.000000+0000 Values (without TIMESTAMP): 60 - Actual SNAPSHOTTYPE: TIME. - H5Dump: YES: key=/               33000 not in keys.
2025-09-26 16:50:31,109 ; PT3S                                                         ; DEBUG   ; Mx._readMxsFile: TimeNr.    333 read and processed finally=2020-01-28 14:45:34.100000+0000 Values (without TIMESTAMP): 60 - Actual SNAPSHOTTYPE: TIME. - H5Dump: YES: key=/               33100 not in keys.
2025-09-26 16:50:31,111 ; PT3S                                                         ; DEBUG   ; Mx._readMxsFile: TimeNr.    334 read and processed finally=2020-01-28 14:45:34.200000+0000 Values (without TIMESTAMP): 60 - Actual SNAPSHOTTYPE: TIME. - H5Dump: YES: key=/               33200 not in keys.
2025-09-26 16:50:31,111 ; PT3S                                                         ; DEBUG   ; Mx._readMxsFile: TimeNr.    335 read and processed finally=2020-01-28 14:45:34.300000+0000 Values (without TIMESTAMP): 60 - Actual SNAPSHOTTYPE: TIME. - H5Dump: YES: key=/               33300 not in keys.
2025-09-26 16:50:31,111 ; PT3S                                                         ; DEBUG   ; Mx._readMxsFile: TimeNr.    336 read and processed finally=2020-01-28 14:45:34.400000+0000 Values (without TIMESTAMP): 60 - Actual SNAPSHOTTYPE: TIME. - H5Dump: YES: key=/               33400 not in keys.
2025-09-26 16:50:31,131 ; PT3S                                                         ; DEBUG   ; Mx._readMxsFile: TimeNr.    337 read and processed finally=2020-01-28 14:45:34.500000+0000 Values (without TIMESTAMP): 60 - Actual SNAPSHOTTYPE: TIME. - H5Dump: YES: key=/               33500 not in keys.
2025-09-26 16:50:31,136 ; PT3S                                                         ; DEBUG   ; Mx._readMxsFile: TimeNr.    338 read and processed finally=2020-01-28 14:45:34.600000+0000 Values (without TIMESTAMP): 60 - Actual SNAPSHOTTYPE: TIME. - H5Dump: YES: key=/               33600 not in keys.
2025-09-26 16:50:31,140 ; PT3S                                                         ; DEBUG   ; Mx._readMxsFile: TimeNr.    339 read and processed finally=2020-01-28 14:45:34.700000+0000 Values (without TIMESTAMP): 60 - Actual SNAPSHOTTYPE: TIME. - H5Dump: YES: key=/               33700 not in keys.
2025-09-26 16:50:31,144 ; PT3S                                                         ; DEBUG   ; Mx._readMxsFile: TimeNr.    340 read and processed finally=2020-01-28 14:45:34.800000+0000 Values (without TIMESTAMP): 60 - Actual SNAPSHOTTYPE: TIME. - H5Dump: YES: key=/               33800 not in keys.
2025-09-26 16:50:31,148 ; PT3S                                                         ; DEBUG   ; Mx._readMxsFile: TimeNr.    341 read and processed finally=2020-01-28 14:45:34.900000+0000 Values (without TIMESTAMP): 60 - Actual SNAPSHOTTYPE: TIME. - H5Dump: YES: key=/               33900 not in keys.
2025-09-26 16:50:31,148 ; PT3S                                                         ; DEBUG   ; Mx._readMxsFile: TimeNr.    342 read and processed finally=2020-01-28 14:45:35.000000+0000 Values (without TIMESTAMP): 60 - Actual SNAPSHOTTYPE: TIME. - H5Dump: YES: key=/               34000 not in keys.
2025-09-26 16:50:31,163 ; PT3S                                                         ; DEBUG   ; Mx._readMxsFile: TimeNr.    343 read and processed finally=2020-01-28 14:45:35.100000+0000 Values (without TIMESTAMP): 60 - Actual SNAPSHOTTYPE: TIME. - H5Dump: YES: key=/               34100 not in keys.
2025-09-26 16:50:31,168 ; PT3S                                                         ; DEBUG   ; Mx._readMxsFile: TimeNr.    344 read and processed finally=2020-01-28 14:45:35.200000+0000 Values (without TIMESTAMP): 60 - Actual SNAPSHOTTYPE: TIME. - H5Dump: YES: key=/               34200 not in keys.
2025-09-26 16:50:31,170 ; PT3S                                                         ; DEBUG   ; Mx._readMxsFile: TimeNr.    345 read and processed finally=2020-01-28 14:45:35.300000+0000 Values (without TIMESTAMP): 60 - Actual SNAPSHOTTYPE: TIME. - H5Dump: YES: key=/               34300 not in keys.
2025-09-26 16:50:31,183 ; PT3S                                                         ; DEBUG   ; Mx._readMxsFile: TimeNr.    346 read and processed finally=2020-01-28 14:45:35.400000+0000 Values (without TIMESTAMP): 60 - Actual SNAPSHOTTYPE: TIME. - H5Dump: YES: key=/               34400 not in keys.
2025-09-26 16:50:31,191 ; PT3S                                                         ; DEBUG   ; Mx._readMxsFile: TimeNr.    347 read and processed finally=2020-01-28 14:45:35.500000+0000 Values (without TIMESTAMP): 60 - Actual SNAPSHOTTYPE: TIME. - H5Dump: YES: key=/               34500 not in keys.
2025-09-26 16:50:31,198 ; PT3S                                                         ; DEBUG   ; Mx._readMxsFile: TimeNr.    348 read and processed finally=2020-01-28 14:45:35.600000+0000 Values (without TIMESTAMP): 60 - Actual SNAPSHOTTYPE: TIME. - H5Dump: YES: key=/               34600 not in keys.
2025-09-26 16:50:31,204 ; PT3S                                                         ; DEBUG   ; Mx._readMxsFile: TimeNr.    349 read and processed finally=2020-01-28 14:45:35.700000+0000 Values (without TIMESTAMP): 60 - Actual SNAPSHOTTYPE: TIME. - H5Dump: YES: key=/               34700 not in keys.
2025-09-26 16:50:31,204 ; PT3S                                                         ; DEBUG   ; Mx._readMxsFile: TimeNr.    350 read and processed finally=2020-01-28 14:45:35.800000+0000 Values (without TIMESTAMP): 60 - Actual SNAPSHOTTYPE: TIME. - H5Dump: YES: key=/               34800 not in keys.
2025-09-26 16:50:31,216 ; PT3S                                                         ; DEBUG   ; Mx._readMxsFile: TimeNr.    351 read and processed finally=2020-01-28 14:45:35.900000+0000 Values (without TIMESTAMP): 60 - Actual SNAPSHOTTYPE: TIME. - H5Dump: YES: key=/               34900 not in keys.
2025-09-26 16:50:31,221 ; PT3S                                                         ; DEBUG   ; Mx._readMxsFile: TimeNr.    352 read and processed finally=2020-01-28 14:45:36.000000+0000 Values (without TIMESTAMP): 60 - Actual SNAPSHOTTYPE: TIME. - H5Dump: YES: key=/               35000 not in keys.
2025-09-26 16:50:31,228 ; PT3S                                                         ; DEBUG   ; Mx._readMxsFile: TimeNr.    353 read and processed finally=2020-01-28 14:45:36.100000+0000 Values (without TIMESTAMP): 60 - Actual SNAPSHOTTYPE: TIME. - H5Dump: YES: key=/               35100 not in keys.
2025-09-26 16:50:31,234 ; PT3S                                                         ; DEBUG   ; Mx._readMxsFile: TimeNr.    354 read and processed finally=2020-01-28 14:45:36.200000+0000 Values (without TIMESTAMP): 60 - Actual SNAPSHOTTYPE: TIME. - H5Dump: YES: key=/               35200 not in keys.
2025-09-26 16:50:31,234 ; PT3S                                                         ; DEBUG   ; Mx._readMxsFile: TimeNr.    355 read and processed finally=2020-01-28 14:45:36.300000+0000 Values (without TIMESTAMP): 60 - Actual SNAPSHOTTYPE: TIME. - H5Dump: YES: key=/               35300 not in keys.
2025-09-26 16:50:31,246 ; PT3S                                                         ; DEBUG   ; Mx._readMxsFile: TimeNr.    356 read and processed finally=2020-01-28 14:45:36.400000+0000 Values (without TIMESTAMP): 60 - Actual SNAPSHOTTYPE: TIME. - H5Dump: YES: key=/               35400 not in keys.
2025-09-26 16:50:31,246 ; PT3S                                                         ; DEBUG   ; Mx._readMxsFile: TimeNr.    357 read and processed finally=2020-01-28 14:45:36.500000+0000 Values (without TIMESTAMP): 60 - Actual SNAPSHOTTYPE: TIME. - H5Dump: YES: key=/               35500 not in keys.
2025-09-26 16:50:31,246 ; PT3S                                                         ; DEBUG   ; Mx._readMxsFile: TimeNr.    358 read and processed finally=2020-01-28 14:45:36.600000+0000 Values (without TIMESTAMP): 60 - Actual SNAPSHOTTYPE: TIME. - H5Dump: YES: key=/               35600 not in keys.
2025-09-26 16:50:31,261 ; PT3S                                                         ; DEBUG   ; Mx._readMxsFile: TimeNr.    359 read and processed finally=2020-01-28 14:45:36.700000+0000 Values (without TIMESTAMP): 60 - Actual SNAPSHOTTYPE: TIME. - H5Dump: YES: key=/               35700 not in keys.
2025-09-26 16:50:31,261 ; PT3S                                                         ; DEBUG   ; Mx._readMxsFile: TimeNr.    360 read and processed finally=2020-01-28 14:45:36.800000+0000 Values (without TIMESTAMP): 60 - Actual SNAPSHOTTYPE: TIME. - H5Dump: YES: key=/               35800 not in keys.
2025-09-26 16:50:31,261 ; PT3S                                                         ; DEBUG   ; Mx._readMxsFile: TimeNr.    361 read and processed finally=2020-01-28 14:45:36.900000+0000 Values (without TIMESTAMP): 60 - Actual SNAPSHOTTYPE: TIME. - H5Dump: YES: key=/               35900 not in keys.
2025-09-26 16:50:31,277 ; PT3S                                                         ; DEBUG   ; Mx._readMxsFile: TimeNr.    362 read and processed finally=2020-01-28 14:45:37.000000+0000 Values (without TIMESTAMP): 60 - Actual SNAPSHOTTYPE: TIME. - H5Dump: YES: key=/               36000 not in keys.
2025-09-26 16:50:31,284 ; PT3S                                                         ; DEBUG   ; Mx._readMxsFile: TimeNr.    363 read and processed finally=2020-01-28 14:45:37.100000+0000 Values (without TIMESTAMP): 60 - Actual SNAPSHOTTYPE: TIME. - H5Dump: YES: key=/               36100 not in keys.
2025-09-26 16:50:31,284 ; PT3S                                                         ; DEBUG   ; Mx._readMxsFile: TimeNr.    364 read and processed finally=2020-01-28 14:45:37.200000+0000 Values (without TIMESTAMP): 60 - Actual SNAPSHOTTYPE: TIME. - H5Dump: YES: key=/               36200 not in keys.
2025-09-26 16:50:31,296 ; PT3S                                                         ; DEBUG   ; Mx._readMxsFile: TimeNr.    365 read and processed finally=2020-01-28 14:45:37.300000+0000 Values (without TIMESTAMP): 60 - Actual SNAPSHOTTYPE: TIME. - H5Dump: YES: key=/               36300 not in keys.
2025-09-26 16:50:31,304 ; PT3S                                                         ; DEBUG   ; Mx._readMxsFile: TimeNr.    366 read and processed finally=2020-01-28 14:45:37.400000+0000 Values (without TIMESTAMP): 60 - Actual SNAPSHOTTYPE: TIME. - H5Dump: YES: key=/               36400 not in keys.
2025-09-26 16:50:31,311 ; PT3S                                                         ; DEBUG   ; Mx._readMxsFile: TimeNr.    367 read and processed finally=2020-01-28 14:45:37.500000+0000 Values (without TIMESTAMP): 60 - Actual SNAPSHOTTYPE: TIME. - H5Dump: YES: key=/               36500 not in keys.
2025-09-26 16:50:31,317 ; PT3S                                                         ; DEBUG   ; Mx._readMxsFile: TimeNr.    368 read and processed finally=2020-01-28 14:45:37.600000+0000 Values (without TIMESTAMP): 60 - Actual SNAPSHOTTYPE: TIME. - H5Dump: YES: key=/               36600 not in keys.
2025-09-26 16:50:31,323 ; PT3S                                                         ; DEBUG   ; Mx._readMxsFile: TimeNr.    369 read and processed finally=2020-01-28 14:45:37.700000+0000 Values (without TIMESTAMP): 60 - Actual SNAPSHOTTYPE: TIME. - H5Dump: YES: key=/               36700 not in keys.
2025-09-26 16:50:31,328 ; PT3S                                                         ; DEBUG   ; Mx._readMxsFile: TimeNr.    370 read and processed finally=2020-01-28 14:45:37.800000+0000 Values (without TIMESTAMP): 60 - Actual SNAPSHOTTYPE: TIME. - H5Dump: YES: key=/               36800 not in keys.
2025-09-26 16:50:31,333 ; PT3S                                                         ; DEBUG   ; Mx._readMxsFile: TimeNr.    371 read and processed finally=2020-01-28 14:45:37.900000+0000 Values (without TIMESTAMP): 60 - Actual SNAPSHOTTYPE: TIME. - H5Dump: YES: key=/               36900 not in keys.
2025-09-26 16:50:31,338 ; PT3S                                                         ; DEBUG   ; Mx._readMxsFile: TimeNr.    372 read and processed finally=2020-01-28 14:45:38.000000+0000 Values (without TIMESTAMP): 60 - Actual SNAPSHOTTYPE: TIME. - H5Dump: YES: key=/               37000 not in keys.
2025-09-26 16:50:31,343 ; PT3S                                                         ; DEBUG   ; Mx._readMxsFile: TimeNr.    373 read and processed finally=2020-01-28 14:45:38.100000+0000 Values (without TIMESTAMP): 60 - Actual SNAPSHOTTYPE: TIME. - H5Dump: YES: key=/               37100 not in keys.
2025-09-26 16:50:31,347 ; PT3S                                                         ; DEBUG   ; Mx._readMxsFile: TimeNr.    374 read and processed finally=2020-01-28 14:45:38.200000+0000 Values (without TIMESTAMP): 60 - Actual SNAPSHOTTYPE: TIME. - H5Dump: YES: key=/               37200 not in keys.
2025-09-26 16:50:31,347 ; PT3S                                                         ; DEBUG   ; Mx._readMxsFile: TimeNr.    375 read and processed finally=2020-01-28 14:45:38.300000+0000 Values (without TIMESTAMP): 60 - Actual SNAPSHOTTYPE: TIME. - H5Dump: YES: key=/               37300 not in keys.
2025-09-26 16:50:31,347 ; PT3S                                                         ; DEBUG   ; Mx._readMxsFile: TimeNr.    376 read and processed finally=2020-01-28 14:45:38.400000+0000 Values (without TIMESTAMP): 60 - Actual SNAPSHOTTYPE: TIME. - H5Dump: YES: key=/               37400 not in keys.
2025-09-26 16:50:31,364 ; PT3S                                                         ; DEBUG   ; Mx._readMxsFile: TimeNr.    377 read and processed finally=2020-01-28 14:45:38.500000+0000 Values (without TIMESTAMP): 60 - Actual SNAPSHOTTYPE: TIME. - H5Dump: YES: key=/               37500 not in keys.
2025-09-26 16:50:31,364 ; PT3S                                                         ; DEBUG   ; Mx._readMxsFile: TimeNr.    378 read and processed finally=2020-01-28 14:45:38.600000+0000 Values (without TIMESTAMP): 60 - Actual SNAPSHOTTYPE: TIME. - H5Dump: YES: key=/               37600 not in keys.
2025-09-26 16:50:31,364 ; PT3S                                                         ; DEBUG   ; Mx._readMxsFile: TimeNr.    379 read and processed finally=2020-01-28 14:45:38.700000+0000 Values (without TIMESTAMP): 60 - Actual SNAPSHOTTYPE: TIME. - H5Dump: YES: key=/               37700 not in keys.
2025-09-26 16:50:31,377 ; PT3S                                                         ; DEBUG   ; Mx._readMxsFile: TimeNr.    380 read and processed finally=2020-01-28 14:45:38.800000+0000 Values (without TIMESTAMP): 60 - Actual SNAPSHOTTYPE: TIME. - H5Dump: YES: key=/               37800 not in keys.
2025-09-26 16:50:31,384 ; PT3S                                                         ; DEBUG   ; Mx._readMxsFile: TimeNr.    381 read and processed finally=2020-01-28 14:45:38.900000+0000 Values (without TIMESTAMP): 60 - Actual SNAPSHOTTYPE: TIME. - H5Dump: YES: key=/               37900 not in keys.
2025-09-26 16:50:31,384 ; PT3S                                                         ; DEBUG   ; Mx._readMxsFile: TimeNr.    382 read and processed finally=2020-01-28 14:45:39.000000+0000 Values (without TIMESTAMP): 60 - Actual SNAPSHOTTYPE: TIME. - H5Dump: YES: key=/               38000 not in keys.
2025-09-26 16:50:31,393 ; PT3S                                                         ; DEBUG   ; Mx._readMxsFile: TimeNr.    383 read and processed finally=2020-01-28 14:45:39.100000+0000 Values (without TIMESTAMP): 60 - Actual SNAPSHOTTYPE: TIME. - H5Dump: YES: key=/               38100 not in keys.
2025-09-26 16:50:31,397 ; PT3S                                                         ; DEBUG   ; Mx._readMxsFile: TimeNr.    384 read and processed finally=2020-01-28 14:45:39.200000+0000 Values (without TIMESTAMP): 60 - Actual SNAPSHOTTYPE: TIME. - H5Dump: YES: key=/               38200 not in keys.
2025-09-26 16:50:31,397 ; PT3S                                                         ; DEBUG   ; Mx._readMxsFile: TimeNr.    385 read and processed finally=2020-01-28 14:45:39.300000+0000 Values (without TIMESTAMP): 60 - Actual SNAPSHOTTYPE: TIME. - H5Dump: YES: key=/               38300 not in keys.
2025-09-26 16:50:31,397 ; PT3S                                                         ; DEBUG   ; Mx._readMxsFile: TimeNr.    386 read and processed finally=2020-01-28 14:45:39.400000+0000 Values (without TIMESTAMP): 60 - Actual SNAPSHOTTYPE: TIME. - H5Dump: YES: key=/               38400 not in keys.
2025-09-26 16:50:31,412 ; PT3S                                                         ; DEBUG   ; Mx._readMxsFile: TimeNr.    387 read and processed finally=2020-01-28 14:45:39.500000+0000 Values (without TIMESTAMP): 60 - Actual SNAPSHOTTYPE: TIME. - H5Dump: YES: key=/               38500 not in keys.
2025-09-26 16:50:31,417 ; PT3S                                                         ; DEBUG   ; Mx._readMxsFile: TimeNr.    388 read and processed finally=2020-01-28 14:45:39.600000+0000 Values (without TIMESTAMP): 60 - Actual SNAPSHOTTYPE: TIME. - H5Dump: YES: key=/               38600 not in keys.
2025-09-26 16:50:31,421 ; PT3S                                                         ; DEBUG   ; Mx._readMxsFile: TimeNr.    389 read and processed finally=2020-01-28 14:45:39.700000+0000 Values (without TIMESTAMP): 60 - Actual SNAPSHOTTYPE: TIME. - H5Dump: YES: key=/               38700 not in keys.
2025-09-26 16:50:31,430 ; PT3S                                                         ; DEBUG   ; Mx._readMxsFile: TimeNr.    390 read and processed finally=2020-01-28 14:45:39.800000+0000 Values (without TIMESTAMP): 60 - Actual SNAPSHOTTYPE: TIME. - H5Dump: YES: key=/               38800 not in keys.
2025-09-26 16:50:31,430 ; PT3S                                                         ; DEBUG   ; Mx._readMxsFile: TimeNr.    391 read and processed finally=2020-01-28 14:45:39.900000+0000 Values (without TIMESTAMP): 60 - Actual SNAPSHOTTYPE: TIME. - H5Dump: YES: key=/               38900 not in keys.
2025-09-26 16:50:31,430 ; PT3S                                                         ; DEBUG   ; Mx._readMxsFile: TimeNr.    392 read and processed finally=2020-01-28 14:45:40.000000+0000 Values (without TIMESTAMP): 60 - Actual SNAPSHOTTYPE: TIME. - H5Dump: YES: key=/               39000 not in keys.
2025-09-26 16:50:31,444 ; PT3S                                                         ; DEBUG   ; Mx._readMxsFile: TimeNr.    393 read and processed finally=2020-01-28 14:45:40.100000+0000 Values (without TIMESTAMP): 60 - Actual SNAPSHOTTYPE: TIME. - H5Dump: YES: key=/               39100 not in keys.
2025-09-26 16:50:31,451 ; PT3S                                                         ; DEBUG   ; Mx._readMxsFile: TimeNr.    394 read and processed finally=2020-01-28 14:45:40.200000+0000 Values (without TIMESTAMP): 60 - Actual SNAPSHOTTYPE: TIME. - H5Dump: YES: key=/               39200 not in keys.
2025-09-26 16:50:31,453 ; PT3S                                                         ; DEBUG   ; Mx._readMxsFile: TimeNr.    395 read and processed finally=2020-01-28 14:45:40.300000+0000 Values (without TIMESTAMP): 60 - Actual SNAPSHOTTYPE: TIME. - H5Dump: YES: key=/               39300 not in keys.
2025-09-26 16:50:31,461 ; PT3S                                                         ; DEBUG   ; Mx._readMxsFile: TimeNr.    396 read and processed finally=2020-01-28 14:45:40.400000+0000 Values (without TIMESTAMP): 60 - Actual SNAPSHOTTYPE: TIME. - H5Dump: YES: key=/               39400 not in keys.
2025-09-26 16:50:31,467 ; PT3S                                                         ; DEBUG   ; Mx._readMxsFile: TimeNr.    397 read and processed finally=2020-01-28 14:45:40.500000+0000 Values (without TIMESTAMP): 60 - Actual SNAPSHOTTYPE: TIME. - H5Dump: YES: key=/               39500 not in keys.
2025-09-26 16:50:31,471 ; PT3S                                                         ; DEBUG   ; Mx._readMxsFile: TimeNr.    398 read and processed finally=2020-01-28 14:45:40.600000+0000 Values (without TIMESTAMP): 60 - Actual SNAPSHOTTYPE: TIME. - H5Dump: YES: key=/               39600 not in keys.
2025-09-26 16:50:31,481 ; PT3S                                                         ; DEBUG   ; Mx._readMxsFile: TimeNr.    399 read and processed finally=2020-01-28 14:45:40.700000+0000 Values (without TIMESTAMP): 60 - Actual SNAPSHOTTYPE: TIME. - H5Dump: YES: key=/               39700 not in keys.
2025-09-26 16:50:31,487 ; PT3S                                                         ; DEBUG   ; Mx._readMxsFile: TimeNr.    400 read and processed finally=2020-01-28 14:45:40.800000+0000 Values (without TIMESTAMP): 60 - Actual SNAPSHOTTYPE: TIME. - H5Dump: YES: key=/               39800 not in keys.
2025-09-26 16:50:31,492 ; PT3S                                                         ; DEBUG   ; Mx._readMxsFile: TimeNr.    401 read and processed finally=2020-01-28 14:45:40.900000+0000 Values (without TIMESTAMP): 60 - Actual SNAPSHOTTYPE: TIME. - H5Dump: YES: key=/               39900 not in keys.
2025-09-26 16:50:31,497 ; PT3S                                                         ; DEBUG   ; Mx._readMxsFile: TimeNr.    402 read and processed finally=2020-01-28 14:45:41.000000+0000 Values (without TIMESTAMP): 60 - Actual SNAPSHOTTYPE: TIME. - H5Dump: YES: key=/               40000 not in keys.
2025-09-26 16:50:31,500 ; PT3S                                                         ; DEBUG   ; Mx._readMxsFile: TimeNr.    403 read and processed finally=2020-01-28 14:45:41.100000+0000 Values (without TIMESTAMP): 60 - Actual SNAPSHOTTYPE: TIME. - H5Dump: YES: key=/               40100 not in keys.
2025-09-26 16:50:31,500 ; PT3S                                                         ; DEBUG   ; Mx._readMxsFile: TimeNr.    404 read and processed finally=2020-01-28 14:45:41.200000+0000 Values (without TIMESTAMP): 60 - Actual SNAPSHOTTYPE: TIME. - H5Dump: YES: key=/               40200 not in keys.
2025-09-26 16:50:31,513 ; PT3S                                                         ; DEBUG   ; Mx._readMxsFile: TimeNr.    405 read and processed finally=2020-01-28 14:45:41.300000+0000 Values (without TIMESTAMP): 60 - Actual SNAPSHOTTYPE: TIME. - H5Dump: YES: key=/               40300 not in keys.
2025-09-26 16:50:31,517 ; PT3S                                                         ; DEBUG   ; Mx._readMxsFile: TimeNr.    406 read and processed finally=2020-01-28 14:45:41.400000+0000 Values (without TIMESTAMP): 60 - Actual SNAPSHOTTYPE: TIME. - H5Dump: YES: key=/               40400 not in keys.
2025-09-26 16:50:31,522 ; PT3S                                                         ; DEBUG   ; Mx._readMxsFile: TimeNr.    407 read and processed finally=2020-01-28 14:45:41.500000+0000 Values (without TIMESTAMP): 60 - Actual SNAPSHOTTYPE: TIME. - H5Dump: YES: key=/               40500 not in keys.
2025-09-26 16:50:31,532 ; PT3S                                                         ; DEBUG   ; Mx._readMxsFile: TimeNr.    408 read and processed finally=2020-01-28 14:45:41.600000+0000 Values (without TIMESTAMP): 60 - Actual SNAPSHOTTYPE: TIME. - H5Dump: YES: key=/               40600 not in keys.
2025-09-26 16:50:31,536 ; PT3S                                                         ; DEBUG   ; Mx._readMxsFile: TimeNr.    409 read and processed finally=2020-01-28 14:45:41.700000+0000 Values (without TIMESTAMP): 60 - Actual SNAPSHOTTYPE: TIME. - H5Dump: YES: key=/               40700 not in keys.
2025-09-26 16:50:31,541 ; PT3S                                                         ; DEBUG   ; Mx._readMxsFile: TimeNr.    410 read and processed finally=2020-01-28 14:45:41.800000+0000 Values (without TIMESTAMP): 60 - Actual SNAPSHOTTYPE: TIME. - H5Dump: YES: key=/               40800 not in keys.
2025-09-26 16:50:31,546 ; PT3S                                                         ; DEBUG   ; Mx._readMxsFile: TimeNr.    411 read and processed finally=2020-01-28 14:45:41.900000+0000 Values (without TIMESTAMP): 60 - Actual SNAPSHOTTYPE: TIME. - H5Dump: YES: key=/               40900 not in keys.
2025-09-26 16:50:31,547 ; PT3S                                                         ; DEBUG   ; Mx._readMxsFile: TimeNr.    412 read and processed finally=2020-01-28 14:45:42.000000+0000 Values (without TIMESTAMP): 60 - Actual SNAPSHOTTYPE: TIME. - H5Dump: YES: key=/               41000 not in keys.
2025-09-26 16:50:31,556 ; PT3S                                                         ; DEBUG   ; Mx._readMxsFile: TimeNr.    413 read and processed finally=2020-01-28 14:45:42.100000+0000 Values (without TIMESTAMP): 60 - Actual SNAPSHOTTYPE: TIME. - H5Dump: YES: key=/               41100 not in keys.
2025-09-26 16:50:31,560 ; PT3S                                                         ; DEBUG   ; Mx._readMxsFile: TimeNr.    414 read and processed finally=2020-01-28 14:45:42.200000+0000 Values (without TIMESTAMP): 60 - Actual SNAPSHOTTYPE: TIME. - H5Dump: YES: key=/               41200 not in keys.
2025-09-26 16:50:31,570 ; PT3S                                                         ; DEBUG   ; Mx._readMxsFile: TimeNr.    415 read and processed finally=2020-01-28 14:45:42.300000+0000 Values (without TIMESTAMP): 60 - Actual SNAPSHOTTYPE: TIME. - H5Dump: YES: key=/               41300 not in keys.
2025-09-26 16:50:31,576 ; PT3S                                                         ; DEBUG   ; Mx._readMxsFile: TimeNr.    416 read and processed finally=2020-01-28 14:45:42.400000+0000 Values (without TIMESTAMP): 60 - Actual SNAPSHOTTYPE: TIME. - H5Dump: YES: key=/               41400 not in keys.
2025-09-26 16:50:31,581 ; PT3S                                                         ; DEBUG   ; Mx._readMxsFile: TimeNr.    417 read and processed finally=2020-01-28 14:45:42.500000+0000 Values (without TIMESTAMP): 60 - Actual SNAPSHOTTYPE: TIME. - H5Dump: YES: key=/               41500 not in keys.
2025-09-26 16:50:31,587 ; PT3S                                                         ; DEBUG   ; Mx._readMxsFile: TimeNr.    418 read and processed finally=2020-01-28 14:45:42.600000+0000 Values (without TIMESTAMP): 60 - Actual SNAPSHOTTYPE: TIME. - H5Dump: YES: key=/               41600 not in keys.
2025-09-26 16:50:31,593 ; PT3S                                                         ; DEBUG   ; Mx._readMxsFile: TimeNr.    419 read and processed finally=2020-01-28 14:45:42.700000+0000 Values (without TIMESTAMP): 60 - Actual SNAPSHOTTYPE: TIME. - H5Dump: YES: key=/               41700 not in keys.
2025-09-26 16:50:31,598 ; PT3S                                                         ; DEBUG   ; Mx._readMxsFile: TimeNr.    420 read and processed finally=2020-01-28 14:45:42.800000+0000 Values (without TIMESTAMP): 60 - Actual SNAPSHOTTYPE: TIME. - H5Dump: YES: key=/               41800 not in keys.
2025-09-26 16:50:31,604 ; PT3S                                                         ; DEBUG   ; Mx._readMxsFile: TimeNr.    421 read and processed finally=2020-01-28 14:45:42.900000+0000 Values (without TIMESTAMP): 60 - Actual SNAPSHOTTYPE: TIME. - H5Dump: YES: key=/               41900 not in keys.
2025-09-26 16:50:31,604 ; PT3S                                                         ; DEBUG   ; Mx._readMxsFile: TimeNr.    422 read and processed finally=2020-01-28 14:45:43.000000+0000 Values (without TIMESTAMP): 60 - Actual SNAPSHOTTYPE: TIME. - H5Dump: YES: key=/               42000 not in keys.
2025-09-26 16:50:31,614 ; PT3S                                                         ; DEBUG   ; Mx._readMxsFile: TimeNr.    423 read and processed finally=2020-01-28 14:45:43.100000+0000 Values (without TIMESTAMP): 60 - Actual SNAPSHOTTYPE: TIME. - H5Dump: YES: key=/               42100 not in keys.
2025-09-26 16:50:31,621 ; PT3S                                                         ; DEBUG   ; Mx._readMxsFile: TimeNr.    424 read and processed finally=2020-01-28 14:45:43.200000+0000 Values (without TIMESTAMP): 60 - Actual SNAPSHOTTYPE: TIME. - H5Dump: YES: key=/               42200 not in keys.
2025-09-26 16:50:31,626 ; PT3S                                                         ; DEBUG   ; Mx._readMxsFile: TimeNr.    425 read and processed finally=2020-01-28 14:45:43.300000+0000 Values (without TIMESTAMP): 60 - Actual SNAPSHOTTYPE: TIME. - H5Dump: YES: key=/               42300 not in keys.
2025-09-26 16:50:31,630 ; PT3S                                                         ; DEBUG   ; Mx._readMxsFile: TimeNr.    426 read and processed finally=2020-01-28 14:45:43.400000+0000 Values (without TIMESTAMP): 60 - Actual SNAPSHOTTYPE: TIME. - H5Dump: YES: key=/               42400 not in keys.
2025-09-26 16:50:31,630 ; PT3S                                                         ; DEBUG   ; Mx._readMxsFile: TimeNr.    427 read and processed finally=2020-01-28 14:45:43.500000+0000 Values (without TIMESTAMP): 60 - Actual SNAPSHOTTYPE: TIME. - H5Dump: YES: key=/               42500 not in keys.
2025-09-26 16:50:31,630 ; PT3S                                                         ; DEBUG   ; Mx._readMxsFile: TimeNr.    428 read and processed finally=2020-01-28 14:45:43.600000+0000 Values (without TIMESTAMP): 60 - Actual SNAPSHOTTYPE: TIME. - H5Dump: YES: key=/               42600 not in keys.
2025-09-26 16:50:31,644 ; PT3S                                                         ; DEBUG   ; Mx._readMxsFile: TimeNr.    429 read and processed finally=2020-01-28 14:45:43.700000+0000 Values (without TIMESTAMP): 60 - Actual SNAPSHOTTYPE: TIME. - H5Dump: YES: key=/               42700 not in keys.
2025-09-26 16:50:31,644 ; PT3S                                                         ; DEBUG   ; Mx._readMxsFile: TimeNr.    430 read and processed finally=2020-01-28 14:45:43.800000+0000 Values (without TIMESTAMP): 60 - Actual SNAPSHOTTYPE: TIME. - H5Dump: YES: key=/               42800 not in keys.
2025-09-26 16:50:31,644 ; PT3S                                                         ; DEBUG   ; Mx._readMxsFile: TimeNr.    431 read and processed finally=2020-01-28 14:45:43.900000+0000 Values (without TIMESTAMP): 60 - Actual SNAPSHOTTYPE: TIME. - H5Dump: YES: key=/               42900 not in keys.
2025-09-26 16:50:31,659 ; PT3S                                                         ; DEBUG   ; Mx._readMxsFile: TimeNr.    432 read and processed finally=2020-01-28 14:45:44.000000+0000 Values (without TIMESTAMP): 60 - Actual SNAPSHOTTYPE: TIME. - H5Dump: YES: key=/               43000 not in keys.
2025-09-26 16:50:31,661 ; PT3S                                                         ; DEBUG   ; Mx._readMxsFile: TimeNr.    433 read and processed finally=2020-01-28 14:45:44.100000+0000 Values (without TIMESTAMP): 60 - Actual SNAPSHOTTYPE: TIME. - H5Dump: YES: key=/               43100 not in keys.
2025-09-26 16:50:31,661 ; PT3S                                                         ; DEBUG   ; Mx._readMxsFile: TimeNr.    434 read and processed finally=2020-01-28 14:45:44.200000+0000 Values (without TIMESTAMP): 60 - Actual SNAPSHOTTYPE: TIME. - H5Dump: YES: key=/               43200 not in keys.
2025-09-26 16:50:31,661 ; PT3S                                                         ; DEBUG   ; Mx._readMxsFile: TimeNr.    435 read and processed finally=2020-01-28 14:45:44.300000+0000 Values (without TIMESTAMP): 60 - Actual SNAPSHOTTYPE: TIME. - H5Dump: YES: key=/               43300 not in keys.
2025-09-26 16:50:31,677 ; PT3S                                                         ; DEBUG   ; Mx._readMxsFile: TimeNr.    436 read and processed finally=2020-01-28 14:45:44.400000+0000 Values (without TIMESTAMP): 60 - Actual SNAPSHOTTYPE: TIME. - H5Dump: YES: key=/               43400 not in keys.
2025-09-26 16:50:31,684 ; PT3S                                                         ; DEBUG   ; Mx._readMxsFile: TimeNr.    437 read and processed finally=2020-01-28 14:45:44.500000+0000 Values (without TIMESTAMP): 60 - Actual SNAPSHOTTYPE: TIME. - H5Dump: YES: key=/               43500 not in keys.
2025-09-26 16:50:31,684 ; PT3S                                                         ; DEBUG   ; Mx._readMxsFile: TimeNr.    438 read and processed finally=2020-01-28 14:45:44.600000+0000 Values (without TIMESTAMP): 60 - Actual SNAPSHOTTYPE: TIME. - H5Dump: YES: key=/               43600 not in keys.
2025-09-26 16:50:31,684 ; PT3S                                                         ; DEBUG   ; Mx._readMxsFile: TimeNr.    439 read and processed finally=2020-01-28 14:45:44.700000+0000 Values (without TIMESTAMP): 60 - Actual SNAPSHOTTYPE: TIME. - H5Dump: YES: key=/               43700 not in keys.
2025-09-26 16:50:31,699 ; PT3S                                                         ; DEBUG   ; Mx._readMxsFile: TimeNr.    440 read and processed finally=2020-01-28 14:45:44.800000+0000 Values (without TIMESTAMP): 60 - Actual SNAPSHOTTYPE: TIME. - H5Dump: YES: key=/               43800 not in keys.
2025-09-26 16:50:31,699 ; PT3S                                                         ; DEBUG   ; Mx._readMxsFile: TimeNr.    441 read and processed finally=2020-01-28 14:45:44.900000+0000 Values (without TIMESTAMP): 60 - Actual SNAPSHOTTYPE: TIME. - H5Dump: YES: key=/               43900 not in keys.
2025-09-26 16:50:31,699 ; PT3S                                                         ; DEBUG   ; Mx._readMxsFile: TimeNr.    442 read and processed finally=2020-01-28 14:45:45.000000+0000 Values (without TIMESTAMP): 60 - Actual SNAPSHOTTYPE: TIME. - H5Dump: YES: key=/               44000 not in keys.
2025-09-26 16:50:31,711 ; PT3S                                                         ; DEBUG   ; Mx._readMxsFile: TimeNr.    443 read and processed finally=2020-01-28 14:45:45.100000+0000 Values (without TIMESTAMP): 60 - Actual SNAPSHOTTYPE: TIME. - H5Dump: YES: key=/               44100 not in keys.
2025-09-26 16:50:31,715 ; PT3S                                                         ; DEBUG   ; Mx._readMxsFile: TimeNr.    444 read and processed finally=2020-01-28 14:45:45.200000+0000 Values (without TIMESTAMP): 60 - Actual SNAPSHOTTYPE: TIME. - H5Dump: YES: key=/               44200 not in keys.
2025-09-26 16:50:31,715 ; PT3S                                                         ; DEBUG   ; Mx._readMxsFile: TimeNr.    445 read and processed finally=2020-01-28 14:45:45.300000+0000 Values (without TIMESTAMP): 60 - Actual SNAPSHOTTYPE: TIME. - H5Dump: YES: key=/               44300 not in keys.
2025-09-26 16:50:31,724 ; PT3S                                                         ; DEBUG   ; Mx._readMxsFile: TimeNr.    446 read and processed finally=2020-01-28 14:45:45.400000+0000 Values (without TIMESTAMP): 60 - Actual SNAPSHOTTYPE: TIME. - H5Dump: YES: key=/               44400 not in keys.
2025-09-26 16:50:31,733 ; PT3S                                                         ; DEBUG   ; Mx._readMxsFile: TimeNr.    447 read and processed finally=2020-01-28 14:45:45.500000+0000 Values (without TIMESTAMP): 60 - Actual SNAPSHOTTYPE: TIME. - H5Dump: YES: key=/               44500 not in keys.
2025-09-26 16:50:31,739 ; PT3S                                                         ; DEBUG   ; Mx._readMxsFile: TimeNr.    448 read and processed finally=2020-01-28 14:45:45.600000+0000 Values (without TIMESTAMP): 60 - Actual SNAPSHOTTYPE: TIME. - H5Dump: YES: key=/               44600 not in keys.
2025-09-26 16:50:31,746 ; PT3S                                                         ; DEBUG   ; Mx._readMxsFile: TimeNr.    449 read and processed finally=2020-01-28 14:45:45.700000+0000 Values (without TIMESTAMP): 60 - Actual SNAPSHOTTYPE: TIME. - H5Dump: YES: key=/               44700 not in keys.
2025-09-26 16:50:31,746 ; PT3S                                                         ; DEBUG   ; Mx._readMxsFile: TimeNr.    450 read and processed finally=2020-01-28 14:45:45.800000+0000 Values (without TIMESTAMP): 60 - Actual SNAPSHOTTYPE: TIME. - H5Dump: YES: key=/               44800 not in keys.
2025-09-26 16:50:31,754 ; PT3S                                                         ; DEBUG   ; Mx._readMxsFile: TimeNr.    451 read and processed finally=2020-01-28 14:45:45.900000+0000 Values (without TIMESTAMP): 60 - Actual SNAPSHOTTYPE: TIME. - H5Dump: YES: key=/               44900 not in keys.
2025-09-26 16:50:31,761 ; PT3S                                                         ; DEBUG   ; Mx._readMxsFile: TimeNr.    452 read and processed finally=2020-01-28 14:45:46.000000+0000 Values (without TIMESTAMP): 60 - Actual SNAPSHOTTYPE: TIME. - H5Dump: YES: key=/               45000 not in keys.
2025-09-26 16:50:31,768 ; PT3S                                                         ; DEBUG   ; Mx._readMxsFile: TimeNr.    453 read and processed finally=2020-01-28 14:45:46.100000+0000 Values (without TIMESTAMP): 60 - Actual SNAPSHOTTYPE: TIME. - H5Dump: YES: key=/               45100 not in keys.
2025-09-26 16:50:31,772 ; PT3S                                                         ; DEBUG   ; Mx._readMxsFile: TimeNr.    454 read and processed finally=2020-01-28 14:45:46.200000+0000 Values (without TIMESTAMP): 60 - Actual SNAPSHOTTYPE: TIME. - H5Dump: YES: key=/               45200 not in keys.
2025-09-26 16:50:31,777 ; PT3S                                                         ; DEBUG   ; Mx._readMxsFile: TimeNr.    455 read and processed finally=2020-01-28 14:45:46.300000+0000 Values (without TIMESTAMP): 60 - Actual SNAPSHOTTYPE: TIME. - H5Dump: YES: key=/               45300 not in keys.
2025-09-26 16:50:31,777 ; PT3S                                                         ; DEBUG   ; Mx._readMxsFile: TimeNr.    456 read and processed finally=2020-01-28 14:45:46.400000+0000 Values (without TIMESTAMP): 60 - Actual SNAPSHOTTYPE: TIME. - H5Dump: YES: key=/               45400 not in keys.
2025-09-26 16:50:31,790 ; PT3S                                                         ; DEBUG   ; Mx._readMxsFile: TimeNr.    457 read and processed finally=2020-01-28 14:45:46.500000+0000 Values (without TIMESTAMP): 60 - Actual SNAPSHOTTYPE: TIME. - H5Dump: YES: key=/               45500 not in keys.
2025-09-26 16:50:31,797 ; PT3S                                                         ; DEBUG   ; Mx._readMxsFile: TimeNr.    458 read and processed finally=2020-01-28 14:45:46.600000+0000 Values (without TIMESTAMP): 60 - Actual SNAPSHOTTYPE: TIME. - H5Dump: YES: key=/               45600 not in keys.
2025-09-26 16:50:31,801 ; PT3S                                                         ; DEBUG   ; Mx._readMxsFile: TimeNr.    459 read and processed finally=2020-01-28 14:45:46.700000+0000 Values (without TIMESTAMP): 60 - Actual SNAPSHOTTYPE: TIME. - H5Dump: YES: key=/               45700 not in keys.
2025-09-26 16:50:31,804 ; PT3S                                                         ; DEBUG   ; Mx._readMxsFile: TimeNr.    460 read and processed finally=2020-01-28 14:45:46.800000+0000 Values (without TIMESTAMP): 60 - Actual SNAPSHOTTYPE: TIME. - H5Dump: YES: key=/               45800 not in keys.
2025-09-26 16:50:31,811 ; PT3S                                                         ; DEBUG   ; Mx._readMxsFile: TimeNr.    461 read and processed finally=2020-01-28 14:45:46.900000+0000 Values (without TIMESTAMP): 60 - Actual SNAPSHOTTYPE: TIME. - H5Dump: YES: key=/               45900 not in keys.
2025-09-26 16:50:31,818 ; PT3S                                                         ; DEBUG   ; Mx._readMxsFile: TimeNr.    462 read and processed finally=2020-01-28 14:45:47.000000+0000 Values (without TIMESTAMP): 60 - Actual SNAPSHOTTYPE: TIME. - H5Dump: YES: key=/               46000 not in keys.
2025-09-26 16:50:31,823 ; PT3S                                                         ; DEBUG   ; Mx._readMxsFile: TimeNr.    463 read and processed finally=2020-01-28 14:45:47.100000+0000 Values (without TIMESTAMP): 60 - Actual SNAPSHOTTYPE: TIME. - H5Dump: YES: key=/               46100 not in keys.
2025-09-26 16:50:31,829 ; PT3S                                                         ; DEBUG   ; Mx._readMxsFile: TimeNr.    464 read and processed finally=2020-01-28 14:45:47.200000+0000 Values (without TIMESTAMP): 60 - Actual SNAPSHOTTYPE: TIME. - H5Dump: YES: key=/               46200 not in keys.
2025-09-26 16:50:31,835 ; PT3S                                                         ; DEBUG   ; Mx._readMxsFile: TimeNr.    465 read and processed finally=2020-01-28 14:45:47.300000+0000 Values (without TIMESTAMP): 60 - Actual SNAPSHOTTYPE: TIME. - H5Dump: YES: key=/               46300 not in keys.
2025-09-26 16:50:31,839 ; PT3S                                                         ; DEBUG   ; Mx._readMxsFile: TimeNr.    466 read and processed finally=2020-01-28 14:45:47.400000+0000 Values (without TIMESTAMP): 60 - Actual SNAPSHOTTYPE: TIME. - H5Dump: YES: key=/               46400 not in keys.
2025-09-26 16:50:31,842 ; PT3S                                                         ; DEBUG   ; Mx._readMxsFile: TimeNr.    467 read and processed finally=2020-01-28 14:45:47.500000+0000 Values (without TIMESTAMP): 60 - Actual SNAPSHOTTYPE: TIME. - H5Dump: YES: key=/               46500 not in keys.
2025-09-26 16:50:31,853 ; PT3S                                                         ; DEBUG   ; Mx._readMxsFile: TimeNr.    468 read and processed finally=2020-01-28 14:45:47.600000+0000 Values (without TIMESTAMP): 60 - Actual SNAPSHOTTYPE: TIME. - H5Dump: YES: key=/               46600 not in keys.
2025-09-26 16:50:31,860 ; PT3S                                                         ; DEBUG   ; Mx._readMxsFile: TimeNr.    469 read and processed finally=2020-01-28 14:45:47.700000+0000 Values (without TIMESTAMP): 60 - Actual SNAPSHOTTYPE: TIME. - H5Dump: YES: key=/               46700 not in keys.
2025-09-26 16:50:31,860 ; PT3S                                                         ; DEBUG   ; Mx._readMxsFile: TimeNr.    470 read and processed finally=2020-01-28 14:45:47.800000+0000 Values (without TIMESTAMP): 60 - Actual SNAPSHOTTYPE: TIME. - H5Dump: YES: key=/               46800 not in keys.
2025-09-26 16:50:31,871 ; PT3S                                                         ; DEBUG   ; Mx._readMxsFile: TimeNr.    471 read and processed finally=2020-01-28 14:45:47.900000+0000 Values (without TIMESTAMP): 60 - Actual SNAPSHOTTYPE: TIME. - H5Dump: YES: key=/               46900 not in keys.
2025-09-26 16:50:31,875 ; PT3S                                                         ; DEBUG   ; Mx._readMxsFile: TimeNr.    472 read and processed finally=2020-01-28 14:45:48.000000+0000 Values (without TIMESTAMP): 60 - Actual SNAPSHOTTYPE: TIME. - H5Dump: YES: key=/               47000 not in keys.
2025-09-26 16:50:31,884 ; PT3S                                                         ; DEBUG   ; Mx._readMxsFile: TimeNr.    473 read and processed finally=2020-01-28 14:45:48.100000+0000 Values (without TIMESTAMP): 60 - Actual SNAPSHOTTYPE: TIME. - H5Dump: YES: key=/               47100 not in keys.
2025-09-26 16:50:31,890 ; PT3S                                                         ; DEBUG   ; Mx._readMxsFile: TimeNr.    474 read and processed finally=2020-01-28 14:45:48.200000+0000 Values (without TIMESTAMP): 60 - Actual SNAPSHOTTYPE: TIME. - H5Dump: YES: key=/               47200 not in keys.
2025-09-26 16:50:31,898 ; PT3S                                                         ; DEBUG   ; Mx._readMxsFile: TimeNr.    475 read and processed finally=2020-01-28 14:45:48.300000+0000 Values (without TIMESTAMP): 60 - Actual SNAPSHOTTYPE: TIME. - H5Dump: YES: key=/               47300 not in keys.
2025-09-26 16:50:31,902 ; PT3S                                                         ; DEBUG   ; Mx._readMxsFile: TimeNr.    476 read and processed finally=2020-01-28 14:45:48.400000+0000 Values (without TIMESTAMP): 60 - Actual SNAPSHOTTYPE: TIME. - H5Dump: YES: key=/               47400 not in keys.
2025-09-26 16:50:31,902 ; PT3S                                                         ; DEBUG   ; Mx._readMxsFile: TimeNr.    477 read and processed finally=2020-01-28 14:45:48.500000+0000 Values (without TIMESTAMP): 60 - Actual SNAPSHOTTYPE: TIME. - H5Dump: YES: key=/               47500 not in keys.
2025-09-26 16:50:31,914 ; PT3S                                                         ; DEBUG   ; Mx._readMxsFile: TimeNr.    478 read and processed finally=2020-01-28 14:45:48.600000+0000 Values (without TIMESTAMP): 60 - Actual SNAPSHOTTYPE: TIME. - H5Dump: YES: key=/               47600 not in keys.
2025-09-26 16:50:31,921 ; PT3S                                                         ; DEBUG   ; Mx._readMxsFile: TimeNr.    479 read and processed finally=2020-01-28 14:45:48.700000+0000 Values (without TIMESTAMP): 60 - Actual SNAPSHOTTYPE: TIME. - H5Dump: YES: key=/               47700 not in keys.
2025-09-26 16:50:31,929 ; PT3S                                                         ; DEBUG   ; Mx._readMxsFile: TimeNr.    480 read and processed finally=2020-01-28 14:45:48.800000+0000 Values (without TIMESTAMP): 60 - Actual SNAPSHOTTYPE: TIME. - H5Dump: YES: key=/               47800 not in keys.
2025-09-26 16:50:31,933 ; PT3S                                                         ; DEBUG   ; Mx._readMxsFile: TimeNr.    481 read and processed finally=2020-01-28 14:45:48.900000+0000 Values (without TIMESTAMP): 60 - Actual SNAPSHOTTYPE: TIME. - H5Dump: YES: key=/               47900 not in keys.
2025-09-26 16:50:31,939 ; PT3S                                                         ; DEBUG   ; Mx._readMxsFile: TimeNr.    482 read and processed finally=2020-01-28 14:45:49.000000+0000 Values (without TIMESTAMP): 60 - Actual SNAPSHOTTYPE: TIME. - H5Dump: YES: key=/               48000 not in keys.
2025-09-26 16:50:31,946 ; PT3S                                                         ; DEBUG   ; Mx._readMxsFile: TimeNr.    483 read and processed finally=2020-01-28 14:45:49.100000+0000 Values (without TIMESTAMP): 60 - Actual SNAPSHOTTYPE: TIME. - H5Dump: YES: key=/               48100 not in keys.
2025-09-26 16:50:31,951 ; PT3S                                                         ; DEBUG   ; Mx._readMxsFile: TimeNr.    484 read and processed finally=2020-01-28 14:45:49.200000+0000 Values (without TIMESTAMP): 60 - Actual SNAPSHOTTYPE: TIME. - H5Dump: YES: key=/               48200 not in keys.
2025-09-26 16:50:31,955 ; PT3S                                                         ; DEBUG   ; Mx._readMxsFile: TimeNr.    485 read and processed finally=2020-01-28 14:45:49.300000+0000 Values (without TIMESTAMP): 60 - Actual SNAPSHOTTYPE: TIME. - H5Dump: YES: key=/               48300 not in keys.
2025-09-26 16:50:31,964 ; PT3S                                                         ; DEBUG   ; Mx._readMxsFile: TimeNr.    486 read and processed finally=2020-01-28 14:45:49.400000+0000 Values (without TIMESTAMP): 60 - Actual SNAPSHOTTYPE: TIME. - H5Dump: YES: key=/               48400 not in keys.
2025-09-26 16:50:31,968 ; PT3S                                                         ; DEBUG   ; Mx._readMxsFile: TimeNr.    487 read and processed finally=2020-01-28 14:45:49.500000+0000 Values (without TIMESTAMP): 60 - Actual SNAPSHOTTYPE: TIME. - H5Dump: YES: key=/               48500 not in keys.
2025-09-26 16:50:31,976 ; PT3S                                                         ; DEBUG   ; Mx._readMxsFile: TimeNr.    488 read and processed finally=2020-01-28 14:45:49.600000+0000 Values (without TIMESTAMP): 60 - Actual SNAPSHOTTYPE: TIME. - H5Dump: YES: key=/               48600 not in keys.
2025-09-26 16:50:31,983 ; PT3S                                                         ; DEBUG   ; Mx._readMxsFile: TimeNr.    489 read and processed finally=2020-01-28 14:45:49.700000+0000 Values (without TIMESTAMP): 60 - Actual SNAPSHOTTYPE: TIME. - H5Dump: YES: key=/               48700 not in keys.
2025-09-26 16:50:31,988 ; PT3S                                                         ; DEBUG   ; Mx._readMxsFile: TimeNr.    490 read and processed finally=2020-01-28 14:45:49.800000+0000 Values (without TIMESTAMP): 60 - Actual SNAPSHOTTYPE: TIME. - H5Dump: YES: key=/               48800 not in keys.
2025-09-26 16:50:31,988 ; PT3S                                                         ; DEBUG   ; Mx._readMxsFile: TimeNr.    491 read and processed finally=2020-01-28 14:45:49.900000+0000 Values (without TIMESTAMP): 60 - Actual SNAPSHOTTYPE: TIME. - H5Dump: YES: key=/               48900 not in keys.
2025-09-26 16:50:31,998 ; PT3S                                                         ; DEBUG   ; Mx._readMxsFile: TimeNr.    492 read and processed finally=2020-01-28 14:45:50.000000+0000 Values (without TIMESTAMP): 60 - Actual SNAPSHOTTYPE: TIME. - H5Dump: YES: key=/               49000 not in keys.
2025-09-26 16:50:32,003 ; PT3S                                                         ; DEBUG   ; Mx._readMxsFile: TimeNr.    493 read and processed finally=2020-01-28 14:45:50.100000+0000 Values (without TIMESTAMP): 60 - Actual SNAPSHOTTYPE: TIME. - H5Dump: YES: key=/               49100 not in keys.
2025-09-26 16:50:32,007 ; PT3S                                                         ; DEBUG   ; Mx._readMxsFile: TimeNr.    494 read and processed finally=2020-01-28 14:45:50.200000+0000 Values (without TIMESTAMP): 60 - Actual SNAPSHOTTYPE: TIME. - H5Dump: YES: key=/               49200 not in keys.
2025-09-26 16:50:32,012 ; PT3S                                                         ; DEBUG   ; Mx._readMxsFile: TimeNr.    495 read and processed finally=2020-01-28 14:45:50.300000+0000 Values (without TIMESTAMP): 60 - Actual SNAPSHOTTYPE: TIME. - H5Dump: YES: key=/               49300 not in keys.
2025-09-26 16:50:32,018 ; PT3S                                                         ; DEBUG   ; Mx._readMxsFile: TimeNr.    496 read and processed finally=2020-01-28 14:45:50.400000+0000 Values (without TIMESTAMP): 60 - Actual SNAPSHOTTYPE: TIME. - H5Dump: YES: key=/               49400 not in keys.
2025-09-26 16:50:32,027 ; PT3S                                                         ; DEBUG   ; Mx._readMxsFile: TimeNr.    497 read and processed finally=2020-01-28 14:45:50.500000+0000 Values (without TIMESTAMP): 60 - Actual SNAPSHOTTYPE: TIME. - H5Dump: YES: key=/               49500 not in keys.
2025-09-26 16:50:32,031 ; PT3S                                                         ; DEBUG   ; Mx._readMxsFile: TimeNr.    498 read and processed finally=2020-01-28 14:45:50.600000+0000 Values (without TIMESTAMP): 60 - Actual SNAPSHOTTYPE: TIME. - H5Dump: YES: key=/               49600 not in keys.
2025-09-26 16:50:32,031 ; PT3S                                                         ; DEBUG   ; Mx._readMxsFile: TimeNr.    499 read and processed finally=2020-01-28 14:45:50.700000+0000 Values (without TIMESTAMP): 60 - Actual SNAPSHOTTYPE: TIME. - H5Dump: YES: key=/               49700 not in keys.
2025-09-26 16:50:32,042 ; PT3S                                                         ; DEBUG   ; Mx._readMxsFile: TimeNr.    500 read and processed finally=2020-01-28 14:45:50.800000+0000 Values (without TIMESTAMP): 60 - Actual SNAPSHOTTYPE: TIME. - H5Dump: YES: key=/               49800 not in keys.
2025-09-26 16:50:32,048 ; PT3S                                                         ; DEBUG   ; Mx._readMxsFile: TimeNr.    501 read and processed finally=2020-01-28 14:45:50.900000+0000 Values (without TIMESTAMP): 60 - Actual SNAPSHOTTYPE: TIME. - H5Dump: YES: key=/               49900 not in keys.
2025-09-26 16:50:32,054 ; PT3S                                                         ; DEBUG   ; Mx._readMxsFile: TimeNr.    502 read and processed finally=2020-01-28 14:45:51.000000+0000 Values (without TIMESTAMP): 60 - Actual SNAPSHOTTYPE: TIME. - H5Dump: YES: key=/               50000 not in keys.
2025-09-26 16:50:32,060 ; PT3S                                                         ; DEBUG   ; Mx._readMxsFile: TimeNr.    503 read and processed finally=2020-01-28 14:45:51.100000+0000 Values (without TIMESTAMP): 60 - Actual SNAPSHOTTYPE: TIME. - H5Dump: YES: key=/               50100 not in keys.
2025-09-26 16:50:32,060 ; PT3S                                                         ; DEBUG   ; Mx._readMxsFile: TimeNr.    504 read and processed finally=2020-01-28 14:45:51.200000+0000 Values (without TIMESTAMP): 60 - Actual SNAPSHOTTYPE: TIME. - H5Dump: YES: key=/               50200 not in keys.
2025-09-26 16:50:32,060 ; PT3S                                                         ; DEBUG   ; Mx._readMxsFile: TimeNr.    505 read and processed finally=2020-01-28 14:45:51.300000+0000 Values (without TIMESTAMP): 60 - Actual SNAPSHOTTYPE: TIME. - H5Dump: YES: key=/               50300 not in keys.
2025-09-26 16:50:32,076 ; PT3S                                                         ; DEBUG   ; Mx._readMxsFile: TimeNr.    506 read and processed finally=2020-01-28 14:45:51.400000+0000 Values (without TIMESTAMP): 60 - Actual SNAPSHOTTYPE: TIME. - H5Dump: YES: key=/               50400 not in keys.
2025-09-26 16:50:32,080 ; PT3S                                                         ; DEBUG   ; Mx._readMxsFile: TimeNr.    507 read and processed finally=2020-01-28 14:45:51.500000+0000 Values (without TIMESTAMP): 60 - Actual SNAPSHOTTYPE: TIME. - H5Dump: YES: key=/               50500 not in keys.
2025-09-26 16:50:32,084 ; PT3S                                                         ; DEBUG   ; Mx._readMxsFile: TimeNr.    508 read and processed finally=2020-01-28 14:45:51.600000+0000 Values (without TIMESTAMP): 60 - Actual SNAPSHOTTYPE: TIME. - H5Dump: YES: key=/               50600 not in keys.
2025-09-26 16:50:32,084 ; PT3S                                                         ; DEBUG   ; Mx._readMxsFile: TimeNr.    509 read and processed finally=2020-01-28 14:45:51.700000+0000 Values (without TIMESTAMP): 60 - Actual SNAPSHOTTYPE: TIME. - H5Dump: YES: key=/               50700 not in keys.
2025-09-26 16:50:32,097 ; PT3S                                                         ; DEBUG   ; Mx._readMxsFile: TimeNr.    510 read and processed finally=2020-01-28 14:45:51.800000+0000 Values (without TIMESTAMP): 60 - Actual SNAPSHOTTYPE: TIME. - H5Dump: YES: key=/               50800 not in keys.
2025-09-26 16:50:32,099 ; PT3S                                                         ; DEBUG   ; Mx._readMxsFile: TimeNr.    511 read and processed finally=2020-01-28 14:45:51.900000+0000 Values (without TIMESTAMP): 60 - Actual SNAPSHOTTYPE: TIME. - H5Dump: YES: key=/               50900 not in keys.
2025-09-26 16:50:32,109 ; PT3S                                                         ; DEBUG   ; Mx._readMxsFile: TimeNr.    512 read and processed finally=2020-01-28 14:45:52.000000+0000 Values (without TIMESTAMP): 60 - Actual SNAPSHOTTYPE: TIME. - H5Dump: YES: key=/               51000 not in keys.
2025-09-26 16:50:32,116 ; PT3S                                                         ; DEBUG   ; Mx._readMxsFile: TimeNr.    513 read and processed finally=2020-01-28 14:45:52.100000+0000 Values (without TIMESTAMP): 60 - Actual SNAPSHOTTYPE: TIME. - H5Dump: YES: key=/               51100 not in keys.
2025-09-26 16:50:32,116 ; PT3S                                                         ; DEBUG   ; Mx._readMxsFile: TimeNr.    514 read and processed finally=2020-01-28 14:45:52.200000+0000 Values (without TIMESTAMP): 60 - Actual SNAPSHOTTYPE: TIME. - H5Dump: YES: key=/               51200 not in keys.
2025-09-26 16:50:32,116 ; PT3S                                                         ; DEBUG   ; Mx._readMxsFile: TimeNr.    515 read and processed finally=2020-01-28 14:45:52.300000+0000 Values (without TIMESTAMP): 60 - Actual SNAPSHOTTYPE: TIME. - H5Dump: YES: key=/               51300 not in keys.
2025-09-26 16:50:32,131 ; PT3S                                                         ; DEBUG   ; Mx._readMxsFile: TimeNr.    516 read and processed finally=2020-01-28 14:45:52.400000+0000 Values (without TIMESTAMP): 60 - Actual SNAPSHOTTYPE: TIME. - H5Dump: YES: key=/               51400 not in keys.
2025-09-26 16:50:32,135 ; PT3S                                                         ; DEBUG   ; Mx._readMxsFile: TimeNr.    517 read and processed finally=2020-01-28 14:45:52.500000+0000 Values (without TIMESTAMP): 60 - Actual SNAPSHOTTYPE: TIME. - H5Dump: YES: key=/               51500 not in keys.
2025-09-26 16:50:32,139 ; PT3S                                                         ; DEBUG   ; Mx._readMxsFile: TimeNr.    518 read and processed finally=2020-01-28 14:45:52.600000+0000 Values (without TIMESTAMP): 60 - Actual SNAPSHOTTYPE: TIME. - H5Dump: YES: key=/               51600 not in keys.
2025-09-26 16:50:32,144 ; PT3S                                                         ; DEBUG   ; Mx._readMxsFile: TimeNr.    519 read and processed finally=2020-01-28 14:45:52.700000+0000 Values (without TIMESTAMP): 60 - Actual SNAPSHOTTYPE: TIME. - H5Dump: YES: key=/               51700 not in keys.
2025-09-26 16:50:32,146 ; PT3S                                                         ; DEBUG   ; Mx._readMxsFile: TimeNr.    520 read and processed finally=2020-01-28 14:45:52.800000+0000 Values (without TIMESTAMP): 60 - Actual SNAPSHOTTYPE: TIME. - H5Dump: YES: key=/               51800 not in keys.
2025-09-26 16:50:32,146 ; PT3S                                                         ; DEBUG   ; Mx._readMxsFile: TimeNr.    521 read and processed finally=2020-01-28 14:45:52.900000+0000 Values (without TIMESTAMP): 60 - Actual SNAPSHOTTYPE: TIME. - H5Dump: YES: key=/               51900 not in keys.
2025-09-26 16:50:32,160 ; PT3S                                                         ; DEBUG   ; Mx._readMxsFile: TimeNr.    522 read and processed finally=2020-01-28 14:45:53.000000+0000 Values (without TIMESTAMP): 60 - Actual SNAPSHOTTYPE: TIME. - H5Dump: YES: key=/               52000 not in keys.
2025-09-26 16:50:32,167 ; PT3S                                                         ; DEBUG   ; Mx._readMxsFile: TimeNr.    523 read and processed finally=2020-01-28 14:45:53.100000+0000 Values (without TIMESTAMP): 60 - Actual SNAPSHOTTYPE: TIME. - H5Dump: YES: key=/               52100 not in keys.
2025-09-26 16:50:32,173 ; PT3S                                                         ; DEBUG   ; Mx._readMxsFile: TimeNr.    524 read and processed finally=2020-01-28 14:45:53.200000+0000 Values (without TIMESTAMP): 60 - Actual SNAPSHOTTYPE: TIME. - H5Dump: YES: key=/               52200 not in keys.
2025-09-26 16:50:32,179 ; PT3S                                                         ; DEBUG   ; Mx._readMxsFile: TimeNr.    525 read and processed finally=2020-01-28 14:45:53.300000+0000 Values (without TIMESTAMP): 60 - Actual SNAPSHOTTYPE: TIME. - H5Dump: YES: key=/               52300 not in keys.
2025-09-26 16:50:32,185 ; PT3S                                                         ; DEBUG   ; Mx._readMxsFile: TimeNr.    526 read and processed finally=2020-01-28 14:45:53.400000+0000 Values (without TIMESTAMP): 60 - Actual SNAPSHOTTYPE: TIME. - H5Dump: YES: key=/               52400 not in keys.
2025-09-26 16:50:32,185 ; PT3S                                                         ; DEBUG   ; Mx._readMxsFile: TimeNr.    527 read and processed finally=2020-01-28 14:45:53.500000+0000 Values (without TIMESTAMP): 60 - Actual SNAPSHOTTYPE: TIME. - H5Dump: YES: key=/               52500 not in keys.
2025-09-26 16:50:32,194 ; PT3S                                                         ; DEBUG   ; Mx._readMxsFile: TimeNr.    528 read and processed finally=2020-01-28 14:45:53.600000+0000 Values (without TIMESTAMP): 60 - Actual SNAPSHOTTYPE: TIME. - H5Dump: YES: key=/               52600 not in keys.
2025-09-26 16:50:32,194 ; PT3S                                                         ; DEBUG   ; Mx._readMxsFile: TimeNr.    529 read and processed finally=2020-01-28 14:45:53.700000+0000 Values (without TIMESTAMP): 60 - Actual SNAPSHOTTYPE: TIME. - H5Dump: YES: key=/               52700 not in keys.
2025-09-26 16:50:32,194 ; PT3S                                                         ; DEBUG   ; Mx._readMxsFile: TimeNr.    530 read and processed finally=2020-01-28 14:45:53.800000+0000 Values (without TIMESTAMP): 60 - Actual SNAPSHOTTYPE: TIME. - H5Dump: YES: key=/               52800 not in keys.
2025-09-26 16:50:32,211 ; PT3S                                                         ; DEBUG   ; Mx._readMxsFile: TimeNr.    531 read and processed finally=2020-01-28 14:45:53.900000+0000 Values (without TIMESTAMP): 60 - Actual SNAPSHOTTYPE: TIME. - H5Dump: YES: key=/               52900 not in keys.
2025-09-26 16:50:32,211 ; PT3S                                                         ; DEBUG   ; Mx._readMxsFile: TimeNr.    532 read and processed finally=2020-01-28 14:45:54.000000+0000 Values (without TIMESTAMP): 60 - Actual SNAPSHOTTYPE: TIME. - H5Dump: YES: key=/               53000 not in keys.
2025-09-26 16:50:32,226 ; PT3S                                                         ; DEBUG   ; Mx._readMxsFile: TimeNr.    533 read and processed finally=2020-01-28 14:45:54.100000+0000 Values (without TIMESTAMP): 60 - Actual SNAPSHOTTYPE: TIME. - H5Dump: YES: key=/               53100 not in keys.
2025-09-26 16:50:32,233 ; PT3S                                                         ; DEBUG   ; Mx._readMxsFile: TimeNr.    534 read and processed finally=2020-01-28 14:45:54.200000+0000 Values (without TIMESTAMP): 60 - Actual SNAPSHOTTYPE: TIME. - H5Dump: YES: key=/               53200 not in keys.
2025-09-26 16:50:32,240 ; PT3S                                                         ; DEBUG   ; Mx._readMxsFile: TimeNr.    535 read and processed finally=2020-01-28 14:45:54.300000+0000 Values (without TIMESTAMP): 60 - Actual SNAPSHOTTYPE: TIME. - H5Dump: YES: key=/               53300 not in keys.
2025-09-26 16:50:32,246 ; PT3S                                                         ; DEBUG   ; Mx._readMxsFile: TimeNr.    536 read and processed finally=2020-01-28 14:45:54.400000+0000 Values (without TIMESTAMP): 60 - Actual SNAPSHOTTYPE: TIME. - H5Dump: YES: key=/               53400 not in keys.
2025-09-26 16:50:32,249 ; PT3S                                                         ; DEBUG   ; Mx._readMxsFile: TimeNr.    537 read and processed finally=2020-01-28 14:45:54.500000+0000 Values (without TIMESTAMP): 60 - Actual SNAPSHOTTYPE: TIME. - H5Dump: YES: key=/               53500 not in keys.
2025-09-26 16:50:32,256 ; PT3S                                                         ; DEBUG   ; Mx._readMxsFile: TimeNr.    538 read and processed finally=2020-01-28 14:45:54.600000+0000 Values (without TIMESTAMP): 60 - Actual SNAPSHOTTYPE: TIME. - H5Dump: YES: key=/               53600 not in keys.
2025-09-26 16:50:32,264 ; PT3S                                                         ; DEBUG   ; Mx._readMxsFile: TimeNr.    539 read and processed finally=2020-01-28 14:45:54.700000+0000 Values (without TIMESTAMP): 60 - Actual SNAPSHOTTYPE: TIME. - H5Dump: YES: key=/               53700 not in keys.
2025-09-26 16:50:32,270 ; PT3S                                                         ; DEBUG   ; Mx._readMxsFile: TimeNr.    540 read and processed finally=2020-01-28 14:45:54.800000+0000 Values (without TIMESTAMP): 60 - Actual SNAPSHOTTYPE: TIME. - H5Dump: YES: key=/               53800 not in keys.
2025-09-26 16:50:32,278 ; PT3S                                                         ; DEBUG   ; Mx._readMxsFile: TimeNr.    541 read and processed finally=2020-01-28 14:45:54.900000+0000 Values (without TIMESTAMP): 60 - Actual SNAPSHOTTYPE: TIME. - H5Dump: YES: key=/               53900 not in keys.
2025-09-26 16:50:32,284 ; PT3S                                                         ; DEBUG   ; Mx._readMxsFile: TimeNr.    542 read and processed finally=2020-01-28 14:45:55.000000+0000 Values (without TIMESTAMP): 60 - Actual SNAPSHOTTYPE: TIME. - H5Dump: YES: key=/               54000 not in keys.
2025-09-26 16:50:32,293 ; PT3S                                                         ; DEBUG   ; Mx._readMxsFile: TimeNr.    543 read and processed finally=2020-01-28 14:45:55.100000+0000 Values (without TIMESTAMP): 60 - Actual SNAPSHOTTYPE: TIME. - H5Dump: YES: key=/               54100 not in keys.
2025-09-26 16:50:32,294 ; PT3S                                                         ; DEBUG   ; Mx._readMxsFile: TimeNr.    544 read and processed finally=2020-01-28 14:45:55.200000+0000 Values (without TIMESTAMP): 60 - Actual SNAPSHOTTYPE: TIME. - H5Dump: YES: key=/               54200 not in keys.
2025-09-26 16:50:32,306 ; PT3S                                                         ; DEBUG   ; Mx._readMxsFile: TimeNr.    545 read and processed finally=2020-01-28 14:45:55.300000+0000 Values (without TIMESTAMP): 60 - Actual SNAPSHOTTYPE: TIME. - H5Dump: YES: key=/               54300 not in keys.
2025-09-26 16:50:32,315 ; PT3S                                                         ; DEBUG   ; Mx._readMxsFile: TimeNr.    546 read and processed finally=2020-01-28 14:45:55.400000+0000 Values (without TIMESTAMP): 60 - Actual SNAPSHOTTYPE: TIME. - H5Dump: YES: key=/               54400 not in keys.
2025-09-26 16:50:32,315 ; PT3S                                                         ; DEBUG   ; Mx._readMxsFile: TimeNr.    547 read and processed finally=2020-01-28 14:45:55.500000+0000 Values (without TIMESTAMP): 60 - Actual SNAPSHOTTYPE: TIME. - H5Dump: YES: key=/               54500 not in keys.
2025-09-26 16:50:32,334 ; PT3S                                                         ; DEBUG   ; Mx._readMxsFile: TimeNr.    548 read and processed finally=2020-01-28 14:45:55.600000+0000 Values (without TIMESTAMP): 60 - Actual SNAPSHOTTYPE: TIME. - H5Dump: YES: key=/               54600 not in keys.
2025-09-26 16:50:32,340 ; PT3S                                                         ; DEBUG   ; Mx._readMxsFile: TimeNr.    549 read and processed finally=2020-01-28 14:45:55.700000+0000 Values (without TIMESTAMP): 60 - Actual SNAPSHOTTYPE: TIME. - H5Dump: YES: key=/               54700 not in keys.
2025-09-26 16:50:32,345 ; PT3S                                                         ; DEBUG   ; Mx._readMxsFile: TimeNr.    550 read and processed finally=2020-01-28 14:45:55.800000+0000 Values (without TIMESTAMP): 60 - Actual SNAPSHOTTYPE: TIME. - H5Dump: YES: key=/               54800 not in keys.
2025-09-26 16:50:32,356 ; PT3S                                                         ; DEBUG   ; Mx._readMxsFile: TimeNr.    551 read and processed finally=2020-01-28 14:45:55.900000+0000 Values (without TIMESTAMP): 60 - Actual SNAPSHOTTYPE: TIME. - H5Dump: YES: key=/               54900 not in keys.
2025-09-26 16:50:32,361 ; PT3S                                                         ; DEBUG   ; Mx._readMxsFile: TimeNr.    552 read and processed finally=2020-01-28 14:45:56.000000+0000 Values (without TIMESTAMP): 60 - Actual SNAPSHOTTYPE: TIME. - H5Dump: YES: key=/               55000 not in keys.
2025-09-26 16:50:32,376 ; PT3S                                                         ; DEBUG   ; Mx._readMxsFile: TimeNr.    553 read and processed finally=2020-01-28 14:45:56.100000+0000 Values (without TIMESTAMP): 60 - Actual SNAPSHOTTYPE: TIME. - H5Dump: YES: key=/               55100 not in keys.
2025-09-26 16:50:32,384 ; PT3S                                                         ; DEBUG   ; Mx._readMxsFile: TimeNr.    554 read and processed finally=2020-01-28 14:45:56.200000+0000 Values (without TIMESTAMP): 60 - Actual SNAPSHOTTYPE: TIME. - H5Dump: YES: key=/               55200 not in keys.
2025-09-26 16:50:32,394 ; PT3S                                                         ; DEBUG   ; Mx._readMxsFile: TimeNr.    555 read and processed finally=2020-01-28 14:45:56.300000+0000 Values (without TIMESTAMP): 60 - Actual SNAPSHOTTYPE: TIME. - H5Dump: YES: key=/               55300 not in keys.
2025-09-26 16:50:32,401 ; PT3S                                                         ; DEBUG   ; Mx._readMxsFile: TimeNr.    556 read and processed finally=2020-01-28 14:45:56.400000+0000 Values (without TIMESTAMP): 60 - Actual SNAPSHOTTYPE: TIME. - H5Dump: YES: key=/               55400 not in keys.
2025-09-26 16:50:32,405 ; PT3S                                                         ; DEBUG   ; Mx._readMxsFile: TimeNr.    557 read and processed finally=2020-01-28 14:45:56.500000+0000 Values (without TIMESTAMP): 60 - Actual SNAPSHOTTYPE: TIME. - H5Dump: YES: key=/               55500 not in keys.
2025-09-26 16:50:32,412 ; PT3S                                                         ; DEBUG   ; Mx._readMxsFile: TimeNr.    558 read and processed finally=2020-01-28 14:45:56.600000+0000 Values (without TIMESTAMP): 60 - Actual SNAPSHOTTYPE: TIME. - H5Dump: YES: key=/               55600 not in keys.
2025-09-26 16:50:32,412 ; PT3S                                                         ; DEBUG   ; Mx._readMxsFile: TimeNr.    559 read and processed finally=2020-01-28 14:45:56.700000+0000 Values (without TIMESTAMP): 60 - Actual SNAPSHOTTYPE: TIME. - H5Dump: YES: key=/               55700 not in keys.
2025-09-26 16:50:32,429 ; PT3S                                                         ; DEBUG   ; Mx._readMxsFile: TimeNr.    560 read and processed finally=2020-01-28 14:45:56.800000+0000 Values (without TIMESTAMP): 60 - Actual SNAPSHOTTYPE: TIME. - H5Dump: YES: key=/               55800 not in keys.
2025-09-26 16:50:32,435 ; PT3S                                                         ; DEBUG   ; Mx._readMxsFile: TimeNr.    561 read and processed finally=2020-01-28 14:45:56.900000+0000 Values (without TIMESTAMP): 60 - Actual SNAPSHOTTYPE: TIME. - H5Dump: YES: key=/               55900 not in keys.
2025-09-26 16:50:32,443 ; PT3S                                                         ; DEBUG   ; Mx._readMxsFile: TimeNr.    562 read and processed finally=2020-01-28 14:45:57.000000+0000 Values (without TIMESTAMP): 60 - Actual SNAPSHOTTYPE: TIME. - H5Dump: YES: key=/               56000 not in keys.
2025-09-26 16:50:32,444 ; PT3S                                                         ; DEBUG   ; Mx._readMxsFile: TimeNr.    563 read and processed finally=2020-01-28 14:45:57.100000+0000 Values (without TIMESTAMP): 60 - Actual SNAPSHOTTYPE: TIME. - H5Dump: YES: key=/               56100 not in keys.
2025-09-26 16:50:32,444 ; PT3S                                                         ; DEBUG   ; Mx._readMxsFile: TimeNr.    564 read and processed finally=2020-01-28 14:45:57.200000+0000 Values (without TIMESTAMP): 60 - Actual SNAPSHOTTYPE: TIME. - H5Dump: YES: key=/               56200 not in keys.
2025-09-26 16:50:32,461 ; PT3S                                                         ; DEBUG   ; Mx._readMxsFile: TimeNr.    565 read and processed finally=2020-01-28 14:45:57.300000+0000 Values (without TIMESTAMP): 60 - Actual SNAPSHOTTYPE: TIME. - H5Dump: YES: key=/               56300 not in keys.
2025-09-26 16:50:32,466 ; PT3S                                                         ; DEBUG   ; Mx._readMxsFile: TimeNr.    566 read and processed finally=2020-01-28 14:45:57.400000+0000 Values (without TIMESTAMP): 60 - Actual SNAPSHOTTYPE: TIME. - H5Dump: YES: key=/               56400 not in keys.
2025-09-26 16:50:32,470 ; PT3S                                                         ; DEBUG   ; Mx._readMxsFile: TimeNr.    567 read and processed finally=2020-01-28 14:45:57.500000+0000 Values (without TIMESTAMP): 60 - Actual SNAPSHOTTYPE: TIME. - H5Dump: YES: key=/               56500 not in keys.
2025-09-26 16:50:32,480 ; PT3S                                                         ; DEBUG   ; Mx._readMxsFile: TimeNr.    568 read and processed finally=2020-01-28 14:45:57.600000+0000 Values (without TIMESTAMP): 60 - Actual SNAPSHOTTYPE: TIME. - H5Dump: YES: key=/               56600 not in keys.
2025-09-26 16:50:32,486 ; PT3S                                                         ; DEBUG   ; Mx._readMxsFile: TimeNr.    569 read and processed finally=2020-01-28 14:45:57.700000+0000 Values (without TIMESTAMP): 60 - Actual SNAPSHOTTYPE: TIME. - H5Dump: YES: key=/               56700 not in keys.
2025-09-26 16:50:32,493 ; PT3S                                                         ; DEBUG   ; Mx._readMxsFile: TimeNr.    570 read and processed finally=2020-01-28 14:45:57.800000+0000 Values (without TIMESTAMP): 60 - Actual SNAPSHOTTYPE: TIME. - H5Dump: YES: key=/               56800 not in keys.
2025-09-26 16:50:32,498 ; PT3S                                                         ; DEBUG   ; Mx._readMxsFile: TimeNr.    571 read and processed finally=2020-01-28 14:45:57.900000+0000 Values (without TIMESTAMP): 60 - Actual SNAPSHOTTYPE: TIME. - H5Dump: YES: key=/               56900 not in keys.
2025-09-26 16:50:32,498 ; PT3S                                                         ; DEBUG   ; Mx._readMxsFile: TimeNr.    572 read and processed finally=2020-01-28 14:45:58.000000+0000 Values (without TIMESTAMP): 60 - Actual SNAPSHOTTYPE: TIME. - H5Dump: YES: key=/               57000 not in keys.
2025-09-26 16:50:32,511 ; PT3S                                                         ; DEBUG   ; Mx._readMxsFile: TimeNr.    573 read and processed finally=2020-01-28 14:45:58.100000+0000 Values (without TIMESTAMP): 60 - Actual SNAPSHOTTYPE: TIME. - H5Dump: YES: key=/               57100 not in keys.
2025-09-26 16:50:32,516 ; PT3S                                                         ; DEBUG   ; Mx._readMxsFile: TimeNr.    574 read and processed finally=2020-01-28 14:45:58.200000+0000 Values (without TIMESTAMP): 60 - Actual SNAPSHOTTYPE: TIME. - H5Dump: YES: key=/               57200 not in keys.
2025-09-26 16:50:32,522 ; PT3S                                                         ; DEBUG   ; Mx._readMxsFile: TimeNr.    575 read and processed finally=2020-01-28 14:45:58.300000+0000 Values (without TIMESTAMP): 60 - Actual SNAPSHOTTYPE: TIME. - H5Dump: YES: key=/               57300 not in keys.
2025-09-26 16:50:32,533 ; PT3S                                                         ; DEBUG   ; Mx._readMxsFile: TimeNr.    576 read and processed finally=2020-01-28 14:45:58.400000+0000 Values (without TIMESTAMP): 60 - Actual SNAPSHOTTYPE: TIME. - H5Dump: YES: key=/               57400 not in keys.
2025-09-26 16:50:32,538 ; PT3S                                                         ; DEBUG   ; Mx._readMxsFile: TimeNr.    577 read and processed finally=2020-01-28 14:45:58.500000+0000 Values (without TIMESTAMP): 60 - Actual SNAPSHOTTYPE: TIME. - H5Dump: YES: key=/               57500 not in keys.
2025-09-26 16:50:32,544 ; PT3S                                                         ; DEBUG   ; Mx._readMxsFile: TimeNr.    578 read and processed finally=2020-01-28 14:45:58.600000+0000 Values (without TIMESTAMP): 60 - Actual SNAPSHOTTYPE: TIME. - H5Dump: YES: key=/               57600 not in keys.
2025-09-26 16:50:32,550 ; PT3S                                                         ; DEBUG   ; Mx._readMxsFile: TimeNr.    579 read and processed finally=2020-01-28 14:45:58.700000+0000 Values (without TIMESTAMP): 60 - Actual SNAPSHOTTYPE: TIME. - H5Dump: YES: key=/               57700 not in keys.
2025-09-26 16:50:32,554 ; PT3S                                                         ; DEBUG   ; Mx._readMxsFile: TimeNr.    580 read and processed finally=2020-01-28 14:45:58.800000+0000 Values (without TIMESTAMP): 60 - Actual SNAPSHOTTYPE: TIME. - H5Dump: YES: key=/               57800 not in keys.
2025-09-26 16:50:32,562 ; PT3S                                                         ; DEBUG   ; Mx._readMxsFile: TimeNr.    581 read and processed finally=2020-01-28 14:45:58.900000+0000 Values (without TIMESTAMP): 60 - Actual SNAPSHOTTYPE: TIME. - H5Dump: YES: key=/               57900 not in keys.
2025-09-26 16:50:32,564 ; PT3S                                                         ; DEBUG   ; Mx._readMxsFile: TimeNr.    582 read and processed finally=2020-01-28 14:45:59.000000+0000 Values (without TIMESTAMP): 60 - Actual SNAPSHOTTYPE: TIME. - H5Dump: YES: key=/               58000 not in keys.
2025-09-26 16:50:32,571 ; PT3S                                                         ; DEBUG   ; Mx._readMxsFile: TimeNr.    583 read and processed finally=2020-01-28 14:45:59.100000+0000 Values (without TIMESTAMP): 60 - Actual SNAPSHOTTYPE: TIME. - H5Dump: YES: key=/               58100 not in keys.
2025-09-26 16:50:32,581 ; PT3S                                                         ; DEBUG   ; Mx._readMxsFile: TimeNr.    584 read and processed finally=2020-01-28 14:45:59.200000+0000 Values (without TIMESTAMP): 60 - Actual SNAPSHOTTYPE: TIME. - H5Dump: YES: key=/               58200 not in keys.
2025-09-26 16:50:32,589 ; PT3S                                                         ; DEBUG   ; Mx._readMxsFile: TimeNr.    585 read and processed finally=2020-01-28 14:45:59.300000+0000 Values (without TIMESTAMP): 60 - Actual SNAPSHOTTYPE: TIME. - H5Dump: YES: key=/               58300 not in keys.
2025-09-26 16:50:32,593 ; PT3S                                                         ; DEBUG   ; Mx._readMxsFile: TimeNr.    586 read and processed finally=2020-01-28 14:45:59.400000+0000 Values (without TIMESTAMP): 60 - Actual SNAPSHOTTYPE: TIME. - H5Dump: YES: key=/               58400 not in keys.
2025-09-26 16:50:32,599 ; PT3S                                                         ; DEBUG   ; Mx._readMxsFile: TimeNr.    587 read and processed finally=2020-01-28 14:45:59.500000+0000 Values (without TIMESTAMP): 60 - Actual SNAPSHOTTYPE: TIME. - H5Dump: YES: key=/               58500 not in keys.
2025-09-26 16:50:32,603 ; PT3S                                                         ; DEBUG   ; Mx._readMxsFile: TimeNr.    588 read and processed finally=2020-01-28 14:45:59.600000+0000 Values (without TIMESTAMP): 60 - Actual SNAPSHOTTYPE: TIME. - H5Dump: YES: key=/               58600 not in keys.
2025-09-26 16:50:32,610 ; PT3S                                                         ; DEBUG   ; Mx._readMxsFile: TimeNr.    589 read and processed finally=2020-01-28 14:45:59.700000+0000 Values (without TIMESTAMP): 60 - Actual SNAPSHOTTYPE: TIME. - H5Dump: YES: key=/               58700 not in keys.
2025-09-26 16:50:32,613 ; PT3S                                                         ; DEBUG   ; Mx._readMxsFile: TimeNr.    590 read and processed finally=2020-01-28 14:45:59.800000+0000 Values (without TIMESTAMP): 60 - Actual SNAPSHOTTYPE: TIME. - H5Dump: YES: key=/               58800 not in keys.
2025-09-26 16:50:32,613 ; PT3S                                                         ; DEBUG   ; Mx._readMxsFile: TimeNr.    591 read and processed finally=2020-01-28 14:45:59.900000+0000 Values (without TIMESTAMP): 60 - Actual SNAPSHOTTYPE: TIME. - H5Dump: YES: key=/               58900 not in keys.
2025-09-26 16:50:32,628 ; PT3S                                                         ; DEBUG   ; Mx._readMxsFile: TimeNr.    592 read and processed finally=2020-01-28 14:46:00.000000+0000 Values (without TIMESTAMP): 60 - Actual SNAPSHOTTYPE: TIME. - H5Dump: YES: key=/               59000 not in keys.
2025-09-26 16:50:32,635 ; PT3S                                                         ; DEBUG   ; Mx._readMxsFile: TimeNr.    593 read and processed finally=2020-01-28 14:46:00.100000+0000 Values (without TIMESTAMP): 60 - Actual SNAPSHOTTYPE: TIME. - H5Dump: YES: key=/               59100 not in keys.
2025-09-26 16:50:32,637 ; PT3S                                                         ; DEBUG   ; Mx._readMxsFile: TimeNr.    594 read and processed finally=2020-01-28 14:46:00.200000+0000 Values (without TIMESTAMP): 60 - Actual SNAPSHOTTYPE: TIME. - H5Dump: YES: key=/               59200 not in keys.
2025-09-26 16:50:32,645 ; PT3S                                                         ; DEBUG   ; Mx._readMxsFile: TimeNr.    595 read and processed finally=2020-01-28 14:46:00.300000+0000 Values (without TIMESTAMP): 60 - Actual SNAPSHOTTYPE: TIME. - H5Dump: YES: key=/               59300 not in keys.
2025-09-26 16:50:32,651 ; PT3S                                                         ; DEBUG   ; Mx._readMxsFile: TimeNr.    596 read and processed finally=2020-01-28 14:46:00.400000+0000 Values (without TIMESTAMP): 60 - Actual SNAPSHOTTYPE: TIME. - H5Dump: YES: key=/               59400 not in keys.
2025-09-26 16:50:32,651 ; PT3S                                                         ; DEBUG   ; Mx._readMxsFile: TimeNr.    597 read and processed finally=2020-01-28 14:46:00.500000+0000 Values (without TIMESTAMP): 60 - Actual SNAPSHOTTYPE: TIME. - H5Dump: YES: key=/               59500 not in keys.
2025-09-26 16:50:32,664 ; PT3S                                                         ; DEBUG   ; Mx._readMxsFile: TimeNr.    598 read and processed finally=2020-01-28 14:46:00.600000+0000 Values (without TIMESTAMP): 60 - Actual SNAPSHOTTYPE: TIME. - H5Dump: YES: key=/               59600 not in keys.
2025-09-26 16:50:32,667 ; PT3S                                                         ; DEBUG   ; Mx._readMxsFile: TimeNr.    599 read and processed finally=2020-01-28 14:46:00.700000+0000 Values (without TIMESTAMP): 60 - Actual SNAPSHOTTYPE: TIME. - H5Dump: YES: key=/               59700 not in keys.
2025-09-26 16:50:32,674 ; PT3S                                                         ; DEBUG   ; Mx._readMxsFile: TimeNr.    600 read and processed finally=2020-01-28 14:46:00.800000+0000 Values (without TIMESTAMP): 60 - Actual SNAPSHOTTYPE: TIME. - H5Dump: YES: key=/               59800 not in keys.
2025-09-26 16:50:32,680 ; PT3S                                                         ; DEBUG   ; Mx._readMxsFile: TimeNr.    601 read and processed finally=2020-01-28 14:46:00.900000+0000 Values (without TIMESTAMP): 60 - Actual SNAPSHOTTYPE: TIME. - H5Dump: YES: key=/               59900 not in keys.
2025-09-26 16:50:32,686 ; PT3S                                                         ; DEBUG   ; Mx._readMxsFile: TimeNr.    602 read and processed finally=2020-01-28 14:46:01.000000+0000 Values (without TIMESTAMP): 60 - Actual SNAPSHOTTYPE: TIME. - H5Dump: YES: key=/               60000 not in keys.
2025-09-26 16:50:32,759 ; PT3S                                                         ; DEBUG   ; Mx._processToDfVecAggs: cSNAPSHOTTYPE TMIN     processed to         dfVecAggs with TIMESTAMPL: 2020-01-28 14:45:01+00:00
2025-09-26 16:50:32,759 ; PT3S                                                         ; DEBUG   ; Mx._readMxsFile: TimeNr.    603 read and processed finally=2020-01-28 14:46:01.000000+0000 Values (without TIMESTAMP): 60 - Actual SNAPSHOTTYPE: TMIN. - H5Dump: YES: key=/               60000 not in keys.
2025-09-26 16:50:32,828 ; PT3S                                                         ; DEBUG   ; Mx._processToDfVecAggs: cSNAPSHOTTYPE TMAX     processed to         dfVecAggs with TIMESTAMPL: 2020-01-28 14:45:01+00:00
2025-09-26 16:50:32,828 ; PT3S                                                         ; DEBUG   ; Mx._readMxsFile: TimeNr.    604 read and processed finally=2020-01-28 14:46:01.000000+0000 Values (without TIMESTAMP): 60 - Actual SNAPSHOTTYPE: TMAX. - H5Dump: YES: key=/               60000 not in keys.
2025-09-26 16:50:32,828 ; PT3S                                                         ; DEBUG   ; Mx._readMxsFile: File finished: Records read=604. Last Time read=2020-01-28 14:46:01.000000+0000. MB read=0073.19.
2025-09-26 16:50:32,843 ; PT3S                                                         ; DEBUG   ; Mx._readMxsFile: df.shape(): (604, 60).
2025-09-26 16:50:32,843 ; PT3S                                                         ; DEBUG   ; Mx._readMxsFile: _Done.
2025-09-26 16:50:32,845 ; PT3S                                                         ; DEBUG   ; Mx.setResultsToMxsFile: Mxs: c:\users\jablonski\3s\pt3s\PT3S\Examples\WDExample2\B1\V0\BZ1\M-1-0-1.5.MXS: NOT unique TIMESTAMPS: Their dfMxs Shape: (3, 60).
2025-09-26 16:50:32,845 ; PT3S                                                         ; DEBUG   ; Mx.setResultsToMxsFile: Mxs: c:\users\jablonski\3s\pt3s\PT3S\Examples\WDExample2\B1\V0\BZ1\M-1-0-1.5.MXS: Assigned.     df Shape: (601, 60).
2025-09-26 16:50:32,845 ; PT3S                                                         ; DEBUG   ; Mx.setResultsToMxsFile: RESULT after c:\users\jablonski\3s\pt3s\PT3S\Examples\WDExample2\B1\V0\BZ1\M-1-0-1.5.MXS: df Shape: (601, 60) First Time: 2020-01-28 14:45:01+00:00 Last Time: 2020-01-28 14:46:01+00:00.
2025-09-26 16:50:32,862 ; PT3S                                                         ; DEBUG   ; Mx.setResultsToMxsFile: _Done.
2025-09-26 16:50:32,862 ; PT3S                                                         ; DEBUG   ; Mx.__init__: _Done.#########
2025-09-26 16:50:32,862 ; PT3S                                                         ; DEBUG   ; PT3S.dxAndMxHelperFcts.readDxAndMx: MX read ok so far.
2025-09-26 16:50:32,862 ; PT3S                                                         ; DEBUG   ; PT3S.dxAndMxHelperFcts.processMxVectorResults: Start.
2025-09-26 16:50:32,862 ; PT3S                                                         ; DEBUG   ; PT3S.dxAndMxHelperFcts.processMxVectorResults: _Done.
2025-09-26 16:50:32,862 ; PT3S                                                         ; DEBUG   ; dxWithMx.__init__: Start.
2025-09-26 16:50:32,862 ; PT3S                                                         ; DEBUG   ; PT3S.dxDecodeObjsData.Wblz: Start.
2025-09-26 16:50:32,868 ; PT3S                                                         ; DEBUG   ; PT3S.dxDecodeObjsData.Wblz: no WBLZs available ...
2025-09-26 16:50:32,868 ; PT3S                                                         ; DEBUG   ; PT3S.dxDecodeObjsData.Wblz: _Done.
2025-09-26 16:50:32,868 ; PT3S                                                         ; DEBUG   ; PT3S.dxDecodeObjsData.Agsn: Start.
2025-09-26 16:50:33,115 ; PT3S                                                         ; DEBUG   ; PT3S.dxDecodeObjsData.Agsn: _Done.
2025-09-26 16:50:33,126 ; PT3S                                                         ; INFO    ; dxWithMx.__init__: Example2: processing dx and mx ...
2025-09-26 16:50:33,128 ; PT3S                                                         ; DEBUG   ; Dx.MxSync: Start.
2025-09-26 16:50:33,172 ; PT3S                                                         ; DEBUG   ; Dx.MxSync: resType: FWVB hat keine mx2-Eintraege.
2025-09-26 16:50:33,224 ; PT3S                                                         ; DEBUG   ; Dx.MxSync: _Done.
2025-09-26 16:50:33,239 ; PT3S                                                         ; DEBUG   ; Dx.MxAdd: Start.
2025-09-26 16:50:33,240 ; PT3S                                                         ; DEBUG   ; Dx.MxAdd: dfName: V3_KNOT: read Results:
2025-09-26 16:50:33,261 ; PT3S                                                         ; DEBUG   ; Dx.MxAdd: dfName: V3_ROHR: read Results:
2025-09-26 16:50:33,268 ; PT3S                                                         ; DEBUG   ; Dx.MxAdd: dfName: V3_FWVB: read Results:
2025-09-26 16:50:33,275 ; PT3S                                                         ; DEBUG   ; Dx.MxAdd: dfName: V3_ROHR: addNodeData:
2025-09-26 16:50:33,285 ; PT3S                                                         ; DEBUG   ; Dx.MxAdd: dfName: V3_FWVB: addNodeData:
2025-09-26 16:50:33,296 ; PT3S                                                         ; DEBUG   ; Mx.getVecAggsResultsForAttributeType: Start.
2025-09-26 16:50:33,297 ; PT3S                                                         ; DEBUG   ; Mx.getVecAggsResultsForAttributeType: Sir3sIDsMatching: ['KLAP~*~*~*~QM', 'KNOT~*~*~*~QM', 'PUMP~*~*~*~QM', 'ROHR~*~*~*~QMAV', 'VENT~*~*~*~QM']
2025-09-26 16:50:33,298 ; PT3S                                                         ; DEBUG   ; Mx.getVecAggsResultsForAttributeType: choosen Name of 'common' ATTR: QM.
2025-09-26 16:50:33,344 ; PT3S                                                         ; DEBUG   ; Mx.getVecAggsResultsForAttributeType: _Done.
2025-09-26 16:50:33,354 ; PT3S                                                         ; DEBUG   ; Dx.MxAdd: Exception: Line: 1655: <class 'KeyError'>: 'OBEH': Edge-Type OBEH: adding Vec-Results for ~QMA{0,1}V{0,1}$ failed (maybe because not available in mx).
2025-09-26 16:50:33,396 ; PT3S                                                         ; DEBUG   ; Mx.getVecAggsResultsForAttributeType: Start.
2025-09-26 16:50:33,396 ; PT3S                                                         ; DEBUG   ; Mx.getVecAggsResultsForAttributeType: Sir3sIDsMatching: []
2025-09-26 16:50:33,396 ; PT3S                                                         ; DEBUG   ; Mx.getVecAggsResultsForAttributeType: _Done.
2025-09-26 16:50:33,396 ; PT3S                                                         ; DEBUG   ; Dx.MxAdd: Exception: Line: 1655: <class 'KeyError'>: 'KLAP': Edge-Type KLAP: adding Vec-Results for ~MA{0,1}V{0,1}$ failed (maybe because not available in mx).
2025-09-26 16:50:33,396 ; PT3S                                                         ; DEBUG   ; Dx.MxAdd: Exception: Line: 1655: <class 'KeyError'>: 'OBEH': Edge-Type OBEH: adding Vec-Results for ~MA{0,1}V{0,1}$ failed (maybe because not available in mx).
2025-09-26 16:50:33,396 ; PT3S                                                         ; DEBUG   ; Dx.MxAdd: Exception: Line: 1655: <class 'KeyError'>: 'PUMP': Edge-Type PUMP: adding Vec-Results for ~MA{0,1}V{0,1}$ failed (maybe because not available in mx).
2025-09-26 16:50:33,400 ; PT3S                                                         ; DEBUG   ; Dx.MxAdd: Exception: Line: 1655: <class 'KeyError'>: 'ROHR': Edge-Type ROHR: adding Vec-Results for ~MA{0,1}V{0,1}$ failed (maybe because not available in mx).
2025-09-26 16:50:33,400 ; PT3S                                                         ; DEBUG   ; Dx.MxAdd: Exception: Line: 1655: <class 'KeyError'>: 'VENT': Edge-Type VENT: adding Vec-Results for ~MA{0,1}V{0,1}$ failed (maybe because not available in mx).
2025-09-26 16:50:33,418 ; PT3S                                                         ; DEBUG   ; Dx.MxAdd: _Done.
2025-09-26 16:50:33,418 ; PT3S                                                         ; DEBUG   ; dxWithMx._V3_ROHR: Start.
2025-09-26 16:50:33,446 ; PT3S                                                         ; DEBUG   ; dxWithMx._V3_ROHR: Constructing of V3_ROHR['QMAVAbs'] ok so far.
2025-09-26 16:50:33,469 ; PT3S                                                         ; DEBUG   ; dxWithMx._V3_ROHR: Constructing of V3_ROHR['VAVAbs'] ok so far.
2025-09-26 16:50:33,494 ; PT3S                                                         ; DEBUG   ; dxWithMx._V3_ROHR: Constructing of V3_ROHR['PHRAbs'] ok so far.
2025-09-26 16:50:33,519 ; PT3S                                                         ; DEBUG   ; dxWithMx._V3_ROHR: Constructing of V3_ROHR['JVAbs'] ok so far.
2025-09-26 16:50:33,519 ; PT3S                                                         ; DEBUG   ; dxWithMx._V3_ROHR: Exception: Line: 334: <class 'KeyError'>: ('STAT', 'ROHR~*~*~*~MAV', Timestamp('2020-01-28 14:45:01'), Timestamp('2020-01-28 14:45:01'))
2025-09-26 16:50:33,519 ; PT3S                                                         ; DEBUG   ; dxWithMx._V3_ROHR: Constructing col MAV=STAT ROHR~*~*~*~MAV in V3_ROHR failed.
2025-09-26 16:50:33,519 ; PT3S                                                         ; DEBUG   ; dxWithMx._V3_ROHR: Exception: Line: 347: <class 'KeyError'>: ('STAT', 'ROHR~*~*~*~LAMBDA', Timestamp('2020-01-28 14:45:01'), Timestamp('2020-01-28 14:45:01'))
2025-09-26 16:50:33,519 ; PT3S                                                         ; DEBUG   ; dxWithMx._V3_ROHR: Constructing col LAMBDA=STAT ROHR~*~*~*~LAMBDA in V3_ROHR failed.
2025-09-26 16:50:33,519 ; PT3S                                                         ; DEBUG   ; dxWithMx._V3_ROHR: _Done.
2025-09-26 16:50:33,519 ; PT3S                                                         ; DEBUG   ; dxWithMx._V3_KNOT: Start.
2025-09-26 16:50:33,519 ; PT3S                                                         ; DEBUG   ; All cols of df_V3_KNOT['pk', 'fkDE', 'rk', 'tk', 'NAME', 'KTYP', 'ZKOR', 'QM_EIN', 'LFAKT', 'fkPZON', 'fkFSTF', 'fkUTMP', 'fkFQPS', 'fkCONT', 'fk2LKNOT', 'BESCHREIBUNG', 'GEOMWKB', 'DELETED', 'SELECT1', 'IDREFERENZ', 'KENNUNG', 'IPLANUNG', 'KVR', 'GEOMFIX', 'UPRP', 'DRAKONZ', 'pk_BZ', 'fkDE_BZ', 'fk', 'fkPVAR', 'fkQVAR', 'fkLFKT', 'PH_EIN', 'TM', 'TE', 'PH_MIN', 'GRAF', 'GEOM', 'MId', 'MText', 'Basis', 'Variante', 'BZ', 'Geaendert', 'Erstellt', 'pk_VMBZ', 'fkBASIS', 'fkVARIANTE', 'fkBZ', 'MZ', 'MT', 'pk_CONT', 'fkDE_CONT', 'rk_CONT', 'tk_CONT', 'ID_CONT', 'NAME_CONT', 'IDPARENT_CONT', 'rkPARENT_CONT', 'LFDNR_CONT', 'FONT_CONT', 'DELETED_CONT', 'SELECT1_CONT', 'IDREFERENZ_CONT', 'GEOMWKB_CONT', 'GEOMFIX_CONT', 'UPRP_CONT', 'GEOMWKB_converted', 'XKOR', 'YKOR', 'pk_VKNO', 'fkDE_VKNO', 'rk_VKNO', 'fkKNOT_VKNO', 'fkCONT_VKNO', 'SHOWNAME_VKNO', 'POSNAME_VKNO', 'POINTINSERTX_VKNO', 'POINTINSERTY_VKNO', 'SYMBOLFACT_VKNO', 'DISPLAYMODE_VKNO', 'DELETED_VKNO', 'SELECT1_VKNO', 'MId_VKNO', 'MText_VKNO', 'Basis_VKNO', 'Variante_VKNO', 'BZ_VKNO', 'Geaendert_VKNO', 'Erstellt_VKNO', 'pk_VMBASIS_VKNO', 'fkBASIS_VKNO', 'fkVARIANTE_VKNO', 'fkBZ_VKNO', 'MZ_VKNO', 'MT_VKNO', 'MId_VMVARIANTE_VKNO', 'MText_VMVARIANTE_VKNO', 'Basis_VMVARIANTE_VKNO', 'Variante_VMVARIANTE_VKNO', 'BZ_VMVARIANTE_VKNO', 'Geaendert_VMVARIANTE_VKNO', 'Erstellt_VMVARIANTE_VKNO', 'pk_VMVARIANTE_VKNO', 'fkBASIS_VMVARIANTE_VKNO', 'fkVARIANTE_VMVARIANTE_VKNO', 'fkBZ_VMVARIANTE_VKNO', 'MZ_VMVARIANTE_VKNO', 'MT_VMVARIANTE_VKNO', 'pk_CONT_VKNO', 'fkDE_CONT_VKNO', 'rk_CONT_VKNO', 'tk_CONT_VKNO', 'ID_CONT_VKNO', 'NAME_CONT_VKNO', 'IDPARENT_CONT_VKNO', 'rkPARENT_CONT_VKNO', 'LFDNR_CONT_VKNO', 'FONT_CONT_VKNO', 'DELETED_CONT_VKNO', 'SELECT1_CONT_VKNO', 'IDREFERENZ_CONT_VKNO', 'GEOMWKB_CONT_VKNO', 'GEOMFIX_CONT_VKNO', 'UPRP_CONT_VKNO', 'NAME_LFKT', 'NAME_PVAR', 'NAME_PZON', 'NAME_QVAR', 'NAME_UTMP', 'NAME_FSTF', 'NAME_FQPS', 'mx2Idx', ('STAT', 'KNOT~*~*~*~BCIND', Timestamp('2020-01-28 14:45:01'), Timestamp('2020-01-28 14:45:01')), ('TIME', 'KNOT~*~*~*~BCIND', Timestamp('2020-01-28 14:45:01'), Timestamp('2020-01-28 14:45:01')), ('TMIN', 'KNOT~*~*~*~BCIND', Timestamp('2020-01-28 14:45:01'), Timestamp('2020-01-28 14:46:01')), ('TMAX', 'KNOT~*~*~*~BCIND', Timestamp('2020-01-28 14:45:01'), Timestamp('2020-01-28 14:46:01')), ('STAT', 'KNOT~*~*~*~H', Timestamp('2020-01-28 14:45:01'), Timestamp('2020-01-28 14:45:01')), ('TIME', 'KNOT~*~*~*~H', Timestamp('2020-01-28 14:45:01'), Timestamp('2020-01-28 14:45:01')), ('TMIN', 'KNOT~*~*~*~H', Timestamp('2020-01-28 14:45:01'), Timestamp('2020-01-28 14:46:01')), ('TMAX', 'KNOT~*~*~*~H', Timestamp('2020-01-28 14:45:01'), Timestamp('2020-01-28 14:46:01')), ('STAT', 'KNOT~*~*~*~HMAX_INST', Timestamp('2020-01-28 14:45:01'), Timestamp('2020-01-28 14:45:01')), ('TIME', 'KNOT~*~*~*~HMAX_INST', Timestamp('2020-01-28 14:45:01'), Timestamp('2020-01-28 14:45:01')), ('TMIN', 'KNOT~*~*~*~HMAX_INST', Timestamp('2020-01-28 14:45:01'), Timestamp('2020-01-28 14:46:01')), ('TMAX', 'KNOT~*~*~*~HMAX_INST', Timestamp('2020-01-28 14:45:01'), Timestamp('2020-01-28 14:46:01')), ('STAT', 'KNOT~*~*~*~HMIN_INST', Timestamp('2020-01-28 14:45:01'), Timestamp('2020-01-28 14:45:01')), ('TIME', 'KNOT~*~*~*~HMIN_INST', Timestamp('2020-01-28 14:45:01'), Timestamp('2020-01-28 14:45:01')), ('TMIN', 'KNOT~*~*~*~HMIN_INST', Timestamp('2020-01-28 14:45:01'), Timestamp('2020-01-28 14:46:01')), ('TMAX', 'KNOT~*~*~*~HMIN_INST', Timestamp('2020-01-28 14:45:01'), Timestamp('2020-01-28 14:46:01')), ('STAT', 'KNOT~*~*~*~IAKTIV', Timestamp('2020-01-28 14:45:01'), Timestamp('2020-01-28 14:45:01')), ('TIME', 'KNOT~*~*~*~IAKTIV', Timestamp('2020-01-28 14:45:01'), Timestamp('2020-01-28 14:45:01')), ('TMIN', 'KNOT~*~*~*~IAKTIV', Timestamp('2020-01-28 14:45:01'), Timestamp('2020-01-28 14:46:01')), ('TMAX', 'KNOT~*~*~*~IAKTIV', Timestamp('2020-01-28 14:45:01'), Timestamp('2020-01-28 14:46:01')), ('STAT', 'KNOT~*~*~*~INDUV', Timestamp('2020-01-28 14:45:01'), Timestamp('2020-01-28 14:45:01')), ('TIME', 'KNOT~*~*~*~INDUV', Timestamp('2020-01-28 14:45:01'), Timestamp('2020-01-28 14:45:01')), ('TMIN', 'KNOT~*~*~*~INDUV', Timestamp('2020-01-28 14:45:01'), Timestamp('2020-01-28 14:46:01')), ('TMAX', 'KNOT~*~*~*~INDUV', Timestamp('2020-01-28 14:45:01'), Timestamp('2020-01-28 14:46:01')), ('STAT', 'KNOT~*~*~*~LFAKTAKT', Timestamp('2020-01-28 14:45:01'), Timestamp('2020-01-28 14:45:01')), ('TIME', 'KNOT~*~*~*~LFAKTAKT', Timestamp('2020-01-28 14:45:01'), Timestamp('2020-01-28 14:45:01')), ('TMIN', 'KNOT~*~*~*~LFAKTAKT', Timestamp('2020-01-28 14:45:01'), Timestamp('2020-01-28 14:46:01')), ('TMAX', 'KNOT~*~*~*~LFAKTAKT', Timestamp('2020-01-28 14:45:01'), Timestamp('2020-01-28 14:46:01')), ('STAT', 'KNOT~*~*~*~P', Timestamp('2020-01-28 14:45:01'), Timestamp('2020-01-28 14:45:01')), ('TIME', 'KNOT~*~*~*~P', Timestamp('2020-01-28 14:45:01'), Timestamp('2020-01-28 14:45:01')), ('TMIN', 'KNOT~*~*~*~P', Timestamp('2020-01-28 14:45:01'), Timestamp('2020-01-28 14:46:01')), ('TMAX', 'KNOT~*~*~*~P', Timestamp('2020-01-28 14:45:01'), Timestamp('2020-01-28 14:46:01')), ('STAT', 'KNOT~*~*~*~PDAMPF', Timestamp('2020-01-28 14:45:01'), Timestamp('2020-01-28 14:45:01')), ('TIME', 'KNOT~*~*~*~PDAMPF', Timestamp('2020-01-28 14:45:01'), Timestamp('2020-01-28 14:45:01')), ('TMIN', 'KNOT~*~*~*~PDAMPF', Timestamp('2020-01-28 14:45:01'), Timestamp('2020-01-28 14:46:01')), ('TMAX', 'KNOT~*~*~*~PDAMPF', Timestamp('2020-01-28 14:45:01'), Timestamp('2020-01-28 14:46:01')), ('STAT', 'KNOT~*~*~*~PH', Timestamp('2020-01-28 14:45:01'), Timestamp('2020-01-28 14:45:01')), ('TIME', 'KNOT~*~*~*~PH', Timestamp('2020-01-28 14:45:01'), Timestamp('2020-01-28 14:45:01')), ('TMIN', 'KNOT~*~*~*~PH', Timestamp('2020-01-28 14:45:01'), Timestamp('2020-01-28 14:46:01')), ('TMAX', 'KNOT~*~*~*~PH', Timestamp('2020-01-28 14:45:01'), Timestamp('2020-01-28 14:46:01')), ('STAT', 'KNOT~*~*~*~PH_EIN', Timestamp('2020-01-28 14:45:01'), Timestamp('2020-01-28 14:45:01')), ('TIME', 'KNOT~*~*~*~PH_EIN', Timestamp('2020-01-28 14:45:01'), Timestamp('2020-01-28 14:45:01')), ('TMIN', 'KNOT~*~*~*~PH_EIN', Timestamp('2020-01-28 14:45:01'), Timestamp('2020-01-28 14:46:01')), ('TMAX', 'KNOT~*~*~*~PH_EIN', Timestamp('2020-01-28 14:45:01'), Timestamp('2020-01-28 14:46:01')), ('STAT', 'KNOT~*~*~*~PH_MIN', Timestamp('2020-01-28 14:45:01'), Timestamp('2020-01-28 14:45:01')), ('TIME', 'KNOT~*~*~*~PH_MIN', Timestamp('2020-01-28 14:45:01'), Timestamp('2020-01-28 14:45:01')), ('TMIN', 'KNOT~*~*~*~PH_MIN', Timestamp('2020-01-28 14:45:01'), Timestamp('2020-01-28 14:46:01')), ('TMAX', 'KNOT~*~*~*~PH_MIN', Timestamp('2020-01-28 14:45:01'), Timestamp('2020-01-28 14:46:01')), ('STAT', 'KNOT~*~*~*~PMAX_INST', Timestamp('2020-01-28 14:45:01'), Timestamp('2020-01-28 14:45:01')), ('TIME', 'KNOT~*~*~*~PMAX_INST', Timestamp('2020-01-28 14:45:01'), Timestamp('2020-01-28 14:45:01')), ('TMIN', 'KNOT~*~*~*~PMAX_INST', Timestamp('2020-01-28 14:45:01'), Timestamp('2020-01-28 14:46:01')), ('TMAX', 'KNOT~*~*~*~PMAX_INST', Timestamp('2020-01-28 14:45:01'), Timestamp('2020-01-28 14:46:01')), ('STAT', 'KNOT~*~*~*~PMIN_INST', Timestamp('2020-01-28 14:45:01'), Timestamp('2020-01-28 14:45:01')), ('TIME', 'KNOT~*~*~*~PMIN_INST', Timestamp('2020-01-28 14:45:01'), Timestamp('2020-01-28 14:45:01')), ('TMIN', 'KNOT~*~*~*~PMIN_INST', Timestamp('2020-01-28 14:45:01'), Timestamp('2020-01-28 14:46:01')), ('TMAX', 'KNOT~*~*~*~PMIN_INST', Timestamp('2020-01-28 14:45:01'), Timestamp('2020-01-28 14:46:01')), ('STAT', 'KNOT~*~*~*~QM', Timestamp('2020-01-28 14:45:01'), Timestamp('2020-01-28 14:45:01')), ('TIME', 'KNOT~*~*~*~QM', Timestamp('2020-01-28 14:45:01'), Timestamp('2020-01-28 14:45:01')), ('TMIN', 'KNOT~*~*~*~QM', Timestamp('2020-01-28 14:45:01'), Timestamp('2020-01-28 14:46:01')), ('TMAX', 'KNOT~*~*~*~QM', Timestamp('2020-01-28 14:45:01'), Timestamp('2020-01-28 14:46:01')), ('STAT', 'KNOT~*~*~*~RHO', Timestamp('2020-01-28 14:45:01'), Timestamp('2020-01-28 14:45:01')), ('TIME', 'KNOT~*~*~*~RHO', Timestamp('2020-01-28 14:45:01'), Timestamp('2020-01-28 14:45:01')), ('TMIN', 'KNOT~*~*~*~RHO', Timestamp('2020-01-28 14:45:01'), Timestamp('2020-01-28 14:46:01')), ('TMAX', 'KNOT~*~*~*~RHO', Timestamp('2020-01-28 14:45:01'), Timestamp('2020-01-28 14:46:01')), ('STAT', 'KNOT~*~*~*~T', Timestamp('2020-01-28 14:45:01'), Timestamp('2020-01-28 14:45:01')), ('TIME', 'KNOT~*~*~*~T', Timestamp('2020-01-28 14:45:01'), Timestamp('2020-01-28 14:45:01')), ('TMIN', 'KNOT~*~*~*~T', Timestamp('2020-01-28 14:45:01'), Timestamp('2020-01-28 14:46:01')), ('TMAX', 'KNOT~*~*~*~T', Timestamp('2020-01-28 14:45:01'), Timestamp('2020-01-28 14:46:01')), ('STAT', 'KNOT~*~*~*~VOLD', Timestamp('2020-01-28 14:45:01'), Timestamp('2020-01-28 14:45:01')), ('TIME', 'KNOT~*~*~*~VOLD', Timestamp('2020-01-28 14:45:01'), Timestamp('2020-01-28 14:45:01')), ('TMIN', 'KNOT~*~*~*~VOLD', Timestamp('2020-01-28 14:45:01'), Timestamp('2020-01-28 14:46:01')), ('TMAX', 'KNOT~*~*~*~VOLD', Timestamp('2020-01-28 14:45:01'), Timestamp('2020-01-28 14:46:01'))]
2025-09-26 16:50:33,526 ; PT3S                                                         ; DEBUG   ; dxWithMx._V3_KNOT: Constructing of V3_KNOT['PH'] ok so far.
2025-09-26 16:50:33,527 ; PT3S                                                         ; DEBUG   ; dxWithMx._V3_KNOT: Constructing of V3_KNOT['QM'] ok so far.
2025-09-26 16:50:33,527 ; PT3S                                                         ; DEBUG   ; qs: False
2025-09-26 16:50:33,527 ; PT3S                                                         ; DEBUG   ; dxWithMx._V3_KNOT: Exception: Line: 770: <class 'KeyError'>: ('STAT', 'KNOT~*~*~*~ESQUELLSP', Timestamp('2020-01-28 14:45:01'), Timestamp('2020-01-28 14:45:01'))
2025-09-26 16:50:33,527 ; PT3S                                                         ; DEBUG   ; dxWithMx._V3_KNOT: Constructing col srcvector in V3_KNOT failed.
2025-09-26 16:50:33,529 ; PT3S                                                         ; DEBUG   ; dxWithMx._V3_KNOT: Constructing of V3_KNOT['T'] ok so far.
2025-09-26 16:50:33,529 ; PT3S                                                         ; DEBUG   ; dxWithMx._V3_KNOT: Exception: Line: 800: <class 'KeyError'>: ('STAT', 'KNOT~*~*~*~M', Timestamp('2020-01-28 14:45:01'), Timestamp('2020-01-28 14:45:01'))
2025-09-26 16:50:33,529 ; PT3S                                                         ; DEBUG   ; dxWithMx._V3_KNOT: Constructing col M in V3_KNOT failed.
2025-09-26 16:50:33,529 ; PT3S                                                         ; DEBUG   ; dxWithMx._V3_KNOT: Exception: Line: 812: <class 'KeyError'>: ('STAT', 'KNOT~*~*~*~TTR', Timestamp('2020-01-28 14:45:01'), Timestamp('2020-01-28 14:45:01'))
2025-09-26 16:50:33,530 ; PT3S                                                         ; DEBUG   ; dxWithMx._V3_KNOT: Constructing col TTR in V3_KNOT failed.
2025-09-26 16:50:33,612 ; PT3S                                                         ; DEBUG   ; Cols of df_V3_KNOT: ['pk', 'fkDE', 'rk', 'tk', 'NAME', 'KTYP', 'ZKOR', 'QM_EIN', 'LFAKT', 'fkPZON', 'fkFSTF', 'fkUTMP', 'fkFQPS', 'fkCONT', 'fk2LKNOT', 'BESCHREIBUNG', 'GEOMWKB', 'DELETED', 'SELECT1', 'IDREFERENZ', 'KENNUNG', 'IPLANUNG', 'KVR', 'GEOMFIX', 'UPRP', 'DRAKONZ', 'pk_BZ', 'fkDE_BZ', 'fk', 'fkPVAR', 'fkQVAR', 'fkLFKT', 'PH_EIN', 'TM', 'TE', 'PH_MIN', 'GRAF', 'GEOM', 'MId', 'MText', 'Basis', 'Variante', 'BZ', 'Geaendert', 'Erstellt', 'pk_VMBZ', 'fkBASIS', 'fkVARIANTE', 'fkBZ', 'MZ', 'MT', 'pk_CONT', 'fkDE_CONT', 'rk_CONT', 'tk_CONT', 'ID_CONT', 'NAME_CONT', 'IDPARENT_CONT', 'rkPARENT_CONT', 'LFDNR_CONT', 'FONT_CONT', 'DELETED_CONT', 'SELECT1_CONT', 'IDREFERENZ_CONT', 'GEOMWKB_CONT', 'GEOMFIX_CONT', 'UPRP_CONT', 'GEOMWKB_converted', 'XKOR', 'YKOR', 'pk_VKNO', 'fkDE_VKNO', 'rk_VKNO', 'fkKNOT_VKNO', 'fkCONT_VKNO', 'SHOWNAME_VKNO', 'POSNAME_VKNO', 'POINTINSERTX_VKNO', 'POINTINSERTY_VKNO', 'SYMBOLFACT_VKNO', 'DISPLAYMODE_VKNO', 'DELETED_VKNO', 'SELECT1_VKNO', 'MId_VKNO', 'MText_VKNO', 'Basis_VKNO', 'Variante_VKNO', 'BZ_VKNO', 'Geaendert_VKNO', 'Erstellt_VKNO', 'pk_VMBASIS_VKNO', 'fkBASIS_VKNO', 'fkVARIANTE_VKNO', 'fkBZ_VKNO', 'MZ_VKNO', 'MT_VKNO', 'MId_VMVARIANTE_VKNO', 'MText_VMVARIANTE_VKNO', 'Basis_VMVARIANTE_VKNO', 'Variante_VMVARIANTE_VKNO', 'BZ_VMVARIANTE_VKNO', 'Geaendert_VMVARIANTE_VKNO', 'Erstellt_VMVARIANTE_VKNO', 'pk_VMVARIANTE_VKNO', 'fkBASIS_VMVARIANTE_VKNO', 'fkVARIANTE_VMVARIANTE_VKNO', 'fkBZ_VMVARIANTE_VKNO', 'MZ_VMVARIANTE_VKNO', 'MT_VMVARIANTE_VKNO', 'pk_CONT_VKNO', 'fkDE_CONT_VKNO', 'rk_CONT_VKNO', 'tk_CONT_VKNO', 'ID_CONT_VKNO', 'NAME_CONT_VKNO', 'IDPARENT_CONT_VKNO', 'rkPARENT_CONT_VKNO', 'LFDNR_CONT_VKNO', 'FONT_CONT_VKNO', 'DELETED_CONT_VKNO', 'SELECT1_CONT_VKNO', 'IDREFERENZ_CONT_VKNO', 'GEOMWKB_CONT_VKNO', 'GEOMFIX_CONT_VKNO', 'UPRP_CONT_VKNO', 'NAME_LFKT', 'NAME_PVAR', 'NAME_PZON', 'NAME_QVAR', 'NAME_UTMP', 'NAME_FSTF', 'NAME_FQPS', 'mx2Idx', 'PH', 'QM', 'T', '_merge', 'dPH']
2025-09-26 16:50:33,612 ; PT3S                                                         ; DEBUG   ; dxWithMx._V3_KNOT: Constructing of V3_KNOT[dPH] ok so far.
2025-09-26 16:50:33,612 ; PT3S                                                         ; DEBUG   ; dxWithMx._V3_KNOT: _Done.
2025-09-26 16:50:33,612 ; PT3S                                                         ; DEBUG   ; dxWithMx._V3_VBEL: Start.
2025-09-26 16:50:33,612 ; PT3S                                                         ; DEBUG   ; dxWithMx._V3_VBEL: Constructing of V3_VBEL['QM'] ok so far.
2025-09-26 16:50:33,616 ; PT3S                                                         ; DEBUG   ; dxWithMx._V3_VBEL: Exception: Line: 944: <class 'KeyError'>: "('STAT', 'M', Timestamp('2020-01-28 14:45:01'), Timestamp('2020-01-28 14:45:01'))"
2025-09-26 16:50:33,616 ; PT3S                                                         ; DEBUG   ; dxWithMx._V3_VBEL: Constructing col M in V3_VBEL failed.
2025-09-26 16:50:33,616 ; PT3S                                                         ; DEBUG   ; dxWithMx._V3_VBEL: Constructing of V3_VBEL['PH_i'] ok so far.
2025-09-26 16:50:33,618 ; PT3S                                                         ; DEBUG   ; dxWithMx._V3_VBEL: Constructing of V3_VBEL['PH_k'] ok so far.
2025-09-26 16:50:33,619 ; PT3S                                                         ; DEBUG   ; dxWithMx._V3_VBEL: Constructing of V3_VBEL['T_i'] ok so far.
2025-09-26 16:50:33,619 ; PT3S                                                         ; DEBUG   ; dxWithMx._V3_VBEL: Constructing of V3_VBEL['T_k'] ok so far.
2025-09-26 16:50:33,619 ; PT3S                                                         ; DEBUG   ; dxWithMx._V3_VBEL: Constructing of V3_VBEL['H_i'] ok so far.
2025-09-26 16:50:33,619 ; PT3S                                                         ; DEBUG   ; dxWithMx._V3_VBEL: Constructing of V3_VBEL['H_k'] ok so far.
2025-09-26 16:50:33,619 ; PT3S                                                         ; DEBUG   ; dxWithMx._V3_VBEL: Constructing of V3_VBEL['RHO_i'] ok so far.
2025-09-26 16:50:33,619 ; PT3S                                                         ; DEBUG   ; dxWithMx._V3_VBEL: Constructing of V3_VBEL['RHO_k'] ok so far.
2025-09-26 16:50:33,619 ; PT3S                                                         ; DEBUG   ; dxWithMx._V3_VBEL: Constructing of V3_VBEL['mlc_i'] ok so far.
2025-09-26 16:50:33,619 ; PT3S                                                         ; DEBUG   ; dxWithMx._V3_VBEL: Constructing of V3_VBEL['mlc_k'] ok so far.
2025-09-26 16:50:33,626 ; PT3S                                                         ; DEBUG   ; dxWithMx._V3_VBEL: _Done.
2025-09-26 16:50:33,628 ; PT3S                                                         ; DEBUG   ; dxWithMx._V3_FWVB: Start.
2025-09-26 16:50:33,628 ; PT3S                                                         ; DEBUG   ; dxWithMx._V3_FWVB: _Done.
2025-09-26 16:50:33,628 ; PT3S                                                         ; DEBUG   ; dxWithMx._V3_ROHRVEC: Start.
2025-09-26 16:50:33,809 ; PT3S                                                         ; DEBUG   ; dxWithMx._V3_ROHRVEC: pAtmos konnte nicht ermittelt werden. pAtmos=1. wird verwendet.
2025-09-26 16:50:33,810 ; PT3S                                                         ; DEBUG   ; dxWithMx._V3_ROHRVEC: zBzg konnte nicht ermittelt werden. zBzg=0. wird verwendet.
2025-09-26 16:50:33,864 ; PT3S                                                         ; DEBUG   ; dxWithMx._V3_ROHRVEC: _Done.
2025-09-26 16:50:33,865 ; PT3S                                                         ; DEBUG   ; dxWithMx.__init__: Constructing of V3_ROHRVEC ok so far.
2025-09-26 16:50:33,866 ; PT3S                                                         ; DEBUG   ; dxWithMx.__init__: Adding MX-Results to V3_WBLZ: no such results.
2025-09-26 16:50:33,867 ; PT3S                                                         ; DEBUG   ; dxWithMx._gdfs: Start.
2025-09-26 16:50:33,868 ; PT3S                                                         ; DEBUG   ; dxWithMx._gdfs: crs reading failed.
2025-09-26 16:50:33,886 ; PT3S                                                         ; DEBUG   ; dxWithMx._gdfs: Constructing of gdfs ok so far.
2025-09-26 16:50:33,886 ; PT3S                                                         ; DEBUG   ; dxWithMx._gdfs: _Done.
2025-09-26 16:50:33,886 ; PT3S                                                         ; DEBUG   ; dxWithMx._G: Start.
2025-09-26 16:50:34,376 ; PT3S                                                         ; DEBUG   ; dxWithMx._G: Constructing NetworkX Graph G ok so far.
2025-09-26 16:50:34,382 ; PT3S                                                         ; DEBUG   ; dxWithMx._G: Constructing NetworkX Graph G nodeposDct ok so far.
2025-09-26 16:50:34,382 ; PT3S                                                         ; DEBUG   ; dxWithMx._G: _Done.
2025-09-26 16:50:34,389 ; PT3S                                                         ; DEBUG   ; dxWithMx._GSig: Start.
2025-09-26 16:50:34,389 ; PT3S                                                         ; DEBUG   ; dxWithMx._GSig: _Done.
2025-09-26 16:50:34,393 ; PT3S                                                         ; DEBUG   ; dxWithMx._V3_AGSN: Start.
2025-09-26 16:50:34,426 ; PT3S                                                         ; DEBUG   ; dxWithMx._V3_AGSN: dfAGSN.columns.to_list(): zugeh. Sachspalten _n angelegt: ['ZKOR_n', 'BESCHREIBUNG_n', 'KVR_n']
2025-09-26 16:50:34,439 ; PT3S                                                         ; DEBUG   ; dxWithMx._V3_AGSN: dfAGSN.columns.to_list(): zugeh. Ergspalten _n angelegt: ["('STAT', 'KNOT~*~*~*~PH', Timestamp('2020-01-28 14:45:01'), Timestamp('2020-01-28 14:45:01'))_n", "('TIME', 'KNOT~*~*~*~PH', Timestamp('2020-01-28 14:45:01'), Timestamp('2020-01-28 14:45:01'))_n", "('TMIN', 'KNOT~*~*~*~PH', Timestamp('2020-01-28 14:45:01'), Timestamp('2020-01-28 14:46:01'))_n", "('TMAX', 'KNOT~*~*~*~PH', Timestamp('2020-01-28 14:45:01'), Timestamp('2020-01-28 14:46:01'))_n", "('STAT', 'KNOT~*~*~*~H', Timestamp('2020-01-28 14:45:01'), Timestamp('2020-01-28 14:45:01'))_n", "('TIME', 'KNOT~*~*~*~H', Timestamp('2020-01-28 14:45:01'), Timestamp('2020-01-28 14:45:01'))_n", "('TMIN', 'KNOT~*~*~*~H', Timestamp('2020-01-28 14:45:01'), Timestamp('2020-01-28 14:46:01'))_n", "('TMAX', 'KNOT~*~*~*~H', Timestamp('2020-01-28 14:45:01'), Timestamp('2020-01-28 14:46:01'))_n", "('STAT', 'KNOT~*~*~*~T', Timestamp('2020-01-28 14:45:01'), Timestamp('2020-01-28 14:45:01'))_n", "('TIME', 'KNOT~*~*~*~T', Timestamp('2020-01-28 14:45:01'), Timestamp('2020-01-28 14:45:01'))_n", "('TMIN', 'KNOT~*~*~*~T', Timestamp('2020-01-28 14:45:01'), Timestamp('2020-01-28 14:46:01'))_n", "('TMAX', 'KNOT~*~*~*~T', Timestamp('2020-01-28 14:45:01'), Timestamp('2020-01-28 14:46:01'))_n", "('STAT', 'KNOT~*~*~*~RHO', Timestamp('2020-01-28 14:45:01'), Timestamp('2020-01-28 14:45:01'))_n", "('TIME', 'KNOT~*~*~*~RHO', Timestamp('2020-01-28 14:45:01'), Timestamp('2020-01-28 14:45:01'))_n", "('TMIN', 'KNOT~*~*~*~RHO', Timestamp('2020-01-28 14:45:01'), Timestamp('2020-01-28 14:46:01'))_n", "('TMAX', 'KNOT~*~*~*~RHO', Timestamp('2020-01-28 14:45:01'), Timestamp('2020-01-28 14:46:01'))_n", 'PH_n', 'T_n', 'H_n', 'RHO_n', 'mlc_n']
2025-09-26 16:50:36,318 ; PT3S                                                         ; DEBUG   ; dxWithMx._V3_AGSN: dfAGSN.columns.to_list(): zugeh. Ergspalten mlc _n angelegt: ["('STAT', 'mlc', Timestamp('2020-01-28 14:45:01'), Timestamp('2020-01-28 14:45:01'))_n", "('TIME', 'mlc', Timestamp('2020-01-28 14:45:01'), Timestamp('2020-01-28 14:45:01'))_n", "('TMIN', 'mlc', Timestamp('2020-01-28 14:45:01'), Timestamp('2020-01-28 14:46:01'))_n", "('TMAX', 'mlc', Timestamp('2020-01-28 14:45:01'), Timestamp('2020-01-28 14:46:01'))_n"]
2025-09-26 16:50:36,661 ; PT3S                                                         ; DEBUG   ; dxWithMx._V3_AGSN: tuple-cols:
2025-09-26 16:50:36,661 ; PT3S                                                         ; DEBUG   ; dxWithMx._V3_AGSN: str-cols:
2025-09-26 16:50:36,661 ; PT3S                                                         ; DEBUG   ; dxWithMx._V3_AGSN: Pos
2025-09-26 16:50:36,661 ; PT3S                                                         ; DEBUG   ; dxWithMx._V3_AGSN: pk
2025-09-26 16:50:36,661 ; PT3S                                                         ; DEBUG   ; dxWithMx._V3_AGSN: tk
2025-09-26 16:50:36,661 ; PT3S                                                         ; DEBUG   ; dxWithMx._V3_AGSN: LFDNR
2025-09-26 16:50:36,661 ; PT3S                                                         ; DEBUG   ; dxWithMx._V3_AGSN: NAME
2025-09-26 16:50:36,676 ; PT3S                                                         ; DEBUG   ; dxWithMx._V3_AGSN: XL
2025-09-26 16:50:36,677 ; PT3S                                                         ; DEBUG   ; dxWithMx._V3_AGSN: compNr
2025-09-26 16:50:36,677 ; PT3S                                                         ; DEBUG   ; dxWithMx._V3_AGSN: nextNODE
2025-09-26 16:50:36,677 ; PT3S                                                         ; DEBUG   ; dxWithMx._V3_AGSN: OBJTYPE
2025-09-26 16:50:36,677 ; PT3S                                                         ; DEBUG   ; dxWithMx._V3_AGSN: OBJID
2025-09-26 16:50:36,677 ; PT3S                                                         ; DEBUG   ; dxWithMx._V3_AGSN: L
2025-09-26 16:50:36,677 ; PT3S                                                         ; DEBUG   ; dxWithMx._V3_AGSN: DN
2025-09-26 16:50:36,677 ; PT3S                                                         ; DEBUG   ; dxWithMx._V3_AGSN: Am2
2025-09-26 16:50:36,677 ; PT3S                                                         ; DEBUG   ; dxWithMx._V3_AGSN: Vm3
2025-09-26 16:50:36,679 ; PT3S                                                         ; DEBUG   ; dxWithMx._V3_AGSN: NAME_CONT
2025-09-26 16:50:36,679 ; PT3S                                                         ; DEBUG   ; dxWithMx._V3_AGSN: NAME_i
2025-09-26 16:50:36,679 ; PT3S                                                         ; DEBUG   ; dxWithMx._V3_AGSN: NAME_k
2025-09-26 16:50:36,679 ; PT3S                                                         ; DEBUG   ; dxWithMx._V3_AGSN: ZKOR_n
2025-09-26 16:50:36,679 ; PT3S                                                         ; DEBUG   ; dxWithMx._V3_AGSN: BESCHREIBUNG_n
2025-09-26 16:50:36,679 ; PT3S                                                         ; DEBUG   ; dxWithMx._V3_AGSN: KVR_n
2025-09-26 16:50:36,679 ; PT3S                                                         ; DEBUG   ; dxWithMx._V3_AGSN: LSum
2025-09-26 16:50:36,683 ; PT3S                                                         ; DEBUG   ; dxWithMx._V3_AGSN: direction
2025-09-26 16:50:36,683 ; PT3S                                                         ; DEBUG   ; dxWithMx._V3_AGSN: ('STAT', 'QM', Timestamp('2020-01-28 14:45:01'), Timestamp('2020-01-28 14:45:01'))
2025-09-26 16:50:36,683 ; PT3S                                                         ; DEBUG   ; dxWithMx._V3_AGSN: ('TIME', 'QM', Timestamp('2020-01-28 14:45:01'), Timestamp('2020-01-28 14:45:01'))
2025-09-26 16:50:36,683 ; PT3S                                                         ; DEBUG   ; dxWithMx._V3_AGSN: ('TMIN', 'QM', Timestamp('2020-01-28 14:45:01'), Timestamp('2020-01-28 14:46:01'))
2025-09-26 16:50:36,683 ; PT3S                                                         ; DEBUG   ; dxWithMx._V3_AGSN: ('TMAX', 'QM', Timestamp('2020-01-28 14:45:01'), Timestamp('2020-01-28 14:46:01'))
2025-09-26 16:50:36,683 ; PT3S                                                         ; DEBUG   ; dxWithMx._V3_AGSN: QM
2025-09-26 16:50:36,684 ; PT3S                                                         ; DEBUG   ; dxWithMx._V3_AGSN: ('STAT', 'KNOT~*~*~*~PH', Timestamp('2020-01-28 14:45:01'), Timestamp('2020-01-28 14:45:01'))_n
2025-09-26 16:50:36,684 ; PT3S                                                         ; DEBUG   ; dxWithMx._V3_AGSN: ('TIME', 'KNOT~*~*~*~PH', Timestamp('2020-01-28 14:45:01'), Timestamp('2020-01-28 14:45:01'))_n
2025-09-26 16:50:36,684 ; PT3S                                                         ; DEBUG   ; dxWithMx._V3_AGSN: ('TMIN', 'KNOT~*~*~*~PH', Timestamp('2020-01-28 14:45:01'), Timestamp('2020-01-28 14:46:01'))_n
2025-09-26 16:50:36,684 ; PT3S                                                         ; DEBUG   ; dxWithMx._V3_AGSN: ('TMAX', 'KNOT~*~*~*~PH', Timestamp('2020-01-28 14:45:01'), Timestamp('2020-01-28 14:46:01'))_n
2025-09-26 16:50:36,684 ; PT3S                                                         ; DEBUG   ; dxWithMx._V3_AGSN: ('STAT', 'KNOT~*~*~*~H', Timestamp('2020-01-28 14:45:01'), Timestamp('2020-01-28 14:45:01'))_n
2025-09-26 16:50:36,684 ; PT3S                                                         ; DEBUG   ; dxWithMx._V3_AGSN: ('TIME', 'KNOT~*~*~*~H', Timestamp('2020-01-28 14:45:01'), Timestamp('2020-01-28 14:45:01'))_n
2025-09-26 16:50:36,684 ; PT3S                                                         ; DEBUG   ; dxWithMx._V3_AGSN: ('TMIN', 'KNOT~*~*~*~H', Timestamp('2020-01-28 14:45:01'), Timestamp('2020-01-28 14:46:01'))_n
2025-09-26 16:50:36,684 ; PT3S                                                         ; DEBUG   ; dxWithMx._V3_AGSN: ('TMAX', 'KNOT~*~*~*~H', Timestamp('2020-01-28 14:45:01'), Timestamp('2020-01-28 14:46:01'))_n
2025-09-26 16:50:36,684 ; PT3S                                                         ; DEBUG   ; dxWithMx._V3_AGSN: ('STAT', 'KNOT~*~*~*~T', Timestamp('2020-01-28 14:45:01'), Timestamp('2020-01-28 14:45:01'))_n
2025-09-26 16:50:36,684 ; PT3S                                                         ; DEBUG   ; dxWithMx._V3_AGSN: ('TIME', 'KNOT~*~*~*~T', Timestamp('2020-01-28 14:45:01'), Timestamp('2020-01-28 14:45:01'))_n
2025-09-26 16:50:36,684 ; PT3S                                                         ; DEBUG   ; dxWithMx._V3_AGSN: ('TMIN', 'KNOT~*~*~*~T', Timestamp('2020-01-28 14:45:01'), Timestamp('2020-01-28 14:46:01'))_n
2025-09-26 16:50:36,684 ; PT3S                                                         ; DEBUG   ; dxWithMx._V3_AGSN: ('TMAX', 'KNOT~*~*~*~T', Timestamp('2020-01-28 14:45:01'), Timestamp('2020-01-28 14:46:01'))_n
2025-09-26 16:50:36,684 ; PT3S                                                         ; DEBUG   ; dxWithMx._V3_AGSN: ('STAT', 'KNOT~*~*~*~RHO', Timestamp('2020-01-28 14:45:01'), Timestamp('2020-01-28 14:45:01'))_n
2025-09-26 16:50:36,684 ; PT3S                                                         ; DEBUG   ; dxWithMx._V3_AGSN: ('TIME', 'KNOT~*~*~*~RHO', Timestamp('2020-01-28 14:45:01'), Timestamp('2020-01-28 14:45:01'))_n
2025-09-26 16:50:36,684 ; PT3S                                                         ; DEBUG   ; dxWithMx._V3_AGSN: ('TMIN', 'KNOT~*~*~*~RHO', Timestamp('2020-01-28 14:45:01'), Timestamp('2020-01-28 14:46:01'))_n
2025-09-26 16:50:36,684 ; PT3S                                                         ; DEBUG   ; dxWithMx._V3_AGSN: ('TMAX', 'KNOT~*~*~*~RHO', Timestamp('2020-01-28 14:45:01'), Timestamp('2020-01-28 14:46:01'))_n
2025-09-26 16:50:36,684 ; PT3S                                                         ; DEBUG   ; dxWithMx._V3_AGSN: PH_n
2025-09-26 16:50:36,684 ; PT3S                                                         ; DEBUG   ; dxWithMx._V3_AGSN: T_n
2025-09-26 16:50:36,684 ; PT3S                                                         ; DEBUG   ; dxWithMx._V3_AGSN: H_n
2025-09-26 16:50:36,684 ; PT3S                                                         ; DEBUG   ; dxWithMx._V3_AGSN: RHO_n
2025-09-26 16:50:36,684 ; PT3S                                                         ; DEBUG   ; dxWithMx._V3_AGSN: mlc_n
2025-09-26 16:50:36,684 ; PT3S                                                         ; DEBUG   ; dxWithMx._V3_AGSN: ('STAT', 'mlc', Timestamp('2020-01-28 14:45:01'), Timestamp('2020-01-28 14:45:01'))_n
2025-09-26 16:50:36,684 ; PT3S                                                         ; DEBUG   ; dxWithMx._V3_AGSN: ('TIME', 'mlc', Timestamp('2020-01-28 14:45:01'), Timestamp('2020-01-28 14:45:01'))_n
2025-09-26 16:50:36,684 ; PT3S                                                         ; DEBUG   ; dxWithMx._V3_AGSN: ('TMIN', 'mlc', Timestamp('2020-01-28 14:45:01'), Timestamp('2020-01-28 14:46:01'))_n
2025-09-26 16:50:36,684 ; PT3S                                                         ; DEBUG   ; dxWithMx._V3_AGSN: ('TMAX', 'mlc', Timestamp('2020-01-28 14:45:01'), Timestamp('2020-01-28 14:46:01'))_n
2025-09-26 16:50:36,684 ; PT3S                                                         ; DEBUG   ; dxWithMx._V3_AGSN: _Done.
2025-09-26 16:50:36,684 ; PT3S                                                         ; DEBUG   ; dxWithMx._V3_AGSNVEC: Start.
2025-09-26 16:50:36,691 ; PT3S                                                         ; DEBUG   ; dxWithMx._V3_AGSNVEC: self.V3_ROHRVEC: tuple-cols:
2025-09-26 16:50:36,691 ; PT3S                                                         ; DEBUG   ; dxWithMx._V3_AGSNVEC: ('STAT', 'ROHR~*~*~*~A', Timestamp('2020-01-28 14:45:01'), Timestamp('2020-01-28 14:45:01'))
2025-09-26 16:50:36,691 ; PT3S                                                         ; DEBUG   ; dxWithMx._V3_AGSNVEC: ('TIME', 'ROHR~*~*~*~A', Timestamp('2020-01-28 14:45:01'), Timestamp('2020-01-28 14:45:01'))
2025-09-26 16:50:36,691 ; PT3S                                                         ; DEBUG   ; dxWithMx._V3_AGSNVEC: ('TMIN', 'ROHR~*~*~*~A', Timestamp('2020-01-28 14:45:01'), Timestamp('2020-01-28 14:46:01'))
2025-09-26 16:50:36,693 ; PT3S                                                         ; DEBUG   ; dxWithMx._V3_AGSNVEC: ('TMAX', 'ROHR~*~*~*~A', Timestamp('2020-01-28 14:45:01'), Timestamp('2020-01-28 14:46:01'))
2025-09-26 16:50:36,693 ; PT3S                                                         ; DEBUG   ; dxWithMx._V3_AGSNVEC: ('STAT', 'ROHR~*~*~*~IAKTIV', Timestamp('2020-01-28 14:45:01'), Timestamp('2020-01-28 14:45:01'))
2025-09-26 16:50:36,693 ; PT3S                                                         ; DEBUG   ; dxWithMx._V3_AGSNVEC: ('TIME', 'ROHR~*~*~*~IAKTIV', Timestamp('2020-01-28 14:45:01'), Timestamp('2020-01-28 14:45:01'))
2025-09-26 16:50:36,694 ; PT3S                                                         ; DEBUG   ; dxWithMx._V3_AGSNVEC: ('TMIN', 'ROHR~*~*~*~IAKTIV', Timestamp('2020-01-28 14:45:01'), Timestamp('2020-01-28 14:46:01'))
2025-09-26 16:50:36,694 ; PT3S                                                         ; DEBUG   ; dxWithMx._V3_AGSNVEC: ('TMAX', 'ROHR~*~*~*~IAKTIV', Timestamp('2020-01-28 14:45:01'), Timestamp('2020-01-28 14:46:01'))
2025-09-26 16:50:36,694 ; PT3S                                                         ; DEBUG   ; dxWithMx._V3_AGSNVEC: ('STAT', 'ROHR~*~*~*~IRTRENN', Timestamp('2020-01-28 14:45:01'), Timestamp('2020-01-28 14:45:01'))
2025-09-26 16:50:36,694 ; PT3S                                                         ; DEBUG   ; dxWithMx._V3_AGSNVEC: ('TIME', 'ROHR~*~*~*~IRTRENN', Timestamp('2020-01-28 14:45:01'), Timestamp('2020-01-28 14:45:01'))
2025-09-26 16:50:36,694 ; PT3S                                                         ; DEBUG   ; dxWithMx._V3_AGSNVEC: ('TMIN', 'ROHR~*~*~*~IRTRENN', Timestamp('2020-01-28 14:45:01'), Timestamp('2020-01-28 14:46:01'))
2025-09-26 16:50:36,694 ; PT3S                                                         ; DEBUG   ; dxWithMx._V3_AGSNVEC: ('TMAX', 'ROHR~*~*~*~IRTRENN', Timestamp('2020-01-28 14:45:01'), Timestamp('2020-01-28 14:46:01'))
2025-09-26 16:50:36,694 ; PT3S                                                         ; DEBUG   ; dxWithMx._V3_AGSNVEC: ('STAT', 'ROHR~*~*~*~JV', Timestamp('2020-01-28 14:45:01'), Timestamp('2020-01-28 14:45:01'))
2025-09-26 16:50:36,694 ; PT3S                                                         ; DEBUG   ; dxWithMx._V3_AGSNVEC: ('TIME', 'ROHR~*~*~*~JV', Timestamp('2020-01-28 14:45:01'), Timestamp('2020-01-28 14:45:01'))
2025-09-26 16:50:36,694 ; PT3S                                                         ; DEBUG   ; dxWithMx._V3_AGSNVEC: ('TMIN', 'ROHR~*~*~*~JV', Timestamp('2020-01-28 14:45:01'), Timestamp('2020-01-28 14:46:01'))
2025-09-26 16:50:36,694 ; PT3S                                                         ; DEBUG   ; dxWithMx._V3_AGSNVEC: ('TMAX', 'ROHR~*~*~*~JV', Timestamp('2020-01-28 14:45:01'), Timestamp('2020-01-28 14:46:01'))
2025-09-26 16:50:36,697 ; PT3S                                                         ; DEBUG   ; dxWithMx._V3_AGSNVEC: ('STAT', 'ROHR~*~*~*~PDAMPF', Timestamp('2020-01-28 14:45:01'), Timestamp('2020-01-28 14:45:01'))
2025-09-26 16:50:36,697 ; PT3S                                                         ; DEBUG   ; dxWithMx._V3_AGSNVEC: ('TIME', 'ROHR~*~*~*~PDAMPF', Timestamp('2020-01-28 14:45:01'), Timestamp('2020-01-28 14:45:01'))
2025-09-26 16:50:36,697 ; PT3S                                                         ; DEBUG   ; dxWithMx._V3_AGSNVEC: ('TMIN', 'ROHR~*~*~*~PDAMPF', Timestamp('2020-01-28 14:45:01'), Timestamp('2020-01-28 14:46:01'))
2025-09-26 16:50:36,697 ; PT3S                                                         ; DEBUG   ; dxWithMx._V3_AGSNVEC: ('TMAX', 'ROHR~*~*~*~PDAMPF', Timestamp('2020-01-28 14:45:01'), Timestamp('2020-01-28 14:46:01'))
2025-09-26 16:50:36,697 ; PT3S                                                         ; DEBUG   ; dxWithMx._V3_AGSNVEC: ('STAT', 'ROHR~*~*~*~PHR', Timestamp('2020-01-28 14:45:01'), Timestamp('2020-01-28 14:45:01'))
2025-09-26 16:50:36,697 ; PT3S                                                         ; DEBUG   ; dxWithMx._V3_AGSNVEC: ('TIME', 'ROHR~*~*~*~PHR', Timestamp('2020-01-28 14:45:01'), Timestamp('2020-01-28 14:45:01'))
2025-09-26 16:50:36,697 ; PT3S                                                         ; DEBUG   ; dxWithMx._V3_AGSNVEC: ('TMIN', 'ROHR~*~*~*~PHR', Timestamp('2020-01-28 14:45:01'), Timestamp('2020-01-28 14:46:01'))
2025-09-26 16:50:36,697 ; PT3S                                                         ; DEBUG   ; dxWithMx._V3_AGSNVEC: ('TMAX', 'ROHR~*~*~*~PHR', Timestamp('2020-01-28 14:45:01'), Timestamp('2020-01-28 14:46:01'))
2025-09-26 16:50:36,697 ; PT3S                                                         ; DEBUG   ; dxWithMx._V3_AGSNVEC: ('STAT', 'ROHR~*~*~*~PMIN', Timestamp('2020-01-28 14:45:01'), Timestamp('2020-01-28 14:45:01'))
2025-09-26 16:50:36,697 ; PT3S                                                         ; DEBUG   ; dxWithMx._V3_AGSNVEC: ('TIME', 'ROHR~*~*~*~PMIN', Timestamp('2020-01-28 14:45:01'), Timestamp('2020-01-28 14:45:01'))
2025-09-26 16:50:36,697 ; PT3S                                                         ; DEBUG   ; dxWithMx._V3_AGSNVEC: ('TMIN', 'ROHR~*~*~*~PMIN', Timestamp('2020-01-28 14:45:01'), Timestamp('2020-01-28 14:46:01'))
2025-09-26 16:50:36,697 ; PT3S                                                         ; DEBUG   ; dxWithMx._V3_AGSNVEC: ('TMAX', 'ROHR~*~*~*~PMIN', Timestamp('2020-01-28 14:45:01'), Timestamp('2020-01-28 14:46:01'))
2025-09-26 16:50:36,697 ; PT3S                                                         ; DEBUG   ; dxWithMx._V3_AGSNVEC: ('STAT', 'ROHR~*~*~*~QMAV', Timestamp('2020-01-28 14:45:01'), Timestamp('2020-01-28 14:45:01'))
2025-09-26 16:50:36,697 ; PT3S                                                         ; DEBUG   ; dxWithMx._V3_AGSNVEC: ('TIME', 'ROHR~*~*~*~QMAV', Timestamp('2020-01-28 14:45:01'), Timestamp('2020-01-28 14:45:01'))
2025-09-26 16:50:36,697 ; PT3S                                                         ; DEBUG   ; dxWithMx._V3_AGSNVEC: ('TMIN', 'ROHR~*~*~*~QMAV', Timestamp('2020-01-28 14:45:01'), Timestamp('2020-01-28 14:46:01'))
2025-09-26 16:50:36,697 ; PT3S                                                         ; DEBUG   ; dxWithMx._V3_AGSNVEC: ('TMAX', 'ROHR~*~*~*~QMAV', Timestamp('2020-01-28 14:45:01'), Timestamp('2020-01-28 14:46:01'))
2025-09-26 16:50:36,700 ; PT3S                                                         ; DEBUG   ; dxWithMx._V3_AGSNVEC: ('STAT', 'ROHR~*~*~*~QMI', Timestamp('2020-01-28 14:45:01'), Timestamp('2020-01-28 14:45:01'))
2025-09-26 16:50:36,700 ; PT3S                                                         ; DEBUG   ; dxWithMx._V3_AGSNVEC: ('TIME', 'ROHR~*~*~*~QMI', Timestamp('2020-01-28 14:45:01'), Timestamp('2020-01-28 14:45:01'))
2025-09-26 16:50:36,700 ; PT3S                                                         ; DEBUG   ; dxWithMx._V3_AGSNVEC: ('TMIN', 'ROHR~*~*~*~QMI', Timestamp('2020-01-28 14:45:01'), Timestamp('2020-01-28 14:46:01'))
2025-09-26 16:50:36,700 ; PT3S                                                         ; DEBUG   ; dxWithMx._V3_AGSNVEC: ('TMAX', 'ROHR~*~*~*~QMI', Timestamp('2020-01-28 14:45:01'), Timestamp('2020-01-28 14:46:01'))
2025-09-26 16:50:36,700 ; PT3S                                                         ; DEBUG   ; dxWithMx._V3_AGSNVEC: ('STAT', 'ROHR~*~*~*~QMK', Timestamp('2020-01-28 14:45:01'), Timestamp('2020-01-28 14:45:01'))
2025-09-26 16:50:36,700 ; PT3S                                                         ; DEBUG   ; dxWithMx._V3_AGSNVEC: ('TIME', 'ROHR~*~*~*~QMK', Timestamp('2020-01-28 14:45:01'), Timestamp('2020-01-28 14:45:01'))
2025-09-26 16:50:36,700 ; PT3S                                                         ; DEBUG   ; dxWithMx._V3_AGSNVEC: ('TMIN', 'ROHR~*~*~*~QMK', Timestamp('2020-01-28 14:45:01'), Timestamp('2020-01-28 14:46:01'))
2025-09-26 16:50:36,700 ; PT3S                                                         ; DEBUG   ; dxWithMx._V3_AGSNVEC: ('TMAX', 'ROHR~*~*~*~QMK', Timestamp('2020-01-28 14:45:01'), Timestamp('2020-01-28 14:46:01'))
2025-09-26 16:50:36,700 ; PT3S                                                         ; DEBUG   ; dxWithMx._V3_AGSNVEC: ('STAT', 'ROHR~*~*~*~VAV', Timestamp('2020-01-28 14:45:01'), Timestamp('2020-01-28 14:45:01'))
2025-09-26 16:50:36,700 ; PT3S                                                         ; DEBUG   ; dxWithMx._V3_AGSNVEC: ('TIME', 'ROHR~*~*~*~VAV', Timestamp('2020-01-28 14:45:01'), Timestamp('2020-01-28 14:45:01'))
2025-09-26 16:50:36,700 ; PT3S                                                         ; DEBUG   ; dxWithMx._V3_AGSNVEC: ('TMIN', 'ROHR~*~*~*~VAV', Timestamp('2020-01-28 14:45:01'), Timestamp('2020-01-28 14:46:01'))
2025-09-26 16:50:36,700 ; PT3S                                                         ; DEBUG   ; dxWithMx._V3_AGSNVEC: ('TMAX', 'ROHR~*~*~*~VAV', Timestamp('2020-01-28 14:45:01'), Timestamp('2020-01-28 14:46:01'))
2025-09-26 16:50:36,700 ; PT3S                                                         ; DEBUG   ; dxWithMx._V3_AGSNVEC: ('STAT', 'ROHR~*~*~*~VI', Timestamp('2020-01-28 14:45:01'), Timestamp('2020-01-28 14:45:01'))
2025-09-26 16:50:36,700 ; PT3S                                                         ; DEBUG   ; dxWithMx._V3_AGSNVEC: ('TIME', 'ROHR~*~*~*~VI', Timestamp('2020-01-28 14:45:01'), Timestamp('2020-01-28 14:45:01'))
2025-09-26 16:50:36,700 ; PT3S                                                         ; DEBUG   ; dxWithMx._V3_AGSNVEC: ('TMIN', 'ROHR~*~*~*~VI', Timestamp('2020-01-28 14:45:01'), Timestamp('2020-01-28 14:46:01'))
2025-09-26 16:50:36,700 ; PT3S                                                         ; DEBUG   ; dxWithMx._V3_AGSNVEC: ('TMAX', 'ROHR~*~*~*~VI', Timestamp('2020-01-28 14:45:01'), Timestamp('2020-01-28 14:46:01'))
2025-09-26 16:50:36,700 ; PT3S                                                         ; DEBUG   ; dxWithMx._V3_AGSNVEC: ('STAT', 'ROHR~*~*~*~VK', Timestamp('2020-01-28 14:45:01'), Timestamp('2020-01-28 14:45:01'))
2025-09-26 16:50:36,700 ; PT3S                                                         ; DEBUG   ; dxWithMx._V3_AGSNVEC: ('TIME', 'ROHR~*~*~*~VK', Timestamp('2020-01-28 14:45:01'), Timestamp('2020-01-28 14:45:01'))
2025-09-26 16:50:36,700 ; PT3S                                                         ; DEBUG   ; dxWithMx._V3_AGSNVEC: ('TMIN', 'ROHR~*~*~*~VK', Timestamp('2020-01-28 14:45:01'), Timestamp('2020-01-28 14:46:01'))
2025-09-26 16:50:36,700 ; PT3S                                                         ; DEBUG   ; dxWithMx._V3_AGSNVEC: ('TMAX', 'ROHR~*~*~*~VK', Timestamp('2020-01-28 14:45:01'), Timestamp('2020-01-28 14:46:01'))
2025-09-26 16:50:36,700 ; PT3S                                                         ; DEBUG   ; dxWithMx._V3_AGSNVEC: ('STAT', 'ROHR~*~*~*~VOLDA', Timestamp('2020-01-28 14:45:01'), Timestamp('2020-01-28 14:45:01'))
2025-09-26 16:50:36,700 ; PT3S                                                         ; DEBUG   ; dxWithMx._V3_AGSNVEC: ('TIME', 'ROHR~*~*~*~VOLDA', Timestamp('2020-01-28 14:45:01'), Timestamp('2020-01-28 14:45:01'))
2025-09-26 16:50:36,700 ; PT3S                                                         ; DEBUG   ; dxWithMx._V3_AGSNVEC: ('TMIN', 'ROHR~*~*~*~VOLDA', Timestamp('2020-01-28 14:45:01'), Timestamp('2020-01-28 14:46:01'))
2025-09-26 16:50:36,700 ; PT3S                                                         ; DEBUG   ; dxWithMx._V3_AGSNVEC: ('TMAX', 'ROHR~*~*~*~VOLDA', Timestamp('2020-01-28 14:45:01'), Timestamp('2020-01-28 14:46:01'))
2025-09-26 16:50:36,700 ; PT3S                                                         ; DEBUG   ; dxWithMx._V3_AGSNVEC: ('STAT', 'ROHR~*~*~*~MVEC', Timestamp('2020-01-28 14:45:01'), Timestamp('2020-01-28 14:45:01'))
2025-09-26 16:50:36,700 ; PT3S                                                         ; DEBUG   ; dxWithMx._V3_AGSNVEC: ('TIME', 'ROHR~*~*~*~MVEC', Timestamp('2020-01-28 14:45:01'), Timestamp('2020-01-28 14:45:01'))
2025-09-26 16:50:36,700 ; PT3S                                                         ; DEBUG   ; dxWithMx._V3_AGSNVEC: ('TMIN', 'ROHR~*~*~*~MVEC', Timestamp('2020-01-28 14:45:01'), Timestamp('2020-01-28 14:46:01'))
2025-09-26 16:50:36,706 ; PT3S                                                         ; DEBUG   ; dxWithMx._V3_AGSNVEC: ('TMAX', 'ROHR~*~*~*~MVEC', Timestamp('2020-01-28 14:45:01'), Timestamp('2020-01-28 14:46:01'))
2025-09-26 16:50:36,706 ; PT3S                                                         ; DEBUG   ; dxWithMx._V3_AGSNVEC: ('STAT', 'ROHR~*~*~*~PVEC', Timestamp('2020-01-28 14:45:01'), Timestamp('2020-01-28 14:45:01'))
2025-09-26 16:50:36,706 ; PT3S                                                         ; DEBUG   ; dxWithMx._V3_AGSNVEC: ('TIME', 'ROHR~*~*~*~PVEC', Timestamp('2020-01-28 14:45:01'), Timestamp('2020-01-28 14:45:01'))
2025-09-26 16:50:36,707 ; PT3S                                                         ; DEBUG   ; dxWithMx._V3_AGSNVEC: ('TMIN', 'ROHR~*~*~*~PVEC', Timestamp('2020-01-28 14:45:01'), Timestamp('2020-01-28 14:46:01'))
2025-09-26 16:50:36,707 ; PT3S                                                         ; DEBUG   ; dxWithMx._V3_AGSNVEC: ('TMAX', 'ROHR~*~*~*~PVEC', Timestamp('2020-01-28 14:45:01'), Timestamp('2020-01-28 14:46:01'))
2025-09-26 16:50:36,707 ; PT3S                                                         ; DEBUG   ; dxWithMx._V3_AGSNVEC: ('STAT', 'ROHR~*~*~*~PVECMAX_INST', Timestamp('2020-01-28 14:45:01'), Timestamp('2020-01-28 14:45:01'))
2025-09-26 16:50:36,707 ; PT3S                                                         ; DEBUG   ; dxWithMx._V3_AGSNVEC: ('TIME', 'ROHR~*~*~*~PVECMAX_INST', Timestamp('2020-01-28 14:45:01'), Timestamp('2020-01-28 14:45:01'))
2025-09-26 16:50:36,707 ; PT3S                                                         ; DEBUG   ; dxWithMx._V3_AGSNVEC: ('TMIN', 'ROHR~*~*~*~PVECMAX_INST', Timestamp('2020-01-28 14:45:01'), Timestamp('2020-01-28 14:46:01'))
2025-09-26 16:50:36,707 ; PT3S                                                         ; DEBUG   ; dxWithMx._V3_AGSNVEC: ('TMAX', 'ROHR~*~*~*~PVECMAX_INST', Timestamp('2020-01-28 14:45:01'), Timestamp('2020-01-28 14:46:01'))
2025-09-26 16:50:36,707 ; PT3S                                                         ; DEBUG   ; dxWithMx._V3_AGSNVEC: ('STAT', 'ROHR~*~*~*~PVECMIN_INST', Timestamp('2020-01-28 14:45:01'), Timestamp('2020-01-28 14:45:01'))
2025-09-26 16:50:36,707 ; PT3S                                                         ; DEBUG   ; dxWithMx._V3_AGSNVEC: ('TIME', 'ROHR~*~*~*~PVECMIN_INST', Timestamp('2020-01-28 14:45:01'), Timestamp('2020-01-28 14:45:01'))
2025-09-26 16:50:36,707 ; PT3S                                                         ; DEBUG   ; dxWithMx._V3_AGSNVEC: ('TMIN', 'ROHR~*~*~*~PVECMIN_INST', Timestamp('2020-01-28 14:45:01'), Timestamp('2020-01-28 14:46:01'))
2025-09-26 16:50:36,707 ; PT3S                                                         ; DEBUG   ; dxWithMx._V3_AGSNVEC: ('TMAX', 'ROHR~*~*~*~PVECMIN_INST', Timestamp('2020-01-28 14:45:01'), Timestamp('2020-01-28 14:46:01'))
2025-09-26 16:50:36,707 ; PT3S                                                         ; DEBUG   ; dxWithMx._V3_AGSNVEC: ('STAT', 'ROHR~*~*~*~RHOVEC', Timestamp('2020-01-28 14:45:01'), Timestamp('2020-01-28 14:45:01'))
2025-09-26 16:50:36,707 ; PT3S                                                         ; DEBUG   ; dxWithMx._V3_AGSNVEC: ('TIME', 'ROHR~*~*~*~RHOVEC', Timestamp('2020-01-28 14:45:01'), Timestamp('2020-01-28 14:45:01'))
2025-09-26 16:50:36,707 ; PT3S                                                         ; DEBUG   ; dxWithMx._V3_AGSNVEC: ('TMIN', 'ROHR~*~*~*~RHOVEC', Timestamp('2020-01-28 14:45:01'), Timestamp('2020-01-28 14:46:01'))
2025-09-26 16:50:36,707 ; PT3S                                                         ; DEBUG   ; dxWithMx._V3_AGSNVEC: ('TMAX', 'ROHR~*~*~*~RHOVEC', Timestamp('2020-01-28 14:45:01'), Timestamp('2020-01-28 14:46:01'))
2025-09-26 16:50:36,707 ; PT3S                                                         ; DEBUG   ; dxWithMx._V3_AGSNVEC: ('STAT', 'ROHR~*~*~*~TVEC', Timestamp('2020-01-28 14:45:01'), Timestamp('2020-01-28 14:45:01'))
2025-09-26 16:50:36,707 ; PT3S                                                         ; DEBUG   ; dxWithMx._V3_AGSNVEC: ('TIME', 'ROHR~*~*~*~TVEC', Timestamp('2020-01-28 14:45:01'), Timestamp('2020-01-28 14:45:01'))
2025-09-26 16:50:36,710 ; PT3S                                                         ; DEBUG   ; dxWithMx._V3_AGSNVEC: ('TMIN', 'ROHR~*~*~*~TVEC', Timestamp('2020-01-28 14:45:01'), Timestamp('2020-01-28 14:46:01'))
2025-09-26 16:50:36,710 ; PT3S                                                         ; DEBUG   ; dxWithMx._V3_AGSNVEC: ('TMAX', 'ROHR~*~*~*~TVEC', Timestamp('2020-01-28 14:45:01'), Timestamp('2020-01-28 14:46:01'))
2025-09-26 16:50:36,710 ; PT3S                                                         ; DEBUG   ; dxWithMx._V3_AGSNVEC: ('STAT', 'manPVECMIN_INST', Timestamp('2020-01-28 14:45:01'), Timestamp('2020-01-28 14:45:01'))
2025-09-26 16:50:36,711 ; PT3S                                                         ; DEBUG   ; dxWithMx._V3_AGSNVEC: ('STAT', 'mlcPVECMIN_INST', Timestamp('2020-01-28 14:45:01'), Timestamp('2020-01-28 14:45:01'))
2025-09-26 16:50:36,711 ; PT3S                                                         ; DEBUG   ; dxWithMx._V3_AGSNVEC: ('STAT', 'barBzgPVECMIN_INST', Timestamp('2020-01-28 14:45:01'), Timestamp('2020-01-28 14:45:01'))
2025-09-26 16:50:36,711 ; PT3S                                                         ; DEBUG   ; dxWithMx._V3_AGSNVEC: ('STAT', 'manPVECMAX_INST', Timestamp('2020-01-28 14:45:01'), Timestamp('2020-01-28 14:45:01'))
2025-09-26 16:50:36,711 ; PT3S                                                         ; DEBUG   ; dxWithMx._V3_AGSNVEC: ('STAT', 'mlcPVECMAX_INST', Timestamp('2020-01-28 14:45:01'), Timestamp('2020-01-28 14:45:01'))
2025-09-26 16:50:36,712 ; PT3S                                                         ; DEBUG   ; dxWithMx._V3_AGSNVEC: ('STAT', 'barBzgPVECMAX_INST', Timestamp('2020-01-28 14:45:01'), Timestamp('2020-01-28 14:45:01'))
2025-09-26 16:50:36,712 ; PT3S                                                         ; DEBUG   ; dxWithMx._V3_AGSNVEC: ('STAT', 'manPVEC', Timestamp('2020-01-28 14:45:01'), Timestamp('2020-01-28 14:45:01'))
2025-09-26 16:50:36,712 ; PT3S                                                         ; DEBUG   ; dxWithMx._V3_AGSNVEC: ('STAT', 'mlcPVEC', Timestamp('2020-01-28 14:45:01'), Timestamp('2020-01-28 14:45:01'))
2025-09-26 16:50:36,713 ; PT3S                                                         ; DEBUG   ; dxWithMx._V3_AGSNVEC: ('STAT', 'barBzgPVEC', Timestamp('2020-01-28 14:45:01'), Timestamp('2020-01-28 14:45:01'))
2025-09-26 16:50:36,713 ; PT3S                                                         ; DEBUG   ; dxWithMx._V3_AGSNVEC: ('STAT', 'QMVEC', Timestamp('2020-01-28 14:45:01'), Timestamp('2020-01-28 14:45:01'))
2025-09-26 16:50:36,713 ; PT3S                                                         ; DEBUG   ; dxWithMx._V3_AGSNVEC: ('STAT', 'tMVEC', Timestamp('2020-01-28 14:45:01'), Timestamp('2020-01-28 14:45:01'))
2025-09-26 16:50:36,714 ; PT3S                                                         ; DEBUG   ; dxWithMx._V3_AGSNVEC: ('TIME', 'manPVECMIN_INST', Timestamp('2020-01-28 14:45:01'), Timestamp('2020-01-28 14:45:01'))
2025-09-26 16:50:36,714 ; PT3S                                                         ; DEBUG   ; dxWithMx._V3_AGSNVEC: ('TIME', 'mlcPVECMIN_INST', Timestamp('2020-01-28 14:45:01'), Timestamp('2020-01-28 14:45:01'))
2025-09-26 16:50:36,714 ; PT3S                                                         ; DEBUG   ; dxWithMx._V3_AGSNVEC: ('TIME', 'barBzgPVECMIN_INST', Timestamp('2020-01-28 14:45:01'), Timestamp('2020-01-28 14:45:01'))
2025-09-26 16:50:36,715 ; PT3S                                                         ; DEBUG   ; dxWithMx._V3_AGSNVEC: ('TIME', 'manPVECMAX_INST', Timestamp('2020-01-28 14:45:01'), Timestamp('2020-01-28 14:45:01'))
2025-09-26 16:50:36,715 ; PT3S                                                         ; DEBUG   ; dxWithMx._V3_AGSNVEC: ('TIME', 'mlcPVECMAX_INST', Timestamp('2020-01-28 14:45:01'), Timestamp('2020-01-28 14:45:01'))
2025-09-26 16:50:36,715 ; PT3S                                                         ; DEBUG   ; dxWithMx._V3_AGSNVEC: ('TIME', 'barBzgPVECMAX_INST', Timestamp('2020-01-28 14:45:01'), Timestamp('2020-01-28 14:45:01'))
2025-09-26 16:50:36,715 ; PT3S                                                         ; DEBUG   ; dxWithMx._V3_AGSNVEC: ('TIME', 'manPVEC', Timestamp('2020-01-28 14:45:01'), Timestamp('2020-01-28 14:45:01'))
2025-09-26 16:50:36,715 ; PT3S                                                         ; DEBUG   ; dxWithMx._V3_AGSNVEC: ('TIME', 'mlcPVEC', Timestamp('2020-01-28 14:45:01'), Timestamp('2020-01-28 14:45:01'))
2025-09-26 16:50:36,716 ; PT3S                                                         ; DEBUG   ; dxWithMx._V3_AGSNVEC: ('TIME', 'barBzgPVEC', Timestamp('2020-01-28 14:45:01'), Timestamp('2020-01-28 14:45:01'))
2025-09-26 16:50:36,716 ; PT3S                                                         ; DEBUG   ; dxWithMx._V3_AGSNVEC: ('TIME', 'QMVEC', Timestamp('2020-01-28 14:45:01'), Timestamp('2020-01-28 14:45:01'))
2025-09-26 16:50:36,716 ; PT3S                                                         ; DEBUG   ; dxWithMx._V3_AGSNVEC: ('TIME', 'tMVEC', Timestamp('2020-01-28 14:45:01'), Timestamp('2020-01-28 14:45:01'))
2025-09-26 16:50:36,716 ; PT3S                                                         ; DEBUG   ; dxWithMx._V3_AGSNVEC: ('TMIN', 'manPVECMIN_INST', Timestamp('2020-01-28 14:45:01'), Timestamp('2020-01-28 14:46:01'))
2025-09-26 16:50:36,716 ; PT3S                                                         ; DEBUG   ; dxWithMx._V3_AGSNVEC: ('TMIN', 'mlcPVECMIN_INST', Timestamp('2020-01-28 14:45:01'), Timestamp('2020-01-28 14:46:01'))
2025-09-26 16:50:36,717 ; PT3S                                                         ; DEBUG   ; dxWithMx._V3_AGSNVEC: ('TMIN', 'barBzgPVECMIN_INST', Timestamp('2020-01-28 14:45:01'), Timestamp('2020-01-28 14:46:01'))
2025-09-26 16:50:36,717 ; PT3S                                                         ; DEBUG   ; dxWithMx._V3_AGSNVEC: ('TMIN', 'manPVECMAX_INST', Timestamp('2020-01-28 14:45:01'), Timestamp('2020-01-28 14:46:01'))
2025-09-26 16:50:36,717 ; PT3S                                                         ; DEBUG   ; dxWithMx._V3_AGSNVEC: ('TMIN', 'mlcPVECMAX_INST', Timestamp('2020-01-28 14:45:01'), Timestamp('2020-01-28 14:46:01'))
2025-09-26 16:50:36,717 ; PT3S                                                         ; DEBUG   ; dxWithMx._V3_AGSNVEC: ('TMIN', 'barBzgPVECMAX_INST', Timestamp('2020-01-28 14:45:01'), Timestamp('2020-01-28 14:46:01'))
2025-09-26 16:50:36,717 ; PT3S                                                         ; DEBUG   ; dxWithMx._V3_AGSNVEC: ('TMIN', 'manPVEC', Timestamp('2020-01-28 14:45:01'), Timestamp('2020-01-28 14:46:01'))
2025-09-26 16:50:36,717 ; PT3S                                                         ; DEBUG   ; dxWithMx._V3_AGSNVEC: ('TMIN', 'mlcPVEC', Timestamp('2020-01-28 14:45:01'), Timestamp('2020-01-28 14:46:01'))
2025-09-26 16:50:36,718 ; PT3S                                                         ; DEBUG   ; dxWithMx._V3_AGSNVEC: ('TMIN', 'barBzgPVEC', Timestamp('2020-01-28 14:45:01'), Timestamp('2020-01-28 14:46:01'))
2025-09-26 16:50:36,718 ; PT3S                                                         ; DEBUG   ; dxWithMx._V3_AGSNVEC: ('TMIN', 'QMVEC', Timestamp('2020-01-28 14:45:01'), Timestamp('2020-01-28 14:46:01'))
2025-09-26 16:50:36,718 ; PT3S                                                         ; DEBUG   ; dxWithMx._V3_AGSNVEC: ('TMIN', 'tMVEC', Timestamp('2020-01-28 14:45:01'), Timestamp('2020-01-28 14:46:01'))
2025-09-26 16:50:36,718 ; PT3S                                                         ; DEBUG   ; dxWithMx._V3_AGSNVEC: ('TMAX', 'manPVECMIN_INST', Timestamp('2020-01-28 14:45:01'), Timestamp('2020-01-28 14:46:01'))
2025-09-26 16:50:36,718 ; PT3S                                                         ; DEBUG   ; dxWithMx._V3_AGSNVEC: ('TMAX', 'mlcPVECMIN_INST', Timestamp('2020-01-28 14:45:01'), Timestamp('2020-01-28 14:46:01'))
2025-09-26 16:50:36,718 ; PT3S                                                         ; DEBUG   ; dxWithMx._V3_AGSNVEC: ('TMAX', 'barBzgPVECMIN_INST', Timestamp('2020-01-28 14:45:01'), Timestamp('2020-01-28 14:46:01'))
2025-09-26 16:50:36,719 ; PT3S                                                         ; DEBUG   ; dxWithMx._V3_AGSNVEC: ('TMAX', 'manPVECMAX_INST', Timestamp('2020-01-28 14:45:01'), Timestamp('2020-01-28 14:46:01'))
2025-09-26 16:50:36,719 ; PT3S                                                         ; DEBUG   ; dxWithMx._V3_AGSNVEC: ('TMAX', 'mlcPVECMAX_INST', Timestamp('2020-01-28 14:45:01'), Timestamp('2020-01-28 14:46:01'))
2025-09-26 16:50:36,719 ; PT3S                                                         ; DEBUG   ; dxWithMx._V3_AGSNVEC: ('TMAX', 'barBzgPVECMAX_INST', Timestamp('2020-01-28 14:45:01'), Timestamp('2020-01-28 14:46:01'))
2025-09-26 16:50:36,719 ; PT3S                                                         ; DEBUG   ; dxWithMx._V3_AGSNVEC: ('TMAX', 'manPVEC', Timestamp('2020-01-28 14:45:01'), Timestamp('2020-01-28 14:46:01'))
2025-09-26 16:50:36,719 ; PT3S                                                         ; DEBUG   ; dxWithMx._V3_AGSNVEC: ('TMAX', 'mlcPVEC', Timestamp('2020-01-28 14:45:01'), Timestamp('2020-01-28 14:46:01'))
2025-09-26 16:50:36,720 ; PT3S                                                         ; DEBUG   ; dxWithMx._V3_AGSNVEC: ('TMAX', 'barBzgPVEC', Timestamp('2020-01-28 14:45:01'), Timestamp('2020-01-28 14:46:01'))
2025-09-26 16:50:36,720 ; PT3S                                                         ; DEBUG   ; dxWithMx._V3_AGSNVEC: ('TMAX', 'QMVEC', Timestamp('2020-01-28 14:45:01'), Timestamp('2020-01-28 14:46:01'))
2025-09-26 16:50:36,720 ; PT3S                                                         ; DEBUG   ; dxWithMx._V3_AGSNVEC: ('TMAX', 'tMVEC', Timestamp('2020-01-28 14:45:01'), Timestamp('2020-01-28 14:46:01'))
2025-09-26 16:50:36,720 ; PT3S                                                         ; DEBUG   ; dxWithMx._V3_AGSNVEC: self.V3_ROHRVEC: str-cols:
2025-09-26 16:50:36,721 ; PT3S                                                         ; DEBUG   ; dxWithMx._V3_AGSNVEC: pk
2025-09-26 16:50:36,721 ; PT3S                                                         ; DEBUG   ; dxWithMx._V3_AGSNVEC: fkDE
2025-09-26 16:50:36,721 ; PT3S                                                         ; DEBUG   ; dxWithMx._V3_AGSNVEC: rk
2025-09-26 16:50:36,722 ; PT3S                                                         ; DEBUG   ; dxWithMx._V3_AGSNVEC: tk
2025-09-26 16:50:36,722 ; PT3S                                                         ; DEBUG   ; dxWithMx._V3_AGSNVEC: fkKI
2025-09-26 16:50:36,722 ; PT3S                                                         ; DEBUG   ; dxWithMx._V3_AGSNVEC: fkKK
2025-09-26 16:50:36,722 ; PT3S                                                         ; DEBUG   ; dxWithMx._V3_AGSNVEC: fkDTRO_ROWD
2025-09-26 16:50:36,722 ; PT3S                                                         ; DEBUG   ; dxWithMx._V3_AGSNVEC: fkLTGR
2025-09-26 16:50:36,722 ; PT3S                                                         ; DEBUG   ; dxWithMx._V3_AGSNVEC: fkSTRASSE
2025-09-26 16:50:36,722 ; PT3S                                                         ; DEBUG   ; dxWithMx._V3_AGSNVEC: L
2025-09-26 16:50:36,722 ; PT3S                                                         ; DEBUG   ; dxWithMx._V3_AGSNVEC: LZU
2025-09-26 16:50:36,722 ; PT3S                                                         ; DEBUG   ; dxWithMx._V3_AGSNVEC: RAU
2025-09-26 16:50:36,722 ; PT3S                                                         ; DEBUG   ; dxWithMx._V3_AGSNVEC: JLAMBS
2025-09-26 16:50:36,722 ; PT3S                                                         ; DEBUG   ; dxWithMx._V3_AGSNVEC: LAMBDA0
2025-09-26 16:50:36,722 ; PT3S                                                         ; DEBUG   ; dxWithMx._V3_AGSNVEC: ZEIN
2025-09-26 16:50:36,722 ; PT3S                                                         ; DEBUG   ; dxWithMx._V3_AGSNVEC: ZAUS
2025-09-26 16:50:36,722 ; PT3S                                                         ; DEBUG   ; dxWithMx._V3_AGSNVEC: ZUML
2025-09-26 16:50:36,722 ; PT3S                                                         ; DEBUG   ; dxWithMx._V3_AGSNVEC: ASOLL
2025-09-26 16:50:36,722 ; PT3S                                                         ; DEBUG   ; dxWithMx._V3_AGSNVEC: INDSCHALL
2025-09-26 16:50:36,726 ; PT3S                                                         ; DEBUG   ; dxWithMx._V3_AGSNVEC: BAUJAHR
2025-09-26 16:50:36,726 ; PT3S                                                         ; DEBUG   ; dxWithMx._V3_AGSNVEC: HAL
2025-09-26 16:50:36,726 ; PT3S                                                         ; DEBUG   ; dxWithMx._V3_AGSNVEC: fkCONT
2025-09-26 16:50:36,726 ; PT3S                                                         ; DEBUG   ; dxWithMx._V3_AGSNVEC: fk2LROHR
2025-09-26 16:50:36,727 ; PT3S                                                         ; DEBUG   ; dxWithMx._V3_AGSNVEC: BESCHREIBUNG
2025-09-26 16:50:36,727 ; PT3S                                                         ; DEBUG   ; dxWithMx._V3_AGSNVEC: GEOMWKB
2025-09-26 16:50:36,727 ; PT3S                                                         ; DEBUG   ; dxWithMx._V3_AGSNVEC: DELETED
2025-09-26 16:50:36,727 ; PT3S                                                         ; DEBUG   ; dxWithMx._V3_AGSNVEC: SELECT1
2025-09-26 16:50:36,727 ; PT3S                                                         ; DEBUG   ; dxWithMx._V3_AGSNVEC: IDREFERENZ
2025-09-26 16:50:36,728 ; PT3S                                                         ; DEBUG   ; dxWithMx._V3_AGSNVEC: KENNUNG
2025-09-26 16:50:36,728 ; PT3S                                                         ; DEBUG   ; dxWithMx._V3_AGSNVEC: IPLANUNG
2025-09-26 16:50:36,728 ; PT3S                                                         ; DEBUG   ; dxWithMx._V3_AGSNVEC: KVR
2025-09-26 16:50:36,728 ; PT3S                                                         ; DEBUG   ; dxWithMx._V3_AGSNVEC: GEOMFIX
2025-09-26 16:50:36,728 ; PT3S                                                         ; DEBUG   ; dxWithMx._V3_AGSNVEC: UPRP
2025-09-26 16:50:36,728 ; PT3S                                                         ; DEBUG   ; dxWithMx._V3_AGSNVEC: pk_BZ
2025-09-26 16:50:36,729 ; PT3S                                                         ; DEBUG   ; dxWithMx._V3_AGSNVEC: fkDE_BZ
2025-09-26 16:50:36,729 ; PT3S                                                         ; DEBUG   ; dxWithMx._V3_AGSNVEC: fk
2025-09-26 16:50:36,729 ; PT3S                                                         ; DEBUG   ; dxWithMx._V3_AGSNVEC: QSVB
2025-09-26 16:50:36,729 ; PT3S                                                         ; DEBUG   ; dxWithMx._V3_AGSNVEC: IRTRENN
2025-09-26 16:50:36,729 ; PT3S                                                         ; DEBUG   ; dxWithMx._V3_AGSNVEC: LECKSTATUS
2025-09-26 16:50:36,729 ; PT3S                                                         ; DEBUG   ; dxWithMx._V3_AGSNVEC: LECKSTART
2025-09-26 16:50:36,729 ; PT3S                                                         ; DEBUG   ; dxWithMx._V3_AGSNVEC: LECKEND
2025-09-26 16:50:36,729 ; PT3S                                                         ; DEBUG   ; dxWithMx._V3_AGSNVEC: LECKORT
2025-09-26 16:50:36,729 ; PT3S                                                         ; DEBUG   ; dxWithMx._V3_AGSNVEC: LECKMENGE
2025-09-26 16:50:36,731 ; PT3S                                                         ; DEBUG   ; dxWithMx._V3_AGSNVEC: IMPTNZ
2025-09-26 16:50:36,731 ; PT3S                                                         ; DEBUG   ; dxWithMx._V3_AGSNVEC: ZVLIMPTNZ
2025-09-26 16:50:36,731 ; PT3S                                                         ; DEBUG   ; dxWithMx._V3_AGSNVEC: KANTENZV
2025-09-26 16:50:36,731 ; PT3S                                                         ; DEBUG   ; dxWithMx._V3_AGSNVEC: GEOM
2025-09-26 16:50:36,731 ; PT3S                                                         ; DEBUG   ; dxWithMx._V3_AGSNVEC: GRAF
2025-09-26 16:50:36,731 ; PT3S                                                         ; DEBUG   ; dxWithMx._V3_AGSNVEC: MId
2025-09-26 16:50:36,731 ; PT3S                                                         ; DEBUG   ; dxWithMx._V3_AGSNVEC: MText
2025-09-26 16:50:36,731 ; PT3S                                                         ; DEBUG   ; dxWithMx._V3_AGSNVEC: Basis
2025-09-26 16:50:36,731 ; PT3S                                                         ; DEBUG   ; dxWithMx._V3_AGSNVEC: Variante
2025-09-26 16:50:36,731 ; PT3S                                                         ; DEBUG   ; dxWithMx._V3_AGSNVEC: BZ
2025-09-26 16:50:36,732 ; PT3S                                                         ; DEBUG   ; dxWithMx._V3_AGSNVEC: Geaendert
2025-09-26 16:50:36,732 ; PT3S                                                         ; DEBUG   ; dxWithMx._V3_AGSNVEC: Erstellt
2025-09-26 16:50:36,732 ; PT3S                                                         ; DEBUG   ; dxWithMx._V3_AGSNVEC: pk_VMBZ
2025-09-26 16:50:36,732 ; PT3S                                                         ; DEBUG   ; dxWithMx._V3_AGSNVEC: fkBASIS
2025-09-26 16:50:36,732 ; PT3S                                                         ; DEBUG   ; dxWithMx._V3_AGSNVEC: fkVARIANTE
2025-09-26 16:50:36,732 ; PT3S                                                         ; DEBUG   ; dxWithMx._V3_AGSNVEC: fkBZ
2025-09-26 16:50:36,732 ; PT3S                                                         ; DEBUG   ; dxWithMx._V3_AGSNVEC: MZ
2025-09-26 16:50:36,733 ; PT3S                                                         ; DEBUG   ; dxWithMx._V3_AGSNVEC: MT
2025-09-26 16:50:36,733 ; PT3S                                                         ; DEBUG   ; dxWithMx._V3_AGSNVEC: pk_CONT
2025-09-26 16:50:36,733 ; PT3S                                                         ; DEBUG   ; dxWithMx._V3_AGSNVEC: fkDE_CONT
2025-09-26 16:50:36,733 ; PT3S                                                         ; DEBUG   ; dxWithMx._V3_AGSNVEC: rk_CONT
2025-09-26 16:50:36,733 ; PT3S                                                         ; DEBUG   ; dxWithMx._V3_AGSNVEC: tk_CONT
2025-09-26 16:50:36,733 ; PT3S                                                         ; DEBUG   ; dxWithMx._V3_AGSNVEC: ID_CONT
2025-09-26 16:50:36,733 ; PT3S                                                         ; DEBUG   ; dxWithMx._V3_AGSNVEC: NAME_CONT
2025-09-26 16:50:36,734 ; PT3S                                                         ; DEBUG   ; dxWithMx._V3_AGSNVEC: IDPARENT_CONT
2025-09-26 16:50:36,734 ; PT3S                                                         ; DEBUG   ; dxWithMx._V3_AGSNVEC: rkPARENT_CONT
2025-09-26 16:50:36,734 ; PT3S                                                         ; DEBUG   ; dxWithMx._V3_AGSNVEC: LFDNR_CONT
2025-09-26 16:50:36,734 ; PT3S                                                         ; DEBUG   ; dxWithMx._V3_AGSNVEC: FONT_CONT
2025-09-26 16:50:36,734 ; PT3S                                                         ; DEBUG   ; dxWithMx._V3_AGSNVEC: DELETED_CONT
2025-09-26 16:50:36,734 ; PT3S                                                         ; DEBUG   ; dxWithMx._V3_AGSNVEC: SELECT1_CONT
2025-09-26 16:50:36,734 ; PT3S                                                         ; DEBUG   ; dxWithMx._V3_AGSNVEC: IDREFERENZ_CONT
2025-09-26 16:50:36,735 ; PT3S                                                         ; DEBUG   ; dxWithMx._V3_AGSNVEC: GEOMWKB_CONT
2025-09-26 16:50:36,735 ; PT3S                                                         ; DEBUG   ; dxWithMx._V3_AGSNVEC: GEOMFIX_CONT
2025-09-26 16:50:36,735 ; PT3S                                                         ; DEBUG   ; dxWithMx._V3_AGSNVEC: UPRP_CONT
2025-09-26 16:50:36,735 ; PT3S                                                         ; DEBUG   ; dxWithMx._V3_AGSNVEC: NAME_DTRO
2025-09-26 16:50:36,735 ; PT3S                                                         ; DEBUG   ; dxWithMx._V3_AGSNVEC: DN
2025-09-26 16:50:36,735 ; PT3S                                                         ; DEBUG   ; dxWithMx._V3_AGSNVEC: DI
2025-09-26 16:50:36,735 ; PT3S                                                         ; DEBUG   ; dxWithMx._V3_AGSNVEC: DA
2025-09-26 16:50:36,735 ; PT3S                                                         ; DEBUG   ; dxWithMx._V3_AGSNVEC: S
2025-09-26 16:50:36,736 ; PT3S                                                         ; DEBUG   ; dxWithMx._V3_AGSNVEC: KT
2025-09-26 16:50:36,736 ; PT3S                                                         ; DEBUG   ; dxWithMx._V3_AGSNVEC: PN
2025-09-26 16:50:36,736 ; PT3S                                                         ; DEBUG   ; dxWithMx._V3_AGSNVEC: Am2
2025-09-26 16:50:36,736 ; PT3S                                                         ; DEBUG   ; dxWithMx._V3_AGSNVEC: Vm3
2025-09-26 16:50:36,736 ; PT3S                                                         ; DEBUG   ; dxWithMx._V3_AGSNVEC: NAME_LTGR
2025-09-26 16:50:36,736 ; PT3S                                                         ; DEBUG   ; dxWithMx._V3_AGSNVEC: NAME_STRASSE
2025-09-26 16:50:36,736 ; PT3S                                                         ; DEBUG   ; dxWithMx._V3_AGSNVEC: tk_i
2025-09-26 16:50:36,737 ; PT3S                                                         ; DEBUG   ; dxWithMx._V3_AGSNVEC: NAME_i
2025-09-26 16:50:36,737 ; PT3S                                                         ; DEBUG   ; dxWithMx._V3_AGSNVEC: tk_k
2025-09-26 16:50:36,737 ; PT3S                                                         ; DEBUG   ; dxWithMx._V3_AGSNVEC: NAME_k
2025-09-26 16:50:36,737 ; PT3S                                                         ; DEBUG   ; dxWithMx._V3_AGSNVEC: mx2NofPts
2025-09-26 16:50:36,737 ; PT3S                                                         ; DEBUG   ; dxWithMx._V3_AGSNVEC: dL
2025-09-26 16:50:36,737 ; PT3S                                                         ; DEBUG   ; dxWithMx._V3_AGSNVEC: mx2Idx
2025-09-26 16:50:36,737 ; PT3S                                                         ; DEBUG   ; dxWithMx._V3_AGSNVEC: ('STAT', 'KNOT~*~*~*~PH', Timestamp('2020-01-28 14:45:01'), Timestamp('2020-01-28 14:45:01'))_i
2025-09-26 16:50:36,738 ; PT3S                                                         ; DEBUG   ; dxWithMx._V3_AGSNVEC: ('TIME', 'KNOT~*~*~*~PH', Timestamp('2020-01-28 14:45:01'), Timestamp('2020-01-28 14:45:01'))_i
2025-09-26 16:50:36,738 ; PT3S                                                         ; DEBUG   ; dxWithMx._V3_AGSNVEC: ('TMIN', 'KNOT~*~*~*~PH', Timestamp('2020-01-28 14:45:01'), Timestamp('2020-01-28 14:46:01'))_i
2025-09-26 16:50:36,738 ; PT3S                                                         ; DEBUG   ; dxWithMx._V3_AGSNVEC: ('TMAX', 'KNOT~*~*~*~PH', Timestamp('2020-01-28 14:45:01'), Timestamp('2020-01-28 14:46:01'))_i
2025-09-26 16:50:36,738 ; PT3S                                                         ; DEBUG   ; dxWithMx._V3_AGSNVEC: ('STAT', 'KNOT~*~*~*~H', Timestamp('2020-01-28 14:45:01'), Timestamp('2020-01-28 14:45:01'))_i
2025-09-26 16:50:36,738 ; PT3S                                                         ; DEBUG   ; dxWithMx._V3_AGSNVEC: ('TIME', 'KNOT~*~*~*~H', Timestamp('2020-01-28 14:45:01'), Timestamp('2020-01-28 14:45:01'))_i
2025-09-26 16:50:36,738 ; PT3S                                                         ; DEBUG   ; dxWithMx._V3_AGSNVEC: ('TMIN', 'KNOT~*~*~*~H', Timestamp('2020-01-28 14:45:01'), Timestamp('2020-01-28 14:46:01'))_i
2025-09-26 16:50:36,738 ; PT3S                                                         ; DEBUG   ; dxWithMx._V3_AGSNVEC: ('TMAX', 'KNOT~*~*~*~H', Timestamp('2020-01-28 14:45:01'), Timestamp('2020-01-28 14:46:01'))_i
2025-09-26 16:50:36,739 ; PT3S                                                         ; DEBUG   ; dxWithMx._V3_AGSNVEC: ('STAT', 'KNOT~*~*~*~T', Timestamp('2020-01-28 14:45:01'), Timestamp('2020-01-28 14:45:01'))_i
2025-09-26 16:50:36,739 ; PT3S                                                         ; DEBUG   ; dxWithMx._V3_AGSNVEC: ('TIME', 'KNOT~*~*~*~T', Timestamp('2020-01-28 14:45:01'), Timestamp('2020-01-28 14:45:01'))_i
2025-09-26 16:50:36,739 ; PT3S                                                         ; DEBUG   ; dxWithMx._V3_AGSNVEC: ('TMIN', 'KNOT~*~*~*~T', Timestamp('2020-01-28 14:45:01'), Timestamp('2020-01-28 14:46:01'))_i
2025-09-26 16:50:36,739 ; PT3S                                                         ; DEBUG   ; dxWithMx._V3_AGSNVEC: ('TMAX', 'KNOT~*~*~*~T', Timestamp('2020-01-28 14:45:01'), Timestamp('2020-01-28 14:46:01'))_i
2025-09-26 16:50:36,739 ; PT3S                                                         ; DEBUG   ; dxWithMx._V3_AGSNVEC: ('STAT', 'KNOT~*~*~*~RHO', Timestamp('2020-01-28 14:45:01'), Timestamp('2020-01-28 14:45:01'))_i
2025-09-26 16:50:36,739 ; PT3S                                                         ; DEBUG   ; dxWithMx._V3_AGSNVEC: ('TIME', 'KNOT~*~*~*~RHO', Timestamp('2020-01-28 14:45:01'), Timestamp('2020-01-28 14:45:01'))_i
2025-09-26 16:50:36,739 ; PT3S                                                         ; DEBUG   ; dxWithMx._V3_AGSNVEC: ('TMIN', 'KNOT~*~*~*~RHO', Timestamp('2020-01-28 14:45:01'), Timestamp('2020-01-28 14:46:01'))_i
2025-09-26 16:50:36,740 ; PT3S                                                         ; DEBUG   ; dxWithMx._V3_AGSNVEC: ('TMAX', 'KNOT~*~*~*~RHO', Timestamp('2020-01-28 14:45:01'), Timestamp('2020-01-28 14:46:01'))_i
2025-09-26 16:50:36,740 ; PT3S                                                         ; DEBUG   ; dxWithMx._V3_AGSNVEC: ('STAT', 'KNOT~*~*~*~PH', Timestamp('2020-01-28 14:45:01'), Timestamp('2020-01-28 14:45:01'))_k
2025-09-26 16:50:36,740 ; PT3S                                                         ; DEBUG   ; dxWithMx._V3_AGSNVEC: ('TIME', 'KNOT~*~*~*~PH', Timestamp('2020-01-28 14:45:01'), Timestamp('2020-01-28 14:45:01'))_k
2025-09-26 16:50:36,740 ; PT3S                                                         ; DEBUG   ; dxWithMx._V3_AGSNVEC: ('TMIN', 'KNOT~*~*~*~PH', Timestamp('2020-01-28 14:45:01'), Timestamp('2020-01-28 14:46:01'))_k
2025-09-26 16:50:36,740 ; PT3S                                                         ; DEBUG   ; dxWithMx._V3_AGSNVEC: ('TMAX', 'KNOT~*~*~*~PH', Timestamp('2020-01-28 14:45:01'), Timestamp('2020-01-28 14:46:01'))_k
2025-09-26 16:50:36,740 ; PT3S                                                         ; DEBUG   ; dxWithMx._V3_AGSNVEC: ('STAT', 'KNOT~*~*~*~H', Timestamp('2020-01-28 14:45:01'), Timestamp('2020-01-28 14:45:01'))_k
2025-09-26 16:50:36,740 ; PT3S                                                         ; DEBUG   ; dxWithMx._V3_AGSNVEC: ('TIME', 'KNOT~*~*~*~H', Timestamp('2020-01-28 14:45:01'), Timestamp('2020-01-28 14:45:01'))_k
2025-09-26 16:50:36,741 ; PT3S                                                         ; DEBUG   ; dxWithMx._V3_AGSNVEC: ('TMIN', 'KNOT~*~*~*~H', Timestamp('2020-01-28 14:45:01'), Timestamp('2020-01-28 14:46:01'))_k
2025-09-26 16:50:36,741 ; PT3S                                                         ; DEBUG   ; dxWithMx._V3_AGSNVEC: ('TMAX', 'KNOT~*~*~*~H', Timestamp('2020-01-28 14:45:01'), Timestamp('2020-01-28 14:46:01'))_k
2025-09-26 16:50:36,741 ; PT3S                                                         ; DEBUG   ; dxWithMx._V3_AGSNVEC: ('STAT', 'KNOT~*~*~*~T', Timestamp('2020-01-28 14:45:01'), Timestamp('2020-01-28 14:45:01'))_k
2025-09-26 16:50:36,741 ; PT3S                                                         ; DEBUG   ; dxWithMx._V3_AGSNVEC: ('TIME', 'KNOT~*~*~*~T', Timestamp('2020-01-28 14:45:01'), Timestamp('2020-01-28 14:45:01'))_k
2025-09-26 16:50:36,741 ; PT3S                                                         ; DEBUG   ; dxWithMx._V3_AGSNVEC: ('TMIN', 'KNOT~*~*~*~T', Timestamp('2020-01-28 14:45:01'), Timestamp('2020-01-28 14:46:01'))_k
2025-09-26 16:50:36,741 ; PT3S                                                         ; DEBUG   ; dxWithMx._V3_AGSNVEC: ('TMAX', 'KNOT~*~*~*~T', Timestamp('2020-01-28 14:45:01'), Timestamp('2020-01-28 14:46:01'))_k
2025-09-26 16:50:36,741 ; PT3S                                                         ; DEBUG   ; dxWithMx._V3_AGSNVEC: ('STAT', 'KNOT~*~*~*~RHO', Timestamp('2020-01-28 14:45:01'), Timestamp('2020-01-28 14:45:01'))_k
2025-09-26 16:50:36,742 ; PT3S                                                         ; DEBUG   ; dxWithMx._V3_AGSNVEC: ('TIME', 'KNOT~*~*~*~RHO', Timestamp('2020-01-28 14:45:01'), Timestamp('2020-01-28 14:45:01'))_k
2025-09-26 16:50:36,742 ; PT3S                                                         ; DEBUG   ; dxWithMx._V3_AGSNVEC: ('TMIN', 'KNOT~*~*~*~RHO', Timestamp('2020-01-28 14:45:01'), Timestamp('2020-01-28 14:46:01'))_k
2025-09-26 16:50:36,743 ; PT3S                                                         ; DEBUG   ; dxWithMx._V3_AGSNVEC: ('TMAX', 'KNOT~*~*~*~RHO', Timestamp('2020-01-28 14:45:01'), Timestamp('2020-01-28 14:46:01'))_k
2025-09-26 16:50:36,743 ; PT3S                                                         ; DEBUG   ; dxWithMx._V3_AGSNVEC: QMAVAbs
2025-09-26 16:50:36,743 ; PT3S                                                         ; DEBUG   ; dxWithMx._V3_AGSNVEC: VAVAbs
2025-09-26 16:50:36,743 ; PT3S                                                         ; DEBUG   ; dxWithMx._V3_AGSNVEC: PHRAbs
2025-09-26 16:50:36,744 ; PT3S                                                         ; DEBUG   ; dxWithMx._V3_AGSNVEC: JVAbs
2025-09-26 16:50:36,744 ; PT3S                                                         ; DEBUG   ; dxWithMx._V3_AGSNVEC: IptIdx
2025-09-26 16:50:36,744 ; PT3S                                                         ; DEBUG   ; dxWithMx._V3_AGSNVEC: SVEC
2025-09-26 16:50:36,745 ; PT3S                                                         ; DEBUG   ; dxWithMx._V3_AGSNVEC: SVECRev
2025-09-26 16:50:36,745 ; PT3S                                                         ; DEBUG   ; dxWithMx._V3_AGSNVEC: IptIdxAsNo
2025-09-26 16:50:36,745 ; PT3S                                                         ; DEBUG   ; dxWithMx._V3_AGSNVEC: IptIdxAsNoRev
2025-09-26 16:50:36,746 ; PT3S                                                         ; DEBUG   ; dxWithMx._V3_AGSNVEC: ZVEC
2025-09-26 16:50:37,011 ; PT3S                                                         ; DEBUG   ; dxWithMx._V3_AGSNVEC_mapExistingColWithVecResults: Start.
2025-09-26 16:50:37,011 ; PT3S                                                         ; DEBUG   ; mapping PH_n with ('STAT', 'manPVEC', Timestamp('2020-01-28 14:45:01'), Timestamp('2020-01-28 14:45:01'))
2025-09-26 16:50:37,011 ; PT3S                                                         ; DEBUG   ; dxWithMx._V3_AGSNVEC_mapExistingColWithVecResults: _Done.
2025-09-26 16:50:37,011 ; PT3S                                                         ; DEBUG   ; dxWithMx._V3_AGSNVEC_mapExistingColWithVecResults: Start.
2025-09-26 16:50:37,011 ; PT3S                                                         ; DEBUG   ; mapping mlc_n with ('STAT', 'mlcPVEC', Timestamp('2020-01-28 14:45:01'), Timestamp('2020-01-28 14:45:01'))
2025-09-26 16:50:37,039 ; PT3S                                                         ; DEBUG   ; dxWithMx._V3_AGSNVEC_mapExistingColWithVecResults: _Done.
2025-09-26 16:50:37,039 ; PT3S                                                         ; DEBUG   ; dxWithMx._V3_AGSNVEC_mapExistingColWithVecResults: Start.
2025-09-26 16:50:37,039 ; PT3S                                                         ; DEBUG   ; mapping H_n with ('STAT', 'barBzgPVEC', Timestamp('2020-01-28 14:45:01'), Timestamp('2020-01-28 14:45:01'))
2025-09-26 16:50:37,048 ; PT3S                                                         ; DEBUG   ; dxWithMx._V3_AGSNVEC_mapExistingColWithVecResults: _Done.
2025-09-26 16:50:37,048 ; PT3S                                                         ; DEBUG   ; dxWithMx._V3_AGSNVEC_mapExistingColWithVecResults: Start.
2025-09-26 16:50:37,048 ; PT3S                                                         ; DEBUG   ; mapping T_n with ('STAT', 'ROHR~*~*~*~TVEC', Timestamp('2020-01-28 14:45:01'), Timestamp('2020-01-28 14:45:01'))
2025-09-26 16:50:37,065 ; PT3S                                                         ; DEBUG   ; dxWithMx._V3_AGSNVEC_mapExistingColWithVecResults: _Done.
2025-09-26 16:50:37,065 ; PT3S                                                         ; DEBUG   ; dxWithMx._V3_AGSNVEC: IDQM konnte nicht ermittelt werden. QMVEC wird verwendet fuer das Mapping in VBEL-QM.
2025-09-26 16:50:37,065 ; PT3S                                                         ; DEBUG   ; dxWithMx._V3_AGSNVEC_mapExistingColWithVecResults: Start.
2025-09-26 16:50:37,065 ; PT3S                                                         ; DEBUG   ; mapping QM with ('STAT', 'QMVEC', Timestamp('2020-01-28 14:45:01'), Timestamp('2020-01-28 14:45:01'))
2025-09-26 16:50:37,065 ; PT3S                                                         ; DEBUG   ; dxWithMx._V3_AGSNVEC_mapExistingColWithVecResults: _Done.
2025-09-26 16:50:37,078 ; PT3S                                                         ; DEBUG   ; dxWithMx._V3_AGSNVEC: tuple-cols vor min, max, end:
2025-09-26 16:50:37,078 ; PT3S                                                         ; DEBUG   ; dxWithMx._V3_AGSNVEC: ('STAT', 'ROHR~*~*~*~A', Timestamp('2020-01-28 14:45:01'), Timestamp('2020-01-28 14:45:01'))
2025-09-26 16:50:37,078 ; PT3S                                                         ; DEBUG   ; dxWithMx._V3_AGSNVEC: ('TIME', 'ROHR~*~*~*~A', Timestamp('2020-01-28 14:45:01'), Timestamp('2020-01-28 14:45:01'))
2025-09-26 16:50:37,078 ; PT3S                                                         ; DEBUG   ; dxWithMx._V3_AGSNVEC: ('TMIN', 'ROHR~*~*~*~A', Timestamp('2020-01-28 14:45:01'), Timestamp('2020-01-28 14:46:01'))
2025-09-26 16:50:37,078 ; PT3S                                                         ; DEBUG   ; dxWithMx._V3_AGSNVEC: ('TMAX', 'ROHR~*~*~*~A', Timestamp('2020-01-28 14:45:01'), Timestamp('2020-01-28 14:46:01'))
2025-09-26 16:50:37,078 ; PT3S                                                         ; DEBUG   ; dxWithMx._V3_AGSNVEC: ('STAT', 'ROHR~*~*~*~IAKTIV', Timestamp('2020-01-28 14:45:01'), Timestamp('2020-01-28 14:45:01'))
2025-09-26 16:50:37,078 ; PT3S                                                         ; DEBUG   ; dxWithMx._V3_AGSNVEC: ('TIME', 'ROHR~*~*~*~IAKTIV', Timestamp('2020-01-28 14:45:01'), Timestamp('2020-01-28 14:45:01'))
2025-09-26 16:50:37,078 ; PT3S                                                         ; DEBUG   ; dxWithMx._V3_AGSNVEC: ('TMIN', 'ROHR~*~*~*~IAKTIV', Timestamp('2020-01-28 14:45:01'), Timestamp('2020-01-28 14:46:01'))
2025-09-26 16:50:37,078 ; PT3S                                                         ; DEBUG   ; dxWithMx._V3_AGSNVEC: ('TMAX', 'ROHR~*~*~*~IAKTIV', Timestamp('2020-01-28 14:45:01'), Timestamp('2020-01-28 14:46:01'))
2025-09-26 16:50:37,078 ; PT3S                                                         ; DEBUG   ; dxWithMx._V3_AGSNVEC: ('STAT', 'ROHR~*~*~*~IRTRENN', Timestamp('2020-01-28 14:45:01'), Timestamp('2020-01-28 14:45:01'))
2025-09-26 16:50:37,078 ; PT3S                                                         ; DEBUG   ; dxWithMx._V3_AGSNVEC: ('TIME', 'ROHR~*~*~*~IRTRENN', Timestamp('2020-01-28 14:45:01'), Timestamp('2020-01-28 14:45:01'))
2025-09-26 16:50:37,078 ; PT3S                                                         ; DEBUG   ; dxWithMx._V3_AGSNVEC: ('TMIN', 'ROHR~*~*~*~IRTRENN', Timestamp('2020-01-28 14:45:01'), Timestamp('2020-01-28 14:46:01'))
2025-09-26 16:50:37,078 ; PT3S                                                         ; DEBUG   ; dxWithMx._V3_AGSNVEC: ('TMAX', 'ROHR~*~*~*~IRTRENN', Timestamp('2020-01-28 14:45:01'), Timestamp('2020-01-28 14:46:01'))
2025-09-26 16:50:37,078 ; PT3S                                                         ; DEBUG   ; dxWithMx._V3_AGSNVEC: ('STAT', 'ROHR~*~*~*~JV', Timestamp('2020-01-28 14:45:01'), Timestamp('2020-01-28 14:45:01'))
2025-09-26 16:50:37,078 ; PT3S                                                         ; DEBUG   ; dxWithMx._V3_AGSNVEC: ('TIME', 'ROHR~*~*~*~JV', Timestamp('2020-01-28 14:45:01'), Timestamp('2020-01-28 14:45:01'))
2025-09-26 16:50:37,078 ; PT3S                                                         ; DEBUG   ; dxWithMx._V3_AGSNVEC: ('TMIN', 'ROHR~*~*~*~JV', Timestamp('2020-01-28 14:45:01'), Timestamp('2020-01-28 14:46:01'))
2025-09-26 16:50:37,078 ; PT3S                                                         ; DEBUG   ; dxWithMx._V3_AGSNVEC: ('TMAX', 'ROHR~*~*~*~JV', Timestamp('2020-01-28 14:45:01'), Timestamp('2020-01-28 14:46:01'))
2025-09-26 16:50:37,078 ; PT3S                                                         ; DEBUG   ; dxWithMx._V3_AGSNVEC: ('STAT', 'ROHR~*~*~*~PDAMPF', Timestamp('2020-01-28 14:45:01'), Timestamp('2020-01-28 14:45:01'))
2025-09-26 16:50:37,078 ; PT3S                                                         ; DEBUG   ; dxWithMx._V3_AGSNVEC: ('TIME', 'ROHR~*~*~*~PDAMPF', Timestamp('2020-01-28 14:45:01'), Timestamp('2020-01-28 14:45:01'))
2025-09-26 16:50:37,078 ; PT3S                                                         ; DEBUG   ; dxWithMx._V3_AGSNVEC: ('TMIN', 'ROHR~*~*~*~PDAMPF', Timestamp('2020-01-28 14:45:01'), Timestamp('2020-01-28 14:46:01'))
2025-09-26 16:50:37,078 ; PT3S                                                         ; DEBUG   ; dxWithMx._V3_AGSNVEC: ('TMAX', 'ROHR~*~*~*~PDAMPF', Timestamp('2020-01-28 14:45:01'), Timestamp('2020-01-28 14:46:01'))
2025-09-26 16:50:37,078 ; PT3S                                                         ; DEBUG   ; dxWithMx._V3_AGSNVEC: ('STAT', 'ROHR~*~*~*~PHR', Timestamp('2020-01-28 14:45:01'), Timestamp('2020-01-28 14:45:01'))
2025-09-26 16:50:37,078 ; PT3S                                                         ; DEBUG   ; dxWithMx._V3_AGSNVEC: ('TIME', 'ROHR~*~*~*~PHR', Timestamp('2020-01-28 14:45:01'), Timestamp('2020-01-28 14:45:01'))
2025-09-26 16:50:37,078 ; PT3S                                                         ; DEBUG   ; dxWithMx._V3_AGSNVEC: ('TMIN', 'ROHR~*~*~*~PHR', Timestamp('2020-01-28 14:45:01'), Timestamp('2020-01-28 14:46:01'))
2025-09-26 16:50:37,078 ; PT3S                                                         ; DEBUG   ; dxWithMx._V3_AGSNVEC: ('TMAX', 'ROHR~*~*~*~PHR', Timestamp('2020-01-28 14:45:01'), Timestamp('2020-01-28 14:46:01'))
2025-09-26 16:50:37,078 ; PT3S                                                         ; DEBUG   ; dxWithMx._V3_AGSNVEC: ('STAT', 'ROHR~*~*~*~PMIN', Timestamp('2020-01-28 14:45:01'), Timestamp('2020-01-28 14:45:01'))
2025-09-26 16:50:37,078 ; PT3S                                                         ; DEBUG   ; dxWithMx._V3_AGSNVEC: ('TIME', 'ROHR~*~*~*~PMIN', Timestamp('2020-01-28 14:45:01'), Timestamp('2020-01-28 14:45:01'))
2025-09-26 16:50:37,078 ; PT3S                                                         ; DEBUG   ; dxWithMx._V3_AGSNVEC: ('TMIN', 'ROHR~*~*~*~PMIN', Timestamp('2020-01-28 14:45:01'), Timestamp('2020-01-28 14:46:01'))
2025-09-26 16:50:37,078 ; PT3S                                                         ; DEBUG   ; dxWithMx._V3_AGSNVEC: ('TMAX', 'ROHR~*~*~*~PMIN', Timestamp('2020-01-28 14:45:01'), Timestamp('2020-01-28 14:46:01'))
2025-09-26 16:50:37,078 ; PT3S                                                         ; DEBUG   ; dxWithMx._V3_AGSNVEC: ('STAT', 'ROHR~*~*~*~QMAV', Timestamp('2020-01-28 14:45:01'), Timestamp('2020-01-28 14:45:01'))
2025-09-26 16:50:37,078 ; PT3S                                                         ; DEBUG   ; dxWithMx._V3_AGSNVEC: ('TIME', 'ROHR~*~*~*~QMAV', Timestamp('2020-01-28 14:45:01'), Timestamp('2020-01-28 14:45:01'))
2025-09-26 16:50:37,078 ; PT3S                                                         ; DEBUG   ; dxWithMx._V3_AGSNVEC: ('TMIN', 'ROHR~*~*~*~QMAV', Timestamp('2020-01-28 14:45:01'), Timestamp('2020-01-28 14:46:01'))
2025-09-26 16:50:37,078 ; PT3S                                                         ; DEBUG   ; dxWithMx._V3_AGSNVEC: ('TMAX', 'ROHR~*~*~*~QMAV', Timestamp('2020-01-28 14:45:01'), Timestamp('2020-01-28 14:46:01'))
2025-09-26 16:50:37,078 ; PT3S                                                         ; DEBUG   ; dxWithMx._V3_AGSNVEC: ('STAT', 'ROHR~*~*~*~QMI', Timestamp('2020-01-28 14:45:01'), Timestamp('2020-01-28 14:45:01'))
2025-09-26 16:50:37,078 ; PT3S                                                         ; DEBUG   ; dxWithMx._V3_AGSNVEC: ('TIME', 'ROHR~*~*~*~QMI', Timestamp('2020-01-28 14:45:01'), Timestamp('2020-01-28 14:45:01'))
2025-09-26 16:50:37,078 ; PT3S                                                         ; DEBUG   ; dxWithMx._V3_AGSNVEC: ('TMIN', 'ROHR~*~*~*~QMI', Timestamp('2020-01-28 14:45:01'), Timestamp('2020-01-28 14:46:01'))
2025-09-26 16:50:37,078 ; PT3S                                                         ; DEBUG   ; dxWithMx._V3_AGSNVEC: ('TMAX', 'ROHR~*~*~*~QMI', Timestamp('2020-01-28 14:45:01'), Timestamp('2020-01-28 14:46:01'))
2025-09-26 16:50:37,078 ; PT3S                                                         ; DEBUG   ; dxWithMx._V3_AGSNVEC: ('STAT', 'ROHR~*~*~*~QMK', Timestamp('2020-01-28 14:45:01'), Timestamp('2020-01-28 14:45:01'))
2025-09-26 16:50:37,078 ; PT3S                                                         ; DEBUG   ; dxWithMx._V3_AGSNVEC: ('TIME', 'ROHR~*~*~*~QMK', Timestamp('2020-01-28 14:45:01'), Timestamp('2020-01-28 14:45:01'))
2025-09-26 16:50:37,078 ; PT3S                                                         ; DEBUG   ; dxWithMx._V3_AGSNVEC: ('TMIN', 'ROHR~*~*~*~QMK', Timestamp('2020-01-28 14:45:01'), Timestamp('2020-01-28 14:46:01'))
2025-09-26 16:50:37,078 ; PT3S                                                         ; DEBUG   ; dxWithMx._V3_AGSNVEC: ('TMAX', 'ROHR~*~*~*~QMK', Timestamp('2020-01-28 14:45:01'), Timestamp('2020-01-28 14:46:01'))
2025-09-26 16:50:37,078 ; PT3S                                                         ; DEBUG   ; dxWithMx._V3_AGSNVEC: ('STAT', 'ROHR~*~*~*~VAV', Timestamp('2020-01-28 14:45:01'), Timestamp('2020-01-28 14:45:01'))
2025-09-26 16:50:37,078 ; PT3S                                                         ; DEBUG   ; dxWithMx._V3_AGSNVEC: ('TIME', 'ROHR~*~*~*~VAV', Timestamp('2020-01-28 14:45:01'), Timestamp('2020-01-28 14:45:01'))
2025-09-26 16:50:37,078 ; PT3S                                                         ; DEBUG   ; dxWithMx._V3_AGSNVEC: ('TMIN', 'ROHR~*~*~*~VAV', Timestamp('2020-01-28 14:45:01'), Timestamp('2020-01-28 14:46:01'))
2025-09-26 16:50:37,078 ; PT3S                                                         ; DEBUG   ; dxWithMx._V3_AGSNVEC: ('TMAX', 'ROHR~*~*~*~VAV', Timestamp('2020-01-28 14:45:01'), Timestamp('2020-01-28 14:46:01'))
2025-09-26 16:50:37,078 ; PT3S                                                         ; DEBUG   ; dxWithMx._V3_AGSNVEC: ('STAT', 'ROHR~*~*~*~VI', Timestamp('2020-01-28 14:45:01'), Timestamp('2020-01-28 14:45:01'))
2025-09-26 16:50:37,078 ; PT3S                                                         ; DEBUG   ; dxWithMx._V3_AGSNVEC: ('TIME', 'ROHR~*~*~*~VI', Timestamp('2020-01-28 14:45:01'), Timestamp('2020-01-28 14:45:01'))
2025-09-26 16:50:37,078 ; PT3S                                                         ; DEBUG   ; dxWithMx._V3_AGSNVEC: ('TMIN', 'ROHR~*~*~*~VI', Timestamp('2020-01-28 14:45:01'), Timestamp('2020-01-28 14:46:01'))
2025-09-26 16:50:37,078 ; PT3S                                                         ; DEBUG   ; dxWithMx._V3_AGSNVEC: ('TMAX', 'ROHR~*~*~*~VI', Timestamp('2020-01-28 14:45:01'), Timestamp('2020-01-28 14:46:01'))
2025-09-26 16:50:37,078 ; PT3S                                                         ; DEBUG   ; dxWithMx._V3_AGSNVEC: ('STAT', 'ROHR~*~*~*~VK', Timestamp('2020-01-28 14:45:01'), Timestamp('2020-01-28 14:45:01'))
2025-09-26 16:50:37,078 ; PT3S                                                         ; DEBUG   ; dxWithMx._V3_AGSNVEC: ('TIME', 'ROHR~*~*~*~VK', Timestamp('2020-01-28 14:45:01'), Timestamp('2020-01-28 14:45:01'))
2025-09-26 16:50:37,078 ; PT3S                                                         ; DEBUG   ; dxWithMx._V3_AGSNVEC: ('TMIN', 'ROHR~*~*~*~VK', Timestamp('2020-01-28 14:45:01'), Timestamp('2020-01-28 14:46:01'))
2025-09-26 16:50:37,078 ; PT3S                                                         ; DEBUG   ; dxWithMx._V3_AGSNVEC: ('TMAX', 'ROHR~*~*~*~VK', Timestamp('2020-01-28 14:45:01'), Timestamp('2020-01-28 14:46:01'))
2025-09-26 16:50:37,078 ; PT3S                                                         ; DEBUG   ; dxWithMx._V3_AGSNVEC: ('STAT', 'ROHR~*~*~*~VOLDA', Timestamp('2020-01-28 14:45:01'), Timestamp('2020-01-28 14:45:01'))
2025-09-26 16:50:37,078 ; PT3S                                                         ; DEBUG   ; dxWithMx._V3_AGSNVEC: ('TIME', 'ROHR~*~*~*~VOLDA', Timestamp('2020-01-28 14:45:01'), Timestamp('2020-01-28 14:45:01'))
2025-09-26 16:50:37,078 ; PT3S                                                         ; DEBUG   ; dxWithMx._V3_AGSNVEC: ('TMIN', 'ROHR~*~*~*~VOLDA', Timestamp('2020-01-28 14:45:01'), Timestamp('2020-01-28 14:46:01'))
2025-09-26 16:50:37,089 ; PT3S                                                         ; DEBUG   ; dxWithMx._V3_AGSNVEC: ('TMAX', 'ROHR~*~*~*~VOLDA', Timestamp('2020-01-28 14:45:01'), Timestamp('2020-01-28 14:46:01'))
2025-09-26 16:50:37,089 ; PT3S                                                         ; DEBUG   ; dxWithMx._V3_AGSNVEC: ('STAT', 'ROHR~*~*~*~MVEC', Timestamp('2020-01-28 14:45:01'), Timestamp('2020-01-28 14:45:01'))
2025-09-26 16:50:37,089 ; PT3S                                                         ; DEBUG   ; dxWithMx._V3_AGSNVEC: ('TIME', 'ROHR~*~*~*~MVEC', Timestamp('2020-01-28 14:45:01'), Timestamp('2020-01-28 14:45:01'))
2025-09-26 16:50:37,089 ; PT3S                                                         ; DEBUG   ; dxWithMx._V3_AGSNVEC: ('TMIN', 'ROHR~*~*~*~MVEC', Timestamp('2020-01-28 14:45:01'), Timestamp('2020-01-28 14:46:01'))
2025-09-26 16:50:37,089 ; PT3S                                                         ; DEBUG   ; dxWithMx._V3_AGSNVEC: ('TMAX', 'ROHR~*~*~*~MVEC', Timestamp('2020-01-28 14:45:01'), Timestamp('2020-01-28 14:46:01'))
2025-09-26 16:50:37,089 ; PT3S                                                         ; DEBUG   ; dxWithMx._V3_AGSNVEC: ('STAT', 'ROHR~*~*~*~PVEC', Timestamp('2020-01-28 14:45:01'), Timestamp('2020-01-28 14:45:01'))
2025-09-26 16:50:37,089 ; PT3S                                                         ; DEBUG   ; dxWithMx._V3_AGSNVEC: ('TIME', 'ROHR~*~*~*~PVEC', Timestamp('2020-01-28 14:45:01'), Timestamp('2020-01-28 14:45:01'))
2025-09-26 16:50:37,089 ; PT3S                                                         ; DEBUG   ; dxWithMx._V3_AGSNVEC: ('TMIN', 'ROHR~*~*~*~PVEC', Timestamp('2020-01-28 14:45:01'), Timestamp('2020-01-28 14:46:01'))
2025-09-26 16:50:37,089 ; PT3S                                                         ; DEBUG   ; dxWithMx._V3_AGSNVEC: ('TMAX', 'ROHR~*~*~*~PVEC', Timestamp('2020-01-28 14:45:01'), Timestamp('2020-01-28 14:46:01'))
2025-09-26 16:50:37,089 ; PT3S                                                         ; DEBUG   ; dxWithMx._V3_AGSNVEC: ('STAT', 'ROHR~*~*~*~PVECMAX_INST', Timestamp('2020-01-28 14:45:01'), Timestamp('2020-01-28 14:45:01'))
2025-09-26 16:50:37,089 ; PT3S                                                         ; DEBUG   ; dxWithMx._V3_AGSNVEC: ('TIME', 'ROHR~*~*~*~PVECMAX_INST', Timestamp('2020-01-28 14:45:01'), Timestamp('2020-01-28 14:45:01'))
2025-09-26 16:50:37,089 ; PT3S                                                         ; DEBUG   ; dxWithMx._V3_AGSNVEC: ('TMIN', 'ROHR~*~*~*~PVECMAX_INST', Timestamp('2020-01-28 14:45:01'), Timestamp('2020-01-28 14:46:01'))
2025-09-26 16:50:37,089 ; PT3S                                                         ; DEBUG   ; dxWithMx._V3_AGSNVEC: ('TMAX', 'ROHR~*~*~*~PVECMAX_INST', Timestamp('2020-01-28 14:45:01'), Timestamp('2020-01-28 14:46:01'))
2025-09-26 16:50:37,089 ; PT3S                                                         ; DEBUG   ; dxWithMx._V3_AGSNVEC: ('STAT', 'ROHR~*~*~*~PVECMIN_INST', Timestamp('2020-01-28 14:45:01'), Timestamp('2020-01-28 14:45:01'))
2025-09-26 16:50:37,089 ; PT3S                                                         ; DEBUG   ; dxWithMx._V3_AGSNVEC: ('TIME', 'ROHR~*~*~*~PVECMIN_INST', Timestamp('2020-01-28 14:45:01'), Timestamp('2020-01-28 14:45:01'))
2025-09-26 16:50:37,089 ; PT3S                                                         ; DEBUG   ; dxWithMx._V3_AGSNVEC: ('TMIN', 'ROHR~*~*~*~PVECMIN_INST', Timestamp('2020-01-28 14:45:01'), Timestamp('2020-01-28 14:46:01'))
2025-09-26 16:50:37,089 ; PT3S                                                         ; DEBUG   ; dxWithMx._V3_AGSNVEC: ('TMAX', 'ROHR~*~*~*~PVECMIN_INST', Timestamp('2020-01-28 14:45:01'), Timestamp('2020-01-28 14:46:01'))
2025-09-26 16:50:37,093 ; PT3S                                                         ; DEBUG   ; dxWithMx._V3_AGSNVEC: ('STAT', 'ROHR~*~*~*~RHOVEC', Timestamp('2020-01-28 14:45:01'), Timestamp('2020-01-28 14:45:01'))
2025-09-26 16:50:37,093 ; PT3S                                                         ; DEBUG   ; dxWithMx._V3_AGSNVEC: ('TIME', 'ROHR~*~*~*~RHOVEC', Timestamp('2020-01-28 14:45:01'), Timestamp('2020-01-28 14:45:01'))
2025-09-26 16:50:37,093 ; PT3S                                                         ; DEBUG   ; dxWithMx._V3_AGSNVEC: ('TMIN', 'ROHR~*~*~*~RHOVEC', Timestamp('2020-01-28 14:45:01'), Timestamp('2020-01-28 14:46:01'))
2025-09-26 16:50:37,094 ; PT3S                                                         ; DEBUG   ; dxWithMx._V3_AGSNVEC: ('TMAX', 'ROHR~*~*~*~RHOVEC', Timestamp('2020-01-28 14:45:01'), Timestamp('2020-01-28 14:46:01'))
2025-09-26 16:50:37,094 ; PT3S                                                         ; DEBUG   ; dxWithMx._V3_AGSNVEC: ('STAT', 'ROHR~*~*~*~TVEC', Timestamp('2020-01-28 14:45:01'), Timestamp('2020-01-28 14:45:01'))
2025-09-26 16:50:37,094 ; PT3S                                                         ; DEBUG   ; dxWithMx._V3_AGSNVEC: ('TIME', 'ROHR~*~*~*~TVEC', Timestamp('2020-01-28 14:45:01'), Timestamp('2020-01-28 14:45:01'))
2025-09-26 16:50:37,094 ; PT3S                                                         ; DEBUG   ; dxWithMx._V3_AGSNVEC: ('TMIN', 'ROHR~*~*~*~TVEC', Timestamp('2020-01-28 14:45:01'), Timestamp('2020-01-28 14:46:01'))
2025-09-26 16:50:37,094 ; PT3S                                                         ; DEBUG   ; dxWithMx._V3_AGSNVEC: ('TMAX', 'ROHR~*~*~*~TVEC', Timestamp('2020-01-28 14:45:01'), Timestamp('2020-01-28 14:46:01'))
2025-09-26 16:50:37,095 ; PT3S                                                         ; DEBUG   ; dxWithMx._V3_AGSNVEC: ('STAT', 'manPVECMIN_INST', Timestamp('2020-01-28 14:45:01'), Timestamp('2020-01-28 14:45:01'))
2025-09-26 16:50:37,095 ; PT3S                                                         ; DEBUG   ; dxWithMx._V3_AGSNVEC: ('STAT', 'mlcPVECMIN_INST', Timestamp('2020-01-28 14:45:01'), Timestamp('2020-01-28 14:45:01'))
2025-09-26 16:50:37,095 ; PT3S                                                         ; DEBUG   ; dxWithMx._V3_AGSNVEC: ('STAT', 'barBzgPVECMIN_INST', Timestamp('2020-01-28 14:45:01'), Timestamp('2020-01-28 14:45:01'))
2025-09-26 16:50:37,095 ; PT3S                                                         ; DEBUG   ; dxWithMx._V3_AGSNVEC: ('STAT', 'manPVECMAX_INST', Timestamp('2020-01-28 14:45:01'), Timestamp('2020-01-28 14:45:01'))
2025-09-26 16:50:37,095 ; PT3S                                                         ; DEBUG   ; dxWithMx._V3_AGSNVEC: ('STAT', 'mlcPVECMAX_INST', Timestamp('2020-01-28 14:45:01'), Timestamp('2020-01-28 14:45:01'))
2025-09-26 16:50:37,095 ; PT3S                                                         ; DEBUG   ; dxWithMx._V3_AGSNVEC: ('STAT', 'barBzgPVECMAX_INST', Timestamp('2020-01-28 14:45:01'), Timestamp('2020-01-28 14:45:01'))
2025-09-26 16:50:37,095 ; PT3S                                                         ; DEBUG   ; dxWithMx._V3_AGSNVEC: ('STAT', 'manPVEC', Timestamp('2020-01-28 14:45:01'), Timestamp('2020-01-28 14:45:01'))
2025-09-26 16:50:37,095 ; PT3S                                                         ; DEBUG   ; dxWithMx._V3_AGSNVEC: ('STAT', 'mlcPVEC', Timestamp('2020-01-28 14:45:01'), Timestamp('2020-01-28 14:45:01'))
2025-09-26 16:50:37,095 ; PT3S                                                         ; DEBUG   ; dxWithMx._V3_AGSNVEC: ('STAT', 'barBzgPVEC', Timestamp('2020-01-28 14:45:01'), Timestamp('2020-01-28 14:45:01'))
2025-09-26 16:50:37,095 ; PT3S                                                         ; DEBUG   ; dxWithMx._V3_AGSNVEC: ('STAT', 'QMVEC', Timestamp('2020-01-28 14:45:01'), Timestamp('2020-01-28 14:45:01'))
2025-09-26 16:50:37,095 ; PT3S                                                         ; DEBUG   ; dxWithMx._V3_AGSNVEC: ('STAT', 'tMVEC', Timestamp('2020-01-28 14:45:01'), Timestamp('2020-01-28 14:45:01'))
2025-09-26 16:50:37,095 ; PT3S                                                         ; DEBUG   ; dxWithMx._V3_AGSNVEC: ('TIME', 'manPVECMIN_INST', Timestamp('2020-01-28 14:45:01'), Timestamp('2020-01-28 14:45:01'))
2025-09-26 16:50:37,095 ; PT3S                                                         ; DEBUG   ; dxWithMx._V3_AGSNVEC: ('TIME', 'mlcPVECMIN_INST', Timestamp('2020-01-28 14:45:01'), Timestamp('2020-01-28 14:45:01'))
2025-09-26 16:50:37,095 ; PT3S                                                         ; DEBUG   ; dxWithMx._V3_AGSNVEC: ('TIME', 'barBzgPVECMIN_INST', Timestamp('2020-01-28 14:45:01'), Timestamp('2020-01-28 14:45:01'))
2025-09-26 16:50:37,095 ; PT3S                                                         ; DEBUG   ; dxWithMx._V3_AGSNVEC: ('TIME', 'manPVECMAX_INST', Timestamp('2020-01-28 14:45:01'), Timestamp('2020-01-28 14:45:01'))
2025-09-26 16:50:37,095 ; PT3S                                                         ; DEBUG   ; dxWithMx._V3_AGSNVEC: ('TIME', 'mlcPVECMAX_INST', Timestamp('2020-01-28 14:45:01'), Timestamp('2020-01-28 14:45:01'))
2025-09-26 16:50:37,095 ; PT3S                                                         ; DEBUG   ; dxWithMx._V3_AGSNVEC: ('TIME', 'barBzgPVECMAX_INST', Timestamp('2020-01-28 14:45:01'), Timestamp('2020-01-28 14:45:01'))
2025-09-26 16:50:37,095 ; PT3S                                                         ; DEBUG   ; dxWithMx._V3_AGSNVEC: ('TIME', 'manPVEC', Timestamp('2020-01-28 14:45:01'), Timestamp('2020-01-28 14:45:01'))
2025-09-26 16:50:37,095 ; PT3S                                                         ; DEBUG   ; dxWithMx._V3_AGSNVEC: ('TIME', 'mlcPVEC', Timestamp('2020-01-28 14:45:01'), Timestamp('2020-01-28 14:45:01'))
2025-09-26 16:50:37,095 ; PT3S                                                         ; DEBUG   ; dxWithMx._V3_AGSNVEC: ('TIME', 'barBzgPVEC', Timestamp('2020-01-28 14:45:01'), Timestamp('2020-01-28 14:45:01'))
2025-09-26 16:50:37,095 ; PT3S                                                         ; DEBUG   ; dxWithMx._V3_AGSNVEC: ('TIME', 'QMVEC', Timestamp('2020-01-28 14:45:01'), Timestamp('2020-01-28 14:45:01'))
2025-09-26 16:50:37,095 ; PT3S                                                         ; DEBUG   ; dxWithMx._V3_AGSNVEC: ('TIME', 'tMVEC', Timestamp('2020-01-28 14:45:01'), Timestamp('2020-01-28 14:45:01'))
2025-09-26 16:50:37,095 ; PT3S                                                         ; DEBUG   ; dxWithMx._V3_AGSNVEC: ('TMIN', 'manPVECMIN_INST', Timestamp('2020-01-28 14:45:01'), Timestamp('2020-01-28 14:46:01'))
2025-09-26 16:50:37,095 ; PT3S                                                         ; DEBUG   ; dxWithMx._V3_AGSNVEC: ('TMIN', 'mlcPVECMIN_INST', Timestamp('2020-01-28 14:45:01'), Timestamp('2020-01-28 14:46:01'))
2025-09-26 16:50:37,095 ; PT3S                                                         ; DEBUG   ; dxWithMx._V3_AGSNVEC: ('TMIN', 'barBzgPVECMIN_INST', Timestamp('2020-01-28 14:45:01'), Timestamp('2020-01-28 14:46:01'))
2025-09-26 16:50:37,095 ; PT3S                                                         ; DEBUG   ; dxWithMx._V3_AGSNVEC: ('TMIN', 'manPVECMAX_INST', Timestamp('2020-01-28 14:45:01'), Timestamp('2020-01-28 14:46:01'))
2025-09-26 16:50:37,095 ; PT3S                                                         ; DEBUG   ; dxWithMx._V3_AGSNVEC: ('TMIN', 'mlcPVECMAX_INST', Timestamp('2020-01-28 14:45:01'), Timestamp('2020-01-28 14:46:01'))
2025-09-26 16:50:37,095 ; PT3S                                                         ; DEBUG   ; dxWithMx._V3_AGSNVEC: ('TMIN', 'barBzgPVECMAX_INST', Timestamp('2020-01-28 14:45:01'), Timestamp('2020-01-28 14:46:01'))
2025-09-26 16:50:37,095 ; PT3S                                                         ; DEBUG   ; dxWithMx._V3_AGSNVEC: ('TMIN', 'manPVEC', Timestamp('2020-01-28 14:45:01'), Timestamp('2020-01-28 14:46:01'))
2025-09-26 16:50:37,095 ; PT3S                                                         ; DEBUG   ; dxWithMx._V3_AGSNVEC: ('TMIN', 'mlcPVEC', Timestamp('2020-01-28 14:45:01'), Timestamp('2020-01-28 14:46:01'))
2025-09-26 16:50:37,095 ; PT3S                                                         ; DEBUG   ; dxWithMx._V3_AGSNVEC: ('TMIN', 'barBzgPVEC', Timestamp('2020-01-28 14:45:01'), Timestamp('2020-01-28 14:46:01'))
2025-09-26 16:50:37,095 ; PT3S                                                         ; DEBUG   ; dxWithMx._V3_AGSNVEC: ('TMIN', 'QMVEC', Timestamp('2020-01-28 14:45:01'), Timestamp('2020-01-28 14:46:01'))
2025-09-26 16:50:37,095 ; PT3S                                                         ; DEBUG   ; dxWithMx._V3_AGSNVEC: ('TMIN', 'tMVEC', Timestamp('2020-01-28 14:45:01'), Timestamp('2020-01-28 14:46:01'))
2025-09-26 16:50:37,095 ; PT3S                                                         ; DEBUG   ; dxWithMx._V3_AGSNVEC: ('TMAX', 'manPVECMIN_INST', Timestamp('2020-01-28 14:45:01'), Timestamp('2020-01-28 14:46:01'))
2025-09-26 16:50:37,095 ; PT3S                                                         ; DEBUG   ; dxWithMx._V3_AGSNVEC: ('TMAX', 'mlcPVECMIN_INST', Timestamp('2020-01-28 14:45:01'), Timestamp('2020-01-28 14:46:01'))
2025-09-26 16:50:37,095 ; PT3S                                                         ; DEBUG   ; dxWithMx._V3_AGSNVEC: ('TMAX', 'barBzgPVECMIN_INST', Timestamp('2020-01-28 14:45:01'), Timestamp('2020-01-28 14:46:01'))
2025-09-26 16:50:37,095 ; PT3S                                                         ; DEBUG   ; dxWithMx._V3_AGSNVEC: ('TMAX', 'manPVECMAX_INST', Timestamp('2020-01-28 14:45:01'), Timestamp('2020-01-28 14:46:01'))
2025-09-26 16:50:37,095 ; PT3S                                                         ; DEBUG   ; dxWithMx._V3_AGSNVEC: ('TMAX', 'mlcPVECMAX_INST', Timestamp('2020-01-28 14:45:01'), Timestamp('2020-01-28 14:46:01'))
2025-09-26 16:50:37,095 ; PT3S                                                         ; DEBUG   ; dxWithMx._V3_AGSNVEC: ('TMAX', 'barBzgPVECMAX_INST', Timestamp('2020-01-28 14:45:01'), Timestamp('2020-01-28 14:46:01'))
2025-09-26 16:50:37,095 ; PT3S                                                         ; DEBUG   ; dxWithMx._V3_AGSNVEC: ('TMAX', 'manPVEC', Timestamp('2020-01-28 14:45:01'), Timestamp('2020-01-28 14:46:01'))
2025-09-26 16:50:37,095 ; PT3S                                                         ; DEBUG   ; dxWithMx._V3_AGSNVEC: ('TMAX', 'mlcPVEC', Timestamp('2020-01-28 14:45:01'), Timestamp('2020-01-28 14:46:01'))
2025-09-26 16:50:37,095 ; PT3S                                                         ; DEBUG   ; dxWithMx._V3_AGSNVEC: ('TMAX', 'barBzgPVEC', Timestamp('2020-01-28 14:45:01'), Timestamp('2020-01-28 14:46:01'))
2025-09-26 16:50:37,095 ; PT3S                                                         ; DEBUG   ; dxWithMx._V3_AGSNVEC: ('TMAX', 'QMVEC', Timestamp('2020-01-28 14:45:01'), Timestamp('2020-01-28 14:46:01'))
2025-09-26 16:50:37,095 ; PT3S                                                         ; DEBUG   ; dxWithMx._V3_AGSNVEC: ('TMAX', 'tMVEC', Timestamp('2020-01-28 14:45:01'), Timestamp('2020-01-28 14:46:01'))
2025-09-26 16:50:37,095 ; PT3S                                                         ; DEBUG   ; dxWithMx._V3_AGSNVEC: str-cols vor min, max, end:
2025-09-26 16:50:37,095 ; PT3S                                                         ; DEBUG   ; dxWithMx._V3_AGSNVEC: Pos
2025-09-26 16:50:37,095 ; PT3S                                                         ; DEBUG   ; dxWithMx._V3_AGSNVEC: pk
2025-09-26 16:50:37,095 ; PT3S                                                         ; DEBUG   ; dxWithMx._V3_AGSNVEC: tk
2025-09-26 16:50:37,095 ; PT3S                                                         ; DEBUG   ; dxWithMx._V3_AGSNVEC: LFDNR
2025-09-26 16:50:37,095 ; PT3S                                                         ; DEBUG   ; dxWithMx._V3_AGSNVEC: NAME
2025-09-26 16:50:37,095 ; PT3S                                                         ; DEBUG   ; dxWithMx._V3_AGSNVEC: XL
2025-09-26 16:50:37,095 ; PT3S                                                         ; DEBUG   ; dxWithMx._V3_AGSNVEC: compNr
2025-09-26 16:50:37,095 ; PT3S                                                         ; DEBUG   ; dxWithMx._V3_AGSNVEC: nextNODE
2025-09-26 16:50:37,095 ; PT3S                                                         ; DEBUG   ; dxWithMx._V3_AGSNVEC: OBJTYPE
2025-09-26 16:50:37,095 ; PT3S                                                         ; DEBUG   ; dxWithMx._V3_AGSNVEC: OBJID
2025-09-26 16:50:37,095 ; PT3S                                                         ; DEBUG   ; dxWithMx._V3_AGSNVEC: L
2025-09-26 16:50:37,095 ; PT3S                                                         ; DEBUG   ; dxWithMx._V3_AGSNVEC: DN
2025-09-26 16:50:37,095 ; PT3S                                                         ; DEBUG   ; dxWithMx._V3_AGSNVEC: Am2
2025-09-26 16:50:37,095 ; PT3S                                                         ; DEBUG   ; dxWithMx._V3_AGSNVEC: Vm3
2025-09-26 16:50:37,095 ; PT3S                                                         ; DEBUG   ; dxWithMx._V3_AGSNVEC: NAME_CONT
2025-09-26 16:50:37,095 ; PT3S                                                         ; DEBUG   ; dxWithMx._V3_AGSNVEC: NAME_i
2025-09-26 16:50:37,095 ; PT3S                                                         ; DEBUG   ; dxWithMx._V3_AGSNVEC: NAME_k
2025-09-26 16:50:37,095 ; PT3S                                                         ; DEBUG   ; dxWithMx._V3_AGSNVEC: ZKOR_n
2025-09-26 16:50:37,095 ; PT3S                                                         ; DEBUG   ; dxWithMx._V3_AGSNVEC: BESCHREIBUNG_n
2025-09-26 16:50:37,095 ; PT3S                                                         ; DEBUG   ; dxWithMx._V3_AGSNVEC: KVR_n
2025-09-26 16:50:37,095 ; PT3S                                                         ; DEBUG   ; dxWithMx._V3_AGSNVEC: LSum
2025-09-26 16:50:37,095 ; PT3S                                                         ; DEBUG   ; dxWithMx._V3_AGSNVEC: direction
2025-09-26 16:50:37,095 ; PT3S                                                         ; DEBUG   ; dxWithMx._V3_AGSNVEC: ('STAT', 'QM', Timestamp('2020-01-28 14:45:01'), Timestamp('2020-01-28 14:45:01'))
2025-09-26 16:50:37,095 ; PT3S                                                         ; DEBUG   ; dxWithMx._V3_AGSNVEC: ('TIME', 'QM', Timestamp('2020-01-28 14:45:01'), Timestamp('2020-01-28 14:45:01'))
2025-09-26 16:50:37,095 ; PT3S                                                         ; DEBUG   ; dxWithMx._V3_AGSNVEC: ('TMIN', 'QM', Timestamp('2020-01-28 14:45:01'), Timestamp('2020-01-28 14:46:01'))
2025-09-26 16:50:37,095 ; PT3S                                                         ; DEBUG   ; dxWithMx._V3_AGSNVEC: ('TMAX', 'QM', Timestamp('2020-01-28 14:45:01'), Timestamp('2020-01-28 14:46:01'))
2025-09-26 16:50:37,095 ; PT3S                                                         ; DEBUG   ; dxWithMx._V3_AGSNVEC: QM
2025-09-26 16:50:37,095 ; PT3S                                                         ; DEBUG   ; dxWithMx._V3_AGSNVEC: ('STAT', 'KNOT~*~*~*~PH', Timestamp('2020-01-28 14:45:01'), Timestamp('2020-01-28 14:45:01'))_n
2025-09-26 16:50:37,095 ; PT3S                                                         ; DEBUG   ; dxWithMx._V3_AGSNVEC: ('TIME', 'KNOT~*~*~*~PH', Timestamp('2020-01-28 14:45:01'), Timestamp('2020-01-28 14:45:01'))_n
2025-09-26 16:50:37,095 ; PT3S                                                         ; DEBUG   ; dxWithMx._V3_AGSNVEC: ('TMIN', 'KNOT~*~*~*~PH', Timestamp('2020-01-28 14:45:01'), Timestamp('2020-01-28 14:46:01'))_n
2025-09-26 16:50:37,095 ; PT3S                                                         ; DEBUG   ; dxWithMx._V3_AGSNVEC: ('TMAX', 'KNOT~*~*~*~PH', Timestamp('2020-01-28 14:45:01'), Timestamp('2020-01-28 14:46:01'))_n
2025-09-26 16:50:37,095 ; PT3S                                                         ; DEBUG   ; dxWithMx._V3_AGSNVEC: ('STAT', 'KNOT~*~*~*~H', Timestamp('2020-01-28 14:45:01'), Timestamp('2020-01-28 14:45:01'))_n
2025-09-26 16:50:37,108 ; PT3S                                                         ; DEBUG   ; dxWithMx._V3_AGSNVEC: ('TIME', 'KNOT~*~*~*~H', Timestamp('2020-01-28 14:45:01'), Timestamp('2020-01-28 14:45:01'))_n
2025-09-26 16:50:37,108 ; PT3S                                                         ; DEBUG   ; dxWithMx._V3_AGSNVEC: ('TMIN', 'KNOT~*~*~*~H', Timestamp('2020-01-28 14:45:01'), Timestamp('2020-01-28 14:46:01'))_n
2025-09-26 16:50:37,109 ; PT3S                                                         ; DEBUG   ; dxWithMx._V3_AGSNVEC: ('TMAX', 'KNOT~*~*~*~H', Timestamp('2020-01-28 14:45:01'), Timestamp('2020-01-28 14:46:01'))_n
2025-09-26 16:50:37,109 ; PT3S                                                         ; DEBUG   ; dxWithMx._V3_AGSNVEC: ('STAT', 'KNOT~*~*~*~T', Timestamp('2020-01-28 14:45:01'), Timestamp('2020-01-28 14:45:01'))_n
2025-09-26 16:50:37,109 ; PT3S                                                         ; DEBUG   ; dxWithMx._V3_AGSNVEC: ('TIME', 'KNOT~*~*~*~T', Timestamp('2020-01-28 14:45:01'), Timestamp('2020-01-28 14:45:01'))_n
2025-09-26 16:50:37,109 ; PT3S                                                         ; DEBUG   ; dxWithMx._V3_AGSNVEC: ('TMIN', 'KNOT~*~*~*~T', Timestamp('2020-01-28 14:45:01'), Timestamp('2020-01-28 14:46:01'))_n
2025-09-26 16:50:37,109 ; PT3S                                                         ; DEBUG   ; dxWithMx._V3_AGSNVEC: ('TMAX', 'KNOT~*~*~*~T', Timestamp('2020-01-28 14:45:01'), Timestamp('2020-01-28 14:46:01'))_n
2025-09-26 16:50:37,111 ; PT3S                                                         ; DEBUG   ; dxWithMx._V3_AGSNVEC: ('STAT', 'KNOT~*~*~*~RHO', Timestamp('2020-01-28 14:45:01'), Timestamp('2020-01-28 14:45:01'))_n
2025-09-26 16:50:37,111 ; PT3S                                                         ; DEBUG   ; dxWithMx._V3_AGSNVEC: ('TIME', 'KNOT~*~*~*~RHO', Timestamp('2020-01-28 14:45:01'), Timestamp('2020-01-28 14:45:01'))_n
2025-09-26 16:50:37,111 ; PT3S                                                         ; DEBUG   ; dxWithMx._V3_AGSNVEC: ('TMIN', 'KNOT~*~*~*~RHO', Timestamp('2020-01-28 14:45:01'), Timestamp('2020-01-28 14:46:01'))_n
2025-09-26 16:50:37,111 ; PT3S                                                         ; DEBUG   ; dxWithMx._V3_AGSNVEC: ('TMAX', 'KNOT~*~*~*~RHO', Timestamp('2020-01-28 14:45:01'), Timestamp('2020-01-28 14:46:01'))_n
2025-09-26 16:50:37,111 ; PT3S                                                         ; DEBUG   ; dxWithMx._V3_AGSNVEC: PH_n
2025-09-26 16:50:37,111 ; PT3S                                                         ; DEBUG   ; dxWithMx._V3_AGSNVEC: T_n
2025-09-26 16:50:37,111 ; PT3S                                                         ; DEBUG   ; dxWithMx._V3_AGSNVEC: H_n
2025-09-26 16:50:37,111 ; PT3S                                                         ; DEBUG   ; dxWithMx._V3_AGSNVEC: RHO_n
2025-09-26 16:50:37,111 ; PT3S                                                         ; DEBUG   ; dxWithMx._V3_AGSNVEC: mlc_n
2025-09-26 16:50:37,111 ; PT3S                                                         ; DEBUG   ; dxWithMx._V3_AGSNVEC: ('STAT', 'mlc', Timestamp('2020-01-28 14:45:01'), Timestamp('2020-01-28 14:45:01'))_n
2025-09-26 16:50:37,111 ; PT3S                                                         ; DEBUG   ; dxWithMx._V3_AGSNVEC: ('TIME', 'mlc', Timestamp('2020-01-28 14:45:01'), Timestamp('2020-01-28 14:45:01'))_n
2025-09-26 16:50:37,111 ; PT3S                                                         ; DEBUG   ; dxWithMx._V3_AGSNVEC: ('TMIN', 'mlc', Timestamp('2020-01-28 14:45:01'), Timestamp('2020-01-28 14:46:01'))_n
2025-09-26 16:50:37,111 ; PT3S                                                         ; DEBUG   ; dxWithMx._V3_AGSNVEC: ('TMAX', 'mlc', Timestamp('2020-01-28 14:45:01'), Timestamp('2020-01-28 14:46:01'))_n
2025-09-26 16:50:37,111 ; PT3S                                                         ; DEBUG   ; dxWithMx._V3_AGSNVEC: pk_ROHRVEC
2025-09-26 16:50:37,111 ; PT3S                                                         ; DEBUG   ; dxWithMx._V3_AGSNVEC: fkDE
2025-09-26 16:50:37,111 ; PT3S                                                         ; DEBUG   ; dxWithMx._V3_AGSNVEC: rk
2025-09-26 16:50:37,111 ; PT3S                                                         ; DEBUG   ; dxWithMx._V3_AGSNVEC: tk_ROHRVEC
2025-09-26 16:50:37,111 ; PT3S                                                         ; DEBUG   ; dxWithMx._V3_AGSNVEC: fkKI
2025-09-26 16:50:37,111 ; PT3S                                                         ; DEBUG   ; dxWithMx._V3_AGSNVEC: fkKK
2025-09-26 16:50:37,111 ; PT3S                                                         ; DEBUG   ; dxWithMx._V3_AGSNVEC: fkDTRO_ROWD
2025-09-26 16:50:37,111 ; PT3S                                                         ; DEBUG   ; dxWithMx._V3_AGSNVEC: fkLTGR
2025-09-26 16:50:37,111 ; PT3S                                                         ; DEBUG   ; dxWithMx._V3_AGSNVEC: fkSTRASSE
2025-09-26 16:50:37,111 ; PT3S                                                         ; DEBUG   ; dxWithMx._V3_AGSNVEC: L_ROHRVEC
2025-09-26 16:50:37,111 ; PT3S                                                         ; DEBUG   ; dxWithMx._V3_AGSNVEC: LZU
2025-09-26 16:50:37,111 ; PT3S                                                         ; DEBUG   ; dxWithMx._V3_AGSNVEC: RAU
2025-09-26 16:50:37,111 ; PT3S                                                         ; DEBUG   ; dxWithMx._V3_AGSNVEC: JLAMBS
2025-09-26 16:50:37,111 ; PT3S                                                         ; DEBUG   ; dxWithMx._V3_AGSNVEC: LAMBDA0
2025-09-26 16:50:37,111 ; PT3S                                                         ; DEBUG   ; dxWithMx._V3_AGSNVEC: ZEIN
2025-09-26 16:50:37,111 ; PT3S                                                         ; DEBUG   ; dxWithMx._V3_AGSNVEC: ZAUS
2025-09-26 16:50:37,111 ; PT3S                                                         ; DEBUG   ; dxWithMx._V3_AGSNVEC: ZUML
2025-09-26 16:50:37,111 ; PT3S                                                         ; DEBUG   ; dxWithMx._V3_AGSNVEC: ASOLL
2025-09-26 16:50:37,111 ; PT3S                                                         ; DEBUG   ; dxWithMx._V3_AGSNVEC: INDSCHALL
2025-09-26 16:50:37,111 ; PT3S                                                         ; DEBUG   ; dxWithMx._V3_AGSNVEC: BAUJAHR
2025-09-26 16:50:37,111 ; PT3S                                                         ; DEBUG   ; dxWithMx._V3_AGSNVEC: HAL
2025-09-26 16:50:37,111 ; PT3S                                                         ; DEBUG   ; dxWithMx._V3_AGSNVEC: fkCONT
2025-09-26 16:50:37,111 ; PT3S                                                         ; DEBUG   ; dxWithMx._V3_AGSNVEC: fk2LROHR
2025-09-26 16:50:37,111 ; PT3S                                                         ; DEBUG   ; dxWithMx._V3_AGSNVEC: BESCHREIBUNG
2025-09-26 16:50:37,111 ; PT3S                                                         ; DEBUG   ; dxWithMx._V3_AGSNVEC: GEOMWKB
2025-09-26 16:50:37,111 ; PT3S                                                         ; DEBUG   ; dxWithMx._V3_AGSNVEC: DELETED
2025-09-26 16:50:37,111 ; PT3S                                                         ; DEBUG   ; dxWithMx._V3_AGSNVEC: SELECT1
2025-09-26 16:50:37,111 ; PT3S                                                         ; DEBUG   ; dxWithMx._V3_AGSNVEC: IDREFERENZ
2025-09-26 16:50:37,111 ; PT3S                                                         ; DEBUG   ; dxWithMx._V3_AGSNVEC: KENNUNG
2025-09-26 16:50:37,118 ; PT3S                                                         ; DEBUG   ; dxWithMx._V3_AGSNVEC: IPLANUNG
2025-09-26 16:50:37,118 ; PT3S                                                         ; DEBUG   ; dxWithMx._V3_AGSNVEC: KVR
2025-09-26 16:50:37,118 ; PT3S                                                         ; DEBUG   ; dxWithMx._V3_AGSNVEC: GEOMFIX
2025-09-26 16:50:37,118 ; PT3S                                                         ; DEBUG   ; dxWithMx._V3_AGSNVEC: UPRP
2025-09-26 16:50:37,118 ; PT3S                                                         ; DEBUG   ; dxWithMx._V3_AGSNVEC: pk_BZ
2025-09-26 16:50:37,118 ; PT3S                                                         ; DEBUG   ; dxWithMx._V3_AGSNVEC: fkDE_BZ
2025-09-26 16:50:37,118 ; PT3S                                                         ; DEBUG   ; dxWithMx._V3_AGSNVEC: fk
2025-09-26 16:50:37,118 ; PT3S                                                         ; DEBUG   ; dxWithMx._V3_AGSNVEC: QSVB
2025-09-26 16:50:37,118 ; PT3S                                                         ; DEBUG   ; dxWithMx._V3_AGSNVEC: IRTRENN
2025-09-26 16:50:37,118 ; PT3S                                                         ; DEBUG   ; dxWithMx._V3_AGSNVEC: LECKSTATUS
2025-09-26 16:50:37,118 ; PT3S                                                         ; DEBUG   ; dxWithMx._V3_AGSNVEC: LECKSTART
2025-09-26 16:50:37,118 ; PT3S                                                         ; DEBUG   ; dxWithMx._V3_AGSNVEC: LECKEND
2025-09-26 16:50:37,118 ; PT3S                                                         ; DEBUG   ; dxWithMx._V3_AGSNVEC: LECKORT
2025-09-26 16:50:37,118 ; PT3S                                                         ; DEBUG   ; dxWithMx._V3_AGSNVEC: LECKMENGE
2025-09-26 16:50:37,118 ; PT3S                                                         ; DEBUG   ; dxWithMx._V3_AGSNVEC: IMPTNZ
2025-09-26 16:50:37,118 ; PT3S                                                         ; DEBUG   ; dxWithMx._V3_AGSNVEC: ZVLIMPTNZ
2025-09-26 16:50:37,118 ; PT3S                                                         ; DEBUG   ; dxWithMx._V3_AGSNVEC: KANTENZV
2025-09-26 16:50:37,118 ; PT3S                                                         ; DEBUG   ; dxWithMx._V3_AGSNVEC: GEOM
2025-09-26 16:50:37,118 ; PT3S                                                         ; DEBUG   ; dxWithMx._V3_AGSNVEC: GRAF
2025-09-26 16:50:37,118 ; PT3S                                                         ; DEBUG   ; dxWithMx._V3_AGSNVEC: MId
2025-09-26 16:50:37,121 ; PT3S                                                         ; DEBUG   ; dxWithMx._V3_AGSNVEC: MText
2025-09-26 16:50:37,121 ; PT3S                                                         ; DEBUG   ; dxWithMx._V3_AGSNVEC: Basis
2025-09-26 16:50:37,121 ; PT3S                                                         ; DEBUG   ; dxWithMx._V3_AGSNVEC: Variante
2025-09-26 16:50:37,121 ; PT3S                                                         ; DEBUG   ; dxWithMx._V3_AGSNVEC: BZ
2025-09-26 16:50:37,121 ; PT3S                                                         ; DEBUG   ; dxWithMx._V3_AGSNVEC: Geaendert
2025-09-26 16:50:37,121 ; PT3S                                                         ; DEBUG   ; dxWithMx._V3_AGSNVEC: Erstellt
2025-09-26 16:50:37,121 ; PT3S                                                         ; DEBUG   ; dxWithMx._V3_AGSNVEC: pk_VMBZ
2025-09-26 16:50:37,121 ; PT3S                                                         ; DEBUG   ; dxWithMx._V3_AGSNVEC: fkBASIS
2025-09-26 16:50:37,121 ; PT3S                                                         ; DEBUG   ; dxWithMx._V3_AGSNVEC: fkVARIANTE
2025-09-26 16:50:37,121 ; PT3S                                                         ; DEBUG   ; dxWithMx._V3_AGSNVEC: fkBZ
2025-09-26 16:50:37,121 ; PT3S                                                         ; DEBUG   ; dxWithMx._V3_AGSNVEC: MZ
2025-09-26 16:50:37,121 ; PT3S                                                         ; DEBUG   ; dxWithMx._V3_AGSNVEC: MT
2025-09-26 16:50:37,124 ; PT3S                                                         ; DEBUG   ; dxWithMx._V3_AGSNVEC: pk_CONT
2025-09-26 16:50:37,124 ; PT3S                                                         ; DEBUG   ; dxWithMx._V3_AGSNVEC: fkDE_CONT
2025-09-26 16:50:37,124 ; PT3S                                                         ; DEBUG   ; dxWithMx._V3_AGSNVEC: rk_CONT
2025-09-26 16:50:37,124 ; PT3S                                                         ; DEBUG   ; dxWithMx._V3_AGSNVEC: tk_CONT
2025-09-26 16:50:37,124 ; PT3S                                                         ; DEBUG   ; dxWithMx._V3_AGSNVEC: ID_CONT
2025-09-26 16:50:37,124 ; PT3S                                                         ; DEBUG   ; dxWithMx._V3_AGSNVEC: NAME_CONT_ROHRVEC
2025-09-26 16:50:37,124 ; PT3S                                                         ; DEBUG   ; dxWithMx._V3_AGSNVEC: IDPARENT_CONT
2025-09-26 16:50:37,124 ; PT3S                                                         ; DEBUG   ; dxWithMx._V3_AGSNVEC: rkPARENT_CONT
2025-09-26 16:50:37,124 ; PT3S                                                         ; DEBUG   ; dxWithMx._V3_AGSNVEC: LFDNR_CONT
2025-09-26 16:50:37,124 ; PT3S                                                         ; DEBUG   ; dxWithMx._V3_AGSNVEC: FONT_CONT
2025-09-26 16:50:37,124 ; PT3S                                                         ; DEBUG   ; dxWithMx._V3_AGSNVEC: DELETED_CONT
2025-09-26 16:50:37,126 ; PT3S                                                         ; DEBUG   ; dxWithMx._V3_AGSNVEC: SELECT1_CONT
2025-09-26 16:50:37,126 ; PT3S                                                         ; DEBUG   ; dxWithMx._V3_AGSNVEC: IDREFERENZ_CONT
2025-09-26 16:50:37,126 ; PT3S                                                         ; DEBUG   ; dxWithMx._V3_AGSNVEC: GEOMWKB_CONT
2025-09-26 16:50:37,126 ; PT3S                                                         ; DEBUG   ; dxWithMx._V3_AGSNVEC: GEOMFIX_CONT
2025-09-26 16:50:37,126 ; PT3S                                                         ; DEBUG   ; dxWithMx._V3_AGSNVEC: UPRP_CONT
2025-09-26 16:50:37,127 ; PT3S                                                         ; DEBUG   ; dxWithMx._V3_AGSNVEC: NAME_DTRO
2025-09-26 16:50:37,127 ; PT3S                                                         ; DEBUG   ; dxWithMx._V3_AGSNVEC: DN_ROHRVEC
2025-09-26 16:50:37,127 ; PT3S                                                         ; DEBUG   ; dxWithMx._V3_AGSNVEC: DI
2025-09-26 16:50:37,127 ; PT3S                                                         ; DEBUG   ; dxWithMx._V3_AGSNVEC: DA
2025-09-26 16:50:37,129 ; PT3S                                                         ; DEBUG   ; dxWithMx._V3_AGSNVEC: S
2025-09-26 16:50:37,129 ; PT3S                                                         ; DEBUG   ; dxWithMx._V3_AGSNVEC: KT
2025-09-26 16:50:37,129 ; PT3S                                                         ; DEBUG   ; dxWithMx._V3_AGSNVEC: PN
2025-09-26 16:50:37,129 ; PT3S                                                         ; DEBUG   ; dxWithMx._V3_AGSNVEC: Am2_ROHRVEC
2025-09-26 16:50:37,129 ; PT3S                                                         ; DEBUG   ; dxWithMx._V3_AGSNVEC: Vm3_ROHRVEC
2025-09-26 16:50:37,131 ; PT3S                                                         ; DEBUG   ; dxWithMx._V3_AGSNVEC: NAME_LTGR
2025-09-26 16:50:37,131 ; PT3S                                                         ; DEBUG   ; dxWithMx._V3_AGSNVEC: NAME_STRASSE
2025-09-26 16:50:37,131 ; PT3S                                                         ; DEBUG   ; dxWithMx._V3_AGSNVEC: tk_i
2025-09-26 16:50:37,131 ; PT3S                                                         ; DEBUG   ; dxWithMx._V3_AGSNVEC: NAME_i_ROHRVEC
2025-09-26 16:50:37,131 ; PT3S                                                         ; DEBUG   ; dxWithMx._V3_AGSNVEC: tk_k
2025-09-26 16:50:37,131 ; PT3S                                                         ; DEBUG   ; dxWithMx._V3_AGSNVEC: NAME_k_ROHRVEC
2025-09-26 16:50:37,131 ; PT3S                                                         ; DEBUG   ; dxWithMx._V3_AGSNVEC: mx2NofPts
2025-09-26 16:50:37,131 ; PT3S                                                         ; DEBUG   ; dxWithMx._V3_AGSNVEC: dL
2025-09-26 16:50:37,131 ; PT3S                                                         ; DEBUG   ; dxWithMx._V3_AGSNVEC: mx2Idx
2025-09-26 16:50:37,131 ; PT3S                                                         ; DEBUG   ; dxWithMx._V3_AGSNVEC: ('STAT', 'KNOT~*~*~*~PH', Timestamp('2020-01-28 14:45:01'), Timestamp('2020-01-28 14:45:01'))_i
2025-09-26 16:50:37,131 ; PT3S                                                         ; DEBUG   ; dxWithMx._V3_AGSNVEC: ('TIME', 'KNOT~*~*~*~PH', Timestamp('2020-01-28 14:45:01'), Timestamp('2020-01-28 14:45:01'))_i
2025-09-26 16:50:37,131 ; PT3S                                                         ; DEBUG   ; dxWithMx._V3_AGSNVEC: ('TMIN', 'KNOT~*~*~*~PH', Timestamp('2020-01-28 14:45:01'), Timestamp('2020-01-28 14:46:01'))_i
2025-09-26 16:50:37,131 ; PT3S                                                         ; DEBUG   ; dxWithMx._V3_AGSNVEC: ('TMAX', 'KNOT~*~*~*~PH', Timestamp('2020-01-28 14:45:01'), Timestamp('2020-01-28 14:46:01'))_i
2025-09-26 16:50:37,131 ; PT3S                                                         ; DEBUG   ; dxWithMx._V3_AGSNVEC: ('STAT', 'KNOT~*~*~*~H', Timestamp('2020-01-28 14:45:01'), Timestamp('2020-01-28 14:45:01'))_i
2025-09-26 16:50:37,131 ; PT3S                                                         ; DEBUG   ; dxWithMx._V3_AGSNVEC: ('TIME', 'KNOT~*~*~*~H', Timestamp('2020-01-28 14:45:01'), Timestamp('2020-01-28 14:45:01'))_i
2025-09-26 16:50:37,131 ; PT3S                                                         ; DEBUG   ; dxWithMx._V3_AGSNVEC: ('TMIN', 'KNOT~*~*~*~H', Timestamp('2020-01-28 14:45:01'), Timestamp('2020-01-28 14:46:01'))_i
2025-09-26 16:50:37,131 ; PT3S                                                         ; DEBUG   ; dxWithMx._V3_AGSNVEC: ('TMAX', 'KNOT~*~*~*~H', Timestamp('2020-01-28 14:45:01'), Timestamp('2020-01-28 14:46:01'))_i
2025-09-26 16:50:37,131 ; PT3S                                                         ; DEBUG   ; dxWithMx._V3_AGSNVEC: ('STAT', 'KNOT~*~*~*~T', Timestamp('2020-01-28 14:45:01'), Timestamp('2020-01-28 14:45:01'))_i
2025-09-26 16:50:37,131 ; PT3S                                                         ; DEBUG   ; dxWithMx._V3_AGSNVEC: ('TIME', 'KNOT~*~*~*~T', Timestamp('2020-01-28 14:45:01'), Timestamp('2020-01-28 14:45:01'))_i
2025-09-26 16:50:37,131 ; PT3S                                                         ; DEBUG   ; dxWithMx._V3_AGSNVEC: ('TMIN', 'KNOT~*~*~*~T', Timestamp('2020-01-28 14:45:01'), Timestamp('2020-01-28 14:46:01'))_i
2025-09-26 16:50:37,131 ; PT3S                                                         ; DEBUG   ; dxWithMx._V3_AGSNVEC: ('TMAX', 'KNOT~*~*~*~T', Timestamp('2020-01-28 14:45:01'), Timestamp('2020-01-28 14:46:01'))_i
2025-09-26 16:50:37,131 ; PT3S                                                         ; DEBUG   ; dxWithMx._V3_AGSNVEC: ('STAT', 'KNOT~*~*~*~RHO', Timestamp('2020-01-28 14:45:01'), Timestamp('2020-01-28 14:45:01'))_i
2025-09-26 16:50:37,131 ; PT3S                                                         ; DEBUG   ; dxWithMx._V3_AGSNVEC: ('TIME', 'KNOT~*~*~*~RHO', Timestamp('2020-01-28 14:45:01'), Timestamp('2020-01-28 14:45:01'))_i
2025-09-26 16:50:37,131 ; PT3S                                                         ; DEBUG   ; dxWithMx._V3_AGSNVEC: ('TMIN', 'KNOT~*~*~*~RHO', Timestamp('2020-01-28 14:45:01'), Timestamp('2020-01-28 14:46:01'))_i
2025-09-26 16:50:37,131 ; PT3S                                                         ; DEBUG   ; dxWithMx._V3_AGSNVEC: ('TMAX', 'KNOT~*~*~*~RHO', Timestamp('2020-01-28 14:45:01'), Timestamp('2020-01-28 14:46:01'))_i
2025-09-26 16:50:37,135 ; PT3S                                                         ; DEBUG   ; dxWithMx._V3_AGSNVEC: ('STAT', 'KNOT~*~*~*~PH', Timestamp('2020-01-28 14:45:01'), Timestamp('2020-01-28 14:45:01'))_k
2025-09-26 16:50:37,135 ; PT3S                                                         ; DEBUG   ; dxWithMx._V3_AGSNVEC: ('TIME', 'KNOT~*~*~*~PH', Timestamp('2020-01-28 14:45:01'), Timestamp('2020-01-28 14:45:01'))_k
2025-09-26 16:50:37,135 ; PT3S                                                         ; DEBUG   ; dxWithMx._V3_AGSNVEC: ('TMIN', 'KNOT~*~*~*~PH', Timestamp('2020-01-28 14:45:01'), Timestamp('2020-01-28 14:46:01'))_k
2025-09-26 16:50:37,135 ; PT3S                                                         ; DEBUG   ; dxWithMx._V3_AGSNVEC: ('TMAX', 'KNOT~*~*~*~PH', Timestamp('2020-01-28 14:45:01'), Timestamp('2020-01-28 14:46:01'))_k
2025-09-26 16:50:37,135 ; PT3S                                                         ; DEBUG   ; dxWithMx._V3_AGSNVEC: ('STAT', 'KNOT~*~*~*~H', Timestamp('2020-01-28 14:45:01'), Timestamp('2020-01-28 14:45:01'))_k
2025-09-26 16:50:37,135 ; PT3S                                                         ; DEBUG   ; dxWithMx._V3_AGSNVEC: ('TIME', 'KNOT~*~*~*~H', Timestamp('2020-01-28 14:45:01'), Timestamp('2020-01-28 14:45:01'))_k
2025-09-26 16:50:37,135 ; PT3S                                                         ; DEBUG   ; dxWithMx._V3_AGSNVEC: ('TMIN', 'KNOT~*~*~*~H', Timestamp('2020-01-28 14:45:01'), Timestamp('2020-01-28 14:46:01'))_k
2025-09-26 16:50:37,135 ; PT3S                                                         ; DEBUG   ; dxWithMx._V3_AGSNVEC: ('TMAX', 'KNOT~*~*~*~H', Timestamp('2020-01-28 14:45:01'), Timestamp('2020-01-28 14:46:01'))_k
2025-09-26 16:50:37,137 ; PT3S                                                         ; DEBUG   ; dxWithMx._V3_AGSNVEC: ('STAT', 'KNOT~*~*~*~T', Timestamp('2020-01-28 14:45:01'), Timestamp('2020-01-28 14:45:01'))_k
2025-09-26 16:50:37,137 ; PT3S                                                         ; DEBUG   ; dxWithMx._V3_AGSNVEC: ('TIME', 'KNOT~*~*~*~T', Timestamp('2020-01-28 14:45:01'), Timestamp('2020-01-28 14:45:01'))_k
2025-09-26 16:50:37,137 ; PT3S                                                         ; DEBUG   ; dxWithMx._V3_AGSNVEC: ('TMIN', 'KNOT~*~*~*~T', Timestamp('2020-01-28 14:45:01'), Timestamp('2020-01-28 14:46:01'))_k
2025-09-26 16:50:37,137 ; PT3S                                                         ; DEBUG   ; dxWithMx._V3_AGSNVEC: ('TMAX', 'KNOT~*~*~*~T', Timestamp('2020-01-28 14:45:01'), Timestamp('2020-01-28 14:46:01'))_k
2025-09-26 16:50:37,137 ; PT3S                                                         ; DEBUG   ; dxWithMx._V3_AGSNVEC: ('STAT', 'KNOT~*~*~*~RHO', Timestamp('2020-01-28 14:45:01'), Timestamp('2020-01-28 14:45:01'))_k
2025-09-26 16:50:37,137 ; PT3S                                                         ; DEBUG   ; dxWithMx._V3_AGSNVEC: ('TIME', 'KNOT~*~*~*~RHO', Timestamp('2020-01-28 14:45:01'), Timestamp('2020-01-28 14:45:01'))_k
2025-09-26 16:50:37,137 ; PT3S                                                         ; DEBUG   ; dxWithMx._V3_AGSNVEC: ('TMIN', 'KNOT~*~*~*~RHO', Timestamp('2020-01-28 14:45:01'), Timestamp('2020-01-28 14:46:01'))_k
2025-09-26 16:50:37,137 ; PT3S                                                         ; DEBUG   ; dxWithMx._V3_AGSNVEC: ('TMAX', 'KNOT~*~*~*~RHO', Timestamp('2020-01-28 14:45:01'), Timestamp('2020-01-28 14:46:01'))_k
2025-09-26 16:50:37,137 ; PT3S                                                         ; DEBUG   ; dxWithMx._V3_AGSNVEC: QMAVAbs
2025-09-26 16:50:37,137 ; PT3S                                                         ; DEBUG   ; dxWithMx._V3_AGSNVEC: VAVAbs
2025-09-26 16:50:37,138 ; PT3S                                                         ; DEBUG   ; dxWithMx._V3_AGSNVEC: PHRAbs
2025-09-26 16:50:37,138 ; PT3S                                                         ; DEBUG   ; dxWithMx._V3_AGSNVEC: JVAbs
2025-09-26 16:50:37,138 ; PT3S                                                         ; DEBUG   ; dxWithMx._V3_AGSNVEC: IptIdx
2025-09-26 16:50:37,138 ; PT3S                                                         ; DEBUG   ; dxWithMx._V3_AGSNVEC: SVEC
2025-09-26 16:50:37,138 ; PT3S                                                         ; DEBUG   ; dxWithMx._V3_AGSNVEC: IptIdxAsNo
2025-09-26 16:50:37,138 ; PT3S                                                         ; DEBUG   ; dxWithMx._V3_AGSNVEC: ZVEC
2025-09-26 16:50:37,139 ; PT3S                                                         ; DEBUG   ; dxWithMx._V3_AGSNVEC_addNewCols: Start.
2025-09-26 16:50:37,141 ; PT3S                                                         ; DEBUG   ; dxWithMx._V3_AGSNVEC_addNewCols: colNameNewFlat:T_n_min: Spaltenpaare extrahiert:
2025-09-26 16:50:37,141 ; PT3S                                                         ; DEBUG   ; dxWithMx._V3_AGSNVEC_addNewCols: referencing ('TMIN', 'KNOT~*~*~*~T', Timestamp('2020-01-28 14:45:01'), Timestamp('2020-01-28 14:46:01'))_n and ('TMIN', 'ROHR~*~*~*~TVEC', Timestamp('2020-01-28 14:45:01'), Timestamp('2020-01-28 14:46:01')) OK
2025-09-26 16:50:37,142 ; PT3S                                                         ; DEBUG   ; dxWithMx._V3_AGSNVEC_addNewCols: colNameNewFlat:T_n_max: Spaltenpaare extrahiert:
2025-09-26 16:50:37,142 ; PT3S                                                         ; DEBUG   ; dxWithMx._V3_AGSNVEC_addNewCols: referencing ('TMAX', 'KNOT~*~*~*~T', Timestamp('2020-01-28 14:45:01'), Timestamp('2020-01-28 14:46:01'))_n and ('TMAX', 'ROHR~*~*~*~TVEC', Timestamp('2020-01-28 14:45:01'), Timestamp('2020-01-28 14:46:01')) OK
2025-09-26 16:50:37,144 ; PT3S                                                         ; DEBUG   ; dxWithMx._V3_AGSNVEC_addNewCols: Exception: Line: 2186: <class 'KeyError'>: "None of [Index(['('TIME', 'KNOT~*~*~*~T', Timestamp('2020-01-28 14:46:01'), Timestamp('2020-01-28 14:46:01'))_n', ('TIME', 'ROHR~*~*~*~TVEC', 2020-01-28 14:46:01, 2020-01-28 14:46:01)], dtype='object')] are in the [columns]"
2025-09-26 16:50:37,145 ; PT3S                                                         ; DEBUG   ; dxWithMx._V3_AGSNVEC_addNewCols: colNameNewFlat:T_n_end: Spaltenpaare NCHT extrahiert:
2025-09-26 16:50:37,145 ; PT3S                                                         ; DEBUG   ; dxWithMx._V3_AGSNVEC_addNewCols: referencing ('TIME', 'KNOT~*~*~*~T', Timestamp('2020-01-28 14:46:01'), Timestamp('2020-01-28 14:46:01'))_n and ('TIME', 'ROHR~*~*~*~TVEC', Timestamp('2020-01-28 14:46:01'), Timestamp('2020-01-28 14:46:01')) FAILED
2025-09-26 16:50:37,147 ; PT3S                                                         ; DEBUG   ; dxWithMx._V3_AGSNVEC_addNewCols: colNameNewFlat:PH_n_min: Spaltenpaare extrahiert:
2025-09-26 16:50:37,147 ; PT3S                                                         ; DEBUG   ; dxWithMx._V3_AGSNVEC_addNewCols: referencing ('TMIN', 'KNOT~*~*~*~PH', Timestamp('2020-01-28 14:45:01'), Timestamp('2020-01-28 14:46:01'))_n and ('TMIN', 'manPVEC', Timestamp('2020-01-28 14:45:01'), Timestamp('2020-01-28 14:46:01')) OK
2025-09-26 16:50:37,148 ; PT3S                                                         ; DEBUG   ; dxWithMx._V3_AGSNVEC_addNewCols: colNameNewFlat:PH_n_max: Spaltenpaare extrahiert:
2025-09-26 16:50:37,148 ; PT3S                                                         ; DEBUG   ; dxWithMx._V3_AGSNVEC_addNewCols: referencing ('TMAX', 'KNOT~*~*~*~PH', Timestamp('2020-01-28 14:45:01'), Timestamp('2020-01-28 14:46:01'))_n and ('TMAX', 'manPVEC', Timestamp('2020-01-28 14:45:01'), Timestamp('2020-01-28 14:46:01')) OK
2025-09-26 16:50:37,151 ; PT3S                                                         ; DEBUG   ; dxWithMx._V3_AGSNVEC_addNewCols: Exception: Line: 2186: <class 'KeyError'>: "None of [Index(['('TIME', 'KNOT~*~*~*~PH', Timestamp('2020-01-28 14:46:01'), Timestamp('2020-01-28 14:46:01'))_n', ('TIME', 'manPVEC', 2020-01-28 14:46:01, 2020-01-28 14:46:01)], dtype='object')] are in the [columns]"
2025-09-26 16:50:37,151 ; PT3S                                                         ; DEBUG   ; dxWithMx._V3_AGSNVEC_addNewCols: colNameNewFlat:PH_n_end: Spaltenpaare NCHT extrahiert:
2025-09-26 16:50:37,151 ; PT3S                                                         ; DEBUG   ; dxWithMx._V3_AGSNVEC_addNewCols: referencing ('TIME', 'KNOT~*~*~*~PH', Timestamp('2020-01-28 14:46:01'), Timestamp('2020-01-28 14:46:01'))_n and ('TIME', 'manPVEC', Timestamp('2020-01-28 14:46:01'), Timestamp('2020-01-28 14:46:01')) FAILED
2025-09-26 16:50:37,153 ; PT3S                                                         ; DEBUG   ; dxWithMx._V3_AGSNVEC_addNewCols: colNameNewFlat:mlc_n_min: Spaltenpaare extrahiert:
2025-09-26 16:50:37,153 ; PT3S                                                         ; DEBUG   ; dxWithMx._V3_AGSNVEC_addNewCols: referencing ('TMIN', 'mlc', Timestamp('2020-01-28 14:45:01'), Timestamp('2020-01-28 14:46:01'))_n and ('TMIN', 'mlcPVEC', Timestamp('2020-01-28 14:45:01'), Timestamp('2020-01-28 14:46:01')) OK
2025-09-26 16:50:37,155 ; PT3S                                                         ; DEBUG   ; dxWithMx._V3_AGSNVEC_addNewCols: colNameNewFlat:mlc_n_max: Spaltenpaare extrahiert:
2025-09-26 16:50:37,155 ; PT3S                                                         ; DEBUG   ; dxWithMx._V3_AGSNVEC_addNewCols: referencing ('TMAX', 'mlc', Timestamp('2020-01-28 14:45:01'), Timestamp('2020-01-28 14:46:01'))_n and ('TMAX', 'mlcPVEC', Timestamp('2020-01-28 14:45:01'), Timestamp('2020-01-28 14:46:01')) OK
2025-09-26 16:50:37,156 ; PT3S                                                         ; DEBUG   ; dxWithMx._V3_AGSNVEC_addNewCols: Exception: Line: 2186: <class 'KeyError'>: "None of [Index(['('TIME', 'mlc', Timestamp('2020-01-28 14:46:01'), Timestamp('2020-01-28 14:46:01'))_n', ('TIME', 'mlcPVEC', 2020-01-28 14:46:01, 2020-01-28 14:46:01)], dtype='object')] are in the [columns]"
2025-09-26 16:50:37,156 ; PT3S                                                         ; DEBUG   ; dxWithMx._V3_AGSNVEC_addNewCols: colNameNewFlat:mlc_n_end: Spaltenpaare NCHT extrahiert:
2025-09-26 16:50:37,157 ; PT3S                                                         ; DEBUG   ; dxWithMx._V3_AGSNVEC_addNewCols: referencing ('TIME', 'mlc', Timestamp('2020-01-28 14:46:01'), Timestamp('2020-01-28 14:46:01'))_n and ('TIME', 'mlcPVEC', Timestamp('2020-01-28 14:46:01'), Timestamp('2020-01-28 14:46:01')) FAILED
2025-09-26 16:50:37,158 ; PT3S                                                         ; DEBUG   ; dxWithMx._V3_AGSNVEC_addNewCols: Exception: Line: 2186: <class 'KeyError'>: '["(\'TMIN\', \'H\', Timestamp(\'2020-01-28 14:45:01\'), Timestamp(\'2020-01-28 14:46:01\'))_n"] not in index'
2025-09-26 16:50:37,159 ; PT3S                                                         ; DEBUG   ; dxWithMx._V3_AGSNVEC_addNewCols: colNameNewFlat:H_n_min: Spaltenpaare NCHT extrahiert:
2025-09-26 16:50:37,159 ; PT3S                                                         ; DEBUG   ; dxWithMx._V3_AGSNVEC_addNewCols: referencing ('TMIN', 'H', Timestamp('2020-01-28 14:45:01'), Timestamp('2020-01-28 14:46:01'))_n and ('TMIN', 'barBzgPVEC', Timestamp('2020-01-28 14:45:01'), Timestamp('2020-01-28 14:46:01')) FAILED
2025-09-26 16:50:37,160 ; PT3S                                                         ; DEBUG   ; dxWithMx._V3_AGSNVEC_addNewCols: Exception: Line: 2186: <class 'KeyError'>: '["(\'TMAX\', \'H\', Timestamp(\'2020-01-28 14:45:01\'), Timestamp(\'2020-01-28 14:46:01\'))_n"] not in index'
2025-09-26 16:50:37,160 ; PT3S                                                         ; DEBUG   ; dxWithMx._V3_AGSNVEC_addNewCols: colNameNewFlat:H_n_max: Spaltenpaare NCHT extrahiert:
2025-09-26 16:50:37,162 ; PT3S                                                         ; DEBUG   ; dxWithMx._V3_AGSNVEC_addNewCols: referencing ('TMAX', 'H', Timestamp('2020-01-28 14:45:01'), Timestamp('2020-01-28 14:46:01'))_n and ('TMAX', 'barBzgPVEC', Timestamp('2020-01-28 14:45:01'), Timestamp('2020-01-28 14:46:01')) FAILED
2025-09-26 16:50:37,163 ; PT3S                                                         ; DEBUG   ; dxWithMx._V3_AGSNVEC_addNewCols: Exception: Line: 2186: <class 'KeyError'>: "None of [Index(['('TIME', 'H', Timestamp('2020-01-28 14:46:01'), Timestamp('2020-01-28 14:46:01'))_n', ('TIME', 'barBzgPVEC', 2020-01-28 14:46:01, 2020-01-28 14:46:01)], dtype='object')] are in the [columns]"
2025-09-26 16:50:37,163 ; PT3S                                                         ; DEBUG   ; dxWithMx._V3_AGSNVEC_addNewCols: colNameNewFlat:H_n_end: Spaltenpaare NCHT extrahiert:
2025-09-26 16:50:37,163 ; PT3S                                                         ; DEBUG   ; dxWithMx._V3_AGSNVEC_addNewCols: referencing ('TIME', 'H', Timestamp('2020-01-28 14:46:01'), Timestamp('2020-01-28 14:46:01'))_n and ('TIME', 'barBzgPVEC', Timestamp('2020-01-28 14:46:01'), Timestamp('2020-01-28 14:46:01')) FAILED
2025-09-26 16:50:37,164 ; PT3S                                                         ; DEBUG   ; dxWithMx._V3_AGSNVEC_addNewCols: colNameNewFlat:QM_min: Spaltenpaare extrahiert:
2025-09-26 16:50:37,164 ; PT3S                                                         ; DEBUG   ; dxWithMx._V3_AGSNVEC_addNewCols: referencing ('TMIN', 'QM', Timestamp('2020-01-28 14:45:01'), Timestamp('2020-01-28 14:46:01')) and ('TMIN', 'QMVEC', Timestamp('2020-01-28 14:45:01'), Timestamp('2020-01-28 14:46:01')) OK
2025-09-26 16:50:37,164 ; PT3S                                                         ; DEBUG   ; dxWithMx._V3_AGSNVEC_addNewCols: colNameNewFlat:QM_max: Spaltenpaare extrahiert:
2025-09-26 16:50:37,167 ; PT3S                                                         ; DEBUG   ; dxWithMx._V3_AGSNVEC_addNewCols: referencing ('TMAX', 'QM', Timestamp('2020-01-28 14:45:01'), Timestamp('2020-01-28 14:46:01')) and ('TMAX', 'QMVEC', Timestamp('2020-01-28 14:45:01'), Timestamp('2020-01-28 14:46:01')) OK
2025-09-26 16:50:37,167 ; PT3S                                                         ; DEBUG   ; dxWithMx._V3_AGSNVEC_addNewCols: Exception: Line: 2186: <class 'KeyError'>: "None of [Index(['('TIME', 'QM', Timestamp('2020-01-28 14:46:01'), Timestamp('2020-01-28 14:46:01'))', ('TIME', 'QMVEC', 2020-01-28 14:46:01, 2020-01-28 14:46:01)], dtype='object')] are in the [columns]"
2025-09-26 16:50:37,167 ; PT3S                                                         ; DEBUG   ; dxWithMx._V3_AGSNVEC_addNewCols: colNameNewFlat:QM_end: Spaltenpaare NCHT extrahiert:
2025-09-26 16:50:37,167 ; PT3S                                                         ; DEBUG   ; dxWithMx._V3_AGSNVEC_addNewCols: referencing ('TIME', 'QM', Timestamp('2020-01-28 14:46:01'), Timestamp('2020-01-28 14:46:01')) and ('TIME', 'QMVEC', Timestamp('2020-01-28 14:46:01'), Timestamp('2020-01-28 14:46:01')) FAILED
2025-09-26 16:50:37,229 ; PT3S                                                         ; DEBUG   ; dxWithMx._V3_AGSNVEC_addNewCols: _Done.
2025-09-26 16:50:37,230 ; PT3S                                                         ; DEBUG   ; dxWithMx._V3_AGSNVEC: Starting to filter columns based on timestamps.
2025-09-26 16:50:37,230 ; PT3S                                                         ; DEBUG   ; dxWithMx._V3_AGSNVEC: Unique timestamps sorted: []
2025-09-26 16:50:37,231 ; PT3S                                                         ; DEBUG   ; dxWithMx._V3_AGSNVEC: tuple-cols:
2025-09-26 16:50:37,231 ; PT3S                                                         ; DEBUG   ; dxWithMx._V3_AGSNVEC: ('STAT', 'ROHR~*~*~*~A', Timestamp('2020-01-28 14:45:01'), Timestamp('2020-01-28 14:45:01'))
2025-09-26 16:50:37,232 ; PT3S                                                         ; DEBUG   ; dxWithMx._V3_AGSNVEC: ('TIME', 'ROHR~*~*~*~A', Timestamp('2020-01-28 14:45:01'), Timestamp('2020-01-28 14:45:01'))
2025-09-26 16:50:37,232 ; PT3S                                                         ; DEBUG   ; dxWithMx._V3_AGSNVEC: ('TMIN', 'ROHR~*~*~*~A', Timestamp('2020-01-28 14:45:01'), Timestamp('2020-01-28 14:46:01'))
2025-09-26 16:50:37,232 ; PT3S                                                         ; DEBUG   ; dxWithMx._V3_AGSNVEC: ('TMAX', 'ROHR~*~*~*~A', Timestamp('2020-01-28 14:45:01'), Timestamp('2020-01-28 14:46:01'))
2025-09-26 16:50:37,233 ; PT3S                                                         ; DEBUG   ; dxWithMx._V3_AGSNVEC: ('STAT', 'ROHR~*~*~*~IAKTIV', Timestamp('2020-01-28 14:45:01'), Timestamp('2020-01-28 14:45:01'))
2025-09-26 16:50:37,233 ; PT3S                                                         ; DEBUG   ; dxWithMx._V3_AGSNVEC: ('TIME', 'ROHR~*~*~*~IAKTIV', Timestamp('2020-01-28 14:45:01'), Timestamp('2020-01-28 14:45:01'))
2025-09-26 16:50:37,233 ; PT3S                                                         ; DEBUG   ; dxWithMx._V3_AGSNVEC: ('TMIN', 'ROHR~*~*~*~IAKTIV', Timestamp('2020-01-28 14:45:01'), Timestamp('2020-01-28 14:46:01'))
2025-09-26 16:50:37,234 ; PT3S                                                         ; DEBUG   ; dxWithMx._V3_AGSNVEC: ('TMAX', 'ROHR~*~*~*~IAKTIV', Timestamp('2020-01-28 14:45:01'), Timestamp('2020-01-28 14:46:01'))
2025-09-26 16:50:37,234 ; PT3S                                                         ; DEBUG   ; dxWithMx._V3_AGSNVEC: ('STAT', 'ROHR~*~*~*~IRTRENN', Timestamp('2020-01-28 14:45:01'), Timestamp('2020-01-28 14:45:01'))
2025-09-26 16:50:37,234 ; PT3S                                                         ; DEBUG   ; dxWithMx._V3_AGSNVEC: ('TIME', 'ROHR~*~*~*~IRTRENN', Timestamp('2020-01-28 14:45:01'), Timestamp('2020-01-28 14:45:01'))
2025-09-26 16:50:37,235 ; PT3S                                                         ; DEBUG   ; dxWithMx._V3_AGSNVEC: ('TMIN', 'ROHR~*~*~*~IRTRENN', Timestamp('2020-01-28 14:45:01'), Timestamp('2020-01-28 14:46:01'))
2025-09-26 16:50:37,235 ; PT3S                                                         ; DEBUG   ; dxWithMx._V3_AGSNVEC: ('TMAX', 'ROHR~*~*~*~IRTRENN', Timestamp('2020-01-28 14:45:01'), Timestamp('2020-01-28 14:46:01'))
2025-09-26 16:50:37,235 ; PT3S                                                         ; DEBUG   ; dxWithMx._V3_AGSNVEC: ('STAT', 'ROHR~*~*~*~JV', Timestamp('2020-01-28 14:45:01'), Timestamp('2020-01-28 14:45:01'))
2025-09-26 16:50:37,236 ; PT3S                                                         ; DEBUG   ; dxWithMx._V3_AGSNVEC: ('TIME', 'ROHR~*~*~*~JV', Timestamp('2020-01-28 14:45:01'), Timestamp('2020-01-28 14:45:01'))
2025-09-26 16:50:37,236 ; PT3S                                                         ; DEBUG   ; dxWithMx._V3_AGSNVEC: ('TMIN', 'ROHR~*~*~*~JV', Timestamp('2020-01-28 14:45:01'), Timestamp('2020-01-28 14:46:01'))
2025-09-26 16:50:37,236 ; PT3S                                                         ; DEBUG   ; dxWithMx._V3_AGSNVEC: ('TMAX', 'ROHR~*~*~*~JV', Timestamp('2020-01-28 14:45:01'), Timestamp('2020-01-28 14:46:01'))
2025-09-26 16:50:37,237 ; PT3S                                                         ; DEBUG   ; dxWithMx._V3_AGSNVEC: ('STAT', 'ROHR~*~*~*~PDAMPF', Timestamp('2020-01-28 14:45:01'), Timestamp('2020-01-28 14:45:01'))
2025-09-26 16:50:37,237 ; PT3S                                                         ; DEBUG   ; dxWithMx._V3_AGSNVEC: ('TIME', 'ROHR~*~*~*~PDAMPF', Timestamp('2020-01-28 14:45:01'), Timestamp('2020-01-28 14:45:01'))
2025-09-26 16:50:37,237 ; PT3S                                                         ; DEBUG   ; dxWithMx._V3_AGSNVEC: ('TMIN', 'ROHR~*~*~*~PDAMPF', Timestamp('2020-01-28 14:45:01'), Timestamp('2020-01-28 14:46:01'))
2025-09-26 16:50:37,238 ; PT3S                                                         ; DEBUG   ; dxWithMx._V3_AGSNVEC: ('TMAX', 'ROHR~*~*~*~PDAMPF', Timestamp('2020-01-28 14:45:01'), Timestamp('2020-01-28 14:46:01'))
2025-09-26 16:50:37,238 ; PT3S                                                         ; DEBUG   ; dxWithMx._V3_AGSNVEC: ('STAT', 'ROHR~*~*~*~PHR', Timestamp('2020-01-28 14:45:01'), Timestamp('2020-01-28 14:45:01'))
2025-09-26 16:50:37,238 ; PT3S                                                         ; DEBUG   ; dxWithMx._V3_AGSNVEC: ('TIME', 'ROHR~*~*~*~PHR', Timestamp('2020-01-28 14:45:01'), Timestamp('2020-01-28 14:45:01'))
2025-09-26 16:50:37,239 ; PT3S                                                         ; DEBUG   ; dxWithMx._V3_AGSNVEC: ('TMIN', 'ROHR~*~*~*~PHR', Timestamp('2020-01-28 14:45:01'), Timestamp('2020-01-28 14:46:01'))
2025-09-26 16:50:37,239 ; PT3S                                                         ; DEBUG   ; dxWithMx._V3_AGSNVEC: ('TMAX', 'ROHR~*~*~*~PHR', Timestamp('2020-01-28 14:45:01'), Timestamp('2020-01-28 14:46:01'))
2025-09-26 16:50:37,239 ; PT3S                                                         ; DEBUG   ; dxWithMx._V3_AGSNVEC: ('STAT', 'ROHR~*~*~*~PMIN', Timestamp('2020-01-28 14:45:01'), Timestamp('2020-01-28 14:45:01'))
2025-09-26 16:50:37,240 ; PT3S                                                         ; DEBUG   ; dxWithMx._V3_AGSNVEC: ('TIME', 'ROHR~*~*~*~PMIN', Timestamp('2020-01-28 14:45:01'), Timestamp('2020-01-28 14:45:01'))
2025-09-26 16:50:37,240 ; PT3S                                                         ; DEBUG   ; dxWithMx._V3_AGSNVEC: ('TMIN', 'ROHR~*~*~*~PMIN', Timestamp('2020-01-28 14:45:01'), Timestamp('2020-01-28 14:46:01'))
2025-09-26 16:50:37,240 ; PT3S                                                         ; DEBUG   ; dxWithMx._V3_AGSNVEC: ('TMAX', 'ROHR~*~*~*~PMIN', Timestamp('2020-01-28 14:45:01'), Timestamp('2020-01-28 14:46:01'))
2025-09-26 16:50:37,241 ; PT3S                                                         ; DEBUG   ; dxWithMx._V3_AGSNVEC: ('STAT', 'ROHR~*~*~*~QMAV', Timestamp('2020-01-28 14:45:01'), Timestamp('2020-01-28 14:45:01'))
2025-09-26 16:50:37,241 ; PT3S                                                         ; DEBUG   ; dxWithMx._V3_AGSNVEC: ('TIME', 'ROHR~*~*~*~QMAV', Timestamp('2020-01-28 14:45:01'), Timestamp('2020-01-28 14:45:01'))
2025-09-26 16:50:37,241 ; PT3S                                                         ; DEBUG   ; dxWithMx._V3_AGSNVEC: ('TMIN', 'ROHR~*~*~*~QMAV', Timestamp('2020-01-28 14:45:01'), Timestamp('2020-01-28 14:46:01'))
2025-09-26 16:50:37,241 ; PT3S                                                         ; DEBUG   ; dxWithMx._V3_AGSNVEC: ('TMAX', 'ROHR~*~*~*~QMAV', Timestamp('2020-01-28 14:45:01'), Timestamp('2020-01-28 14:46:01'))
2025-09-26 16:50:37,241 ; PT3S                                                         ; DEBUG   ; dxWithMx._V3_AGSNVEC: ('STAT', 'ROHR~*~*~*~QMI', Timestamp('2020-01-28 14:45:01'), Timestamp('2020-01-28 14:45:01'))
2025-09-26 16:50:37,241 ; PT3S                                                         ; DEBUG   ; dxWithMx._V3_AGSNVEC: ('TIME', 'ROHR~*~*~*~QMI', Timestamp('2020-01-28 14:45:01'), Timestamp('2020-01-28 14:45:01'))
2025-09-26 16:50:37,242 ; PT3S                                                         ; DEBUG   ; dxWithMx._V3_AGSNVEC: ('TMIN', 'ROHR~*~*~*~QMI', Timestamp('2020-01-28 14:45:01'), Timestamp('2020-01-28 14:46:01'))
2025-09-26 16:50:37,242 ; PT3S                                                         ; DEBUG   ; dxWithMx._V3_AGSNVEC: ('TMAX', 'ROHR~*~*~*~QMI', Timestamp('2020-01-28 14:45:01'), Timestamp('2020-01-28 14:46:01'))
2025-09-26 16:50:37,242 ; PT3S                                                         ; DEBUG   ; dxWithMx._V3_AGSNVEC: ('STAT', 'ROHR~*~*~*~QMK', Timestamp('2020-01-28 14:45:01'), Timestamp('2020-01-28 14:45:01'))
2025-09-26 16:50:37,242 ; PT3S                                                         ; DEBUG   ; dxWithMx._V3_AGSNVEC: ('TIME', 'ROHR~*~*~*~QMK', Timestamp('2020-01-28 14:45:01'), Timestamp('2020-01-28 14:45:01'))
2025-09-26 16:50:37,242 ; PT3S                                                         ; DEBUG   ; dxWithMx._V3_AGSNVEC: ('TMIN', 'ROHR~*~*~*~QMK', Timestamp('2020-01-28 14:45:01'), Timestamp('2020-01-28 14:46:01'))
2025-09-26 16:50:37,244 ; PT3S                                                         ; DEBUG   ; dxWithMx._V3_AGSNVEC: ('TMAX', 'ROHR~*~*~*~QMK', Timestamp('2020-01-28 14:45:01'), Timestamp('2020-01-28 14:46:01'))
2025-09-26 16:50:37,244 ; PT3S                                                         ; DEBUG   ; dxWithMx._V3_AGSNVEC: ('STAT', 'ROHR~*~*~*~VAV', Timestamp('2020-01-28 14:45:01'), Timestamp('2020-01-28 14:45:01'))
2025-09-26 16:50:37,244 ; PT3S                                                         ; DEBUG   ; dxWithMx._V3_AGSNVEC: ('TIME', 'ROHR~*~*~*~VAV', Timestamp('2020-01-28 14:45:01'), Timestamp('2020-01-28 14:45:01'))
2025-09-26 16:50:37,244 ; PT3S                                                         ; DEBUG   ; dxWithMx._V3_AGSNVEC: ('TMIN', 'ROHR~*~*~*~VAV', Timestamp('2020-01-28 14:45:01'), Timestamp('2020-01-28 14:46:01'))
2025-09-26 16:50:37,245 ; PT3S                                                         ; DEBUG   ; dxWithMx._V3_AGSNVEC: ('TMAX', 'ROHR~*~*~*~VAV', Timestamp('2020-01-28 14:45:01'), Timestamp('2020-01-28 14:46:01'))
2025-09-26 16:50:37,245 ; PT3S                                                         ; DEBUG   ; dxWithMx._V3_AGSNVEC: ('STAT', 'ROHR~*~*~*~VI', Timestamp('2020-01-28 14:45:01'), Timestamp('2020-01-28 14:45:01'))
2025-09-26 16:50:37,246 ; PT3S                                                         ; DEBUG   ; dxWithMx._V3_AGSNVEC: ('TIME', 'ROHR~*~*~*~VI', Timestamp('2020-01-28 14:45:01'), Timestamp('2020-01-28 14:45:01'))
2025-09-26 16:50:37,246 ; PT3S                                                         ; DEBUG   ; dxWithMx._V3_AGSNVEC: ('TMIN', 'ROHR~*~*~*~VI', Timestamp('2020-01-28 14:45:01'), Timestamp('2020-01-28 14:46:01'))
2025-09-26 16:50:37,246 ; PT3S                                                         ; DEBUG   ; dxWithMx._V3_AGSNVEC: ('TMAX', 'ROHR~*~*~*~VI', Timestamp('2020-01-28 14:45:01'), Timestamp('2020-01-28 14:46:01'))
2025-09-26 16:50:37,247 ; PT3S                                                         ; DEBUG   ; dxWithMx._V3_AGSNVEC: ('STAT', 'ROHR~*~*~*~VK', Timestamp('2020-01-28 14:45:01'), Timestamp('2020-01-28 14:45:01'))
2025-09-26 16:50:37,247 ; PT3S                                                         ; DEBUG   ; dxWithMx._V3_AGSNVEC: ('TIME', 'ROHR~*~*~*~VK', Timestamp('2020-01-28 14:45:01'), Timestamp('2020-01-28 14:45:01'))
2025-09-26 16:50:37,247 ; PT3S                                                         ; DEBUG   ; dxWithMx._V3_AGSNVEC: ('TMIN', 'ROHR~*~*~*~VK', Timestamp('2020-01-28 14:45:01'), Timestamp('2020-01-28 14:46:01'))
2025-09-26 16:50:37,247 ; PT3S                                                         ; DEBUG   ; dxWithMx._V3_AGSNVEC: ('TMAX', 'ROHR~*~*~*~VK', Timestamp('2020-01-28 14:45:01'), Timestamp('2020-01-28 14:46:01'))
2025-09-26 16:50:37,248 ; PT3S                                                         ; DEBUG   ; dxWithMx._V3_AGSNVEC: ('STAT', 'ROHR~*~*~*~VOLDA', Timestamp('2020-01-28 14:45:01'), Timestamp('2020-01-28 14:45:01'))
2025-09-26 16:50:37,248 ; PT3S                                                         ; DEBUG   ; dxWithMx._V3_AGSNVEC: ('TIME', 'ROHR~*~*~*~VOLDA', Timestamp('2020-01-28 14:45:01'), Timestamp('2020-01-28 14:45:01'))
2025-09-26 16:50:37,248 ; PT3S                                                         ; DEBUG   ; dxWithMx._V3_AGSNVEC: ('TMIN', 'ROHR~*~*~*~VOLDA', Timestamp('2020-01-28 14:45:01'), Timestamp('2020-01-28 14:46:01'))
2025-09-26 16:50:37,249 ; PT3S                                                         ; DEBUG   ; dxWithMx._V3_AGSNVEC: ('TMAX', 'ROHR~*~*~*~VOLDA', Timestamp('2020-01-28 14:45:01'), Timestamp('2020-01-28 14:46:01'))
2025-09-26 16:50:37,249 ; PT3S                                                         ; DEBUG   ; dxWithMx._V3_AGSNVEC: ('STAT', 'ROHR~*~*~*~MVEC', Timestamp('2020-01-28 14:45:01'), Timestamp('2020-01-28 14:45:01'))
2025-09-26 16:50:37,249 ; PT3S                                                         ; DEBUG   ; dxWithMx._V3_AGSNVEC: ('TIME', 'ROHR~*~*~*~MVEC', Timestamp('2020-01-28 14:45:01'), Timestamp('2020-01-28 14:45:01'))
2025-09-26 16:50:37,250 ; PT3S                                                         ; DEBUG   ; dxWithMx._V3_AGSNVEC: ('TMIN', 'ROHR~*~*~*~MVEC', Timestamp('2020-01-28 14:45:01'), Timestamp('2020-01-28 14:46:01'))
2025-09-26 16:50:37,250 ; PT3S                                                         ; DEBUG   ; dxWithMx._V3_AGSNVEC: ('TMAX', 'ROHR~*~*~*~MVEC', Timestamp('2020-01-28 14:45:01'), Timestamp('2020-01-28 14:46:01'))
2025-09-26 16:50:37,250 ; PT3S                                                         ; DEBUG   ; dxWithMx._V3_AGSNVEC: ('STAT', 'ROHR~*~*~*~PVEC', Timestamp('2020-01-28 14:45:01'), Timestamp('2020-01-28 14:45:01'))
2025-09-26 16:50:37,251 ; PT3S                                                         ; DEBUG   ; dxWithMx._V3_AGSNVEC: ('TIME', 'ROHR~*~*~*~PVEC', Timestamp('2020-01-28 14:45:01'), Timestamp('2020-01-28 14:45:01'))
2025-09-26 16:50:37,251 ; PT3S                                                         ; DEBUG   ; dxWithMx._V3_AGSNVEC: ('TMIN', 'ROHR~*~*~*~PVEC', Timestamp('2020-01-28 14:45:01'), Timestamp('2020-01-28 14:46:01'))
2025-09-26 16:50:37,251 ; PT3S                                                         ; DEBUG   ; dxWithMx._V3_AGSNVEC: ('TMAX', 'ROHR~*~*~*~PVEC', Timestamp('2020-01-28 14:45:01'), Timestamp('2020-01-28 14:46:01'))
2025-09-26 16:50:37,252 ; PT3S                                                         ; DEBUG   ; dxWithMx._V3_AGSNVEC: ('STAT', 'ROHR~*~*~*~PVECMAX_INST', Timestamp('2020-01-28 14:45:01'), Timestamp('2020-01-28 14:45:01'))
2025-09-26 16:50:37,252 ; PT3S                                                         ; DEBUG   ; dxWithMx._V3_AGSNVEC: ('TIME', 'ROHR~*~*~*~PVECMAX_INST', Timestamp('2020-01-28 14:45:01'), Timestamp('2020-01-28 14:45:01'))
2025-09-26 16:50:37,252 ; PT3S                                                         ; DEBUG   ; dxWithMx._V3_AGSNVEC: ('TMIN', 'ROHR~*~*~*~PVECMAX_INST', Timestamp('2020-01-28 14:45:01'), Timestamp('2020-01-28 14:46:01'))
2025-09-26 16:50:37,253 ; PT3S                                                         ; DEBUG   ; dxWithMx._V3_AGSNVEC: ('TMAX', 'ROHR~*~*~*~PVECMAX_INST', Timestamp('2020-01-28 14:45:01'), Timestamp('2020-01-28 14:46:01'))
2025-09-26 16:50:37,253 ; PT3S                                                         ; DEBUG   ; dxWithMx._V3_AGSNVEC: ('STAT', 'ROHR~*~*~*~PVECMIN_INST', Timestamp('2020-01-28 14:45:01'), Timestamp('2020-01-28 14:45:01'))
2025-09-26 16:50:37,253 ; PT3S                                                         ; DEBUG   ; dxWithMx._V3_AGSNVEC: ('TIME', 'ROHR~*~*~*~PVECMIN_INST', Timestamp('2020-01-28 14:45:01'), Timestamp('2020-01-28 14:45:01'))
2025-09-26 16:50:37,254 ; PT3S                                                         ; DEBUG   ; dxWithMx._V3_AGSNVEC: ('TMIN', 'ROHR~*~*~*~PVECMIN_INST', Timestamp('2020-01-28 14:45:01'), Timestamp('2020-01-28 14:46:01'))
2025-09-26 16:50:37,254 ; PT3S                                                         ; DEBUG   ; dxWithMx._V3_AGSNVEC: ('TMAX', 'ROHR~*~*~*~PVECMIN_INST', Timestamp('2020-01-28 14:45:01'), Timestamp('2020-01-28 14:46:01'))
2025-09-26 16:50:37,254 ; PT3S                                                         ; DEBUG   ; dxWithMx._V3_AGSNVEC: ('STAT', 'ROHR~*~*~*~RHOVEC', Timestamp('2020-01-28 14:45:01'), Timestamp('2020-01-28 14:45:01'))
2025-09-26 16:50:37,254 ; PT3S                                                         ; DEBUG   ; dxWithMx._V3_AGSNVEC: ('TIME', 'ROHR~*~*~*~RHOVEC', Timestamp('2020-01-28 14:45:01'), Timestamp('2020-01-28 14:45:01'))
2025-09-26 16:50:37,255 ; PT3S                                                         ; DEBUG   ; dxWithMx._V3_AGSNVEC: ('TMIN', 'ROHR~*~*~*~RHOVEC', Timestamp('2020-01-28 14:45:01'), Timestamp('2020-01-28 14:46:01'))
2025-09-26 16:50:37,255 ; PT3S                                                         ; DEBUG   ; dxWithMx._V3_AGSNVEC: ('TMAX', 'ROHR~*~*~*~RHOVEC', Timestamp('2020-01-28 14:45:01'), Timestamp('2020-01-28 14:46:01'))
2025-09-26 16:50:37,255 ; PT3S                                                         ; DEBUG   ; dxWithMx._V3_AGSNVEC: ('STAT', 'ROHR~*~*~*~TVEC', Timestamp('2020-01-28 14:45:01'), Timestamp('2020-01-28 14:45:01'))
2025-09-26 16:50:37,255 ; PT3S                                                         ; DEBUG   ; dxWithMx._V3_AGSNVEC: ('TIME', 'ROHR~*~*~*~TVEC', Timestamp('2020-01-28 14:45:01'), Timestamp('2020-01-28 14:45:01'))
2025-09-26 16:50:37,255 ; PT3S                                                         ; DEBUG   ; dxWithMx._V3_AGSNVEC: ('TMIN', 'ROHR~*~*~*~TVEC', Timestamp('2020-01-28 14:45:01'), Timestamp('2020-01-28 14:46:01'))
2025-09-26 16:50:37,255 ; PT3S                                                         ; DEBUG   ; dxWithMx._V3_AGSNVEC: ('TMAX', 'ROHR~*~*~*~TVEC', Timestamp('2020-01-28 14:45:01'), Timestamp('2020-01-28 14:46:01'))
2025-09-26 16:50:37,255 ; PT3S                                                         ; DEBUG   ; dxWithMx._V3_AGSNVEC: ('STAT', 'manPVECMIN_INST', Timestamp('2020-01-28 14:45:01'), Timestamp('2020-01-28 14:45:01'))
2025-09-26 16:50:37,255 ; PT3S                                                         ; DEBUG   ; dxWithMx._V3_AGSNVEC: ('STAT', 'mlcPVECMIN_INST', Timestamp('2020-01-28 14:45:01'), Timestamp('2020-01-28 14:45:01'))
2025-09-26 16:50:37,255 ; PT3S                                                         ; DEBUG   ; dxWithMx._V3_AGSNVEC: ('STAT', 'barBzgPVECMIN_INST', Timestamp('2020-01-28 14:45:01'), Timestamp('2020-01-28 14:45:01'))
2025-09-26 16:50:37,258 ; PT3S                                                         ; DEBUG   ; dxWithMx._V3_AGSNVEC: ('STAT', 'manPVECMAX_INST', Timestamp('2020-01-28 14:45:01'), Timestamp('2020-01-28 14:45:01'))
2025-09-26 16:50:37,258 ; PT3S                                                         ; DEBUG   ; dxWithMx._V3_AGSNVEC: ('STAT', 'mlcPVECMAX_INST', Timestamp('2020-01-28 14:45:01'), Timestamp('2020-01-28 14:45:01'))
2025-09-26 16:50:37,258 ; PT3S                                                         ; DEBUG   ; dxWithMx._V3_AGSNVEC: ('STAT', 'barBzgPVECMAX_INST', Timestamp('2020-01-28 14:45:01'), Timestamp('2020-01-28 14:45:01'))
2025-09-26 16:50:37,259 ; PT3S                                                         ; DEBUG   ; dxWithMx._V3_AGSNVEC: ('STAT', 'manPVEC', Timestamp('2020-01-28 14:45:01'), Timestamp('2020-01-28 14:45:01'))
2025-09-26 16:50:37,259 ; PT3S                                                         ; DEBUG   ; dxWithMx._V3_AGSNVEC: ('STAT', 'mlcPVEC', Timestamp('2020-01-28 14:45:01'), Timestamp('2020-01-28 14:45:01'))
2025-09-26 16:50:37,259 ; PT3S                                                         ; DEBUG   ; dxWithMx._V3_AGSNVEC: ('STAT', 'barBzgPVEC', Timestamp('2020-01-28 14:45:01'), Timestamp('2020-01-28 14:45:01'))
2025-09-26 16:50:37,259 ; PT3S                                                         ; DEBUG   ; dxWithMx._V3_AGSNVEC: ('STAT', 'QMVEC', Timestamp('2020-01-28 14:45:01'), Timestamp('2020-01-28 14:45:01'))
2025-09-26 16:50:37,259 ; PT3S                                                         ; DEBUG   ; dxWithMx._V3_AGSNVEC: ('STAT', 'tMVEC', Timestamp('2020-01-28 14:45:01'), Timestamp('2020-01-28 14:45:01'))
2025-09-26 16:50:37,260 ; PT3S                                                         ; DEBUG   ; dxWithMx._V3_AGSNVEC: ('TIME', 'manPVECMIN_INST', Timestamp('2020-01-28 14:45:01'), Timestamp('2020-01-28 14:45:01'))
2025-09-26 16:50:37,260 ; PT3S                                                         ; DEBUG   ; dxWithMx._V3_AGSNVEC: ('TIME', 'mlcPVECMIN_INST', Timestamp('2020-01-28 14:45:01'), Timestamp('2020-01-28 14:45:01'))
2025-09-26 16:50:37,260 ; PT3S                                                         ; DEBUG   ; dxWithMx._V3_AGSNVEC: ('TIME', 'barBzgPVECMIN_INST', Timestamp('2020-01-28 14:45:01'), Timestamp('2020-01-28 14:45:01'))
2025-09-26 16:50:37,260 ; PT3S                                                         ; DEBUG   ; dxWithMx._V3_AGSNVEC: ('TIME', 'manPVECMAX_INST', Timestamp('2020-01-28 14:45:01'), Timestamp('2020-01-28 14:45:01'))
2025-09-26 16:50:37,260 ; PT3S                                                         ; DEBUG   ; dxWithMx._V3_AGSNVEC: ('TIME', 'mlcPVECMAX_INST', Timestamp('2020-01-28 14:45:01'), Timestamp('2020-01-28 14:45:01'))
2025-09-26 16:50:37,263 ; PT3S                                                         ; DEBUG   ; dxWithMx._V3_AGSNVEC: ('TIME', 'barBzgPVECMAX_INST', Timestamp('2020-01-28 14:45:01'), Timestamp('2020-01-28 14:45:01'))
2025-09-26 16:50:37,263 ; PT3S                                                         ; DEBUG   ; dxWithMx._V3_AGSNVEC: ('TIME', 'manPVEC', Timestamp('2020-01-28 14:45:01'), Timestamp('2020-01-28 14:45:01'))
2025-09-26 16:50:37,263 ; PT3S                                                         ; DEBUG   ; dxWithMx._V3_AGSNVEC: ('TIME', 'mlcPVEC', Timestamp('2020-01-28 14:45:01'), Timestamp('2020-01-28 14:45:01'))
2025-09-26 16:50:37,263 ; PT3S                                                         ; DEBUG   ; dxWithMx._V3_AGSNVEC: ('TIME', 'barBzgPVEC', Timestamp('2020-01-28 14:45:01'), Timestamp('2020-01-28 14:45:01'))
2025-09-26 16:50:37,263 ; PT3S                                                         ; DEBUG   ; dxWithMx._V3_AGSNVEC: ('TIME', 'QMVEC', Timestamp('2020-01-28 14:45:01'), Timestamp('2020-01-28 14:45:01'))
2025-09-26 16:50:37,263 ; PT3S                                                         ; DEBUG   ; dxWithMx._V3_AGSNVEC: ('TIME', 'tMVEC', Timestamp('2020-01-28 14:45:01'), Timestamp('2020-01-28 14:45:01'))
2025-09-26 16:50:37,263 ; PT3S                                                         ; DEBUG   ; dxWithMx._V3_AGSNVEC: ('TMIN', 'manPVECMIN_INST', Timestamp('2020-01-28 14:45:01'), Timestamp('2020-01-28 14:46:01'))
2025-09-26 16:50:37,263 ; PT3S                                                         ; DEBUG   ; dxWithMx._V3_AGSNVEC: ('TMIN', 'mlcPVECMIN_INST', Timestamp('2020-01-28 14:45:01'), Timestamp('2020-01-28 14:46:01'))
2025-09-26 16:50:37,263 ; PT3S                                                         ; DEBUG   ; dxWithMx._V3_AGSNVEC: ('TMIN', 'barBzgPVECMIN_INST', Timestamp('2020-01-28 14:45:01'), Timestamp('2020-01-28 14:46:01'))
2025-09-26 16:50:37,263 ; PT3S                                                         ; DEBUG   ; dxWithMx._V3_AGSNVEC: ('TMIN', 'manPVECMAX_INST', Timestamp('2020-01-28 14:45:01'), Timestamp('2020-01-28 14:46:01'))
2025-09-26 16:50:37,263 ; PT3S                                                         ; DEBUG   ; dxWithMx._V3_AGSNVEC: ('TMIN', 'mlcPVECMAX_INST', Timestamp('2020-01-28 14:45:01'), Timestamp('2020-01-28 14:46:01'))
2025-09-26 16:50:37,263 ; PT3S                                                         ; DEBUG   ; dxWithMx._V3_AGSNVEC: ('TMIN', 'barBzgPVECMAX_INST', Timestamp('2020-01-28 14:45:01'), Timestamp('2020-01-28 14:46:01'))
2025-09-26 16:50:37,263 ; PT3S                                                         ; DEBUG   ; dxWithMx._V3_AGSNVEC: ('TMIN', 'manPVEC', Timestamp('2020-01-28 14:45:01'), Timestamp('2020-01-28 14:46:01'))
2025-09-26 16:50:37,263 ; PT3S                                                         ; DEBUG   ; dxWithMx._V3_AGSNVEC: ('TMIN', 'mlcPVEC', Timestamp('2020-01-28 14:45:01'), Timestamp('2020-01-28 14:46:01'))
2025-09-26 16:50:37,263 ; PT3S                                                         ; DEBUG   ; dxWithMx._V3_AGSNVEC: ('TMIN', 'barBzgPVEC', Timestamp('2020-01-28 14:45:01'), Timestamp('2020-01-28 14:46:01'))
2025-09-26 16:50:37,263 ; PT3S                                                         ; DEBUG   ; dxWithMx._V3_AGSNVEC: ('TMIN', 'QMVEC', Timestamp('2020-01-28 14:45:01'), Timestamp('2020-01-28 14:46:01'))
2025-09-26 16:50:37,263 ; PT3S                                                         ; DEBUG   ; dxWithMx._V3_AGSNVEC: ('TMIN', 'tMVEC', Timestamp('2020-01-28 14:45:01'), Timestamp('2020-01-28 14:46:01'))
2025-09-26 16:50:37,263 ; PT3S                                                         ; DEBUG   ; dxWithMx._V3_AGSNVEC: ('TMAX', 'manPVECMIN_INST', Timestamp('2020-01-28 14:45:01'), Timestamp('2020-01-28 14:46:01'))
2025-09-26 16:50:37,263 ; PT3S                                                         ; DEBUG   ; dxWithMx._V3_AGSNVEC: ('TMAX', 'mlcPVECMIN_INST', Timestamp('2020-01-28 14:45:01'), Timestamp('2020-01-28 14:46:01'))
2025-09-26 16:50:37,263 ; PT3S                                                         ; DEBUG   ; dxWithMx._V3_AGSNVEC: ('TMAX', 'barBzgPVECMIN_INST', Timestamp('2020-01-28 14:45:01'), Timestamp('2020-01-28 14:46:01'))
2025-09-26 16:50:37,263 ; PT3S                                                         ; DEBUG   ; dxWithMx._V3_AGSNVEC: ('TMAX', 'manPVECMAX_INST', Timestamp('2020-01-28 14:45:01'), Timestamp('2020-01-28 14:46:01'))
2025-09-26 16:50:37,263 ; PT3S                                                         ; DEBUG   ; dxWithMx._V3_AGSNVEC: ('TMAX', 'mlcPVECMAX_INST', Timestamp('2020-01-28 14:45:01'), Timestamp('2020-01-28 14:46:01'))
2025-09-26 16:50:37,263 ; PT3S                                                         ; DEBUG   ; dxWithMx._V3_AGSNVEC: ('TMAX', 'barBzgPVECMAX_INST', Timestamp('2020-01-28 14:45:01'), Timestamp('2020-01-28 14:46:01'))
2025-09-26 16:50:37,263 ; PT3S                                                         ; DEBUG   ; dxWithMx._V3_AGSNVEC: ('TMAX', 'manPVEC', Timestamp('2020-01-28 14:45:01'), Timestamp('2020-01-28 14:46:01'))
2025-09-26 16:50:37,263 ; PT3S                                                         ; DEBUG   ; dxWithMx._V3_AGSNVEC: ('TMAX', 'mlcPVEC', Timestamp('2020-01-28 14:45:01'), Timestamp('2020-01-28 14:46:01'))
2025-09-26 16:50:37,263 ; PT3S                                                         ; DEBUG   ; dxWithMx._V3_AGSNVEC: ('TMAX', 'barBzgPVEC', Timestamp('2020-01-28 14:45:01'), Timestamp('2020-01-28 14:46:01'))
2025-09-26 16:50:37,263 ; PT3S                                                         ; DEBUG   ; dxWithMx._V3_AGSNVEC: ('TMAX', 'QMVEC', Timestamp('2020-01-28 14:45:01'), Timestamp('2020-01-28 14:46:01'))
2025-09-26 16:50:37,263 ; PT3S                                                         ; DEBUG   ; dxWithMx._V3_AGSNVEC: ('TMAX', 'tMVEC', Timestamp('2020-01-28 14:45:01'), Timestamp('2020-01-28 14:46:01'))
2025-09-26 16:50:37,263 ; PT3S                                                         ; DEBUG   ; dxWithMx._V3_AGSNVEC: str-cols:
2025-09-26 16:50:37,263 ; PT3S                                                         ; DEBUG   ; dxWithMx._V3_AGSNVEC: Pos
2025-09-26 16:50:37,263 ; PT3S                                                         ; DEBUG   ; dxWithMx._V3_AGSNVEC: pk
2025-09-26 16:50:37,263 ; PT3S                                                         ; DEBUG   ; dxWithMx._V3_AGSNVEC: tk
2025-09-26 16:50:37,263 ; PT3S                                                         ; DEBUG   ; dxWithMx._V3_AGSNVEC: LFDNR
2025-09-26 16:50:37,263 ; PT3S                                                         ; DEBUG   ; dxWithMx._V3_AGSNVEC: NAME
2025-09-26 16:50:37,263 ; PT3S                                                         ; DEBUG   ; dxWithMx._V3_AGSNVEC: XL
2025-09-26 16:50:37,263 ; PT3S                                                         ; DEBUG   ; dxWithMx._V3_AGSNVEC: compNr
2025-09-26 16:50:37,263 ; PT3S                                                         ; DEBUG   ; dxWithMx._V3_AGSNVEC: nextNODE
2025-09-26 16:50:37,263 ; PT3S                                                         ; DEBUG   ; dxWithMx._V3_AGSNVEC: OBJTYPE
2025-09-26 16:50:37,263 ; PT3S                                                         ; DEBUG   ; dxWithMx._V3_AGSNVEC: OBJID
2025-09-26 16:50:37,263 ; PT3S                                                         ; DEBUG   ; dxWithMx._V3_AGSNVEC: L
2025-09-26 16:50:37,263 ; PT3S                                                         ; DEBUG   ; dxWithMx._V3_AGSNVEC: DN
2025-09-26 16:50:37,263 ; PT3S                                                         ; DEBUG   ; dxWithMx._V3_AGSNVEC: Am2
2025-09-26 16:50:37,263 ; PT3S                                                         ; DEBUG   ; dxWithMx._V3_AGSNVEC: Vm3
2025-09-26 16:50:37,263 ; PT3S                                                         ; DEBUG   ; dxWithMx._V3_AGSNVEC: NAME_CONT
2025-09-26 16:50:37,263 ; PT3S                                                         ; DEBUG   ; dxWithMx._V3_AGSNVEC: NAME_i
2025-09-26 16:50:37,263 ; PT3S                                                         ; DEBUG   ; dxWithMx._V3_AGSNVEC: NAME_k
2025-09-26 16:50:37,263 ; PT3S                                                         ; DEBUG   ; dxWithMx._V3_AGSNVEC: ZKOR_n
2025-09-26 16:50:37,263 ; PT3S                                                         ; DEBUG   ; dxWithMx._V3_AGSNVEC: BESCHREIBUNG_n
2025-09-26 16:50:37,263 ; PT3S                                                         ; DEBUG   ; dxWithMx._V3_AGSNVEC: KVR_n
2025-09-26 16:50:37,263 ; PT3S                                                         ; DEBUG   ; dxWithMx._V3_AGSNVEC: LSum
2025-09-26 16:50:37,263 ; PT3S                                                         ; DEBUG   ; dxWithMx._V3_AGSNVEC: direction
2025-09-26 16:50:37,263 ; PT3S                                                         ; DEBUG   ; dxWithMx._V3_AGSNVEC: ('STAT', 'QM', Timestamp('2020-01-28 14:45:01'), Timestamp('2020-01-28 14:45:01'))
2025-09-26 16:50:37,263 ; PT3S                                                         ; DEBUG   ; dxWithMx._V3_AGSNVEC: ('TIME', 'QM', Timestamp('2020-01-28 14:45:01'), Timestamp('2020-01-28 14:45:01'))
2025-09-26 16:50:37,263 ; PT3S                                                         ; DEBUG   ; dxWithMx._V3_AGSNVEC: ('TMIN', 'QM', Timestamp('2020-01-28 14:45:01'), Timestamp('2020-01-28 14:46:01'))
2025-09-26 16:50:37,263 ; PT3S                                                         ; DEBUG   ; dxWithMx._V3_AGSNVEC: ('TMAX', 'QM', Timestamp('2020-01-28 14:45:01'), Timestamp('2020-01-28 14:46:01'))
2025-09-26 16:50:37,263 ; PT3S                                                         ; DEBUG   ; dxWithMx._V3_AGSNVEC: QM
2025-09-26 16:50:37,263 ; PT3S                                                         ; DEBUG   ; dxWithMx._V3_AGSNVEC: ('STAT', 'KNOT~*~*~*~PH', Timestamp('2020-01-28 14:45:01'), Timestamp('2020-01-28 14:45:01'))_n
2025-09-26 16:50:37,263 ; PT3S                                                         ; DEBUG   ; dxWithMx._V3_AGSNVEC: ('TIME', 'KNOT~*~*~*~PH', Timestamp('2020-01-28 14:45:01'), Timestamp('2020-01-28 14:45:01'))_n
2025-09-26 16:50:37,263 ; PT3S                                                         ; DEBUG   ; dxWithMx._V3_AGSNVEC: ('TMIN', 'KNOT~*~*~*~PH', Timestamp('2020-01-28 14:45:01'), Timestamp('2020-01-28 14:46:01'))_n
2025-09-26 16:50:37,263 ; PT3S                                                         ; DEBUG   ; dxWithMx._V3_AGSNVEC: ('TMAX', 'KNOT~*~*~*~PH', Timestamp('2020-01-28 14:45:01'), Timestamp('2020-01-28 14:46:01'))_n
2025-09-26 16:50:37,263 ; PT3S                                                         ; DEBUG   ; dxWithMx._V3_AGSNVEC: ('STAT', 'KNOT~*~*~*~H', Timestamp('2020-01-28 14:45:01'), Timestamp('2020-01-28 14:45:01'))_n
2025-09-26 16:50:37,263 ; PT3S                                                         ; DEBUG   ; dxWithMx._V3_AGSNVEC: ('TIME', 'KNOT~*~*~*~H', Timestamp('2020-01-28 14:45:01'), Timestamp('2020-01-28 14:45:01'))_n
2025-09-26 16:50:37,263 ; PT3S                                                         ; DEBUG   ; dxWithMx._V3_AGSNVEC: ('TMIN', 'KNOT~*~*~*~H', Timestamp('2020-01-28 14:45:01'), Timestamp('2020-01-28 14:46:01'))_n
2025-09-26 16:50:37,263 ; PT3S                                                         ; DEBUG   ; dxWithMx._V3_AGSNVEC: ('TMAX', 'KNOT~*~*~*~H', Timestamp('2020-01-28 14:45:01'), Timestamp('2020-01-28 14:46:01'))_n
2025-09-26 16:50:37,263 ; PT3S                                                         ; DEBUG   ; dxWithMx._V3_AGSNVEC: ('STAT', 'KNOT~*~*~*~T', Timestamp('2020-01-28 14:45:01'), Timestamp('2020-01-28 14:45:01'))_n
2025-09-26 16:50:37,263 ; PT3S                                                         ; DEBUG   ; dxWithMx._V3_AGSNVEC: ('TIME', 'KNOT~*~*~*~T', Timestamp('2020-01-28 14:45:01'), Timestamp('2020-01-28 14:45:01'))_n
2025-09-26 16:50:37,263 ; PT3S                                                         ; DEBUG   ; dxWithMx._V3_AGSNVEC: ('TMIN', 'KNOT~*~*~*~T', Timestamp('2020-01-28 14:45:01'), Timestamp('2020-01-28 14:46:01'))_n
2025-09-26 16:50:37,263 ; PT3S                                                         ; DEBUG   ; dxWithMx._V3_AGSNVEC: ('TMAX', 'KNOT~*~*~*~T', Timestamp('2020-01-28 14:45:01'), Timestamp('2020-01-28 14:46:01'))_n
2025-09-26 16:50:37,263 ; PT3S                                                         ; DEBUG   ; dxWithMx._V3_AGSNVEC: ('STAT', 'KNOT~*~*~*~RHO', Timestamp('2020-01-28 14:45:01'), Timestamp('2020-01-28 14:45:01'))_n
2025-09-26 16:50:37,263 ; PT3S                                                         ; DEBUG   ; dxWithMx._V3_AGSNVEC: ('TIME', 'KNOT~*~*~*~RHO', Timestamp('2020-01-28 14:45:01'), Timestamp('2020-01-28 14:45:01'))_n
2025-09-26 16:50:37,263 ; PT3S                                                         ; DEBUG   ; dxWithMx._V3_AGSNVEC: ('TMIN', 'KNOT~*~*~*~RHO', Timestamp('2020-01-28 14:45:01'), Timestamp('2020-01-28 14:46:01'))_n
2025-09-26 16:50:37,263 ; PT3S                                                         ; DEBUG   ; dxWithMx._V3_AGSNVEC: ('TMAX', 'KNOT~*~*~*~RHO', Timestamp('2020-01-28 14:45:01'), Timestamp('2020-01-28 14:46:01'))_n
2025-09-26 16:50:37,263 ; PT3S                                                         ; DEBUG   ; dxWithMx._V3_AGSNVEC: PH_n
2025-09-26 16:50:37,263 ; PT3S                                                         ; DEBUG   ; dxWithMx._V3_AGSNVEC: T_n
2025-09-26 16:50:37,263 ; PT3S                                                         ; DEBUG   ; dxWithMx._V3_AGSNVEC: H_n
2025-09-26 16:50:37,276 ; PT3S                                                         ; DEBUG   ; dxWithMx._V3_AGSNVEC: RHO_n
2025-09-26 16:50:37,276 ; PT3S                                                         ; DEBUG   ; dxWithMx._V3_AGSNVEC: mlc_n
2025-09-26 16:50:37,277 ; PT3S                                                         ; DEBUG   ; dxWithMx._V3_AGSNVEC: ('STAT', 'mlc', Timestamp('2020-01-28 14:45:01'), Timestamp('2020-01-28 14:45:01'))_n
2025-09-26 16:50:37,277 ; PT3S                                                         ; DEBUG   ; dxWithMx._V3_AGSNVEC: ('TIME', 'mlc', Timestamp('2020-01-28 14:45:01'), Timestamp('2020-01-28 14:45:01'))_n
2025-09-26 16:50:37,277 ; PT3S                                                         ; DEBUG   ; dxWithMx._V3_AGSNVEC: ('TMIN', 'mlc', Timestamp('2020-01-28 14:45:01'), Timestamp('2020-01-28 14:46:01'))_n
2025-09-26 16:50:37,277 ; PT3S                                                         ; DEBUG   ; dxWithMx._V3_AGSNVEC: ('TMAX', 'mlc', Timestamp('2020-01-28 14:45:01'), Timestamp('2020-01-28 14:46:01'))_n
2025-09-26 16:50:37,277 ; PT3S                                                         ; DEBUG   ; dxWithMx._V3_AGSNVEC: pk_ROHRVEC
2025-09-26 16:50:37,277 ; PT3S                                                         ; DEBUG   ; dxWithMx._V3_AGSNVEC: fkDE
2025-09-26 16:50:37,277 ; PT3S                                                         ; DEBUG   ; dxWithMx._V3_AGSNVEC: rk
2025-09-26 16:50:37,277 ; PT3S                                                         ; DEBUG   ; dxWithMx._V3_AGSNVEC: tk_ROHRVEC
2025-09-26 16:50:37,277 ; PT3S                                                         ; DEBUG   ; dxWithMx._V3_AGSNVEC: fkKI
2025-09-26 16:50:37,277 ; PT3S                                                         ; DEBUG   ; dxWithMx._V3_AGSNVEC: fkKK
2025-09-26 16:50:37,277 ; PT3S                                                         ; DEBUG   ; dxWithMx._V3_AGSNVEC: fkDTRO_ROWD
2025-09-26 16:50:37,277 ; PT3S                                                         ; DEBUG   ; dxWithMx._V3_AGSNVEC: fkLTGR
2025-09-26 16:50:37,277 ; PT3S                                                         ; DEBUG   ; dxWithMx._V3_AGSNVEC: fkSTRASSE
2025-09-26 16:50:37,280 ; PT3S                                                         ; DEBUG   ; dxWithMx._V3_AGSNVEC: L_ROHRVEC
2025-09-26 16:50:37,280 ; PT3S                                                         ; DEBUG   ; dxWithMx._V3_AGSNVEC: LZU
2025-09-26 16:50:37,280 ; PT3S                                                         ; DEBUG   ; dxWithMx._V3_AGSNVEC: RAU
2025-09-26 16:50:37,280 ; PT3S                                                         ; DEBUG   ; dxWithMx._V3_AGSNVEC: JLAMBS
2025-09-26 16:50:37,280 ; PT3S                                                         ; DEBUG   ; dxWithMx._V3_AGSNVEC: LAMBDA0
2025-09-26 16:50:37,280 ; PT3S                                                         ; DEBUG   ; dxWithMx._V3_AGSNVEC: ZEIN
2025-09-26 16:50:37,280 ; PT3S                                                         ; DEBUG   ; dxWithMx._V3_AGSNVEC: ZAUS
2025-09-26 16:50:37,280 ; PT3S                                                         ; DEBUG   ; dxWithMx._V3_AGSNVEC: ZUML
2025-09-26 16:50:37,280 ; PT3S                                                         ; DEBUG   ; dxWithMx._V3_AGSNVEC: ASOLL
2025-09-26 16:50:37,280 ; PT3S                                                         ; DEBUG   ; dxWithMx._V3_AGSNVEC: INDSCHALL
2025-09-26 16:50:37,280 ; PT3S                                                         ; DEBUG   ; dxWithMx._V3_AGSNVEC: BAUJAHR
2025-09-26 16:50:37,280 ; PT3S                                                         ; DEBUG   ; dxWithMx._V3_AGSNVEC: HAL
2025-09-26 16:50:37,280 ; PT3S                                                         ; DEBUG   ; dxWithMx._V3_AGSNVEC: fkCONT
2025-09-26 16:50:37,282 ; PT3S                                                         ; DEBUG   ; dxWithMx._V3_AGSNVEC: fk2LROHR
2025-09-26 16:50:37,282 ; PT3S                                                         ; DEBUG   ; dxWithMx._V3_AGSNVEC: BESCHREIBUNG
2025-09-26 16:50:37,282 ; PT3S                                                         ; DEBUG   ; dxWithMx._V3_AGSNVEC: GEOMWKB
2025-09-26 16:50:37,283 ; PT3S                                                         ; DEBUG   ; dxWithMx._V3_AGSNVEC: DELETED
2025-09-26 16:50:37,283 ; PT3S                                                         ; DEBUG   ; dxWithMx._V3_AGSNVEC: SELECT1
2025-09-26 16:50:37,283 ; PT3S                                                         ; DEBUG   ; dxWithMx._V3_AGSNVEC: IDREFERENZ
2025-09-26 16:50:37,283 ; PT3S                                                         ; DEBUG   ; dxWithMx._V3_AGSNVEC: KENNUNG
2025-09-26 16:50:37,283 ; PT3S                                                         ; DEBUG   ; dxWithMx._V3_AGSNVEC: IPLANUNG
2025-09-26 16:50:37,283 ; PT3S                                                         ; DEBUG   ; dxWithMx._V3_AGSNVEC: KVR
2025-09-26 16:50:37,283 ; PT3S                                                         ; DEBUG   ; dxWithMx._V3_AGSNVEC: GEOMFIX
2025-09-26 16:50:37,283 ; PT3S                                                         ; DEBUG   ; dxWithMx._V3_AGSNVEC: UPRP
2025-09-26 16:50:37,283 ; PT3S                                                         ; DEBUG   ; dxWithMx._V3_AGSNVEC: pk_BZ
2025-09-26 16:50:37,283 ; PT3S                                                         ; DEBUG   ; dxWithMx._V3_AGSNVEC: fkDE_BZ
2025-09-26 16:50:37,283 ; PT3S                                                         ; DEBUG   ; dxWithMx._V3_AGSNVEC: fk
2025-09-26 16:50:37,283 ; PT3S                                                         ; DEBUG   ; dxWithMx._V3_AGSNVEC: QSVB
2025-09-26 16:50:37,283 ; PT3S                                                         ; DEBUG   ; dxWithMx._V3_AGSNVEC: IRTRENN
2025-09-26 16:50:37,283 ; PT3S                                                         ; DEBUG   ; dxWithMx._V3_AGSNVEC: LECKSTATUS
2025-09-26 16:50:37,283 ; PT3S                                                         ; DEBUG   ; dxWithMx._V3_AGSNVEC: LECKSTART
2025-09-26 16:50:37,283 ; PT3S                                                         ; DEBUG   ; dxWithMx._V3_AGSNVEC: LECKEND
2025-09-26 16:50:37,283 ; PT3S                                                         ; DEBUG   ; dxWithMx._V3_AGSNVEC: LECKORT
2025-09-26 16:50:37,283 ; PT3S                                                         ; DEBUG   ; dxWithMx._V3_AGSNVEC: LECKMENGE
2025-09-26 16:50:37,283 ; PT3S                                                         ; DEBUG   ; dxWithMx._V3_AGSNVEC: IMPTNZ
2025-09-26 16:50:37,283 ; PT3S                                                         ; DEBUG   ; dxWithMx._V3_AGSNVEC: ZVLIMPTNZ
2025-09-26 16:50:37,283 ; PT3S                                                         ; DEBUG   ; dxWithMx._V3_AGSNVEC: KANTENZV
2025-09-26 16:50:37,283 ; PT3S                                                         ; DEBUG   ; dxWithMx._V3_AGSNVEC: GEOM
2025-09-26 16:50:37,283 ; PT3S                                                         ; DEBUG   ; dxWithMx._V3_AGSNVEC: GRAF
2025-09-26 16:50:37,283 ; PT3S                                                         ; DEBUG   ; dxWithMx._V3_AGSNVEC: MId
2025-09-26 16:50:37,283 ; PT3S                                                         ; DEBUG   ; dxWithMx._V3_AGSNVEC: MText
2025-09-26 16:50:37,283 ; PT3S                                                         ; DEBUG   ; dxWithMx._V3_AGSNVEC: Basis
2025-09-26 16:50:37,283 ; PT3S                                                         ; DEBUG   ; dxWithMx._V3_AGSNVEC: Variante
2025-09-26 16:50:37,283 ; PT3S                                                         ; DEBUG   ; dxWithMx._V3_AGSNVEC: BZ
2025-09-26 16:50:37,283 ; PT3S                                                         ; DEBUG   ; dxWithMx._V3_AGSNVEC: Geaendert
2025-09-26 16:50:37,283 ; PT3S                                                         ; DEBUG   ; dxWithMx._V3_AGSNVEC: Erstellt
2025-09-26 16:50:37,283 ; PT3S                                                         ; DEBUG   ; dxWithMx._V3_AGSNVEC: pk_VMBZ
2025-09-26 16:50:37,283 ; PT3S                                                         ; DEBUG   ; dxWithMx._V3_AGSNVEC: fkBASIS
2025-09-26 16:50:37,283 ; PT3S                                                         ; DEBUG   ; dxWithMx._V3_AGSNVEC: fkVARIANTE
2025-09-26 16:50:37,283 ; PT3S                                                         ; DEBUG   ; dxWithMx._V3_AGSNVEC: fkBZ
2025-09-26 16:50:37,283 ; PT3S                                                         ; DEBUG   ; dxWithMx._V3_AGSNVEC: MZ
2025-09-26 16:50:37,283 ; PT3S                                                         ; DEBUG   ; dxWithMx._V3_AGSNVEC: MT
2025-09-26 16:50:37,283 ; PT3S                                                         ; DEBUG   ; dxWithMx._V3_AGSNVEC: pk_CONT
2025-09-26 16:50:37,283 ; PT3S                                                         ; DEBUG   ; dxWithMx._V3_AGSNVEC: fkDE_CONT
2025-09-26 16:50:37,283 ; PT3S                                                         ; DEBUG   ; dxWithMx._V3_AGSNVEC: rk_CONT
2025-09-26 16:50:37,289 ; PT3S                                                         ; DEBUG   ; dxWithMx._V3_AGSNVEC: tk_CONT
2025-09-26 16:50:37,289 ; PT3S                                                         ; DEBUG   ; dxWithMx._V3_AGSNVEC: ID_CONT
2025-09-26 16:50:37,289 ; PT3S                                                         ; DEBUG   ; dxWithMx._V3_AGSNVEC: NAME_CONT_ROHRVEC
2025-09-26 16:50:37,289 ; PT3S                                                         ; DEBUG   ; dxWithMx._V3_AGSNVEC: IDPARENT_CONT
2025-09-26 16:50:37,289 ; PT3S                                                         ; DEBUG   ; dxWithMx._V3_AGSNVEC: rkPARENT_CONT
2025-09-26 16:50:37,289 ; PT3S                                                         ; DEBUG   ; dxWithMx._V3_AGSNVEC: LFDNR_CONT
2025-09-26 16:50:37,289 ; PT3S                                                         ; DEBUG   ; dxWithMx._V3_AGSNVEC: FONT_CONT
2025-09-26 16:50:37,289 ; PT3S                                                         ; DEBUG   ; dxWithMx._V3_AGSNVEC: DELETED_CONT
2025-09-26 16:50:37,289 ; PT3S                                                         ; DEBUG   ; dxWithMx._V3_AGSNVEC: SELECT1_CONT
2025-09-26 16:50:37,289 ; PT3S                                                         ; DEBUG   ; dxWithMx._V3_AGSNVEC: IDREFERENZ_CONT
2025-09-26 16:50:37,289 ; PT3S                                                         ; DEBUG   ; dxWithMx._V3_AGSNVEC: GEOMWKB_CONT
2025-09-26 16:50:37,289 ; PT3S                                                         ; DEBUG   ; dxWithMx._V3_AGSNVEC: GEOMFIX_CONT
2025-09-26 16:50:37,289 ; PT3S                                                         ; DEBUG   ; dxWithMx._V3_AGSNVEC: UPRP_CONT
2025-09-26 16:50:37,289 ; PT3S                                                         ; DEBUG   ; dxWithMx._V3_AGSNVEC: NAME_DTRO
2025-09-26 16:50:37,289 ; PT3S                                                         ; DEBUG   ; dxWithMx._V3_AGSNVEC: DN_ROHRVEC
2025-09-26 16:50:37,289 ; PT3S                                                         ; DEBUG   ; dxWithMx._V3_AGSNVEC: DI
2025-09-26 16:50:37,292 ; PT3S                                                         ; DEBUG   ; dxWithMx._V3_AGSNVEC: DA
2025-09-26 16:50:37,292 ; PT3S                                                         ; DEBUG   ; dxWithMx._V3_AGSNVEC: S
2025-09-26 16:50:37,292 ; PT3S                                                         ; DEBUG   ; dxWithMx._V3_AGSNVEC: KT
2025-09-26 16:50:37,292 ; PT3S                                                         ; DEBUG   ; dxWithMx._V3_AGSNVEC: PN
2025-09-26 16:50:37,292 ; PT3S                                                         ; DEBUG   ; dxWithMx._V3_AGSNVEC: Am2_ROHRVEC
2025-09-26 16:50:37,292 ; PT3S                                                         ; DEBUG   ; dxWithMx._V3_AGSNVEC: Vm3_ROHRVEC
2025-09-26 16:50:37,292 ; PT3S                                                         ; DEBUG   ; dxWithMx._V3_AGSNVEC: NAME_LTGR
2025-09-26 16:50:37,292 ; PT3S                                                         ; DEBUG   ; dxWithMx._V3_AGSNVEC: NAME_STRASSE
2025-09-26 16:50:37,292 ; PT3S                                                         ; DEBUG   ; dxWithMx._V3_AGSNVEC: tk_i
2025-09-26 16:50:37,292 ; PT3S                                                         ; DEBUG   ; dxWithMx._V3_AGSNVEC: NAME_i_ROHRVEC
2025-09-26 16:50:37,292 ; PT3S                                                         ; DEBUG   ; dxWithMx._V3_AGSNVEC: tk_k
2025-09-26 16:50:37,292 ; PT3S                                                         ; DEBUG   ; dxWithMx._V3_AGSNVEC: NAME_k_ROHRVEC
2025-09-26 16:50:37,292 ; PT3S                                                         ; DEBUG   ; dxWithMx._V3_AGSNVEC: mx2NofPts
2025-09-26 16:50:37,292 ; PT3S                                                         ; DEBUG   ; dxWithMx._V3_AGSNVEC: dL
2025-09-26 16:50:37,292 ; PT3S                                                         ; DEBUG   ; dxWithMx._V3_AGSNVEC: mx2Idx
2025-09-26 16:50:37,292 ; PT3S                                                         ; DEBUG   ; dxWithMx._V3_AGSNVEC: ('STAT', 'KNOT~*~*~*~PH', Timestamp('2020-01-28 14:45:01'), Timestamp('2020-01-28 14:45:01'))_i
2025-09-26 16:50:37,292 ; PT3S                                                         ; DEBUG   ; dxWithMx._V3_AGSNVEC: ('TIME', 'KNOT~*~*~*~PH', Timestamp('2020-01-28 14:45:01'), Timestamp('2020-01-28 14:45:01'))_i
2025-09-26 16:50:37,292 ; PT3S                                                         ; DEBUG   ; dxWithMx._V3_AGSNVEC: ('TMIN', 'KNOT~*~*~*~PH', Timestamp('2020-01-28 14:45:01'), Timestamp('2020-01-28 14:46:01'))_i
2025-09-26 16:50:37,292 ; PT3S                                                         ; DEBUG   ; dxWithMx._V3_AGSNVEC: ('TMAX', 'KNOT~*~*~*~PH', Timestamp('2020-01-28 14:45:01'), Timestamp('2020-01-28 14:46:01'))_i
2025-09-26 16:50:37,292 ; PT3S                                                         ; DEBUG   ; dxWithMx._V3_AGSNVEC: ('STAT', 'KNOT~*~*~*~H', Timestamp('2020-01-28 14:45:01'), Timestamp('2020-01-28 14:45:01'))_i
2025-09-26 16:50:37,292 ; PT3S                                                         ; DEBUG   ; dxWithMx._V3_AGSNVEC: ('TIME', 'KNOT~*~*~*~H', Timestamp('2020-01-28 14:45:01'), Timestamp('2020-01-28 14:45:01'))_i
2025-09-26 16:50:37,292 ; PT3S                                                         ; DEBUG   ; dxWithMx._V3_AGSNVEC: ('TMIN', 'KNOT~*~*~*~H', Timestamp('2020-01-28 14:45:01'), Timestamp('2020-01-28 14:46:01'))_i
2025-09-26 16:50:37,292 ; PT3S                                                         ; DEBUG   ; dxWithMx._V3_AGSNVEC: ('TMAX', 'KNOT~*~*~*~H', Timestamp('2020-01-28 14:45:01'), Timestamp('2020-01-28 14:46:01'))_i
2025-09-26 16:50:37,292 ; PT3S                                                         ; DEBUG   ; dxWithMx._V3_AGSNVEC: ('STAT', 'KNOT~*~*~*~T', Timestamp('2020-01-28 14:45:01'), Timestamp('2020-01-28 14:45:01'))_i
2025-09-26 16:50:37,292 ; PT3S                                                         ; DEBUG   ; dxWithMx._V3_AGSNVEC: ('TIME', 'KNOT~*~*~*~T', Timestamp('2020-01-28 14:45:01'), Timestamp('2020-01-28 14:45:01'))_i
2025-09-26 16:50:37,292 ; PT3S                                                         ; DEBUG   ; dxWithMx._V3_AGSNVEC: ('TMIN', 'KNOT~*~*~*~T', Timestamp('2020-01-28 14:45:01'), Timestamp('2020-01-28 14:46:01'))_i
2025-09-26 16:50:37,292 ; PT3S                                                         ; DEBUG   ; dxWithMx._V3_AGSNVEC: ('TMAX', 'KNOT~*~*~*~T', Timestamp('2020-01-28 14:45:01'), Timestamp('2020-01-28 14:46:01'))_i
2025-09-26 16:50:37,292 ; PT3S                                                         ; DEBUG   ; dxWithMx._V3_AGSNVEC: ('STAT', 'KNOT~*~*~*~RHO', Timestamp('2020-01-28 14:45:01'), Timestamp('2020-01-28 14:45:01'))_i
2025-09-26 16:50:37,292 ; PT3S                                                         ; DEBUG   ; dxWithMx._V3_AGSNVEC: ('TIME', 'KNOT~*~*~*~RHO', Timestamp('2020-01-28 14:45:01'), Timestamp('2020-01-28 14:45:01'))_i
2025-09-26 16:50:37,292 ; PT3S                                                         ; DEBUG   ; dxWithMx._V3_AGSNVEC: ('TMIN', 'KNOT~*~*~*~RHO', Timestamp('2020-01-28 14:45:01'), Timestamp('2020-01-28 14:46:01'))_i
2025-09-26 16:50:37,292 ; PT3S                                                         ; DEBUG   ; dxWithMx._V3_AGSNVEC: ('TMAX', 'KNOT~*~*~*~RHO', Timestamp('2020-01-28 14:45:01'), Timestamp('2020-01-28 14:46:01'))_i
2025-09-26 16:50:37,292 ; PT3S                                                         ; DEBUG   ; dxWithMx._V3_AGSNVEC: ('STAT', 'KNOT~*~*~*~PH', Timestamp('2020-01-28 14:45:01'), Timestamp('2020-01-28 14:45:01'))_k
2025-09-26 16:50:37,292 ; PT3S                                                         ; DEBUG   ; dxWithMx._V3_AGSNVEC: ('TIME', 'KNOT~*~*~*~PH', Timestamp('2020-01-28 14:45:01'), Timestamp('2020-01-28 14:45:01'))_k
2025-09-26 16:50:37,292 ; PT3S                                                         ; DEBUG   ; dxWithMx._V3_AGSNVEC: ('TMIN', 'KNOT~*~*~*~PH', Timestamp('2020-01-28 14:45:01'), Timestamp('2020-01-28 14:46:01'))_k
2025-09-26 16:50:37,292 ; PT3S                                                         ; DEBUG   ; dxWithMx._V3_AGSNVEC: ('TMAX', 'KNOT~*~*~*~PH', Timestamp('2020-01-28 14:45:01'), Timestamp('2020-01-28 14:46:01'))_k
2025-09-26 16:50:37,292 ; PT3S                                                         ; DEBUG   ; dxWithMx._V3_AGSNVEC: ('STAT', 'KNOT~*~*~*~H', Timestamp('2020-01-28 14:45:01'), Timestamp('2020-01-28 14:45:01'))_k
2025-09-26 16:50:37,292 ; PT3S                                                         ; DEBUG   ; dxWithMx._V3_AGSNVEC: ('TIME', 'KNOT~*~*~*~H', Timestamp('2020-01-28 14:45:01'), Timestamp('2020-01-28 14:45:01'))_k
2025-09-26 16:50:37,292 ; PT3S                                                         ; DEBUG   ; dxWithMx._V3_AGSNVEC: ('TMIN', 'KNOT~*~*~*~H', Timestamp('2020-01-28 14:45:01'), Timestamp('2020-01-28 14:46:01'))_k
2025-09-26 16:50:37,292 ; PT3S                                                         ; DEBUG   ; dxWithMx._V3_AGSNVEC: ('TMAX', 'KNOT~*~*~*~H', Timestamp('2020-01-28 14:45:01'), Timestamp('2020-01-28 14:46:01'))_k
2025-09-26 16:50:37,292 ; PT3S                                                         ; DEBUG   ; dxWithMx._V3_AGSNVEC: ('STAT', 'KNOT~*~*~*~T', Timestamp('2020-01-28 14:45:01'), Timestamp('2020-01-28 14:45:01'))_k
2025-09-26 16:50:37,292 ; PT3S                                                         ; DEBUG   ; dxWithMx._V3_AGSNVEC: ('TIME', 'KNOT~*~*~*~T', Timestamp('2020-01-28 14:45:01'), Timestamp('2020-01-28 14:45:01'))_k
2025-09-26 16:50:37,292 ; PT3S                                                         ; DEBUG   ; dxWithMx._V3_AGSNVEC: ('TMIN', 'KNOT~*~*~*~T', Timestamp('2020-01-28 14:45:01'), Timestamp('2020-01-28 14:46:01'))_k
2025-09-26 16:50:37,292 ; PT3S                                                         ; DEBUG   ; dxWithMx._V3_AGSNVEC: ('TMAX', 'KNOT~*~*~*~T', Timestamp('2020-01-28 14:45:01'), Timestamp('2020-01-28 14:46:01'))_k
2025-09-26 16:50:37,292 ; PT3S                                                         ; DEBUG   ; dxWithMx._V3_AGSNVEC: ('STAT', 'KNOT~*~*~*~RHO', Timestamp('2020-01-28 14:45:01'), Timestamp('2020-01-28 14:45:01'))_k
2025-09-26 16:50:37,292 ; PT3S                                                         ; DEBUG   ; dxWithMx._V3_AGSNVEC: ('TIME', 'KNOT~*~*~*~RHO', Timestamp('2020-01-28 14:45:01'), Timestamp('2020-01-28 14:45:01'))_k
2025-09-26 16:50:37,292 ; PT3S                                                         ; DEBUG   ; dxWithMx._V3_AGSNVEC: ('TMIN', 'KNOT~*~*~*~RHO', Timestamp('2020-01-28 14:45:01'), Timestamp('2020-01-28 14:46:01'))_k
2025-09-26 16:50:37,292 ; PT3S                                                         ; DEBUG   ; dxWithMx._V3_AGSNVEC: ('TMAX', 'KNOT~*~*~*~RHO', Timestamp('2020-01-28 14:45:01'), Timestamp('2020-01-28 14:46:01'))_k
2025-09-26 16:50:37,292 ; PT3S                                                         ; DEBUG   ; dxWithMx._V3_AGSNVEC: QMAVAbs
2025-09-26 16:50:37,292 ; PT3S                                                         ; DEBUG   ; dxWithMx._V3_AGSNVEC: VAVAbs
2025-09-26 16:50:37,292 ; PT3S                                                         ; DEBUG   ; dxWithMx._V3_AGSNVEC: PHRAbs
2025-09-26 16:50:37,292 ; PT3S                                                         ; DEBUG   ; dxWithMx._V3_AGSNVEC: JVAbs
2025-09-26 16:50:37,292 ; PT3S                                                         ; DEBUG   ; dxWithMx._V3_AGSNVEC: IptIdx
2025-09-26 16:50:37,292 ; PT3S                                                         ; DEBUG   ; dxWithMx._V3_AGSNVEC: SVEC
2025-09-26 16:50:37,303 ; PT3S                                                         ; DEBUG   ; dxWithMx._V3_AGSNVEC: IptIdxAsNo
2025-09-26 16:50:37,303 ; PT3S                                                         ; DEBUG   ; dxWithMx._V3_AGSNVEC: ZVEC
2025-09-26 16:50:37,303 ; PT3S                                                         ; DEBUG   ; dxWithMx._V3_AGSNVEC: T_n_min
2025-09-26 16:50:37,303 ; PT3S                                                         ; DEBUG   ; dxWithMx._V3_AGSNVEC: T_n_max
2025-09-26 16:50:37,303 ; PT3S                                                         ; DEBUG   ; dxWithMx._V3_AGSNVEC: PH_n_min
2025-09-26 16:50:37,303 ; PT3S                                                         ; DEBUG   ; dxWithMx._V3_AGSNVEC: PH_n_max
2025-09-26 16:50:37,303 ; PT3S                                                         ; DEBUG   ; dxWithMx._V3_AGSNVEC: mlc_n_min
2025-09-26 16:50:37,303 ; PT3S                                                         ; DEBUG   ; dxWithMx._V3_AGSNVEC: mlc_n_max
2025-09-26 16:50:37,303 ; PT3S                                                         ; DEBUG   ; dxWithMx._V3_AGSNVEC: QM_min
2025-09-26 16:50:37,303 ; PT3S                                                         ; DEBUG   ; dxWithMx._V3_AGSNVEC: QM_max
2025-09-26 16:50:37,303 ; PT3S                                                         ; DEBUG   ; dxWithMx._V3_AGSNVEC: _Done.
2025-09-26 16:50:37,306 ; PT3S                                                         ; DEBUG   ; dxWithMx.__init__: _Done.
2025-09-26 16:50:37,306 ; PT3S                                                         ; DEBUG   ; PT3S.dxAndMxHelperFcts.readDxAndMx: _Done.
2025-09-26 16:50:37,329 ; PT3S                                                         ; DEBUG   ; PT3S.dxAndMxHelperFcts.readMx: Start.
2025-09-26 16:50:37,330 ; PT3S                                                         ; DEBUG   ; PT3S.dxAndMxHelperFcts.readMx: wDirMx von abspath von wDir von dbFile: c:\users\jablonski\3s\pt3s\PT3S\Examples\WDExample2\B1\V0\BZ1
2025-09-26 16:50:37,331 ; PT3S                                                         ; DEBUG   ; PT3S.dxAndMxHelperFcts.readMx: mx1File: ..\PT3S\Examples\WDExample2\B1\V0\BZ1\M-1-0-1.5.MX1
2025-09-26 16:50:37,332 ; PT3S                                                         ; DEBUG   ; Mx.__init__: Start.#########
2025-09-26 16:50:37,334 ; PT3S                                                         ; DEBUG   ; Mx._initWithMx1: Start.
2025-09-26 16:50:37,334 ; PT3S                                                         ; DEBUG   ; Mx._parseMx1: Start.
2025-09-26 16:50:37,350 ; PT3S                                                         ; DEBUG   ; Mx._parseMx1: mx1File: c:\users\jablonski\3s\pt3s\PT3S\Examples\WDExample2\B1\V0\BZ1\M-1-0-1.5.MX1 mx1Df read. Shape: (131, 22).
2025-09-26 16:50:37,370 ; PT3S                                                         ; DEBUG   ; Mx._parseMx1: mx1Df after some generated Columns: Shape: (131, 27).
2025-09-26 16:50:37,370 ; PT3S                                                         ; DEBUG   ; Mx._parseMx1: _Done.
2025-09-26 16:50:37,371 ; PT3S                                                         ; DEBUG   ; Mx._parseMx2: Start.
2025-09-26 16:50:37,378 ; PT3S                                                         ; DEBUG   ; Mx._parseMx2: _Done.
2025-09-26 16:50:37,378 ; PT3S                                                         ; DEBUG   ; Mx._buildMxRecordStructUnpackFmtString: Start.
2025-09-26 16:50:37,384 ; PT3S                                                         ; DEBUG   ; Mx._buildMxRecordStructUnpackFmtString: Bytes per MX-Record=121168. Bytes Unpacked=121168 (making up 100.00 Bytes-%).
2025-09-26 16:50:37,387 ; PT3S                                                         ; DEBUG   ; Mx._buildMxRecordStructUnpackFmtString: mx1Df after generated Column: Shape: (131, 28).
2025-09-26 16:50:37,388 ; PT3S                                                         ; DEBUG   ; Mx._buildMxRecordStructUnpackFmtString: _Done.
2025-09-26 16:50:37,388 ; PT3S                                                         ; DEBUG   ; Mx._buildMxRecordStructUnpackFmtStringPost: Start.
2025-09-26 16:50:37,459 ; PT3S                                                         ; DEBUG   ; Mx._buildMxRecordStructUnpackFmtStringPost: _Done.
2025-09-26 16:50:37,459 ; PT3S                                                         ; DEBUG   ; Mx._initWithMx1: _Done.
2025-09-26 16:50:37,465 ; PT3S                                                         ; DEBUG   ; Mx.__init__: mxsFile c:\users\jablonski\3s\pt3s\PT3S\Examples\WDExample2\B1\V0\BZ1\M-1-0-1.5.MXS exists _and is newer than mx1File c:\users\jablonski\3s\pt3s\PT3S\Examples\WDExample2\B1\V0\BZ1\M-1-0-1.5.MX1 _and NoMxsRead False:
2025-09-26 16:50:37,467 ; PT3S                                                         ; DEBUG   ; Mx.__init__: mxsFile is read.
2025-09-26 16:50:37,467 ; PT3S                                                         ; DEBUG   ; Mx.setResultsToMxsFile: Start.
2025-09-26 16:50:37,467 ; PT3S                                                         ; DEBUG   ; Mx.setResultsToMxsFile: Mxs: Implicit specified.
2025-09-26 16:50:37,467 ; PT3S                                                         ; DEBUG   ; Mx._handleMxsVecsFileDeletion: Start.
2025-09-26 16:50:37,469 ; PT3S                                                         ; DEBUG   ; Mx._handleMxsVecsFileDeletion: Datei c:\users\jablonski\3s\pt3s\PT3S\Examples\WDExample2\B1\V0\BZ1\M-1-0-1.5.vec.h5 existiert und wurde nicht gelöscht.
2025-09-26 16:50:37,469 ; PT3S                                                         ; DEBUG   ; Mx._handleMxsVecsFileDeletion: _Done.
2025-09-26 16:50:37,581 ; PT3S                                                         ; DEBUG   ; Mx.setResultsToMxsFile: Mxs: c:\users\jablonski\3s\pt3s\PT3S\Examples\WDExample2\B1\V0\BZ1\M-1-0-1.5.MXS opening ...
2025-09-26 16:50:37,581 ; PT3S                                                         ; INFO    ; Mx.setResultsToMxsFile: Mxs: ..\PT3S\Examples\WDExample2\B1\V0\BZ1\M-1-0-1.5.MXS reading ...
2025-09-26 16:50:37,581 ; PT3S                                                         ; DEBUG   ; Mx._readMxsFile: Start.
2025-09-26 16:50:37,592 ; PT3S                                                         ; DEBUG   ; Mx._readMxsFileSingleRecord: CVERSO: SIR 3S 90-14-02-12 3S Consult, 30827 Garbsen - 26.09.2025 16:49 - M-1-0-1       .
2025-09-26 16:50:37,734 ; PT3S                                                         ; DEBUG   ; Mx._processToDfVecAggs: cSNAPSHOTTYPE STAT     processed to (empty) dfVecAggs with TIMESTAMPL: 2020-01-28 14:45:01+00:00
2025-09-26 16:50:37,734 ; PT3S                                                         ; DEBUG   ; Mx._readMxsFile: TimeNr.      1 read and processed finally=2020-01-28 14:45:01.000000+0000 Values (without TIMESTAMP): 60 - Actual SNAPSHOTTYPE: STAT. - H5Dump:  NO: key=/                   0     in keys.
2025-09-26 16:50:37,816 ; PT3S                                                         ; DEBUG   ; Mx._processToDfVecAggs: cSNAPSHOTTYPE TIME     processed to         dfVecAggs with TIMESTAMPL: 2020-01-28 14:45:01+00:00
2025-09-26 16:50:37,816 ; PT3S                                                         ; DEBUG   ; Mx._readMxsFile: TimeNr.      2 read and processed finally=2020-01-28 14:45:01.000000+0000 Values (without TIMESTAMP): 60 - Actual SNAPSHOTTYPE: TIME. - H5Dump:  NO: key=/                   0     in keys.
2025-09-26 16:50:37,820 ; PT3S                                                         ; DEBUG   ; Mx._readMxsFile: TimeNr.      3 read and processed finally=2020-01-28 14:45:01.100000+0000 Values (without TIMESTAMP): 60 - Actual SNAPSHOTTYPE: TIME. - H5Dump: YES: key=/                 100 not in keys.
2025-09-26 16:50:37,827 ; PT3S                                                         ; DEBUG   ; Mx._readMxsFile: TimeNr.      4 read and processed finally=2020-01-28 14:45:01.200000+0000 Values (without TIMESTAMP): 60 - Actual SNAPSHOTTYPE: TIME. - H5Dump: YES: key=/                 200 not in keys.
2025-09-26 16:50:37,827 ; PT3S                                                         ; DEBUG   ; Mx._readMxsFile: TimeNr.      5 read and processed finally=2020-01-28 14:45:01.300000+0000 Values (without TIMESTAMP): 60 - Actual SNAPSHOTTYPE: TIME. - H5Dump: YES: key=/                 300 not in keys.
2025-09-26 16:50:37,827 ; PT3S                                                         ; DEBUG   ; Mx._readMxsFile: TimeNr.      6 read and processed finally=2020-01-28 14:45:01.400000+0000 Values (without TIMESTAMP): 60 - Actual SNAPSHOTTYPE: TIME. - H5Dump: YES: key=/                 400 not in keys.
2025-09-26 16:50:37,848 ; PT3S                                                         ; DEBUG   ; Mx._readMxsFile: TimeNr.      7 read and processed finally=2020-01-28 14:45:01.500000+0000 Values (without TIMESTAMP): 60 - Actual SNAPSHOTTYPE: TIME. - H5Dump: YES: key=/                 500 not in keys.
2025-09-26 16:50:37,854 ; PT3S                                                         ; DEBUG   ; Mx._readMxsFile: TimeNr.      8 read and processed finally=2020-01-28 14:45:01.600000+0000 Values (without TIMESTAMP): 60 - Actual SNAPSHOTTYPE: TIME. - H5Dump: YES: key=/                 600 not in keys.
2025-09-26 16:50:37,862 ; PT3S                                                         ; DEBUG   ; Mx._readMxsFile: TimeNr.      9 read and processed finally=2020-01-28 14:45:01.700000+0000 Values (without TIMESTAMP): 60 - Actual SNAPSHOTTYPE: TIME. - H5Dump: YES: key=/                 700 not in keys.
2025-09-26 16:50:37,867 ; PT3S                                                         ; DEBUG   ; Mx._readMxsFile: TimeNr.     10 read and processed finally=2020-01-28 14:45:01.800000+0000 Values (without TIMESTAMP): 60 - Actual SNAPSHOTTYPE: TIME. - H5Dump: YES: key=/                 800 not in keys.
2025-09-26 16:50:37,867 ; PT3S                                                         ; DEBUG   ; Mx._readMxsFile: TimeNr.     11 read and processed finally=2020-01-28 14:45:01.900000+0000 Values (without TIMESTAMP): 60 - Actual SNAPSHOTTYPE: TIME. - H5Dump: YES: key=/                 900 not in keys.
2025-09-26 16:50:37,881 ; PT3S                                                         ; DEBUG   ; Mx._readMxsFile: TimeNr.     12 read and processed finally=2020-01-28 14:45:02.000000+0000 Values (without TIMESTAMP): 60 - Actual SNAPSHOTTYPE: TIME. - H5Dump: YES: key=/                1000 not in keys.
2025-09-26 16:50:37,883 ; PT3S                                                         ; DEBUG   ; Mx._readMxsFile: TimeNr.     13 read and processed finally=2020-01-28 14:45:02.100000+0000 Values (without TIMESTAMP): 60 - Actual SNAPSHOTTYPE: TIME. - H5Dump: YES: key=/                1100 not in keys.
2025-09-26 16:50:37,893 ; PT3S                                                         ; DEBUG   ; Mx._readMxsFile: TimeNr.     14 read and processed finally=2020-01-28 14:45:02.200000+0000 Values (without TIMESTAMP): 60 - Actual SNAPSHOTTYPE: TIME. - H5Dump: YES: key=/                1200 not in keys.
2025-09-26 16:50:37,899 ; PT3S                                                         ; DEBUG   ; Mx._readMxsFile: TimeNr.     15 read and processed finally=2020-01-28 14:45:02.300000+0000 Values (without TIMESTAMP): 60 - Actual SNAPSHOTTYPE: TIME. - H5Dump: YES: key=/                1300 not in keys.
2025-09-26 16:50:37,902 ; PT3S                                                         ; DEBUG   ; Mx._readMxsFile: TimeNr.     16 read and processed finally=2020-01-28 14:45:02.400000+0000 Values (without TIMESTAMP): 60 - Actual SNAPSHOTTYPE: TIME. - H5Dump: YES: key=/                1400 not in keys.
2025-09-26 16:50:37,911 ; PT3S                                                         ; DEBUG   ; Mx._readMxsFile: TimeNr.     17 read and processed finally=2020-01-28 14:45:02.500000+0000 Values (without TIMESTAMP): 60 - Actual SNAPSHOTTYPE: TIME. - H5Dump: YES: key=/                1500 not in keys.
2025-09-26 16:50:37,914 ; PT3S                                                         ; DEBUG   ; Mx._readMxsFile: TimeNr.     18 read and processed finally=2020-01-28 14:45:02.600000+0000 Values (without TIMESTAMP): 60 - Actual SNAPSHOTTYPE: TIME. - H5Dump: YES: key=/                1600 not in keys.
2025-09-26 16:50:37,924 ; PT3S                                                         ; DEBUG   ; Mx._readMxsFile: TimeNr.     19 read and processed finally=2020-01-28 14:45:02.700000+0000 Values (without TIMESTAMP): 60 - Actual SNAPSHOTTYPE: TIME. - H5Dump: YES: key=/                1700 not in keys.
2025-09-26 16:50:37,932 ; PT3S                                                         ; DEBUG   ; Mx._readMxsFile: TimeNr.     20 read and processed finally=2020-01-28 14:45:02.800000+0000 Values (without TIMESTAMP): 60 - Actual SNAPSHOTTYPE: TIME. - H5Dump: YES: key=/                1800 not in keys.
2025-09-26 16:50:37,932 ; PT3S                                                         ; DEBUG   ; Mx._readMxsFile: TimeNr.     21 read and processed finally=2020-01-28 14:45:02.900000+0000 Values (without TIMESTAMP): 60 - Actual SNAPSHOTTYPE: TIME. - H5Dump: YES: key=/                1900 not in keys.
2025-09-26 16:50:37,943 ; PT3S                                                         ; DEBUG   ; Mx._readMxsFile: TimeNr.     22 read and processed finally=2020-01-28 14:45:03.000000+0000 Values (without TIMESTAMP): 60 - Actual SNAPSHOTTYPE: TIME. - H5Dump: YES: key=/                2000 not in keys.
2025-09-26 16:50:37,947 ; PT3S                                                         ; DEBUG   ; Mx._readMxsFile: TimeNr.     23 read and processed finally=2020-01-28 14:45:03.100000+0000 Values (without TIMESTAMP): 60 - Actual SNAPSHOTTYPE: TIME. - H5Dump: YES: key=/                2100 not in keys.
2025-09-26 16:50:37,956 ; PT3S                                                         ; DEBUG   ; Mx._readMxsFile: TimeNr.     24 read and processed finally=2020-01-28 14:45:03.200000+0000 Values (without TIMESTAMP): 60 - Actual SNAPSHOTTYPE: TIME. - H5Dump: YES: key=/                2200 not in keys.
2025-09-26 16:50:37,964 ; PT3S                                                         ; DEBUG   ; Mx._readMxsFile: TimeNr.     25 read and processed finally=2020-01-28 14:45:03.300000+0000 Values (without TIMESTAMP): 60 - Actual SNAPSHOTTYPE: TIME. - H5Dump: YES: key=/                2300 not in keys.
2025-09-26 16:50:37,971 ; PT3S                                                         ; DEBUG   ; Mx._readMxsFile: TimeNr.     26 read and processed finally=2020-01-28 14:45:03.400000+0000 Values (without TIMESTAMP): 60 - Actual SNAPSHOTTYPE: TIME. - H5Dump: YES: key=/                2400 not in keys.
2025-09-26 16:50:37,977 ; PT3S                                                         ; DEBUG   ; Mx._readMxsFile: TimeNr.     27 read and processed finally=2020-01-28 14:45:03.500000+0000 Values (without TIMESTAMP): 60 - Actual SNAPSHOTTYPE: TIME. - H5Dump: YES: key=/                2500 not in keys.
2025-09-26 16:50:37,986 ; PT3S                                                         ; DEBUG   ; Mx._readMxsFile: TimeNr.     28 read and processed finally=2020-01-28 14:45:03.600000+0000 Values (without TIMESTAMP): 60 - Actual SNAPSHOTTYPE: TIME. - H5Dump: YES: key=/                2600 not in keys.
2025-09-26 16:50:37,990 ; PT3S                                                         ; DEBUG   ; Mx._readMxsFile: TimeNr.     29 read and processed finally=2020-01-28 14:45:03.700000+0000 Values (without TIMESTAMP): 60 - Actual SNAPSHOTTYPE: TIME. - H5Dump: YES: key=/                2700 not in keys.
2025-09-26 16:50:38,000 ; PT3S                                                         ; DEBUG   ; Mx._readMxsFile: TimeNr.     30 read and processed finally=2020-01-28 14:45:03.800000+0000 Values (without TIMESTAMP): 60 - Actual SNAPSHOTTYPE: TIME. - H5Dump: YES: key=/                2800 not in keys.
2025-09-26 16:50:38,007 ; PT3S                                                         ; DEBUG   ; Mx._readMxsFile: TimeNr.     31 read and processed finally=2020-01-28 14:45:03.900000+0000 Values (without TIMESTAMP): 60 - Actual SNAPSHOTTYPE: TIME. - H5Dump: YES: key=/                2900 not in keys.
2025-09-26 16:50:38,018 ; PT3S                                                         ; DEBUG   ; Mx._readMxsFile: TimeNr.     32 read and processed finally=2020-01-28 14:45:04.000000+0000 Values (without TIMESTAMP): 60 - Actual SNAPSHOTTYPE: TIME. - H5Dump: YES: key=/                3000 not in keys.
2025-09-26 16:50:38,023 ; PT3S                                                         ; DEBUG   ; Mx._readMxsFile: TimeNr.     33 read and processed finally=2020-01-28 14:45:04.100000+0000 Values (without TIMESTAMP): 60 - Actual SNAPSHOTTYPE: TIME. - H5Dump: YES: key=/                3100 not in keys.
2025-09-26 16:50:38,032 ; PT3S                                                         ; DEBUG   ; Mx._readMxsFile: TimeNr.     34 read and processed finally=2020-01-28 14:45:04.200000+0000 Values (without TIMESTAMP): 60 - Actual SNAPSHOTTYPE: TIME. - H5Dump: YES: key=/                3200 not in keys.
2025-09-26 16:50:38,037 ; PT3S                                                         ; DEBUG   ; Mx._readMxsFile: TimeNr.     35 read and processed finally=2020-01-28 14:45:04.300000+0000 Values (without TIMESTAMP): 60 - Actual SNAPSHOTTYPE: TIME. - H5Dump: YES: key=/                3300 not in keys.
2025-09-26 16:50:38,043 ; PT3S                                                         ; DEBUG   ; Mx._readMxsFile: TimeNr.     36 read and processed finally=2020-01-28 14:45:04.400000+0000 Values (without TIMESTAMP): 60 - Actual SNAPSHOTTYPE: TIME. - H5Dump: YES: key=/                3400 not in keys.
2025-09-26 16:50:38,043 ; PT3S                                                         ; DEBUG   ; Mx._readMxsFile: TimeNr.     37 read and processed finally=2020-01-28 14:45:04.500000+0000 Values (without TIMESTAMP): 60 - Actual SNAPSHOTTYPE: TIME. - H5Dump: YES: key=/                3500 not in keys.
2025-09-26 16:50:38,043 ; PT3S                                                         ; DEBUG   ; Mx._readMxsFile: TimeNr.     38 read and processed finally=2020-01-28 14:45:04.600000+0000 Values (without TIMESTAMP): 60 - Actual SNAPSHOTTYPE: TIME. - H5Dump: YES: key=/                3600 not in keys.
2025-09-26 16:50:38,063 ; PT3S                                                         ; DEBUG   ; Mx._readMxsFile: TimeNr.     39 read and processed finally=2020-01-28 14:45:04.700000+0000 Values (without TIMESTAMP): 60 - Actual SNAPSHOTTYPE: TIME. - H5Dump: YES: key=/                3700 not in keys.
2025-09-26 16:50:38,063 ; PT3S                                                         ; DEBUG   ; Mx._readMxsFile: TimeNr.     40 read and processed finally=2020-01-28 14:45:04.800000+0000 Values (without TIMESTAMP): 60 - Actual SNAPSHOTTYPE: TIME. - H5Dump: YES: key=/                3800 not in keys.
2025-09-26 16:50:38,063 ; PT3S                                                         ; DEBUG   ; Mx._readMxsFile: TimeNr.     41 read and processed finally=2020-01-28 14:45:04.900000+0000 Values (without TIMESTAMP): 60 - Actual SNAPSHOTTYPE: TIME. - H5Dump: YES: key=/                3900 not in keys.
2025-09-26 16:50:38,077 ; PT3S                                                         ; DEBUG   ; Mx._readMxsFile: TimeNr.     42 read and processed finally=2020-01-28 14:45:05.000000+0000 Values (without TIMESTAMP): 60 - Actual SNAPSHOTTYPE: TIME. - H5Dump: YES: key=/                4000 not in keys.
2025-09-26 16:50:38,085 ; PT3S                                                         ; DEBUG   ; Mx._readMxsFile: TimeNr.     43 read and processed finally=2020-01-28 14:45:05.100000+0000 Values (without TIMESTAMP): 60 - Actual SNAPSHOTTYPE: TIME. - H5Dump: YES: key=/                4100 not in keys.
2025-09-26 16:50:38,090 ; PT3S                                                         ; DEBUG   ; Mx._readMxsFile: TimeNr.     44 read and processed finally=2020-01-28 14:45:05.200000+0000 Values (without TIMESTAMP): 60 - Actual SNAPSHOTTYPE: TIME. - H5Dump: YES: key=/                4200 not in keys.
2025-09-26 16:50:38,098 ; PT3S                                                         ; DEBUG   ; Mx._readMxsFile: TimeNr.     45 read and processed finally=2020-01-28 14:45:05.300000+0000 Values (without TIMESTAMP): 60 - Actual SNAPSHOTTYPE: TIME. - H5Dump: YES: key=/                4300 not in keys.
2025-09-26 16:50:38,099 ; PT3S                                                         ; DEBUG   ; Mx._readMxsFile: TimeNr.     46 read and processed finally=2020-01-28 14:45:05.400000+0000 Values (without TIMESTAMP): 60 - Actual SNAPSHOTTYPE: TIME. - H5Dump: YES: key=/                4400 not in keys.
2025-09-26 16:50:38,099 ; PT3S                                                         ; DEBUG   ; Mx._readMxsFile: TimeNr.     47 read and processed finally=2020-01-28 14:45:05.500000+0000 Values (without TIMESTAMP): 60 - Actual SNAPSHOTTYPE: TIME. - H5Dump: YES: key=/                4500 not in keys.
2025-09-26 16:50:38,114 ; PT3S                                                         ; DEBUG   ; Mx._readMxsFile: TimeNr.     48 read and processed finally=2020-01-28 14:45:05.600000+0000 Values (without TIMESTAMP): 60 - Actual SNAPSHOTTYPE: TIME. - H5Dump: YES: key=/                4600 not in keys.
2025-09-26 16:50:38,114 ; PT3S                                                         ; DEBUG   ; Mx._readMxsFile: TimeNr.     49 read and processed finally=2020-01-28 14:45:05.700000+0000 Values (without TIMESTAMP): 60 - Actual SNAPSHOTTYPE: TIME. - H5Dump: YES: key=/                4700 not in keys.
2025-09-26 16:50:38,114 ; PT3S                                                         ; DEBUG   ; Mx._readMxsFile: TimeNr.     50 read and processed finally=2020-01-28 14:45:05.800000+0000 Values (without TIMESTAMP): 60 - Actual SNAPSHOTTYPE: TIME. - H5Dump: YES: key=/                4800 not in keys.
2025-09-26 16:50:38,132 ; PT3S                                                         ; DEBUG   ; Mx._readMxsFile: TimeNr.     51 read and processed finally=2020-01-28 14:45:05.900000+0000 Values (without TIMESTAMP): 60 - Actual SNAPSHOTTYPE: TIME. - H5Dump: YES: key=/                4900 not in keys.
2025-09-26 16:50:38,137 ; PT3S                                                         ; DEBUG   ; Mx._readMxsFile: TimeNr.     52 read and processed finally=2020-01-28 14:45:06.000000+0000 Values (without TIMESTAMP): 60 - Actual SNAPSHOTTYPE: TIME. - H5Dump: YES: key=/                5000 not in keys.
2025-09-26 16:50:38,137 ; PT3S                                                         ; DEBUG   ; Mx._readMxsFile: TimeNr.     53 read and processed finally=2020-01-28 14:45:06.100000+0000 Values (without TIMESTAMP): 60 - Actual SNAPSHOTTYPE: TIME. - H5Dump: YES: key=/                5100 not in keys.
2025-09-26 16:50:38,144 ; PT3S                                                         ; DEBUG   ; Mx._readMxsFile: TimeNr.     54 read and processed finally=2020-01-28 14:45:06.200000+0000 Values (without TIMESTAMP): 60 - Actual SNAPSHOTTYPE: TIME. - H5Dump: YES: key=/                5200 not in keys.
2025-09-26 16:50:38,144 ; PT3S                                                         ; DEBUG   ; Mx._readMxsFile: TimeNr.     55 read and processed finally=2020-01-28 14:45:06.300000+0000 Values (without TIMESTAMP): 60 - Actual SNAPSHOTTYPE: TIME. - H5Dump: YES: key=/                5300 not in keys.
2025-09-26 16:50:38,144 ; PT3S                                                         ; DEBUG   ; Mx._readMxsFile: TimeNr.     56 read and processed finally=2020-01-28 14:45:06.400000+0000 Values (without TIMESTAMP): 60 - Actual SNAPSHOTTYPE: TIME. - H5Dump: YES: key=/                5400 not in keys.
2025-09-26 16:50:38,163 ; PT3S                                                         ; DEBUG   ; Mx._readMxsFile: TimeNr.     57 read and processed finally=2020-01-28 14:45:06.500000+0000 Values (without TIMESTAMP): 60 - Actual SNAPSHOTTYPE: TIME. - H5Dump: YES: key=/                5500 not in keys.
2025-09-26 16:50:38,171 ; PT3S                                                         ; DEBUG   ; Mx._readMxsFile: TimeNr.     58 read and processed finally=2020-01-28 14:45:06.600000+0000 Values (without TIMESTAMP): 60 - Actual SNAPSHOTTYPE: TIME. - H5Dump: YES: key=/                5600 not in keys.
2025-09-26 16:50:38,176 ; PT3S                                                         ; DEBUG   ; Mx._readMxsFile: TimeNr.     59 read and processed finally=2020-01-28 14:45:06.700000+0000 Values (without TIMESTAMP): 60 - Actual SNAPSHOTTYPE: TIME. - H5Dump: YES: key=/                5700 not in keys.
2025-09-26 16:50:38,181 ; PT3S                                                         ; DEBUG   ; Mx._readMxsFile: TimeNr.     60 read and processed finally=2020-01-28 14:45:06.800000+0000 Values (without TIMESTAMP): 60 - Actual SNAPSHOTTYPE: TIME. - H5Dump: YES: key=/                5800 not in keys.
2025-09-26 16:50:38,187 ; PT3S                                                         ; DEBUG   ; Mx._readMxsFile: TimeNr.     61 read and processed finally=2020-01-28 14:45:06.900000+0000 Values (without TIMESTAMP): 60 - Actual SNAPSHOTTYPE: TIME. - H5Dump: YES: key=/                5900 not in keys.
2025-09-26 16:50:38,193 ; PT3S                                                         ; DEBUG   ; Mx._readMxsFile: TimeNr.     62 read and processed finally=2020-01-28 14:45:07.000000+0000 Values (without TIMESTAMP): 60 - Actual SNAPSHOTTYPE: TIME. - H5Dump: YES: key=/                6000 not in keys.
2025-09-26 16:50:38,198 ; PT3S                                                         ; DEBUG   ; Mx._readMxsFile: TimeNr.     63 read and processed finally=2020-01-28 14:45:07.100000+0000 Values (without TIMESTAMP): 60 - Actual SNAPSHOTTYPE: TIME. - H5Dump: YES: key=/                6100 not in keys.
2025-09-26 16:50:38,198 ; PT3S                                                         ; DEBUG   ; Mx._readMxsFile: TimeNr.     64 read and processed finally=2020-01-28 14:45:07.200000+0000 Values (without TIMESTAMP): 60 - Actual SNAPSHOTTYPE: TIME. - H5Dump: YES: key=/                6200 not in keys.
2025-09-26 16:50:38,211 ; PT3S                                                         ; DEBUG   ; Mx._readMxsFile: TimeNr.     65 read and processed finally=2020-01-28 14:45:07.300000+0000 Values (without TIMESTAMP): 60 - Actual SNAPSHOTTYPE: TIME. - H5Dump: YES: key=/                6300 not in keys.
2025-09-26 16:50:38,220 ; PT3S                                                         ; DEBUG   ; Mx._readMxsFile: TimeNr.     66 read and processed finally=2020-01-28 14:45:07.400000+0000 Values (without TIMESTAMP): 60 - Actual SNAPSHOTTYPE: TIME. - H5Dump: YES: key=/                6400 not in keys.
2025-09-26 16:50:38,226 ; PT3S                                                         ; DEBUG   ; Mx._readMxsFile: TimeNr.     67 read and processed finally=2020-01-28 14:45:07.500000+0000 Values (without TIMESTAMP): 60 - Actual SNAPSHOTTYPE: TIME. - H5Dump: YES: key=/                6500 not in keys.
2025-09-26 16:50:38,232 ; PT3S                                                         ; DEBUG   ; Mx._readMxsFile: TimeNr.     68 read and processed finally=2020-01-28 14:45:07.600000+0000 Values (without TIMESTAMP): 60 - Actual SNAPSHOTTYPE: TIME. - H5Dump: YES: key=/                6600 not in keys.
2025-09-26 16:50:38,237 ; PT3S                                                         ; DEBUG   ; Mx._readMxsFile: TimeNr.     69 read and processed finally=2020-01-28 14:45:07.700000+0000 Values (without TIMESTAMP): 60 - Actual SNAPSHOTTYPE: TIME. - H5Dump: YES: key=/                6700 not in keys.
2025-09-26 16:50:38,247 ; PT3S                                                         ; DEBUG   ; Mx._readMxsFile: TimeNr.     70 read and processed finally=2020-01-28 14:45:07.800000+0000 Values (without TIMESTAMP): 60 - Actual SNAPSHOTTYPE: TIME. - H5Dump: YES: key=/                6800 not in keys.
2025-09-26 16:50:38,247 ; PT3S                                                         ; DEBUG   ; Mx._readMxsFile: TimeNr.     71 read and processed finally=2020-01-28 14:45:07.900000+0000 Values (without TIMESTAMP): 60 - Actual SNAPSHOTTYPE: TIME. - H5Dump: YES: key=/                6900 not in keys.
2025-09-26 16:50:38,247 ; PT3S                                                         ; DEBUG   ; Mx._readMxsFile: TimeNr.     72 read and processed finally=2020-01-28 14:45:08.000000+0000 Values (without TIMESTAMP): 60 - Actual SNAPSHOTTYPE: TIME. - H5Dump: YES: key=/                7000 not in keys.
2025-09-26 16:50:38,260 ; PT3S                                                         ; DEBUG   ; Mx._readMxsFile: TimeNr.     73 read and processed finally=2020-01-28 14:45:08.100000+0000 Values (without TIMESTAMP): 60 - Actual SNAPSHOTTYPE: TIME. - H5Dump: YES: key=/                7100 not in keys.
2025-09-26 16:50:38,271 ; PT3S                                                         ; DEBUG   ; Mx._readMxsFile: TimeNr.     74 read and processed finally=2020-01-28 14:45:08.200000+0000 Values (without TIMESTAMP): 60 - Actual SNAPSHOTTYPE: TIME. - H5Dump: YES: key=/                7200 not in keys.
2025-09-26 16:50:38,276 ; PT3S                                                         ; DEBUG   ; Mx._readMxsFile: TimeNr.     75 read and processed finally=2020-01-28 14:45:08.300000+0000 Values (without TIMESTAMP): 60 - Actual SNAPSHOTTYPE: TIME. - H5Dump: YES: key=/                7300 not in keys.
2025-09-26 16:50:38,282 ; PT3S                                                         ; DEBUG   ; Mx._readMxsFile: TimeNr.     76 read and processed finally=2020-01-28 14:45:08.400000+0000 Values (without TIMESTAMP): 60 - Actual SNAPSHOTTYPE: TIME. - H5Dump: YES: key=/                7400 not in keys.
2025-09-26 16:50:38,282 ; PT3S                                                         ; DEBUG   ; Mx._readMxsFile: TimeNr.     77 read and processed finally=2020-01-28 14:45:08.500000+0000 Values (without TIMESTAMP): 60 - Actual SNAPSHOTTYPE: TIME. - H5Dump: YES: key=/                7500 not in keys.
2025-09-26 16:50:38,293 ; PT3S                                                         ; DEBUG   ; Mx._readMxsFile: TimeNr.     78 read and processed finally=2020-01-28 14:45:08.600000+0000 Values (without TIMESTAMP): 60 - Actual SNAPSHOTTYPE: TIME. - H5Dump: YES: key=/                7600 not in keys.
2025-09-26 16:50:38,299 ; PT3S                                                         ; DEBUG   ; Mx._readMxsFile: TimeNr.     79 read and processed finally=2020-01-28 14:45:08.700000+0000 Values (without TIMESTAMP): 60 - Actual SNAPSHOTTYPE: TIME. - H5Dump: YES: key=/                7700 not in keys.
2025-09-26 16:50:38,299 ; PT3S                                                         ; DEBUG   ; Mx._readMxsFile: TimeNr.     80 read and processed finally=2020-01-28 14:45:08.800000+0000 Values (without TIMESTAMP): 60 - Actual SNAPSHOTTYPE: TIME. - H5Dump: YES: key=/                7800 not in keys.
2025-09-26 16:50:38,310 ; PT3S                                                         ; DEBUG   ; Mx._readMxsFile: TimeNr.     81 read and processed finally=2020-01-28 14:45:08.900000+0000 Values (without TIMESTAMP): 60 - Actual SNAPSHOTTYPE: TIME. - H5Dump: YES: key=/                7900 not in keys.
2025-09-26 16:50:38,311 ; PT3S                                                         ; DEBUG   ; Mx._readMxsFile: TimeNr.     82 read and processed finally=2020-01-28 14:45:09.000000+0000 Values (without TIMESTAMP): 60 - Actual SNAPSHOTTYPE: TIME. - H5Dump: YES: key=/                8000 not in keys.
2025-09-26 16:50:38,323 ; PT3S                                                         ; DEBUG   ; Mx._readMxsFile: TimeNr.     83 read and processed finally=2020-01-28 14:45:09.100000+0000 Values (without TIMESTAMP): 60 - Actual SNAPSHOTTYPE: TIME. - H5Dump: YES: key=/                8100 not in keys.
2025-09-26 16:50:38,327 ; PT3S                                                         ; DEBUG   ; Mx._readMxsFile: TimeNr.     84 read and processed finally=2020-01-28 14:45:09.200000+0000 Values (without TIMESTAMP): 60 - Actual SNAPSHOTTYPE: TIME. - H5Dump: YES: key=/                8200 not in keys.
2025-09-26 16:50:38,331 ; PT3S                                                         ; DEBUG   ; Mx._readMxsFile: TimeNr.     85 read and processed finally=2020-01-28 14:45:09.300000+0000 Values (without TIMESTAMP): 60 - Actual SNAPSHOTTYPE: TIME. - H5Dump: YES: key=/                8300 not in keys.
2025-09-26 16:50:38,340 ; PT3S                                                         ; DEBUG   ; Mx._readMxsFile: TimeNr.     86 read and processed finally=2020-01-28 14:45:09.400000+0000 Values (without TIMESTAMP): 60 - Actual SNAPSHOTTYPE: TIME. - H5Dump: YES: key=/                8400 not in keys.
2025-09-26 16:50:38,344 ; PT3S                                                         ; DEBUG   ; Mx._readMxsFile: TimeNr.     87 read and processed finally=2020-01-28 14:45:09.500000+0000 Values (without TIMESTAMP): 60 - Actual SNAPSHOTTYPE: TIME. - H5Dump: YES: key=/                8500 not in keys.
2025-09-26 16:50:38,349 ; PT3S                                                         ; DEBUG   ; Mx._readMxsFile: TimeNr.     88 read and processed finally=2020-01-28 14:45:09.600000+0000 Values (without TIMESTAMP): 60 - Actual SNAPSHOTTYPE: TIME. - H5Dump: YES: key=/                8600 not in keys.
2025-09-26 16:50:38,356 ; PT3S                                                         ; DEBUG   ; Mx._readMxsFile: TimeNr.     89 read and processed finally=2020-01-28 14:45:09.700000+0000 Values (without TIMESTAMP): 60 - Actual SNAPSHOTTYPE: TIME. - H5Dump: YES: key=/                8700 not in keys.
2025-09-26 16:50:38,363 ; PT3S                                                         ; DEBUG   ; Mx._readMxsFile: TimeNr.     90 read and processed finally=2020-01-28 14:45:09.800000+0000 Values (without TIMESTAMP): 60 - Actual SNAPSHOTTYPE: TIME. - H5Dump: YES: key=/                8800 not in keys.
2025-09-26 16:50:38,371 ; PT3S                                                         ; DEBUG   ; Mx._readMxsFile: TimeNr.     91 read and processed finally=2020-01-28 14:45:09.900000+0000 Values (without TIMESTAMP): 60 - Actual SNAPSHOTTYPE: TIME. - H5Dump: YES: key=/                8900 not in keys.
2025-09-26 16:50:38,377 ; PT3S                                                         ; DEBUG   ; Mx._readMxsFile: TimeNr.     92 read and processed finally=2020-01-28 14:45:10.000000+0000 Values (without TIMESTAMP): 60 - Actual SNAPSHOTTYPE: TIME. - H5Dump: YES: key=/                9000 not in keys.
2025-09-26 16:50:38,383 ; PT3S                                                         ; DEBUG   ; Mx._readMxsFile: TimeNr.     93 read and processed finally=2020-01-28 14:45:10.100000+0000 Values (without TIMESTAMP): 60 - Actual SNAPSHOTTYPE: TIME. - H5Dump: YES: key=/                9100 not in keys.
2025-09-26 16:50:38,386 ; PT3S                                                         ; DEBUG   ; Mx._readMxsFile: TimeNr.     94 read and processed finally=2020-01-28 14:45:10.200000+0000 Values (without TIMESTAMP): 60 - Actual SNAPSHOTTYPE: TIME. - H5Dump: YES: key=/                9200 not in keys.
2025-09-26 16:50:38,396 ; PT3S                                                         ; DEBUG   ; Mx._readMxsFile: TimeNr.     95 read and processed finally=2020-01-28 14:45:10.300000+0000 Values (without TIMESTAMP): 60 - Actual SNAPSHOTTYPE: TIME. - H5Dump: YES: key=/                9300 not in keys.
2025-09-26 16:50:38,396 ; PT3S                                                         ; DEBUG   ; Mx._readMxsFile: TimeNr.     96 read and processed finally=2020-01-28 14:45:10.400000+0000 Values (without TIMESTAMP): 60 - Actual SNAPSHOTTYPE: TIME. - H5Dump: YES: key=/                9400 not in keys.
2025-09-26 16:50:38,396 ; PT3S                                                         ; DEBUG   ; Mx._readMxsFile: TimeNr.     97 read and processed finally=2020-01-28 14:45:10.500000+0000 Values (without TIMESTAMP): 60 - Actual SNAPSHOTTYPE: TIME. - H5Dump: YES: key=/                9500 not in keys.
2025-09-26 16:50:38,410 ; PT3S                                                         ; DEBUG   ; Mx._readMxsFile: TimeNr.     98 read and processed finally=2020-01-28 14:45:10.600000+0000 Values (without TIMESTAMP): 60 - Actual SNAPSHOTTYPE: TIME. - H5Dump: YES: key=/                9600 not in keys.
2025-09-26 16:50:38,421 ; PT3S                                                         ; DEBUG   ; Mx._readMxsFile: TimeNr.     99 read and processed finally=2020-01-28 14:45:10.700000+0000 Values (without TIMESTAMP): 60 - Actual SNAPSHOTTYPE: TIME. - H5Dump: YES: key=/                9700 not in keys.
2025-09-26 16:50:38,425 ; PT3S                                                         ; DEBUG   ; Mx._readMxsFile: TimeNr.    100 read and processed finally=2020-01-28 14:45:10.800000+0000 Values (without TIMESTAMP): 60 - Actual SNAPSHOTTYPE: TIME. - H5Dump: YES: key=/                9800 not in keys.
2025-09-26 16:50:38,431 ; PT3S                                                         ; DEBUG   ; Mx._readMxsFile: TimeNr.    101 read and processed finally=2020-01-28 14:45:10.900000+0000 Values (without TIMESTAMP): 60 - Actual SNAPSHOTTYPE: TIME. - H5Dump: YES: key=/                9900 not in keys.
2025-09-26 16:50:38,433 ; PT3S                                                         ; DEBUG   ; Mx._readMxsFile: TimeNr.    102 read and processed finally=2020-01-28 14:45:11.000000+0000 Values (without TIMESTAMP): 60 - Actual SNAPSHOTTYPE: TIME. - H5Dump: YES: key=/               10000 not in keys.
2025-09-26 16:50:38,437 ; PT3S                                                         ; DEBUG   ; Mx._readMxsFile: TimeNr.    103 read and processed finally=2020-01-28 14:45:11.100000+0000 Values (without TIMESTAMP): 60 - Actual SNAPSHOTTYPE: TIME. - H5Dump: YES: key=/               10100 not in keys.
2025-09-26 16:50:38,444 ; PT3S                                                         ; DEBUG   ; Mx._readMxsFile: TimeNr.    104 read and processed finally=2020-01-28 14:45:11.200000+0000 Values (without TIMESTAMP): 60 - Actual SNAPSHOTTYPE: TIME. - H5Dump: YES: key=/               10200 not in keys.
2025-09-26 16:50:38,444 ; PT3S                                                         ; DEBUG   ; Mx._readMxsFile: TimeNr.    105 read and processed finally=2020-01-28 14:45:11.300000+0000 Values (without TIMESTAMP): 60 - Actual SNAPSHOTTYPE: TIME. - H5Dump: YES: key=/               10300 not in keys.
2025-09-26 16:50:38,444 ; PT3S                                                         ; DEBUG   ; Mx._readMxsFile: TimeNr.    106 read and processed finally=2020-01-28 14:45:11.400000+0000 Values (without TIMESTAMP): 60 - Actual SNAPSHOTTYPE: TIME. - H5Dump: YES: key=/               10400 not in keys.
2025-09-26 16:50:38,444 ; PT3S                                                         ; DEBUG   ; Mx._readMxsFile: TimeNr.    107 read and processed finally=2020-01-28 14:45:11.500000+0000 Values (without TIMESTAMP): 60 - Actual SNAPSHOTTYPE: TIME. - H5Dump: YES: key=/               10500 not in keys.
2025-09-26 16:50:38,460 ; PT3S                                                         ; DEBUG   ; Mx._readMxsFile: TimeNr.    108 read and processed finally=2020-01-28 14:45:11.600000+0000 Values (without TIMESTAMP): 60 - Actual SNAPSHOTTYPE: TIME. - H5Dump: YES: key=/               10600 not in keys.
2025-09-26 16:50:38,465 ; PT3S                                                         ; DEBUG   ; Mx._readMxsFile: TimeNr.    109 read and processed finally=2020-01-28 14:45:11.700000+0000 Values (without TIMESTAMP): 60 - Actual SNAPSHOTTYPE: TIME. - H5Dump: YES: key=/               10700 not in keys.
2025-09-26 16:50:38,465 ; PT3S                                                         ; DEBUG   ; Mx._readMxsFile: TimeNr.    110 read and processed finally=2020-01-28 14:45:11.800000+0000 Values (without TIMESTAMP): 60 - Actual SNAPSHOTTYPE: TIME. - H5Dump: YES: key=/               10800 not in keys.
2025-09-26 16:50:38,478 ; PT3S                                                         ; DEBUG   ; Mx._readMxsFile: TimeNr.    111 read and processed finally=2020-01-28 14:45:11.900000+0000 Values (without TIMESTAMP): 60 - Actual SNAPSHOTTYPE: TIME. - H5Dump: YES: key=/               10900 not in keys.
2025-09-26 16:50:38,483 ; PT3S                                                         ; DEBUG   ; Mx._readMxsFile: TimeNr.    112 read and processed finally=2020-01-28 14:45:12.000000+0000 Values (without TIMESTAMP): 60 - Actual SNAPSHOTTYPE: TIME. - H5Dump: YES: key=/               11000 not in keys.
2025-09-26 16:50:38,485 ; PT3S                                                         ; DEBUG   ; Mx._readMxsFile: TimeNr.    113 read and processed finally=2020-01-28 14:45:12.100000+0000 Values (without TIMESTAMP): 60 - Actual SNAPSHOTTYPE: TIME. - H5Dump: YES: key=/               11100 not in keys.
2025-09-26 16:50:38,494 ; PT3S                                                         ; DEBUG   ; Mx._readMxsFile: TimeNr.    114 read and processed finally=2020-01-28 14:45:12.200000+0000 Values (without TIMESTAMP): 60 - Actual SNAPSHOTTYPE: TIME. - H5Dump: YES: key=/               11200 not in keys.
2025-09-26 16:50:38,494 ; PT3S                                                         ; DEBUG   ; Mx._readMxsFile: TimeNr.    115 read and processed finally=2020-01-28 14:45:12.300000+0000 Values (without TIMESTAMP): 60 - Actual SNAPSHOTTYPE: TIME. - H5Dump: YES: key=/               11300 not in keys.
2025-09-26 16:50:38,494 ; PT3S                                                         ; DEBUG   ; Mx._readMxsFile: TimeNr.    116 read and processed finally=2020-01-28 14:45:12.400000+0000 Values (without TIMESTAMP): 60 - Actual SNAPSHOTTYPE: TIME. - H5Dump: YES: key=/               11400 not in keys.
2025-09-26 16:50:38,494 ; PT3S                                                         ; DEBUG   ; Mx._readMxsFile: TimeNr.    117 read and processed finally=2020-01-28 14:45:12.500000+0000 Values (without TIMESTAMP): 60 - Actual SNAPSHOTTYPE: TIME. - H5Dump: YES: key=/               11500 not in keys.
2025-09-26 16:50:38,515 ; PT3S                                                         ; DEBUG   ; Mx._readMxsFile: TimeNr.    118 read and processed finally=2020-01-28 14:45:12.600000+0000 Values (without TIMESTAMP): 60 - Actual SNAPSHOTTYPE: TIME. - H5Dump: YES: key=/               11600 not in keys.
2025-09-26 16:50:38,517 ; PT3S                                                         ; DEBUG   ; Mx._readMxsFile: TimeNr.    119 read and processed finally=2020-01-28 14:45:12.700000+0000 Values (without TIMESTAMP): 60 - Actual SNAPSHOTTYPE: TIME. - H5Dump: YES: key=/               11700 not in keys.
2025-09-26 16:50:38,517 ; PT3S                                                         ; DEBUG   ; Mx._readMxsFile: TimeNr.    120 read and processed finally=2020-01-28 14:45:12.800000+0000 Values (without TIMESTAMP): 60 - Actual SNAPSHOTTYPE: TIME. - H5Dump: YES: key=/               11800 not in keys.
2025-09-26 16:50:38,528 ; PT3S                                                         ; DEBUG   ; Mx._readMxsFile: TimeNr.    121 read and processed finally=2020-01-28 14:45:12.900000+0000 Values (without TIMESTAMP): 60 - Actual SNAPSHOTTYPE: TIME. - H5Dump: YES: key=/               11900 not in keys.
2025-09-26 16:50:38,528 ; PT3S                                                         ; DEBUG   ; Mx._readMxsFile: TimeNr.    122 read and processed finally=2020-01-28 14:45:13.000000+0000 Values (without TIMESTAMP): 60 - Actual SNAPSHOTTYPE: TIME. - H5Dump: YES: key=/               12000 not in keys.
2025-09-26 16:50:38,538 ; PT3S                                                         ; DEBUG   ; Mx._readMxsFile: TimeNr.    123 read and processed finally=2020-01-28 14:45:13.100000+0000 Values (without TIMESTAMP): 60 - Actual SNAPSHOTTYPE: TIME. - H5Dump: YES: key=/               12100 not in keys.
2025-09-26 16:50:38,543 ; PT3S                                                         ; DEBUG   ; Mx._readMxsFile: TimeNr.    124 read and processed finally=2020-01-28 14:45:13.200000+0000 Values (without TIMESTAMP): 60 - Actual SNAPSHOTTYPE: TIME. - H5Dump: YES: key=/               12200 not in keys.
2025-09-26 16:50:38,546 ; PT3S                                                         ; DEBUG   ; Mx._readMxsFile: TimeNr.    125 read and processed finally=2020-01-28 14:45:13.300000+0000 Values (without TIMESTAMP): 60 - Actual SNAPSHOTTYPE: TIME. - H5Dump: YES: key=/               12300 not in keys.
2025-09-26 16:50:38,546 ; PT3S                                                         ; DEBUG   ; Mx._readMxsFile: TimeNr.    126 read and processed finally=2020-01-28 14:45:13.400000+0000 Values (without TIMESTAMP): 60 - Actual SNAPSHOTTYPE: TIME. - H5Dump: YES: key=/               12400 not in keys.
2025-09-26 16:50:38,546 ; PT3S                                                         ; DEBUG   ; Mx._readMxsFile: TimeNr.    127 read and processed finally=2020-01-28 14:45:13.500000+0000 Values (without TIMESTAMP): 60 - Actual SNAPSHOTTYPE: TIME. - H5Dump: YES: key=/               12500 not in keys.
2025-09-26 16:50:38,561 ; PT3S                                                         ; DEBUG   ; Mx._readMxsFile: TimeNr.    128 read and processed finally=2020-01-28 14:45:13.600000+0000 Values (without TIMESTAMP): 60 - Actual SNAPSHOTTYPE: TIME. - H5Dump: YES: key=/               12600 not in keys.
2025-09-26 16:50:38,566 ; PT3S                                                         ; DEBUG   ; Mx._readMxsFile: TimeNr.    129 read and processed finally=2020-01-28 14:45:13.700000+0000 Values (without TIMESTAMP): 60 - Actual SNAPSHOTTYPE: TIME. - H5Dump: YES: key=/               12700 not in keys.
2025-09-26 16:50:38,566 ; PT3S                                                         ; DEBUG   ; Mx._readMxsFile: TimeNr.    130 read and processed finally=2020-01-28 14:45:13.800000+0000 Values (without TIMESTAMP): 60 - Actual SNAPSHOTTYPE: TIME. - H5Dump: YES: key=/               12800 not in keys.
2025-09-26 16:50:38,577 ; PT3S                                                         ; DEBUG   ; Mx._readMxsFile: TimeNr.    131 read and processed finally=2020-01-28 14:45:13.900000+0000 Values (without TIMESTAMP): 60 - Actual SNAPSHOTTYPE: TIME. - H5Dump: YES: key=/               12900 not in keys.
2025-09-26 16:50:38,584 ; PT3S                                                         ; DEBUG   ; Mx._readMxsFile: TimeNr.    132 read and processed finally=2020-01-28 14:45:14.000000+0000 Values (without TIMESTAMP): 60 - Actual SNAPSHOTTYPE: TIME. - H5Dump: YES: key=/               13000 not in keys.
2025-09-26 16:50:38,586 ; PT3S                                                         ; DEBUG   ; Mx._readMxsFile: TimeNr.    133 read and processed finally=2020-01-28 14:45:14.100000+0000 Values (without TIMESTAMP): 60 - Actual SNAPSHOTTYPE: TIME. - H5Dump: YES: key=/               13100 not in keys.
2025-09-26 16:50:38,596 ; PT3S                                                         ; DEBUG   ; Mx._readMxsFile: TimeNr.    134 read and processed finally=2020-01-28 14:45:14.200000+0000 Values (without TIMESTAMP): 60 - Actual SNAPSHOTTYPE: TIME. - H5Dump: YES: key=/               13200 not in keys.
2025-09-26 16:50:38,596 ; PT3S                                                         ; DEBUG   ; Mx._readMxsFile: TimeNr.    135 read and processed finally=2020-01-28 14:45:14.300000+0000 Values (without TIMESTAMP): 60 - Actual SNAPSHOTTYPE: TIME. - H5Dump: YES: key=/               13300 not in keys.
2025-09-26 16:50:38,596 ; PT3S                                                         ; DEBUG   ; Mx._readMxsFile: TimeNr.    136 read and processed finally=2020-01-28 14:45:14.400000+0000 Values (without TIMESTAMP): 60 - Actual SNAPSHOTTYPE: TIME. - H5Dump: YES: key=/               13400 not in keys.
2025-09-26 16:50:38,611 ; PT3S                                                         ; DEBUG   ; Mx._readMxsFile: TimeNr.    137 read and processed finally=2020-01-28 14:45:14.500000+0000 Values (without TIMESTAMP): 60 - Actual SNAPSHOTTYPE: TIME. - H5Dump: YES: key=/               13500 not in keys.
2025-09-26 16:50:38,616 ; PT3S                                                         ; DEBUG   ; Mx._readMxsFile: TimeNr.    138 read and processed finally=2020-01-28 14:45:14.600000+0000 Values (without TIMESTAMP): 60 - Actual SNAPSHOTTYPE: TIME. - H5Dump: YES: key=/               13600 not in keys.
2025-09-26 16:50:38,616 ; PT3S                                                         ; DEBUG   ; Mx._readMxsFile: TimeNr.    139 read and processed finally=2020-01-28 14:45:14.700000+0000 Values (without TIMESTAMP): 60 - Actual SNAPSHOTTYPE: TIME. - H5Dump: YES: key=/               13700 not in keys.
2025-09-26 16:50:38,616 ; PT3S                                                         ; DEBUG   ; Mx._readMxsFile: TimeNr.    140 read and processed finally=2020-01-28 14:45:14.800000+0000 Values (without TIMESTAMP): 60 - Actual SNAPSHOTTYPE: TIME. - H5Dump: YES: key=/               13800 not in keys.
2025-09-26 16:50:38,627 ; PT3S                                                         ; DEBUG   ; Mx._readMxsFile: TimeNr.    141 read and processed finally=2020-01-28 14:45:14.900000+0000 Values (without TIMESTAMP): 60 - Actual SNAPSHOTTYPE: TIME. - H5Dump: YES: key=/               13900 not in keys.
2025-09-26 16:50:38,630 ; PT3S                                                         ; DEBUG   ; Mx._readMxsFile: TimeNr.    142 read and processed finally=2020-01-28 14:45:15.000000+0000 Values (without TIMESTAMP): 60 - Actual SNAPSHOTTYPE: TIME. - H5Dump: YES: key=/               14000 not in keys.
2025-09-26 16:50:38,636 ; PT3S                                                         ; DEBUG   ; Mx._readMxsFile: TimeNr.    143 read and processed finally=2020-01-28 14:45:15.100000+0000 Values (without TIMESTAMP): 60 - Actual SNAPSHOTTYPE: TIME. - H5Dump: YES: key=/               14100 not in keys.
2025-09-26 16:50:38,643 ; PT3S                                                         ; DEBUG   ; Mx._readMxsFile: TimeNr.    144 read and processed finally=2020-01-28 14:45:15.200000+0000 Values (without TIMESTAMP): 60 - Actual SNAPSHOTTYPE: TIME. - H5Dump: YES: key=/               14200 not in keys.
2025-09-26 16:50:38,646 ; PT3S                                                         ; DEBUG   ; Mx._readMxsFile: TimeNr.    145 read and processed finally=2020-01-28 14:45:15.300000+0000 Values (without TIMESTAMP): 60 - Actual SNAPSHOTTYPE: TIME. - H5Dump: YES: key=/               14300 not in keys.
2025-09-26 16:50:38,646 ; PT3S                                                         ; DEBUG   ; Mx._readMxsFile: TimeNr.    146 read and processed finally=2020-01-28 14:45:15.400000+0000 Values (without TIMESTAMP): 60 - Actual SNAPSHOTTYPE: TIME. - H5Dump: YES: key=/               14400 not in keys.
2025-09-26 16:50:38,659 ; PT3S                                                         ; DEBUG   ; Mx._readMxsFile: TimeNr.    147 read and processed finally=2020-01-28 14:45:15.500000+0000 Values (without TIMESTAMP): 60 - Actual SNAPSHOTTYPE: TIME. - H5Dump: YES: key=/               14500 not in keys.
2025-09-26 16:50:38,662 ; PT3S                                                         ; DEBUG   ; Mx._readMxsFile: TimeNr.    148 read and processed finally=2020-01-28 14:45:15.600000+0000 Values (without TIMESTAMP): 60 - Actual SNAPSHOTTYPE: TIME. - H5Dump: YES: key=/               14600 not in keys.
2025-09-26 16:50:38,662 ; PT3S                                                         ; DEBUG   ; Mx._readMxsFile: TimeNr.    149 read and processed finally=2020-01-28 14:45:15.700000+0000 Values (without TIMESTAMP): 60 - Actual SNAPSHOTTYPE: TIME. - H5Dump: YES: key=/               14700 not in keys.
2025-09-26 16:50:38,662 ; PT3S                                                         ; DEBUG   ; Mx._readMxsFile: TimeNr.    150 read and processed finally=2020-01-28 14:45:15.800000+0000 Values (without TIMESTAMP): 60 - Actual SNAPSHOTTYPE: TIME. - H5Dump: YES: key=/               14800 not in keys.
2025-09-26 16:50:38,682 ; PT3S                                                         ; DEBUG   ; Mx._readMxsFile: TimeNr.    151 read and processed finally=2020-01-28 14:45:15.900000+0000 Values (without TIMESTAMP): 60 - Actual SNAPSHOTTYPE: TIME. - H5Dump: YES: key=/               14900 not in keys.
2025-09-26 16:50:38,686 ; PT3S                                                         ; DEBUG   ; Mx._readMxsFile: TimeNr.    152 read and processed finally=2020-01-28 14:45:16.000000+0000 Values (without TIMESTAMP): 60 - Actual SNAPSHOTTYPE: TIME. - H5Dump: YES: key=/               15000 not in keys.
2025-09-26 16:50:38,691 ; PT3S                                                         ; DEBUG   ; Mx._readMxsFile: TimeNr.    153 read and processed finally=2020-01-28 14:45:16.100000+0000 Values (without TIMESTAMP): 60 - Actual SNAPSHOTTYPE: TIME. - H5Dump: YES: key=/               15100 not in keys.
2025-09-26 16:50:38,697 ; PT3S                                                         ; DEBUG   ; Mx._readMxsFile: TimeNr.    154 read and processed finally=2020-01-28 14:45:16.200000+0000 Values (without TIMESTAMP): 60 - Actual SNAPSHOTTYPE: TIME. - H5Dump: YES: key=/               15200 not in keys.
2025-09-26 16:50:38,699 ; PT3S                                                         ; DEBUG   ; Mx._readMxsFile: TimeNr.    155 read and processed finally=2020-01-28 14:45:16.300000+0000 Values (without TIMESTAMP): 60 - Actual SNAPSHOTTYPE: TIME. - H5Dump: YES: key=/               15300 not in keys.
2025-09-26 16:50:38,699 ; PT3S                                                         ; DEBUG   ; Mx._readMxsFile: TimeNr.    156 read and processed finally=2020-01-28 14:45:16.400000+0000 Values (without TIMESTAMP): 60 - Actual SNAPSHOTTYPE: TIME. - H5Dump: YES: key=/               15400 not in keys.
2025-09-26 16:50:38,712 ; PT3S                                                         ; DEBUG   ; Mx._readMxsFile: TimeNr.    157 read and processed finally=2020-01-28 14:45:16.500000+0000 Values (without TIMESTAMP): 60 - Actual SNAPSHOTTYPE: TIME. - H5Dump: YES: key=/               15500 not in keys.
2025-09-26 16:50:38,715 ; PT3S                                                         ; DEBUG   ; Mx._readMxsFile: TimeNr.    158 read and processed finally=2020-01-28 14:45:16.600000+0000 Values (without TIMESTAMP): 60 - Actual SNAPSHOTTYPE: TIME. - H5Dump: YES: key=/               15600 not in keys.
2025-09-26 16:50:38,715 ; PT3S                                                         ; DEBUG   ; Mx._readMxsFile: TimeNr.    159 read and processed finally=2020-01-28 14:45:16.700000+0000 Values (without TIMESTAMP): 60 - Actual SNAPSHOTTYPE: TIME. - H5Dump: YES: key=/               15700 not in keys.
2025-09-26 16:50:38,715 ; PT3S                                                         ; DEBUG   ; Mx._readMxsFile: TimeNr.    160 read and processed finally=2020-01-28 14:45:16.800000+0000 Values (without TIMESTAMP): 60 - Actual SNAPSHOTTYPE: TIME. - H5Dump: YES: key=/               15800 not in keys.
2025-09-26 16:50:38,727 ; PT3S                                                         ; DEBUG   ; Mx._readMxsFile: TimeNr.    161 read and processed finally=2020-01-28 14:45:16.900000+0000 Values (without TIMESTAMP): 60 - Actual SNAPSHOTTYPE: TIME. - H5Dump: YES: key=/               15900 not in keys.
2025-09-26 16:50:38,727 ; PT3S                                                         ; DEBUG   ; Mx._readMxsFile: TimeNr.    162 read and processed finally=2020-01-28 14:45:17.000000+0000 Values (without TIMESTAMP): 60 - Actual SNAPSHOTTYPE: TIME. - H5Dump: YES: key=/               16000 not in keys.
2025-09-26 16:50:38,736 ; PT3S                                                         ; DEBUG   ; Mx._readMxsFile: TimeNr.    163 read and processed finally=2020-01-28 14:45:17.100000+0000 Values (without TIMESTAMP): 60 - Actual SNAPSHOTTYPE: TIME. - H5Dump: YES: key=/               16100 not in keys.
2025-09-26 16:50:38,744 ; PT3S                                                         ; DEBUG   ; Mx._readMxsFile: TimeNr.    164 read and processed finally=2020-01-28 14:45:17.200000+0000 Values (without TIMESTAMP): 60 - Actual SNAPSHOTTYPE: TIME. - H5Dump: YES: key=/               16200 not in keys.
2025-09-26 16:50:38,749 ; PT3S                                                         ; DEBUG   ; Mx._readMxsFile: TimeNr.    165 read and processed finally=2020-01-28 14:45:17.300000+0000 Values (without TIMESTAMP): 60 - Actual SNAPSHOTTYPE: TIME. - H5Dump: YES: key=/               16300 not in keys.
2025-09-26 16:50:38,749 ; PT3S                                                         ; DEBUG   ; Mx._readMxsFile: TimeNr.    166 read and processed finally=2020-01-28 14:45:17.400000+0000 Values (without TIMESTAMP): 60 - Actual SNAPSHOTTYPE: TIME. - H5Dump: YES: key=/               16400 not in keys.
2025-09-26 16:50:38,749 ; PT3S                                                         ; DEBUG   ; Mx._readMxsFile: TimeNr.    167 read and processed finally=2020-01-28 14:45:17.500000+0000 Values (without TIMESTAMP): 60 - Actual SNAPSHOTTYPE: TIME. - H5Dump: YES: key=/               16500 not in keys.
2025-09-26 16:50:38,761 ; PT3S                                                         ; DEBUG   ; Mx._readMxsFile: TimeNr.    168 read and processed finally=2020-01-28 14:45:17.600000+0000 Values (without TIMESTAMP): 60 - Actual SNAPSHOTTYPE: TIME. - H5Dump: YES: key=/               16600 not in keys.
2025-09-26 16:50:38,761 ; PT3S                                                         ; DEBUG   ; Mx._readMxsFile: TimeNr.    169 read and processed finally=2020-01-28 14:45:17.700000+0000 Values (without TIMESTAMP): 60 - Actual SNAPSHOTTYPE: TIME. - H5Dump: YES: key=/               16700 not in keys.
2025-09-26 16:50:38,761 ; PT3S                                                         ; DEBUG   ; Mx._readMxsFile: TimeNr.    170 read and processed finally=2020-01-28 14:45:17.800000+0000 Values (without TIMESTAMP): 60 - Actual SNAPSHOTTYPE: TIME. - H5Dump: YES: key=/               16800 not in keys.
2025-09-26 16:50:38,778 ; PT3S                                                         ; DEBUG   ; Mx._readMxsFile: TimeNr.    171 read and processed finally=2020-01-28 14:45:17.900000+0000 Values (without TIMESTAMP): 60 - Actual SNAPSHOTTYPE: TIME. - H5Dump: YES: key=/               16900 not in keys.
2025-09-26 16:50:38,778 ; PT3S                                                         ; DEBUG   ; Mx._readMxsFile: TimeNr.    172 read and processed finally=2020-01-28 14:45:18.000000+0000 Values (without TIMESTAMP): 60 - Actual SNAPSHOTTYPE: TIME. - H5Dump: YES: key=/               17000 not in keys.
2025-09-26 16:50:38,787 ; PT3S                                                         ; DEBUG   ; Mx._readMxsFile: TimeNr.    173 read and processed finally=2020-01-28 14:45:18.100000+0000 Values (without TIMESTAMP): 60 - Actual SNAPSHOTTYPE: TIME. - H5Dump: YES: key=/               17100 not in keys.
2025-09-26 16:50:38,787 ; PT3S                                                         ; DEBUG   ; Mx._readMxsFile: TimeNr.    174 read and processed finally=2020-01-28 14:45:18.200000+0000 Values (without TIMESTAMP): 60 - Actual SNAPSHOTTYPE: TIME. - H5Dump: YES: key=/               17200 not in keys.
2025-09-26 16:50:38,796 ; PT3S                                                         ; DEBUG   ; Mx._readMxsFile: TimeNr.    175 read and processed finally=2020-01-28 14:45:18.300000+0000 Values (without TIMESTAMP): 60 - Actual SNAPSHOTTYPE: TIME. - H5Dump: YES: key=/               17300 not in keys.
2025-09-26 16:50:38,800 ; PT3S                                                         ; DEBUG   ; Mx._readMxsFile: TimeNr.    176 read and processed finally=2020-01-28 14:45:18.400000+0000 Values (without TIMESTAMP): 60 - Actual SNAPSHOTTYPE: TIME. - H5Dump: YES: key=/               17400 not in keys.
2025-09-26 16:50:38,800 ; PT3S                                                         ; DEBUG   ; Mx._readMxsFile: TimeNr.    177 read and processed finally=2020-01-28 14:45:18.500000+0000 Values (without TIMESTAMP): 60 - Actual SNAPSHOTTYPE: TIME. - H5Dump: YES: key=/               17500 not in keys.
2025-09-26 16:50:38,811 ; PT3S                                                         ; DEBUG   ; Mx._readMxsFile: TimeNr.    178 read and processed finally=2020-01-28 14:45:18.600000+0000 Values (without TIMESTAMP): 60 - Actual SNAPSHOTTYPE: TIME. - H5Dump: YES: key=/               17600 not in keys.
2025-09-26 16:50:38,815 ; PT3S                                                         ; DEBUG   ; Mx._readMxsFile: TimeNr.    179 read and processed finally=2020-01-28 14:45:18.700000+0000 Values (without TIMESTAMP): 60 - Actual SNAPSHOTTYPE: TIME. - H5Dump: YES: key=/               17700 not in keys.
2025-09-26 16:50:38,815 ; PT3S                                                         ; DEBUG   ; Mx._readMxsFile: TimeNr.    180 read and processed finally=2020-01-28 14:45:18.800000+0000 Values (without TIMESTAMP): 60 - Actual SNAPSHOTTYPE: TIME. - H5Dump: YES: key=/               17800 not in keys.
2025-09-26 16:50:38,815 ; PT3S                                                         ; DEBUG   ; Mx._readMxsFile: TimeNr.    181 read and processed finally=2020-01-28 14:45:18.900000+0000 Values (without TIMESTAMP): 60 - Actual SNAPSHOTTYPE: TIME. - H5Dump: YES: key=/               17900 not in keys.
2025-09-26 16:50:38,830 ; PT3S                                                         ; DEBUG   ; Mx._readMxsFile: TimeNr.    182 read and processed finally=2020-01-28 14:45:19.000000+0000 Values (without TIMESTAMP): 60 - Actual SNAPSHOTTYPE: TIME. - H5Dump: YES: key=/               18000 not in keys.
2025-09-26 16:50:38,832 ; PT3S                                                         ; DEBUG   ; Mx._readMxsFile: TimeNr.    183 read and processed finally=2020-01-28 14:45:19.100000+0000 Values (without TIMESTAMP): 60 - Actual SNAPSHOTTYPE: TIME. - H5Dump: YES: key=/               18100 not in keys.
2025-09-26 16:50:38,836 ; PT3S                                                         ; DEBUG   ; Mx._readMxsFile: TimeNr.    184 read and processed finally=2020-01-28 14:45:19.200000+0000 Values (without TIMESTAMP): 60 - Actual SNAPSHOTTYPE: TIME. - H5Dump: YES: key=/               18200 not in keys.
2025-09-26 16:50:38,844 ; PT3S                                                         ; DEBUG   ; Mx._readMxsFile: TimeNr.    185 read and processed finally=2020-01-28 14:45:19.300000+0000 Values (without TIMESTAMP): 60 - Actual SNAPSHOTTYPE: TIME. - H5Dump: YES: key=/               18300 not in keys.
2025-09-26 16:50:38,847 ; PT3S                                                         ; DEBUG   ; Mx._readMxsFile: TimeNr.    186 read and processed finally=2020-01-28 14:45:19.400000+0000 Values (without TIMESTAMP): 60 - Actual SNAPSHOTTYPE: TIME. - H5Dump: YES: key=/               18400 not in keys.
2025-09-26 16:50:38,847 ; PT3S                                                         ; DEBUG   ; Mx._readMxsFile: TimeNr.    187 read and processed finally=2020-01-28 14:45:19.500000+0000 Values (without TIMESTAMP): 60 - Actual SNAPSHOTTYPE: TIME. - H5Dump: YES: key=/               18500 not in keys.
2025-09-26 16:50:38,861 ; PT3S                                                         ; DEBUG   ; Mx._readMxsFile: TimeNr.    188 read and processed finally=2020-01-28 14:45:19.600000+0000 Values (without TIMESTAMP): 60 - Actual SNAPSHOTTYPE: TIME. - H5Dump: YES: key=/               18600 not in keys.
2025-09-26 16:50:38,866 ; PT3S                                                         ; DEBUG   ; Mx._readMxsFile: TimeNr.    189 read and processed finally=2020-01-28 14:45:19.700000+0000 Values (without TIMESTAMP): 60 - Actual SNAPSHOTTYPE: TIME. - H5Dump: YES: key=/               18700 not in keys.
2025-09-26 16:50:38,866 ; PT3S                                                         ; DEBUG   ; Mx._readMxsFile: TimeNr.    190 read and processed finally=2020-01-28 14:45:19.800000+0000 Values (without TIMESTAMP): 60 - Actual SNAPSHOTTYPE: TIME. - H5Dump: YES: key=/               18800 not in keys.
2025-09-26 16:50:38,876 ; PT3S                                                         ; DEBUG   ; Mx._readMxsFile: TimeNr.    191 read and processed finally=2020-01-28 14:45:19.900000+0000 Values (without TIMESTAMP): 60 - Actual SNAPSHOTTYPE: TIME. - H5Dump: YES: key=/               18900 not in keys.
2025-09-26 16:50:38,877 ; PT3S                                                         ; DEBUG   ; Mx._readMxsFile: TimeNr.    192 read and processed finally=2020-01-28 14:45:20.000000+0000 Values (without TIMESTAMP): 60 - Actual SNAPSHOTTYPE: TIME. - H5Dump: YES: key=/               19000 not in keys.
2025-09-26 16:50:38,886 ; PT3S                                                         ; DEBUG   ; Mx._readMxsFile: TimeNr.    193 read and processed finally=2020-01-28 14:45:20.100000+0000 Values (without TIMESTAMP): 60 - Actual SNAPSHOTTYPE: TIME. - H5Dump: YES: key=/               19100 not in keys.
2025-09-26 16:50:38,891 ; PT3S                                                         ; DEBUG   ; Mx._readMxsFile: TimeNr.    194 read and processed finally=2020-01-28 14:45:20.200000+0000 Values (without TIMESTAMP): 60 - Actual SNAPSHOTTYPE: TIME. - H5Dump: YES: key=/               19200 not in keys.
2025-09-26 16:50:38,898 ; PT3S                                                         ; DEBUG   ; Mx._readMxsFile: TimeNr.    195 read and processed finally=2020-01-28 14:45:20.300000+0000 Values (without TIMESTAMP): 60 - Actual SNAPSHOTTYPE: TIME. - H5Dump: YES: key=/               19300 not in keys.
2025-09-26 16:50:38,898 ; PT3S                                                         ; DEBUG   ; Mx._readMxsFile: TimeNr.    196 read and processed finally=2020-01-28 14:45:20.400000+0000 Values (without TIMESTAMP): 60 - Actual SNAPSHOTTYPE: TIME. - H5Dump: YES: key=/               19400 not in keys.
2025-09-26 16:50:38,898 ; PT3S                                                         ; DEBUG   ; Mx._readMxsFile: TimeNr.    197 read and processed finally=2020-01-28 14:45:20.500000+0000 Values (without TIMESTAMP): 60 - Actual SNAPSHOTTYPE: TIME. - H5Dump: YES: key=/               19500 not in keys.
2025-09-26 16:50:38,898 ; PT3S                                                         ; DEBUG   ; Mx._readMxsFile: TimeNr.    198 read and processed finally=2020-01-28 14:45:20.600000+0000 Values (without TIMESTAMP): 60 - Actual SNAPSHOTTYPE: TIME. - H5Dump: YES: key=/               19600 not in keys.
2025-09-26 16:50:38,914 ; PT3S                                                         ; DEBUG   ; Mx._readMxsFile: TimeNr.    199 read and processed finally=2020-01-28 14:45:20.700000+0000 Values (without TIMESTAMP): 60 - Actual SNAPSHOTTYPE: TIME. - H5Dump: YES: key=/               19700 not in keys.
2025-09-26 16:50:38,917 ; PT3S                                                         ; DEBUG   ; Mx._readMxsFile: TimeNr.    200 read and processed finally=2020-01-28 14:45:20.800000+0000 Values (without TIMESTAMP): 60 - Actual SNAPSHOTTYPE: TIME. - H5Dump: YES: key=/               19800 not in keys.
2025-09-26 16:50:38,917 ; PT3S                                                         ; DEBUG   ; Mx._readMxsFile: TimeNr.    201 read and processed finally=2020-01-28 14:45:20.900000+0000 Values (without TIMESTAMP): 60 - Actual SNAPSHOTTYPE: TIME. - H5Dump: YES: key=/               19900 not in keys.
2025-09-26 16:50:38,929 ; PT3S                                                         ; DEBUG   ; Mx._readMxsFile: TimeNr.    202 read and processed finally=2020-01-28 14:45:21.000000+0000 Values (without TIMESTAMP): 60 - Actual SNAPSHOTTYPE: TIME. - H5Dump: YES: key=/               20000 not in keys.
2025-09-26 16:50:38,940 ; PT3S                                                         ; DEBUG   ; Mx._readMxsFile: TimeNr.    203 read and processed finally=2020-01-28 14:45:21.100000+0000 Values (without TIMESTAMP): 60 - Actual SNAPSHOTTYPE: TIME. - H5Dump: YES: key=/               20100 not in keys.
2025-09-26 16:50:38,946 ; PT3S                                                         ; DEBUG   ; Mx._readMxsFile: TimeNr.    204 read and processed finally=2020-01-28 14:45:21.200000+0000 Values (without TIMESTAMP): 60 - Actual SNAPSHOTTYPE: TIME. - H5Dump: YES: key=/               20200 not in keys.
2025-09-26 16:50:38,946 ; PT3S                                                         ; DEBUG   ; Mx._readMxsFile: TimeNr.    205 read and processed finally=2020-01-28 14:45:21.300000+0000 Values (without TIMESTAMP): 60 - Actual SNAPSHOTTYPE: TIME. - H5Dump: YES: key=/               20300 not in keys.
2025-09-26 16:50:38,946 ; PT3S                                                         ; DEBUG   ; Mx._readMxsFile: TimeNr.    206 read and processed finally=2020-01-28 14:45:21.400000+0000 Values (without TIMESTAMP): 60 - Actual SNAPSHOTTYPE: TIME. - H5Dump: YES: key=/               20400 not in keys.
2025-09-26 16:50:38,960 ; PT3S                                                         ; DEBUG   ; Mx._readMxsFile: TimeNr.    207 read and processed finally=2020-01-28 14:45:21.500000+0000 Values (without TIMESTAMP): 60 - Actual SNAPSHOTTYPE: TIME. - H5Dump: YES: key=/               20500 not in keys.
2025-09-26 16:50:38,960 ; PT3S                                                         ; DEBUG   ; Mx._readMxsFile: TimeNr.    208 read and processed finally=2020-01-28 14:45:21.600000+0000 Values (without TIMESTAMP): 60 - Actual SNAPSHOTTYPE: TIME. - H5Dump: YES: key=/               20600 not in keys.
2025-09-26 16:50:38,960 ; PT3S                                                         ; DEBUG   ; Mx._readMxsFile: TimeNr.    209 read and processed finally=2020-01-28 14:45:21.700000+0000 Values (without TIMESTAMP): 60 - Actual SNAPSHOTTYPE: TIME. - H5Dump: YES: key=/               20700 not in keys.
2025-09-26 16:50:38,976 ; PT3S                                                         ; DEBUG   ; Mx._readMxsFile: TimeNr.    210 read and processed finally=2020-01-28 14:45:21.800000+0000 Values (without TIMESTAMP): 60 - Actual SNAPSHOTTYPE: TIME. - H5Dump: YES: key=/               20800 not in keys.
2025-09-26 16:50:38,977 ; PT3S                                                         ; DEBUG   ; Mx._readMxsFile: TimeNr.    211 read and processed finally=2020-01-28 14:45:21.900000+0000 Values (without TIMESTAMP): 60 - Actual SNAPSHOTTYPE: TIME. - H5Dump: YES: key=/               20900 not in keys.
2025-09-26 16:50:38,986 ; PT3S                                                         ; DEBUG   ; Mx._readMxsFile: TimeNr.    212 read and processed finally=2020-01-28 14:45:22.000000+0000 Values (without TIMESTAMP): 60 - Actual SNAPSHOTTYPE: TIME. - H5Dump: YES: key=/               21000 not in keys.
2025-09-26 16:50:38,991 ; PT3S                                                         ; DEBUG   ; Mx._readMxsFile: TimeNr.    213 read and processed finally=2020-01-28 14:45:22.100000+0000 Values (without TIMESTAMP): 60 - Actual SNAPSHOTTYPE: TIME. - H5Dump: YES: key=/               21100 not in keys.
2025-09-26 16:50:38,996 ; PT3S                                                         ; DEBUG   ; Mx._readMxsFile: TimeNr.    214 read and processed finally=2020-01-28 14:45:22.200000+0000 Values (without TIMESTAMP): 60 - Actual SNAPSHOTTYPE: TIME. - H5Dump: YES: key=/               21200 not in keys.
2025-09-26 16:50:38,996 ; PT3S                                                         ; DEBUG   ; Mx._readMxsFile: TimeNr.    215 read and processed finally=2020-01-28 14:45:22.300000+0000 Values (without TIMESTAMP): 60 - Actual SNAPSHOTTYPE: TIME. - H5Dump: YES: key=/               21300 not in keys.
2025-09-26 16:50:39,003 ; PT3S                                                         ; DEBUG   ; Mx._readMxsFile: TimeNr.    216 read and processed finally=2020-01-28 14:45:22.400000+0000 Values (without TIMESTAMP): 60 - Actual SNAPSHOTTYPE: TIME. - H5Dump: YES: key=/               21400 not in keys.
2025-09-26 16:50:39,011 ; PT3S                                                         ; DEBUG   ; Mx._readMxsFile: TimeNr.    217 read and processed finally=2020-01-28 14:45:22.500000+0000 Values (without TIMESTAMP): 60 - Actual SNAPSHOTTYPE: TIME. - H5Dump: YES: key=/               21500 not in keys.
2025-09-26 16:50:39,015 ; PT3S                                                         ; DEBUG   ; Mx._readMxsFile: TimeNr.    218 read and processed finally=2020-01-28 14:45:22.600000+0000 Values (without TIMESTAMP): 60 - Actual SNAPSHOTTYPE: TIME. - H5Dump: YES: key=/               21600 not in keys.
2025-09-26 16:50:39,020 ; PT3S                                                         ; DEBUG   ; Mx._readMxsFile: TimeNr.    219 read and processed finally=2020-01-28 14:45:22.700000+0000 Values (without TIMESTAMP): 60 - Actual SNAPSHOTTYPE: TIME. - H5Dump: YES: key=/               21700 not in keys.
2025-09-26 16:50:39,029 ; PT3S                                                         ; DEBUG   ; Mx._readMxsFile: TimeNr.    220 read and processed finally=2020-01-28 14:45:22.800000+0000 Values (without TIMESTAMP): 60 - Actual SNAPSHOTTYPE: TIME. - H5Dump: YES: key=/               21800 not in keys.
2025-09-26 16:50:39,034 ; PT3S                                                         ; DEBUG   ; Mx._readMxsFile: TimeNr.    221 read and processed finally=2020-01-28 14:45:22.900000+0000 Values (without TIMESTAMP): 60 - Actual SNAPSHOTTYPE: TIME. - H5Dump: YES: key=/               21900 not in keys.
2025-09-26 16:50:39,038 ; PT3S                                                         ; DEBUG   ; Mx._readMxsFile: TimeNr.    222 read and processed finally=2020-01-28 14:45:23.000000+0000 Values (without TIMESTAMP): 60 - Actual SNAPSHOTTYPE: TIME. - H5Dump: YES: key=/               22000 not in keys.
2025-09-26 16:50:39,043 ; PT3S                                                         ; DEBUG   ; Mx._readMxsFile: TimeNr.    223 read and processed finally=2020-01-28 14:45:23.100000+0000 Values (without TIMESTAMP): 60 - Actual SNAPSHOTTYPE: TIME. - H5Dump: YES: key=/               22100 not in keys.
2025-09-26 16:50:39,047 ; PT3S                                                         ; DEBUG   ; Mx._readMxsFile: TimeNr.    224 read and processed finally=2020-01-28 14:45:23.200000+0000 Values (without TIMESTAMP): 60 - Actual SNAPSHOTTYPE: TIME. - H5Dump: YES: key=/               22200 not in keys.
2025-09-26 16:50:39,047 ; PT3S                                                         ; DEBUG   ; Mx._readMxsFile: TimeNr.    225 read and processed finally=2020-01-28 14:45:23.300000+0000 Values (without TIMESTAMP): 60 - Actual SNAPSHOTTYPE: TIME. - H5Dump: YES: key=/               22300 not in keys.
2025-09-26 16:50:39,047 ; PT3S                                                         ; DEBUG   ; Mx._readMxsFile: TimeNr.    226 read and processed finally=2020-01-28 14:45:23.400000+0000 Values (without TIMESTAMP): 60 - Actual SNAPSHOTTYPE: TIME. - H5Dump: YES: key=/               22400 not in keys.
2025-09-26 16:50:39,060 ; PT3S                                                         ; DEBUG   ; Mx._readMxsFile: TimeNr.    227 read and processed finally=2020-01-28 14:45:23.500000+0000 Values (without TIMESTAMP): 60 - Actual SNAPSHOTTYPE: TIME. - H5Dump: YES: key=/               22500 not in keys.
2025-09-26 16:50:39,060 ; PT3S                                                         ; DEBUG   ; Mx._readMxsFile: TimeNr.    228 read and processed finally=2020-01-28 14:45:23.600000+0000 Values (without TIMESTAMP): 60 - Actual SNAPSHOTTYPE: TIME. - H5Dump: YES: key=/               22600 not in keys.
2025-09-26 16:50:39,060 ; PT3S                                                         ; DEBUG   ; Mx._readMxsFile: TimeNr.    229 read and processed finally=2020-01-28 14:45:23.700000+0000 Values (without TIMESTAMP): 60 - Actual SNAPSHOTTYPE: TIME. - H5Dump: YES: key=/               22700 not in keys.
2025-09-26 16:50:39,076 ; PT3S                                                         ; DEBUG   ; Mx._readMxsFile: TimeNr.    230 read and processed finally=2020-01-28 14:45:23.800000+0000 Values (without TIMESTAMP): 60 - Actual SNAPSHOTTYPE: TIME. - H5Dump: YES: key=/               22800 not in keys.
2025-09-26 16:50:39,081 ; PT3S                                                         ; DEBUG   ; Mx._readMxsFile: TimeNr.    231 read and processed finally=2020-01-28 14:45:23.900000+0000 Values (without TIMESTAMP): 60 - Actual SNAPSHOTTYPE: TIME. - H5Dump: YES: key=/               22900 not in keys.
2025-09-26 16:50:39,086 ; PT3S                                                         ; DEBUG   ; Mx._readMxsFile: TimeNr.    232 read and processed finally=2020-01-28 14:45:24.000000+0000 Values (without TIMESTAMP): 60 - Actual SNAPSHOTTYPE: TIME. - H5Dump: YES: key=/               23000 not in keys.
2025-09-26 16:50:39,086 ; PT3S                                                         ; DEBUG   ; Mx._readMxsFile: TimeNr.    233 read and processed finally=2020-01-28 14:45:24.100000+0000 Values (without TIMESTAMP): 60 - Actual SNAPSHOTTYPE: TIME. - H5Dump: YES: key=/               23100 not in keys.
2025-09-26 16:50:39,094 ; PT3S                                                         ; DEBUG   ; Mx._readMxsFile: TimeNr.    234 read and processed finally=2020-01-28 14:45:24.200000+0000 Values (without TIMESTAMP): 60 - Actual SNAPSHOTTYPE: TIME. - H5Dump: YES: key=/               23200 not in keys.
2025-09-26 16:50:39,102 ; PT3S                                                         ; DEBUG   ; Mx._readMxsFile: TimeNr.    235 read and processed finally=2020-01-28 14:45:24.300000+0000 Values (without TIMESTAMP): 60 - Actual SNAPSHOTTYPE: TIME. - H5Dump: YES: key=/               23300 not in keys.
2025-09-26 16:50:39,107 ; PT3S                                                         ; DEBUG   ; Mx._readMxsFile: TimeNr.    236 read and processed finally=2020-01-28 14:45:24.400000+0000 Values (without TIMESTAMP): 60 - Actual SNAPSHOTTYPE: TIME. - H5Dump: YES: key=/               23400 not in keys.
2025-09-26 16:50:39,113 ; PT3S                                                         ; DEBUG   ; Mx._readMxsFile: TimeNr.    237 read and processed finally=2020-01-28 14:45:24.500000+0000 Values (without TIMESTAMP): 60 - Actual SNAPSHOTTYPE: TIME. - H5Dump: YES: key=/               23500 not in keys.
2025-09-26 16:50:39,116 ; PT3S                                                         ; DEBUG   ; Mx._readMxsFile: TimeNr.    238 read and processed finally=2020-01-28 14:45:24.600000+0000 Values (without TIMESTAMP): 60 - Actual SNAPSHOTTYPE: TIME. - H5Dump: YES: key=/               23600 not in keys.
2025-09-26 16:50:39,116 ; PT3S                                                         ; DEBUG   ; Mx._readMxsFile: TimeNr.    239 read and processed finally=2020-01-28 14:45:24.700000+0000 Values (without TIMESTAMP): 60 - Actual SNAPSHOTTYPE: TIME. - H5Dump: YES: key=/               23700 not in keys.
2025-09-26 16:50:39,130 ; PT3S                                                         ; DEBUG   ; Mx._readMxsFile: TimeNr.    240 read and processed finally=2020-01-28 14:45:24.800000+0000 Values (without TIMESTAMP): 60 - Actual SNAPSHOTTYPE: TIME. - H5Dump: YES: key=/               23800 not in keys.
2025-09-26 16:50:39,130 ; PT3S                                                         ; DEBUG   ; Mx._readMxsFile: TimeNr.    241 read and processed finally=2020-01-28 14:45:24.900000+0000 Values (without TIMESTAMP): 60 - Actual SNAPSHOTTYPE: TIME. - H5Dump: YES: key=/               23900 not in keys.
2025-09-26 16:50:39,141 ; PT3S                                                         ; DEBUG   ; Mx._readMxsFile: TimeNr.    242 read and processed finally=2020-01-28 14:45:25.000000+0000 Values (without TIMESTAMP): 60 - Actual SNAPSHOTTYPE: TIME. - H5Dump: YES: key=/               24000 not in keys.
2025-09-26 16:50:39,148 ; PT3S                                                         ; DEBUG   ; Mx._readMxsFile: TimeNr.    243 read and processed finally=2020-01-28 14:45:25.100000+0000 Values (without TIMESTAMP): 60 - Actual SNAPSHOTTYPE: TIME. - H5Dump: YES: key=/               24100 not in keys.
2025-09-26 16:50:39,154 ; PT3S                                                         ; DEBUG   ; Mx._readMxsFile: TimeNr.    244 read and processed finally=2020-01-28 14:45:25.200000+0000 Values (without TIMESTAMP): 60 - Actual SNAPSHOTTYPE: TIME. - H5Dump: YES: key=/               24200 not in keys.
2025-09-26 16:50:39,159 ; PT3S                                                         ; DEBUG   ; Mx._readMxsFile: TimeNr.    245 read and processed finally=2020-01-28 14:45:25.300000+0000 Values (without TIMESTAMP): 60 - Actual SNAPSHOTTYPE: TIME. - H5Dump: YES: key=/               24300 not in keys.
2025-09-26 16:50:39,165 ; PT3S                                                         ; DEBUG   ; Mx._readMxsFile: TimeNr.    246 read and processed finally=2020-01-28 14:45:25.400000+0000 Values (without TIMESTAMP): 60 - Actual SNAPSHOTTYPE: TIME. - H5Dump: YES: key=/               24400 not in keys.
2025-09-26 16:50:39,170 ; PT3S                                                         ; DEBUG   ; Mx._readMxsFile: TimeNr.    247 read and processed finally=2020-01-28 14:45:25.500000+0000 Values (without TIMESTAMP): 60 - Actual SNAPSHOTTYPE: TIME. - H5Dump: YES: key=/               24500 not in keys.
2025-09-26 16:50:39,176 ; PT3S                                                         ; DEBUG   ; Mx._readMxsFile: TimeNr.    248 read and processed finally=2020-01-28 14:45:25.600000+0000 Values (without TIMESTAMP): 60 - Actual SNAPSHOTTYPE: TIME. - H5Dump: YES: key=/               24600 not in keys.
2025-09-26 16:50:39,183 ; PT3S                                                         ; DEBUG   ; Mx._readMxsFile: TimeNr.    249 read and processed finally=2020-01-28 14:45:25.700000+0000 Values (without TIMESTAMP): 60 - Actual SNAPSHOTTYPE: TIME. - H5Dump: YES: key=/               24700 not in keys.
2025-09-26 16:50:39,191 ; PT3S                                                         ; DEBUG   ; Mx._readMxsFile: TimeNr.    250 read and processed finally=2020-01-28 14:45:25.800000+0000 Values (without TIMESTAMP): 60 - Actual SNAPSHOTTYPE: TIME. - H5Dump: YES: key=/               24800 not in keys.
2025-09-26 16:50:39,199 ; PT3S                                                         ; DEBUG   ; Mx._readMxsFile: TimeNr.    251 read and processed finally=2020-01-28 14:45:25.900000+0000 Values (without TIMESTAMP): 60 - Actual SNAPSHOTTYPE: TIME. - H5Dump: YES: key=/               24900 not in keys.
2025-09-26 16:50:39,206 ; PT3S                                                         ; DEBUG   ; Mx._readMxsFile: TimeNr.    252 read and processed finally=2020-01-28 14:45:26.000000+0000 Values (without TIMESTAMP): 60 - Actual SNAPSHOTTYPE: TIME. - H5Dump: YES: key=/               25000 not in keys.
2025-09-26 16:50:39,213 ; PT3S                                                         ; DEBUG   ; Mx._readMxsFile: TimeNr.    253 read and processed finally=2020-01-28 14:45:26.100000+0000 Values (without TIMESTAMP): 60 - Actual SNAPSHOTTYPE: TIME. - H5Dump: YES: key=/               25100 not in keys.
2025-09-26 16:50:39,219 ; PT3S                                                         ; DEBUG   ; Mx._readMxsFile: TimeNr.    254 read and processed finally=2020-01-28 14:45:26.200000+0000 Values (without TIMESTAMP): 60 - Actual SNAPSHOTTYPE: TIME. - H5Dump: YES: key=/               25200 not in keys.
2025-09-26 16:50:39,224 ; PT3S                                                         ; DEBUG   ; Mx._readMxsFile: TimeNr.    255 read and processed finally=2020-01-28 14:45:26.300000+0000 Values (without TIMESTAMP): 60 - Actual SNAPSHOTTYPE: TIME. - H5Dump: YES: key=/               25300 not in keys.
2025-09-26 16:50:39,233 ; PT3S                                                         ; DEBUG   ; Mx._readMxsFile: TimeNr.    256 read and processed finally=2020-01-28 14:45:26.400000+0000 Values (without TIMESTAMP): 60 - Actual SNAPSHOTTYPE: TIME. - H5Dump: YES: key=/               25400 not in keys.
2025-09-26 16:50:39,238 ; PT3S                                                         ; DEBUG   ; Mx._readMxsFile: TimeNr.    257 read and processed finally=2020-01-28 14:45:26.500000+0000 Values (without TIMESTAMP): 60 - Actual SNAPSHOTTYPE: TIME. - H5Dump: YES: key=/               25500 not in keys.
2025-09-26 16:50:39,242 ; PT3S                                                         ; DEBUG   ; Mx._readMxsFile: TimeNr.    258 read and processed finally=2020-01-28 14:45:26.600000+0000 Values (without TIMESTAMP): 60 - Actual SNAPSHOTTYPE: TIME. - H5Dump: YES: key=/               25600 not in keys.
2025-09-26 16:50:39,249 ; PT3S                                                         ; DEBUG   ; Mx._readMxsFile: TimeNr.    259 read and processed finally=2020-01-28 14:45:26.700000+0000 Values (without TIMESTAMP): 60 - Actual SNAPSHOTTYPE: TIME. - H5Dump: YES: key=/               25700 not in keys.
2025-09-26 16:50:39,254 ; PT3S                                                         ; DEBUG   ; Mx._readMxsFile: TimeNr.    260 read and processed finally=2020-01-28 14:45:26.800000+0000 Values (without TIMESTAMP): 60 - Actual SNAPSHOTTYPE: TIME. - H5Dump: YES: key=/               25800 not in keys.
2025-09-26 16:50:39,260 ; PT3S                                                         ; DEBUG   ; Mx._readMxsFile: TimeNr.    261 read and processed finally=2020-01-28 14:45:26.900000+0000 Values (without TIMESTAMP): 60 - Actual SNAPSHOTTYPE: TIME. - H5Dump: YES: key=/               25900 not in keys.
2025-09-26 16:50:39,266 ; PT3S                                                         ; DEBUG   ; Mx._readMxsFile: TimeNr.    262 read and processed finally=2020-01-28 14:45:27.000000+0000 Values (without TIMESTAMP): 60 - Actual SNAPSHOTTYPE: TIME. - H5Dump: YES: key=/               26000 not in keys.
2025-09-26 16:50:39,271 ; PT3S                                                         ; DEBUG   ; Mx._readMxsFile: TimeNr.    263 read and processed finally=2020-01-28 14:45:27.100000+0000 Values (without TIMESTAMP): 60 - Actual SNAPSHOTTYPE: TIME. - H5Dump: YES: key=/               26100 not in keys.
2025-09-26 16:50:39,277 ; PT3S                                                         ; DEBUG   ; Mx._readMxsFile: TimeNr.    264 read and processed finally=2020-01-28 14:45:27.200000+0000 Values (without TIMESTAMP): 60 - Actual SNAPSHOTTYPE: TIME. - H5Dump: YES: key=/               26200 not in keys.
2025-09-26 16:50:39,284 ; PT3S                                                         ; DEBUG   ; Mx._readMxsFile: TimeNr.    265 read and processed finally=2020-01-28 14:45:27.300000+0000 Values (without TIMESTAMP): 60 - Actual SNAPSHOTTYPE: TIME. - H5Dump: YES: key=/               26300 not in keys.
2025-09-26 16:50:39,291 ; PT3S                                                         ; DEBUG   ; Mx._readMxsFile: TimeNr.    266 read and processed finally=2020-01-28 14:45:27.400000+0000 Values (without TIMESTAMP): 60 - Actual SNAPSHOTTYPE: TIME. - H5Dump: YES: key=/               26400 not in keys.
2025-09-26 16:50:39,301 ; PT3S                                                         ; DEBUG   ; Mx._readMxsFile: TimeNr.    267 read and processed finally=2020-01-28 14:45:27.500000+0000 Values (without TIMESTAMP): 60 - Actual SNAPSHOTTYPE: TIME. - H5Dump: YES: key=/               26500 not in keys.
2025-09-26 16:50:39,308 ; PT3S                                                         ; DEBUG   ; Mx._readMxsFile: TimeNr.    268 read and processed finally=2020-01-28 14:45:27.600000+0000 Values (without TIMESTAMP): 60 - Actual SNAPSHOTTYPE: TIME. - H5Dump: YES: key=/               26600 not in keys.
2025-09-26 16:50:39,316 ; PT3S                                                         ; DEBUG   ; Mx._readMxsFile: TimeNr.    269 read and processed finally=2020-01-28 14:45:27.700000+0000 Values (without TIMESTAMP): 60 - Actual SNAPSHOTTYPE: TIME. - H5Dump: YES: key=/               26700 not in keys.
2025-09-26 16:50:39,322 ; PT3S                                                         ; DEBUG   ; Mx._readMxsFile: TimeNr.    270 read and processed finally=2020-01-28 14:45:27.800000+0000 Values (without TIMESTAMP): 60 - Actual SNAPSHOTTYPE: TIME. - H5Dump: YES: key=/               26800 not in keys.
2025-09-26 16:50:39,329 ; PT3S                                                         ; DEBUG   ; Mx._readMxsFile: TimeNr.    271 read and processed finally=2020-01-28 14:45:27.900000+0000 Values (without TIMESTAMP): 60 - Actual SNAPSHOTTYPE: TIME. - H5Dump: YES: key=/               26900 not in keys.
2025-09-26 16:50:39,338 ; PT3S                                                         ; DEBUG   ; Mx._readMxsFile: TimeNr.    272 read and processed finally=2020-01-28 14:45:28.000000+0000 Values (without TIMESTAMP): 60 - Actual SNAPSHOTTYPE: TIME. - H5Dump: YES: key=/               27000 not in keys.
2025-09-26 16:50:39,350 ; PT3S                                                         ; DEBUG   ; Mx._readMxsFile: TimeNr.    273 read and processed finally=2020-01-28 14:45:28.100000+0000 Values (without TIMESTAMP): 60 - Actual SNAPSHOTTYPE: TIME. - H5Dump: YES: key=/               27100 not in keys.
2025-09-26 16:50:39,356 ; PT3S                                                         ; DEBUG   ; Mx._readMxsFile: TimeNr.    274 read and processed finally=2020-01-28 14:45:28.200000+0000 Values (without TIMESTAMP): 60 - Actual SNAPSHOTTYPE: TIME. - H5Dump: YES: key=/               27200 not in keys.
2025-09-26 16:50:39,366 ; PT3S                                                         ; DEBUG   ; Mx._readMxsFile: TimeNr.    275 read and processed finally=2020-01-28 14:45:28.300000+0000 Values (without TIMESTAMP): 60 - Actual SNAPSHOTTYPE: TIME. - H5Dump: YES: key=/               27300 not in keys.
2025-09-26 16:50:39,371 ; PT3S                                                         ; DEBUG   ; Mx._readMxsFile: TimeNr.    276 read and processed finally=2020-01-28 14:45:28.400000+0000 Values (without TIMESTAMP): 60 - Actual SNAPSHOTTYPE: TIME. - H5Dump: YES: key=/               27400 not in keys.
2025-09-26 16:50:39,381 ; PT3S                                                         ; DEBUG   ; Mx._readMxsFile: TimeNr.    277 read and processed finally=2020-01-28 14:45:28.500000+0000 Values (without TIMESTAMP): 60 - Actual SNAPSHOTTYPE: TIME. - H5Dump: YES: key=/               27500 not in keys.
2025-09-26 16:50:39,386 ; PT3S                                                         ; DEBUG   ; Mx._readMxsFile: TimeNr.    278 read and processed finally=2020-01-28 14:45:28.600000+0000 Values (without TIMESTAMP): 60 - Actual SNAPSHOTTYPE: TIME. - H5Dump: YES: key=/               27600 not in keys.
2025-09-26 16:50:39,391 ; PT3S                                                         ; DEBUG   ; Mx._readMxsFile: TimeNr.    279 read and processed finally=2020-01-28 14:45:28.700000+0000 Values (without TIMESTAMP): 60 - Actual SNAPSHOTTYPE: TIME. - H5Dump: YES: key=/               27700 not in keys.
2025-09-26 16:50:39,398 ; PT3S                                                         ; DEBUG   ; Mx._readMxsFile: TimeNr.    280 read and processed finally=2020-01-28 14:45:28.800000+0000 Values (without TIMESTAMP): 60 - Actual SNAPSHOTTYPE: TIME. - H5Dump: YES: key=/               27800 not in keys.
2025-09-26 16:50:39,404 ; PT3S                                                         ; DEBUG   ; Mx._readMxsFile: TimeNr.    281 read and processed finally=2020-01-28 14:45:28.900000+0000 Values (without TIMESTAMP): 60 - Actual SNAPSHOTTYPE: TIME. - H5Dump: YES: key=/               27900 not in keys.
2025-09-26 16:50:39,409 ; PT3S                                                         ; DEBUG   ; Mx._readMxsFile: TimeNr.    282 read and processed finally=2020-01-28 14:45:29.000000+0000 Values (without TIMESTAMP): 60 - Actual SNAPSHOTTYPE: TIME. - H5Dump: YES: key=/               28000 not in keys.
2025-09-26 16:50:39,415 ; PT3S                                                         ; DEBUG   ; Mx._readMxsFile: TimeNr.    283 read and processed finally=2020-01-28 14:45:29.100000+0000 Values (without TIMESTAMP): 60 - Actual SNAPSHOTTYPE: TIME. - H5Dump: YES: key=/               28100 not in keys.
2025-09-26 16:50:39,418 ; PT3S                                                         ; DEBUG   ; Mx._readMxsFile: TimeNr.    284 read and processed finally=2020-01-28 14:45:29.200000+0000 Values (without TIMESTAMP): 60 - Actual SNAPSHOTTYPE: TIME. - H5Dump: YES: key=/               28200 not in keys.
2025-09-26 16:50:39,424 ; PT3S                                                         ; DEBUG   ; Mx._readMxsFile: TimeNr.    285 read and processed finally=2020-01-28 14:45:29.300000+0000 Values (without TIMESTAMP): 60 - Actual SNAPSHOTTYPE: TIME. - H5Dump: YES: key=/               28300 not in keys.
2025-09-26 16:50:39,430 ; PT3S                                                         ; DEBUG   ; Mx._readMxsFile: TimeNr.    286 read and processed finally=2020-01-28 14:45:29.400000+0000 Values (without TIMESTAMP): 60 - Actual SNAPSHOTTYPE: TIME. - H5Dump: YES: key=/               28400 not in keys.
2025-09-26 16:50:39,437 ; PT3S                                                         ; DEBUG   ; Mx._readMxsFile: TimeNr.    287 read and processed finally=2020-01-28 14:45:29.500000+0000 Values (without TIMESTAMP): 60 - Actual SNAPSHOTTYPE: TIME. - H5Dump: YES: key=/               28500 not in keys.
2025-09-26 16:50:39,440 ; PT3S                                                         ; DEBUG   ; Mx._readMxsFile: TimeNr.    288 read and processed finally=2020-01-28 14:45:29.600000+0000 Values (without TIMESTAMP): 60 - Actual SNAPSHOTTYPE: TIME. - H5Dump: YES: key=/               28600 not in keys.
2025-09-26 16:50:39,448 ; PT3S                                                         ; DEBUG   ; Mx._readMxsFile: TimeNr.    289 read and processed finally=2020-01-28 14:45:29.700000+0000 Values (without TIMESTAMP): 60 - Actual SNAPSHOTTYPE: TIME. - H5Dump: YES: key=/               28700 not in keys.
2025-09-26 16:50:39,453 ; PT3S                                                         ; DEBUG   ; Mx._readMxsFile: TimeNr.    290 read and processed finally=2020-01-28 14:45:29.800000+0000 Values (without TIMESTAMP): 60 - Actual SNAPSHOTTYPE: TIME. - H5Dump: YES: key=/               28800 not in keys.
2025-09-26 16:50:39,458 ; PT3S                                                         ; DEBUG   ; Mx._readMxsFile: TimeNr.    291 read and processed finally=2020-01-28 14:45:29.900000+0000 Values (without TIMESTAMP): 60 - Actual SNAPSHOTTYPE: TIME. - H5Dump: YES: key=/               28900 not in keys.
2025-09-26 16:50:39,464 ; PT3S                                                         ; DEBUG   ; Mx._readMxsFile: TimeNr.    292 read and processed finally=2020-01-28 14:45:30.000000+0000 Values (without TIMESTAMP): 60 - Actual SNAPSHOTTYPE: TIME. - H5Dump: YES: key=/               29000 not in keys.
2025-09-26 16:50:39,464 ; PT3S                                                         ; DEBUG   ; Mx._readMxsFile: TimeNr.    293 read and processed finally=2020-01-28 14:45:30.100000+0000 Values (without TIMESTAMP): 60 - Actual SNAPSHOTTYPE: TIME. - H5Dump: YES: key=/               29100 not in keys.
2025-09-26 16:50:39,477 ; PT3S                                                         ; DEBUG   ; Mx._readMxsFile: TimeNr.    294 read and processed finally=2020-01-28 14:45:30.200000+0000 Values (without TIMESTAMP): 60 - Actual SNAPSHOTTYPE: TIME. - H5Dump: YES: key=/               29200 not in keys.
2025-09-26 16:50:39,486 ; PT3S                                                         ; DEBUG   ; Mx._readMxsFile: TimeNr.    295 read and processed finally=2020-01-28 14:45:30.300000+0000 Values (without TIMESTAMP): 60 - Actual SNAPSHOTTYPE: TIME. - H5Dump: YES: key=/               29300 not in keys.
2025-09-26 16:50:39,491 ; PT3S                                                         ; DEBUG   ; Mx._readMxsFile: TimeNr.    296 read and processed finally=2020-01-28 14:45:30.400000+0000 Values (without TIMESTAMP): 60 - Actual SNAPSHOTTYPE: TIME. - H5Dump: YES: key=/               29400 not in keys.
2025-09-26 16:50:39,497 ; PT3S                                                         ; DEBUG   ; Mx._readMxsFile: TimeNr.    297 read and processed finally=2020-01-28 14:45:30.500000+0000 Values (without TIMESTAMP): 60 - Actual SNAPSHOTTYPE: TIME. - H5Dump: YES: key=/               29500 not in keys.
2025-09-26 16:50:39,503 ; PT3S                                                         ; DEBUG   ; Mx._readMxsFile: TimeNr.    298 read and processed finally=2020-01-28 14:45:30.600000+0000 Values (without TIMESTAMP): 60 - Actual SNAPSHOTTYPE: TIME. - H5Dump: YES: key=/               29600 not in keys.
2025-09-26 16:50:39,510 ; PT3S                                                         ; DEBUG   ; Mx._readMxsFile: TimeNr.    299 read and processed finally=2020-01-28 14:45:30.700000+0000 Values (without TIMESTAMP): 60 - Actual SNAPSHOTTYPE: TIME. - H5Dump: YES: key=/               29700 not in keys.
2025-09-26 16:50:39,511 ; PT3S                                                         ; DEBUG   ; Mx._readMxsFile: TimeNr.    300 read and processed finally=2020-01-28 14:45:30.800000+0000 Values (without TIMESTAMP): 60 - Actual SNAPSHOTTYPE: TIME. - H5Dump: YES: key=/               29800 not in keys.
2025-09-26 16:50:39,521 ; PT3S                                                         ; DEBUG   ; Mx._readMxsFile: TimeNr.    301 read and processed finally=2020-01-28 14:45:30.900000+0000 Values (without TIMESTAMP): 60 - Actual SNAPSHOTTYPE: TIME. - H5Dump: YES: key=/               29900 not in keys.
2025-09-26 16:50:39,530 ; PT3S                                                         ; DEBUG   ; Mx._readMxsFile: TimeNr.    302 read and processed finally=2020-01-28 14:45:31.000000+0000 Values (without TIMESTAMP): 60 - Actual SNAPSHOTTYPE: TIME. - H5Dump: YES: key=/               30000 not in keys.
2025-09-26 16:50:39,538 ; PT3S                                                         ; DEBUG   ; Mx._readMxsFile: TimeNr.    303 read and processed finally=2020-01-28 14:45:31.100000+0000 Values (without TIMESTAMP): 60 - Actual SNAPSHOTTYPE: TIME. - H5Dump: YES: key=/               30100 not in keys.
2025-09-26 16:50:39,542 ; PT3S                                                         ; DEBUG   ; Mx._readMxsFile: TimeNr.    304 read and processed finally=2020-01-28 14:45:31.200000+0000 Values (without TIMESTAMP): 60 - Actual SNAPSHOTTYPE: TIME. - H5Dump: YES: key=/               30200 not in keys.
2025-09-26 16:50:39,549 ; PT3S                                                         ; DEBUG   ; Mx._readMxsFile: TimeNr.    305 read and processed finally=2020-01-28 14:45:31.300000+0000 Values (without TIMESTAMP): 60 - Actual SNAPSHOTTYPE: TIME. - H5Dump: YES: key=/               30300 not in keys.
2025-09-26 16:50:39,551 ; PT3S                                                         ; DEBUG   ; Mx._readMxsFile: TimeNr.    306 read and processed finally=2020-01-28 14:45:31.400000+0000 Values (without TIMESTAMP): 60 - Actual SNAPSHOTTYPE: TIME. - H5Dump: YES: key=/               30400 not in keys.
2025-09-26 16:50:39,560 ; PT3S                                                         ; DEBUG   ; Mx._readMxsFile: TimeNr.    307 read and processed finally=2020-01-28 14:45:31.500000+0000 Values (without TIMESTAMP): 60 - Actual SNAPSHOTTYPE: TIME. - H5Dump: YES: key=/               30500 not in keys.
2025-09-26 16:50:39,565 ; PT3S                                                         ; DEBUG   ; Mx._readMxsFile: TimeNr.    308 read and processed finally=2020-01-28 14:45:31.600000+0000 Values (without TIMESTAMP): 60 - Actual SNAPSHOTTYPE: TIME. - H5Dump: YES: key=/               30600 not in keys.
2025-09-26 16:50:39,573 ; PT3S                                                         ; DEBUG   ; Mx._readMxsFile: TimeNr.    309 read and processed finally=2020-01-28 14:45:31.700000+0000 Values (without TIMESTAMP): 60 - Actual SNAPSHOTTYPE: TIME. - H5Dump: YES: key=/               30700 not in keys.
2025-09-26 16:50:39,580 ; PT3S                                                         ; DEBUG   ; Mx._readMxsFile: TimeNr.    310 read and processed finally=2020-01-28 14:45:31.800000+0000 Values (without TIMESTAMP): 60 - Actual SNAPSHOTTYPE: TIME. - H5Dump: YES: key=/               30800 not in keys.
2025-09-26 16:50:39,587 ; PT3S                                                         ; DEBUG   ; Mx._readMxsFile: TimeNr.    311 read and processed finally=2020-01-28 14:45:31.900000+0000 Values (without TIMESTAMP): 60 - Actual SNAPSHOTTYPE: TIME. - H5Dump: YES: key=/               30900 not in keys.
2025-09-26 16:50:39,594 ; PT3S                                                         ; DEBUG   ; Mx._readMxsFile: TimeNr.    312 read and processed finally=2020-01-28 14:45:32.000000+0000 Values (without TIMESTAMP): 60 - Actual SNAPSHOTTYPE: TIME. - H5Dump: YES: key=/               31000 not in keys.
2025-09-26 16:50:39,597 ; PT3S                                                         ; DEBUG   ; Mx._readMxsFile: TimeNr.    313 read and processed finally=2020-01-28 14:45:32.100000+0000 Values (without TIMESTAMP): 60 - Actual SNAPSHOTTYPE: TIME. - H5Dump: YES: key=/               31100 not in keys.
2025-09-26 16:50:39,597 ; PT3S                                                         ; DEBUG   ; Mx._readMxsFile: TimeNr.    314 read and processed finally=2020-01-28 14:45:32.200000+0000 Values (without TIMESTAMP): 60 - Actual SNAPSHOTTYPE: TIME. - H5Dump: YES: key=/               31200 not in keys.
2025-09-26 16:50:39,611 ; PT3S                                                         ; DEBUG   ; Mx._readMxsFile: TimeNr.    315 read and processed finally=2020-01-28 14:45:32.300000+0000 Values (without TIMESTAMP): 60 - Actual SNAPSHOTTYPE: TIME. - H5Dump: YES: key=/               31300 not in keys.
2025-09-26 16:50:39,611 ; PT3S                                                         ; DEBUG   ; Mx._readMxsFile: TimeNr.    316 read and processed finally=2020-01-28 14:45:32.400000+0000 Values (without TIMESTAMP): 60 - Actual SNAPSHOTTYPE: TIME. - H5Dump: YES: key=/               31400 not in keys.
2025-09-26 16:50:39,611 ; PT3S                                                         ; DEBUG   ; Mx._readMxsFile: TimeNr.    317 read and processed finally=2020-01-28 14:45:32.500000+0000 Values (without TIMESTAMP): 60 - Actual SNAPSHOTTYPE: TIME. - H5Dump: YES: key=/               31500 not in keys.
2025-09-26 16:50:39,629 ; PT3S                                                         ; DEBUG   ; Mx._readMxsFile: TimeNr.    318 read and processed finally=2020-01-28 14:45:32.600000+0000 Values (without TIMESTAMP): 60 - Actual SNAPSHOTTYPE: TIME. - H5Dump: YES: key=/               31600 not in keys.
2025-09-26 16:50:39,633 ; PT3S                                                         ; DEBUG   ; Mx._readMxsFile: TimeNr.    319 read and processed finally=2020-01-28 14:45:32.700000+0000 Values (without TIMESTAMP): 60 - Actual SNAPSHOTTYPE: TIME. - H5Dump: YES: key=/               31700 not in keys.
2025-09-26 16:50:39,636 ; PT3S                                                         ; DEBUG   ; Mx._readMxsFile: TimeNr.    320 read and processed finally=2020-01-28 14:45:32.800000+0000 Values (without TIMESTAMP): 60 - Actual SNAPSHOTTYPE: TIME. - H5Dump: YES: key=/               31800 not in keys.
2025-09-26 16:50:39,646 ; PT3S                                                         ; DEBUG   ; Mx._readMxsFile: TimeNr.    321 read and processed finally=2020-01-28 14:45:32.900000+0000 Values (without TIMESTAMP): 60 - Actual SNAPSHOTTYPE: TIME. - H5Dump: YES: key=/               31900 not in keys.
2025-09-26 16:50:39,651 ; PT3S                                                         ; DEBUG   ; Mx._readMxsFile: TimeNr.    322 read and processed finally=2020-01-28 14:45:33.000000+0000 Values (without TIMESTAMP): 60 - Actual SNAPSHOTTYPE: TIME. - H5Dump: YES: key=/               32000 not in keys.
2025-09-26 16:50:39,651 ; PT3S                                                         ; DEBUG   ; Mx._readMxsFile: TimeNr.    323 read and processed finally=2020-01-28 14:45:33.100000+0000 Values (without TIMESTAMP): 60 - Actual SNAPSHOTTYPE: TIME. - H5Dump: YES: key=/               32100 not in keys.
2025-09-26 16:50:39,663 ; PT3S                                                         ; DEBUG   ; Mx._readMxsFile: TimeNr.    324 read and processed finally=2020-01-28 14:45:33.200000+0000 Values (without TIMESTAMP): 60 - Actual SNAPSHOTTYPE: TIME. - H5Dump: YES: key=/               32200 not in keys.
2025-09-26 16:50:39,668 ; PT3S                                                         ; DEBUG   ; Mx._readMxsFile: TimeNr.    325 read and processed finally=2020-01-28 14:45:33.300000+0000 Values (without TIMESTAMP): 60 - Actual SNAPSHOTTYPE: TIME. - H5Dump: YES: key=/               32299 not in keys.
2025-09-26 16:50:39,672 ; PT3S                                                         ; DEBUG   ; Mx._readMxsFile: TimeNr.    326 read and processed finally=2020-01-28 14:45:33.400000+0000 Values (without TIMESTAMP): 60 - Actual SNAPSHOTTYPE: TIME. - H5Dump: YES: key=/               32400 not in keys.
2025-09-26 16:50:39,677 ; PT3S                                                         ; DEBUG   ; Mx._readMxsFile: TimeNr.    327 read and processed finally=2020-01-28 14:45:33.500000+0000 Values (without TIMESTAMP): 60 - Actual SNAPSHOTTYPE: TIME. - H5Dump: YES: key=/               32500 not in keys.
2025-09-26 16:50:39,686 ; PT3S                                                         ; DEBUG   ; Mx._readMxsFile: TimeNr.    328 read and processed finally=2020-01-28 14:45:33.600000+0000 Values (without TIMESTAMP): 60 - Actual SNAPSHOTTYPE: TIME. - H5Dump: YES: key=/               32600 not in keys.
2025-09-26 16:50:39,698 ; PT3S                                                         ; DEBUG   ; Mx._readMxsFile: TimeNr.    329 read and processed finally=2020-01-28 14:45:33.700000+0000 Values (without TIMESTAMP): 60 - Actual SNAPSHOTTYPE: TIME. - H5Dump: YES: key=/               32700 not in keys.
2025-09-26 16:50:39,708 ; PT3S                                                         ; DEBUG   ; Mx._readMxsFile: TimeNr.    330 read and processed finally=2020-01-28 14:45:33.800000+0000 Values (without TIMESTAMP): 60 - Actual SNAPSHOTTYPE: TIME. - H5Dump: YES: key=/               32800 not in keys.
2025-09-26 16:50:39,710 ; PT3S                                                         ; DEBUG   ; Mx._readMxsFile: TimeNr.    331 read and processed finally=2020-01-28 14:45:33.900000+0000 Values (without TIMESTAMP): 60 - Actual SNAPSHOTTYPE: TIME. - H5Dump: YES: key=/               32900 not in keys.
2025-09-26 16:50:39,710 ; PT3S                                                         ; DEBUG   ; Mx._readMxsFile: TimeNr.    332 read and processed finally=2020-01-28 14:45:34.000000+0000 Values (without TIMESTAMP): 60 - Actual SNAPSHOTTYPE: TIME. - H5Dump: YES: key=/               33000 not in keys.
2025-09-26 16:50:39,727 ; PT3S                                                         ; DEBUG   ; Mx._readMxsFile: TimeNr.    333 read and processed finally=2020-01-28 14:45:34.100000+0000 Values (without TIMESTAMP): 60 - Actual SNAPSHOTTYPE: TIME. - H5Dump: YES: key=/               33100 not in keys.
2025-09-26 16:50:39,732 ; PT3S                                                         ; DEBUG   ; Mx._readMxsFile: TimeNr.    334 read and processed finally=2020-01-28 14:45:34.200000+0000 Values (without TIMESTAMP): 60 - Actual SNAPSHOTTYPE: TIME. - H5Dump: YES: key=/               33200 not in keys.
2025-09-26 16:50:39,736 ; PT3S                                                         ; DEBUG   ; Mx._readMxsFile: TimeNr.    335 read and processed finally=2020-01-28 14:45:34.300000+0000 Values (without TIMESTAMP): 60 - Actual SNAPSHOTTYPE: TIME. - H5Dump: YES: key=/               33300 not in keys.
2025-09-26 16:50:39,747 ; PT3S                                                         ; DEBUG   ; Mx._readMxsFile: TimeNr.    336 read and processed finally=2020-01-28 14:45:34.400000+0000 Values (without TIMESTAMP): 60 - Actual SNAPSHOTTYPE: TIME. - H5Dump: YES: key=/               33400 not in keys.
2025-09-26 16:50:39,750 ; PT3S                                                         ; DEBUG   ; Mx._readMxsFile: TimeNr.    337 read and processed finally=2020-01-28 14:45:34.500000+0000 Values (without TIMESTAMP): 60 - Actual SNAPSHOTTYPE: TIME. - H5Dump: YES: key=/               33500 not in keys.
2025-09-26 16:50:39,760 ; PT3S                                                         ; DEBUG   ; Mx._readMxsFile: TimeNr.    338 read and processed finally=2020-01-28 14:45:34.600000+0000 Values (without TIMESTAMP): 60 - Actual SNAPSHOTTYPE: TIME. - H5Dump: YES: key=/               33600 not in keys.
2025-09-26 16:50:39,762 ; PT3S                                                         ; DEBUG   ; Mx._readMxsFile: TimeNr.    339 read and processed finally=2020-01-28 14:45:34.700000+0000 Values (without TIMESTAMP): 60 - Actual SNAPSHOTTYPE: TIME. - H5Dump: YES: key=/               33700 not in keys.
2025-09-26 16:50:39,762 ; PT3S                                                         ; DEBUG   ; Mx._readMxsFile: TimeNr.    340 read and processed finally=2020-01-28 14:45:34.800000+0000 Values (without TIMESTAMP): 60 - Actual SNAPSHOTTYPE: TIME. - H5Dump: YES: key=/               33800 not in keys.
2025-09-26 16:50:39,777 ; PT3S                                                         ; DEBUG   ; Mx._readMxsFile: TimeNr.    341 read and processed finally=2020-01-28 14:45:34.900000+0000 Values (without TIMESTAMP): 60 - Actual SNAPSHOTTYPE: TIME. - H5Dump: YES: key=/               33900 not in keys.
2025-09-26 16:50:39,785 ; PT3S                                                         ; DEBUG   ; Mx._readMxsFile: TimeNr.    342 read and processed finally=2020-01-28 14:45:35.000000+0000 Values (without TIMESTAMP): 60 - Actual SNAPSHOTTYPE: TIME. - H5Dump: YES: key=/               34000 not in keys.
2025-09-26 16:50:39,787 ; PT3S                                                         ; DEBUG   ; Mx._readMxsFile: TimeNr.    343 read and processed finally=2020-01-28 14:45:35.100000+0000 Values (without TIMESTAMP): 60 - Actual SNAPSHOTTYPE: TIME. - H5Dump: YES: key=/               34100 not in keys.
2025-09-26 16:50:39,793 ; PT3S                                                         ; DEBUG   ; Mx._readMxsFile: TimeNr.    344 read and processed finally=2020-01-28 14:45:35.200000+0000 Values (without TIMESTAMP): 60 - Actual SNAPSHOTTYPE: TIME. - H5Dump: YES: key=/               34200 not in keys.
2025-09-26 16:50:39,798 ; PT3S                                                         ; DEBUG   ; Mx._readMxsFile: TimeNr.    345 read and processed finally=2020-01-28 14:45:35.300000+0000 Values (without TIMESTAMP): 60 - Actual SNAPSHOTTYPE: TIME. - H5Dump: YES: key=/               34300 not in keys.
2025-09-26 16:50:39,805 ; PT3S                                                         ; DEBUG   ; Mx._readMxsFile: TimeNr.    346 read and processed finally=2020-01-28 14:45:35.400000+0000 Values (without TIMESTAMP): 60 - Actual SNAPSHOTTYPE: TIME. - H5Dump: YES: key=/               34400 not in keys.
2025-09-26 16:50:39,810 ; PT3S                                                         ; DEBUG   ; Mx._readMxsFile: TimeNr.    347 read and processed finally=2020-01-28 14:45:35.500000+0000 Values (without TIMESTAMP): 60 - Actual SNAPSHOTTYPE: TIME. - H5Dump: YES: key=/               34500 not in keys.
2025-09-26 16:50:39,811 ; PT3S                                                         ; DEBUG   ; Mx._readMxsFile: TimeNr.    348 read and processed finally=2020-01-28 14:45:35.600000+0000 Values (without TIMESTAMP): 60 - Actual SNAPSHOTTYPE: TIME. - H5Dump: YES: key=/               34600 not in keys.
2025-09-26 16:50:39,811 ; PT3S                                                         ; DEBUG   ; Mx._readMxsFile: TimeNr.    349 read and processed finally=2020-01-28 14:45:35.700000+0000 Values (without TIMESTAMP): 60 - Actual SNAPSHOTTYPE: TIME. - H5Dump: YES: key=/               34700 not in keys.
2025-09-26 16:50:39,826 ; PT3S                                                         ; DEBUG   ; Mx._readMxsFile: TimeNr.    350 read and processed finally=2020-01-28 14:45:35.800000+0000 Values (without TIMESTAMP): 60 - Actual SNAPSHOTTYPE: TIME. - H5Dump: YES: key=/               34800 not in keys.
2025-09-26 16:50:39,827 ; PT3S                                                         ; DEBUG   ; Mx._readMxsFile: TimeNr.    351 read and processed finally=2020-01-28 14:45:35.900000+0000 Values (without TIMESTAMP): 60 - Actual SNAPSHOTTYPE: TIME. - H5Dump: YES: key=/               34900 not in keys.
2025-09-26 16:50:39,837 ; PT3S                                                         ; DEBUG   ; Mx._readMxsFile: TimeNr.    352 read and processed finally=2020-01-28 14:45:36.000000+0000 Values (without TIMESTAMP): 60 - Actual SNAPSHOTTYPE: TIME. - H5Dump: YES: key=/               35000 not in keys.
2025-09-26 16:50:39,844 ; PT3S                                                         ; DEBUG   ; Mx._readMxsFile: TimeNr.    353 read and processed finally=2020-01-28 14:45:36.100000+0000 Values (without TIMESTAMP): 60 - Actual SNAPSHOTTYPE: TIME. - H5Dump: YES: key=/               35100 not in keys.
2025-09-26 16:50:39,844 ; PT3S                                                         ; DEBUG   ; Mx._readMxsFile: TimeNr.    354 read and processed finally=2020-01-28 14:45:36.200000+0000 Values (without TIMESTAMP): 60 - Actual SNAPSHOTTYPE: TIME. - H5Dump: YES: key=/               35200 not in keys.
2025-09-26 16:50:39,859 ; PT3S                                                         ; DEBUG   ; Mx._readMxsFile: TimeNr.    355 read and processed finally=2020-01-28 14:45:36.300000+0000 Values (without TIMESTAMP): 60 - Actual SNAPSHOTTYPE: TIME. - H5Dump: YES: key=/               35300 not in keys.
2025-09-26 16:50:39,867 ; PT3S                                                         ; DEBUG   ; Mx._readMxsFile: TimeNr.    356 read and processed finally=2020-01-28 14:45:36.400000+0000 Values (without TIMESTAMP): 60 - Actual SNAPSHOTTYPE: TIME. - H5Dump: YES: key=/               35400 not in keys.
2025-09-26 16:50:39,870 ; PT3S                                                         ; DEBUG   ; Mx._readMxsFile: TimeNr.    357 read and processed finally=2020-01-28 14:45:36.500000+0000 Values (without TIMESTAMP): 60 - Actual SNAPSHOTTYPE: TIME. - H5Dump: YES: key=/               35500 not in keys.
2025-09-26 16:50:39,881 ; PT3S                                                         ; DEBUG   ; Mx._readMxsFile: TimeNr.    358 read and processed finally=2020-01-28 14:45:36.600000+0000 Values (without TIMESTAMP): 60 - Actual SNAPSHOTTYPE: TIME. - H5Dump: YES: key=/               35600 not in keys.
2025-09-26 16:50:39,888 ; PT3S                                                         ; DEBUG   ; Mx._readMxsFile: TimeNr.    359 read and processed finally=2020-01-28 14:45:36.700000+0000 Values (without TIMESTAMP): 60 - Actual SNAPSHOTTYPE: TIME. - H5Dump: YES: key=/               35700 not in keys.
2025-09-26 16:50:39,894 ; PT3S                                                         ; DEBUG   ; Mx._readMxsFile: TimeNr.    360 read and processed finally=2020-01-28 14:45:36.800000+0000 Values (without TIMESTAMP): 60 - Actual SNAPSHOTTYPE: TIME. - H5Dump: YES: key=/               35800 not in keys.
2025-09-26 16:50:39,896 ; PT3S                                                         ; DEBUG   ; Mx._readMxsFile: TimeNr.    361 read and processed finally=2020-01-28 14:45:36.900000+0000 Values (without TIMESTAMP): 60 - Actual SNAPSHOTTYPE: TIME. - H5Dump: YES: key=/               35900 not in keys.
2025-09-26 16:50:39,906 ; PT3S                                                         ; DEBUG   ; Mx._readMxsFile: TimeNr.    362 read and processed finally=2020-01-28 14:45:37.000000+0000 Values (without TIMESTAMP): 60 - Actual SNAPSHOTTYPE: TIME. - H5Dump: YES: key=/               36000 not in keys.
2025-09-26 16:50:39,912 ; PT3S                                                         ; DEBUG   ; Mx._readMxsFile: TimeNr.    363 read and processed finally=2020-01-28 14:45:37.100000+0000 Values (without TIMESTAMP): 60 - Actual SNAPSHOTTYPE: TIME. - H5Dump: YES: key=/               36100 not in keys.
2025-09-26 16:50:39,920 ; PT3S                                                         ; DEBUG   ; Mx._readMxsFile: TimeNr.    364 read and processed finally=2020-01-28 14:45:37.200000+0000 Values (without TIMESTAMP): 60 - Actual SNAPSHOTTYPE: TIME. - H5Dump: YES: key=/               36200 not in keys.
2025-09-26 16:50:39,927 ; PT3S                                                         ; DEBUG   ; Mx._readMxsFile: TimeNr.    365 read and processed finally=2020-01-28 14:45:37.300000+0000 Values (without TIMESTAMP): 60 - Actual SNAPSHOTTYPE: TIME. - H5Dump: YES: key=/               36300 not in keys.
2025-09-26 16:50:39,927 ; PT3S                                                         ; DEBUG   ; Mx._readMxsFile: TimeNr.    366 read and processed finally=2020-01-28 14:45:37.400000+0000 Values (without TIMESTAMP): 60 - Actual SNAPSHOTTYPE: TIME. - H5Dump: YES: key=/               36400 not in keys.
2025-09-26 16:50:39,927 ; PT3S                                                         ; DEBUG   ; Mx._readMxsFile: TimeNr.    367 read and processed finally=2020-01-28 14:45:37.500000+0000 Values (without TIMESTAMP): 60 - Actual SNAPSHOTTYPE: TIME. - H5Dump: YES: key=/               36500 not in keys.
2025-09-26 16:50:39,937 ; PT3S                                                         ; DEBUG   ; Mx._readMxsFile: TimeNr.    368 read and processed finally=2020-01-28 14:45:37.600000+0000 Values (without TIMESTAMP): 60 - Actual SNAPSHOTTYPE: TIME. - H5Dump: YES: key=/               36600 not in keys.
2025-09-26 16:50:39,945 ; PT3S                                                         ; DEBUG   ; Mx._readMxsFile: TimeNr.    369 read and processed finally=2020-01-28 14:45:37.700000+0000 Values (without TIMESTAMP): 60 - Actual SNAPSHOTTYPE: TIME. - H5Dump: YES: key=/               36700 not in keys.
2025-09-26 16:50:39,945 ; PT3S                                                         ; DEBUG   ; Mx._readMxsFile: TimeNr.    370 read and processed finally=2020-01-28 14:45:37.800000+0000 Values (without TIMESTAMP): 60 - Actual SNAPSHOTTYPE: TIME. - H5Dump: YES: key=/               36800 not in keys.
2025-09-26 16:50:39,945 ; PT3S                                                         ; DEBUG   ; Mx._readMxsFile: TimeNr.    371 read and processed finally=2020-01-28 14:45:37.900000+0000 Values (without TIMESTAMP): 60 - Actual SNAPSHOTTYPE: TIME. - H5Dump: YES: key=/               36900 not in keys.
2025-09-26 16:50:39,958 ; PT3S                                                         ; DEBUG   ; Mx._readMxsFile: TimeNr.    372 read and processed finally=2020-01-28 14:45:38.000000+0000 Values (without TIMESTAMP): 60 - Actual SNAPSHOTTYPE: TIME. - H5Dump: YES: key=/               37000 not in keys.
2025-09-26 16:50:39,964 ; PT3S                                                         ; DEBUG   ; Mx._readMxsFile: TimeNr.    373 read and processed finally=2020-01-28 14:45:38.100000+0000 Values (without TIMESTAMP): 60 - Actual SNAPSHOTTYPE: TIME. - H5Dump: YES: key=/               37100 not in keys.
2025-09-26 16:50:39,965 ; PT3S                                                         ; DEBUG   ; Mx._readMxsFile: TimeNr.    374 read and processed finally=2020-01-28 14:45:38.200000+0000 Values (without TIMESTAMP): 60 - Actual SNAPSHOTTYPE: TIME. - H5Dump: YES: key=/               37200 not in keys.
2025-09-26 16:50:39,965 ; PT3S                                                         ; DEBUG   ; Mx._readMxsFile: TimeNr.    375 read and processed finally=2020-01-28 14:45:38.300000+0000 Values (without TIMESTAMP): 60 - Actual SNAPSHOTTYPE: TIME. - H5Dump: YES: key=/               37300 not in keys.
2025-09-26 16:50:39,977 ; PT3S                                                         ; DEBUG   ; Mx._readMxsFile: TimeNr.    376 read and processed finally=2020-01-28 14:45:38.400000+0000 Values (without TIMESTAMP): 60 - Actual SNAPSHOTTYPE: TIME. - H5Dump: YES: key=/               37400 not in keys.
2025-09-26 16:50:39,977 ; PT3S                                                         ; DEBUG   ; Mx._readMxsFile: TimeNr.    377 read and processed finally=2020-01-28 14:45:38.500000+0000 Values (without TIMESTAMP): 60 - Actual SNAPSHOTTYPE: TIME. - H5Dump: YES: key=/               37500 not in keys.
2025-09-26 16:50:39,977 ; PT3S                                                         ; DEBUG   ; Mx._readMxsFile: TimeNr.    378 read and processed finally=2020-01-28 14:45:38.600000+0000 Values (without TIMESTAMP): 60 - Actual SNAPSHOTTYPE: TIME. - H5Dump: YES: key=/               37600 not in keys.
2025-09-26 16:50:39,987 ; PT3S                                                         ; DEBUG   ; Mx._readMxsFile: TimeNr.    379 read and processed finally=2020-01-28 14:45:38.700000+0000 Values (without TIMESTAMP): 60 - Actual SNAPSHOTTYPE: TIME. - H5Dump: YES: key=/               37700 not in keys.
2025-09-26 16:50:39,996 ; PT3S                                                         ; DEBUG   ; Mx._readMxsFile: TimeNr.    380 read and processed finally=2020-01-28 14:45:38.800000+0000 Values (without TIMESTAMP): 60 - Actual SNAPSHOTTYPE: TIME. - H5Dump: YES: key=/               37800 not in keys.
2025-09-26 16:50:39,998 ; PT3S                                                         ; DEBUG   ; Mx._readMxsFile: TimeNr.    381 read and processed finally=2020-01-28 14:45:38.900000+0000 Values (without TIMESTAMP): 60 - Actual SNAPSHOTTYPE: TIME. - H5Dump: YES: key=/               37900 not in keys.
2025-09-26 16:50:39,998 ; PT3S                                                         ; DEBUG   ; Mx._readMxsFile: TimeNr.    382 read and processed finally=2020-01-28 14:45:39.000000+0000 Values (without TIMESTAMP): 60 - Actual SNAPSHOTTYPE: TIME. - H5Dump: YES: key=/               38000 not in keys.
2025-09-26 16:50:40,011 ; PT3S                                                         ; DEBUG   ; Mx._readMxsFile: TimeNr.    383 read and processed finally=2020-01-28 14:45:39.100000+0000 Values (without TIMESTAMP): 60 - Actual SNAPSHOTTYPE: TIME. - H5Dump: YES: key=/               38100 not in keys.
2025-09-26 16:50:40,011 ; PT3S                                                         ; DEBUG   ; Mx._readMxsFile: TimeNr.    384 read and processed finally=2020-01-28 14:45:39.200000+0000 Values (without TIMESTAMP): 60 - Actual SNAPSHOTTYPE: TIME. - H5Dump: YES: key=/               38200 not in keys.
2025-09-26 16:50:40,011 ; PT3S                                                         ; DEBUG   ; Mx._readMxsFile: TimeNr.    385 read and processed finally=2020-01-28 14:45:39.300000+0000 Values (without TIMESTAMP): 60 - Actual SNAPSHOTTYPE: TIME. - H5Dump: YES: key=/               38300 not in keys.
2025-09-26 16:50:40,026 ; PT3S                                                         ; DEBUG   ; Mx._readMxsFile: TimeNr.    386 read and processed finally=2020-01-28 14:45:39.400000+0000 Values (without TIMESTAMP): 60 - Actual SNAPSHOTTYPE: TIME. - H5Dump: YES: key=/               38400 not in keys.
2025-09-26 16:50:40,031 ; PT3S                                                         ; DEBUG   ; Mx._readMxsFile: TimeNr.    387 read and processed finally=2020-01-28 14:45:39.500000+0000 Values (without TIMESTAMP): 60 - Actual SNAPSHOTTYPE: TIME. - H5Dump: YES: key=/               38500 not in keys.
2025-09-26 16:50:40,031 ; PT3S                                                         ; DEBUG   ; Mx._readMxsFile: TimeNr.    388 read and processed finally=2020-01-28 14:45:39.600000+0000 Values (without TIMESTAMP): 60 - Actual SNAPSHOTTYPE: TIME. - H5Dump: YES: key=/               38600 not in keys.
2025-09-26 16:50:40,037 ; PT3S                                                         ; DEBUG   ; Mx._readMxsFile: TimeNr.    389 read and processed finally=2020-01-28 14:45:39.700000+0000 Values (without TIMESTAMP): 60 - Actual SNAPSHOTTYPE: TIME. - H5Dump: YES: key=/               38700 not in keys.
2025-09-26 16:50:40,044 ; PT3S                                                         ; DEBUG   ; Mx._readMxsFile: TimeNr.    390 read and processed finally=2020-01-28 14:45:39.800000+0000 Values (without TIMESTAMP): 60 - Actual SNAPSHOTTYPE: TIME. - H5Dump: YES: key=/               38800 not in keys.
2025-09-26 16:50:40,044 ; PT3S                                                         ; DEBUG   ; Mx._readMxsFile: TimeNr.    391 read and processed finally=2020-01-28 14:45:39.900000+0000 Values (without TIMESTAMP): 60 - Actual SNAPSHOTTYPE: TIME. - H5Dump: YES: key=/               38900 not in keys.
2025-09-26 16:50:40,044 ; PT3S                                                         ; DEBUG   ; Mx._readMxsFile: TimeNr.    392 read and processed finally=2020-01-28 14:45:40.000000+0000 Values (without TIMESTAMP): 60 - Actual SNAPSHOTTYPE: TIME. - H5Dump: YES: key=/               39000 not in keys.
2025-09-26 16:50:40,044 ; PT3S                                                         ; DEBUG   ; Mx._readMxsFile: TimeNr.    393 read and processed finally=2020-01-28 14:45:40.100000+0000 Values (without TIMESTAMP): 60 - Actual SNAPSHOTTYPE: TIME. - H5Dump: YES: key=/               39100 not in keys.
2025-09-26 16:50:40,062 ; PT3S                                                         ; DEBUG   ; Mx._readMxsFile: TimeNr.    394 read and processed finally=2020-01-28 14:45:40.200000+0000 Values (without TIMESTAMP): 60 - Actual SNAPSHOTTYPE: TIME. - H5Dump: YES: key=/               39200 not in keys.
2025-09-26 16:50:40,062 ; PT3S                                                         ; DEBUG   ; Mx._readMxsFile: TimeNr.    395 read and processed finally=2020-01-28 14:45:40.300000+0000 Values (without TIMESTAMP): 60 - Actual SNAPSHOTTYPE: TIME. - H5Dump: YES: key=/               39300 not in keys.
2025-09-26 16:50:40,062 ; PT3S                                                         ; DEBUG   ; Mx._readMxsFile: TimeNr.    396 read and processed finally=2020-01-28 14:45:40.400000+0000 Values (without TIMESTAMP): 60 - Actual SNAPSHOTTYPE: TIME. - H5Dump: YES: key=/               39400 not in keys.
2025-09-26 16:50:40,078 ; PT3S                                                         ; DEBUG   ; Mx._readMxsFile: TimeNr.    397 read and processed finally=2020-01-28 14:45:40.500000+0000 Values (without TIMESTAMP): 60 - Actual SNAPSHOTTYPE: TIME. - H5Dump: YES: key=/               39500 not in keys.
2025-09-26 16:50:40,083 ; PT3S                                                         ; DEBUG   ; Mx._readMxsFile: TimeNr.    398 read and processed finally=2020-01-28 14:45:40.600000+0000 Values (without TIMESTAMP): 60 - Actual SNAPSHOTTYPE: TIME. - H5Dump: YES: key=/               39600 not in keys.
2025-09-26 16:50:40,086 ; PT3S                                                         ; DEBUG   ; Mx._readMxsFile: TimeNr.    399 read and processed finally=2020-01-28 14:45:40.700000+0000 Values (without TIMESTAMP): 60 - Actual SNAPSHOTTYPE: TIME. - H5Dump: YES: key=/               39700 not in keys.
2025-09-26 16:50:40,094 ; PT3S                                                         ; DEBUG   ; Mx._readMxsFile: TimeNr.    400 read and processed finally=2020-01-28 14:45:40.800000+0000 Values (without TIMESTAMP): 60 - Actual SNAPSHOTTYPE: TIME. - H5Dump: YES: key=/               39800 not in keys.
2025-09-26 16:50:40,098 ; PT3S                                                         ; DEBUG   ; Mx._readMxsFile: TimeNr.    401 read and processed finally=2020-01-28 14:45:40.900000+0000 Values (without TIMESTAMP): 60 - Actual SNAPSHOTTYPE: TIME. - H5Dump: YES: key=/               39900 not in keys.
2025-09-26 16:50:40,100 ; PT3S                                                         ; DEBUG   ; Mx._readMxsFile: TimeNr.    402 read and processed finally=2020-01-28 14:45:41.000000+0000 Values (without TIMESTAMP): 60 - Actual SNAPSHOTTYPE: TIME. - H5Dump: YES: key=/               40000 not in keys.
2025-09-26 16:50:40,100 ; PT3S                                                         ; DEBUG   ; Mx._readMxsFile: TimeNr.    403 read and processed finally=2020-01-28 14:45:41.100000+0000 Values (without TIMESTAMP): 60 - Actual SNAPSHOTTYPE: TIME. - H5Dump: YES: key=/               40100 not in keys.
2025-09-26 16:50:40,111 ; PT3S                                                         ; DEBUG   ; Mx._readMxsFile: TimeNr.    404 read and processed finally=2020-01-28 14:45:41.200000+0000 Values (without TIMESTAMP): 60 - Actual SNAPSHOTTYPE: TIME. - H5Dump: YES: key=/               40200 not in keys.
2025-09-26 16:50:40,115 ; PT3S                                                         ; DEBUG   ; Mx._readMxsFile: TimeNr.    405 read and processed finally=2020-01-28 14:45:41.300000+0000 Values (without TIMESTAMP): 60 - Actual SNAPSHOTTYPE: TIME. - H5Dump: YES: key=/               40300 not in keys.
2025-09-26 16:50:40,115 ; PT3S                                                         ; DEBUG   ; Mx._readMxsFile: TimeNr.    406 read and processed finally=2020-01-28 14:45:41.400000+0000 Values (without TIMESTAMP): 60 - Actual SNAPSHOTTYPE: TIME. - H5Dump: YES: key=/               40400 not in keys.
2025-09-26 16:50:40,129 ; PT3S                                                         ; DEBUG   ; Mx._readMxsFile: TimeNr.    407 read and processed finally=2020-01-28 14:45:41.500000+0000 Values (without TIMESTAMP): 60 - Actual SNAPSHOTTYPE: TIME. - H5Dump: YES: key=/               40500 not in keys.
2025-09-26 16:50:40,132 ; PT3S                                                         ; DEBUG   ; Mx._readMxsFile: TimeNr.    408 read and processed finally=2020-01-28 14:45:41.600000+0000 Values (without TIMESTAMP): 60 - Actual SNAPSHOTTYPE: TIME. - H5Dump: YES: key=/               40600 not in keys.
2025-09-26 16:50:40,138 ; PT3S                                                         ; DEBUG   ; Mx._readMxsFile: TimeNr.    409 read and processed finally=2020-01-28 14:45:41.700000+0000 Values (without TIMESTAMP): 60 - Actual SNAPSHOTTYPE: TIME. - H5Dump: YES: key=/               40700 not in keys.
2025-09-26 16:50:40,145 ; PT3S                                                         ; DEBUG   ; Mx._readMxsFile: TimeNr.    410 read and processed finally=2020-01-28 14:45:41.800000+0000 Values (without TIMESTAMP): 60 - Actual SNAPSHOTTYPE: TIME. - H5Dump: YES: key=/               40800 not in keys.
2025-09-26 16:50:40,151 ; PT3S                                                         ; DEBUG   ; Mx._readMxsFile: TimeNr.    411 read and processed finally=2020-01-28 14:45:41.900000+0000 Values (without TIMESTAMP): 60 - Actual SNAPSHOTTYPE: TIME. - H5Dump: YES: key=/               40900 not in keys.
2025-09-26 16:50:40,156 ; PT3S                                                         ; DEBUG   ; Mx._readMxsFile: TimeNr.    412 read and processed finally=2020-01-28 14:45:42.000000+0000 Values (without TIMESTAMP): 60 - Actual SNAPSHOTTYPE: TIME. - H5Dump: YES: key=/               41000 not in keys.
2025-09-26 16:50:40,162 ; PT3S                                                         ; DEBUG   ; Mx._readMxsFile: TimeNr.    413 read and processed finally=2020-01-28 14:45:42.100000+0000 Values (without TIMESTAMP): 60 - Actual SNAPSHOTTYPE: TIME. - H5Dump: YES: key=/               41100 not in keys.
2025-09-26 16:50:40,166 ; PT3S                                                         ; DEBUG   ; Mx._readMxsFile: TimeNr.    414 read and processed finally=2020-01-28 14:45:42.200000+0000 Values (without TIMESTAMP): 60 - Actual SNAPSHOTTYPE: TIME. - H5Dump: YES: key=/               41200 not in keys.
2025-09-26 16:50:40,172 ; PT3S                                                         ; DEBUG   ; Mx._readMxsFile: TimeNr.    415 read and processed finally=2020-01-28 14:45:42.300000+0000 Values (without TIMESTAMP): 60 - Actual SNAPSHOTTYPE: TIME. - H5Dump: YES: key=/               41300 not in keys.
2025-09-26 16:50:40,176 ; PT3S                                                         ; DEBUG   ; Mx._readMxsFile: TimeNr.    416 read and processed finally=2020-01-28 14:45:42.400000+0000 Values (without TIMESTAMP): 60 - Actual SNAPSHOTTYPE: TIME. - H5Dump: YES: key=/               41400 not in keys.
2025-09-26 16:50:40,183 ; PT3S                                                         ; DEBUG   ; Mx._readMxsFile: TimeNr.    417 read and processed finally=2020-01-28 14:45:42.500000+0000 Values (without TIMESTAMP): 60 - Actual SNAPSHOTTYPE: TIME. - H5Dump: YES: key=/               41500 not in keys.
2025-09-26 16:50:40,188 ; PT3S                                                         ; DEBUG   ; Mx._readMxsFile: TimeNr.    418 read and processed finally=2020-01-28 14:45:42.600000+0000 Values (without TIMESTAMP): 60 - Actual SNAPSHOTTYPE: TIME. - H5Dump: YES: key=/               41600 not in keys.
2025-09-26 16:50:40,192 ; PT3S                                                         ; DEBUG   ; Mx._readMxsFile: TimeNr.    419 read and processed finally=2020-01-28 14:45:42.700000+0000 Values (without TIMESTAMP): 60 - Actual SNAPSHOTTYPE: TIME. - H5Dump: YES: key=/               41700 not in keys.
2025-09-26 16:50:40,199 ; PT3S                                                         ; DEBUG   ; Mx._readMxsFile: TimeNr.    420 read and processed finally=2020-01-28 14:45:42.800000+0000 Values (without TIMESTAMP): 60 - Actual SNAPSHOTTYPE: TIME. - H5Dump: YES: key=/               41800 not in keys.
2025-09-26 16:50:40,204 ; PT3S                                                         ; DEBUG   ; Mx._readMxsFile: TimeNr.    421 read and processed finally=2020-01-28 14:45:42.900000+0000 Values (without TIMESTAMP): 60 - Actual SNAPSHOTTYPE: TIME. - H5Dump: YES: key=/               41900 not in keys.
2025-09-26 16:50:40,208 ; PT3S                                                         ; DEBUG   ; Mx._readMxsFile: TimeNr.    422 read and processed finally=2020-01-28 14:45:43.000000+0000 Values (without TIMESTAMP): 60 - Actual SNAPSHOTTYPE: TIME. - H5Dump: YES: key=/               42000 not in keys.
2025-09-26 16:50:40,213 ; PT3S                                                         ; DEBUG   ; Mx._readMxsFile: TimeNr.    423 read and processed finally=2020-01-28 14:45:43.100000+0000 Values (without TIMESTAMP): 60 - Actual SNAPSHOTTYPE: TIME. - H5Dump: YES: key=/               42100 not in keys.
2025-09-26 16:50:40,217 ; PT3S                                                         ; DEBUG   ; Mx._readMxsFile: TimeNr.    424 read and processed finally=2020-01-28 14:45:43.200000+0000 Values (without TIMESTAMP): 60 - Actual SNAPSHOTTYPE: TIME. - H5Dump: YES: key=/               42200 not in keys.
2025-09-26 16:50:40,223 ; PT3S                                                         ; DEBUG   ; Mx._readMxsFile: TimeNr.    425 read and processed finally=2020-01-28 14:45:43.300000+0000 Values (without TIMESTAMP): 60 - Actual SNAPSHOTTYPE: TIME. - H5Dump: YES: key=/               42300 not in keys.
2025-09-26 16:50:40,227 ; PT3S                                                         ; DEBUG   ; Mx._readMxsFile: TimeNr.    426 read and processed finally=2020-01-28 14:45:43.400000+0000 Values (without TIMESTAMP): 60 - Actual SNAPSHOTTYPE: TIME. - H5Dump: YES: key=/               42400 not in keys.
2025-09-26 16:50:40,231 ; PT3S                                                         ; DEBUG   ; Mx._readMxsFile: TimeNr.    427 read and processed finally=2020-01-28 14:45:43.500000+0000 Values (without TIMESTAMP): 60 - Actual SNAPSHOTTYPE: TIME. - H5Dump: YES: key=/               42500 not in keys.
2025-09-26 16:50:40,236 ; PT3S                                                         ; DEBUG   ; Mx._readMxsFile: TimeNr.    428 read and processed finally=2020-01-28 14:45:43.600000+0000 Values (without TIMESTAMP): 60 - Actual SNAPSHOTTYPE: TIME. - H5Dump: YES: key=/               42600 not in keys.
2025-09-26 16:50:40,239 ; PT3S                                                         ; DEBUG   ; Mx._readMxsFile: TimeNr.    429 read and processed finally=2020-01-28 14:45:43.700000+0000 Values (without TIMESTAMP): 60 - Actual SNAPSHOTTYPE: TIME. - H5Dump: YES: key=/               42700 not in keys.
2025-09-26 16:50:40,244 ; PT3S                                                         ; DEBUG   ; Mx._readMxsFile: TimeNr.    430 read and processed finally=2020-01-28 14:45:43.800000+0000 Values (without TIMESTAMP): 60 - Actual SNAPSHOTTYPE: TIME. - H5Dump: YES: key=/               42800 not in keys.
2025-09-26 16:50:40,249 ; PT3S                                                         ; DEBUG   ; Mx._readMxsFile: TimeNr.    431 read and processed finally=2020-01-28 14:45:43.900000+0000 Values (without TIMESTAMP): 60 - Actual SNAPSHOTTYPE: TIME. - H5Dump: YES: key=/               42900 not in keys.
2025-09-26 16:50:40,253 ; PT3S                                                         ; DEBUG   ; Mx._readMxsFile: TimeNr.    432 read and processed finally=2020-01-28 14:45:44.000000+0000 Values (without TIMESTAMP): 60 - Actual SNAPSHOTTYPE: TIME. - H5Dump: YES: key=/               43000 not in keys.
2025-09-26 16:50:40,257 ; PT3S                                                         ; DEBUG   ; Mx._readMxsFile: TimeNr.    433 read and processed finally=2020-01-28 14:45:44.100000+0000 Values (without TIMESTAMP): 60 - Actual SNAPSHOTTYPE: TIME. - H5Dump: YES: key=/               43100 not in keys.
2025-09-26 16:50:40,261 ; PT3S                                                         ; DEBUG   ; Mx._readMxsFile: TimeNr.    434 read and processed finally=2020-01-28 14:45:44.200000+0000 Values (without TIMESTAMP): 60 - Actual SNAPSHOTTYPE: TIME. - H5Dump: YES: key=/               43200 not in keys.
2025-09-26 16:50:40,261 ; PT3S                                                         ; DEBUG   ; Mx._readMxsFile: TimeNr.    435 read and processed finally=2020-01-28 14:45:44.300000+0000 Values (without TIMESTAMP): 60 - Actual SNAPSHOTTYPE: TIME. - H5Dump: YES: key=/               43300 not in keys.
2025-09-26 16:50:40,261 ; PT3S                                                         ; DEBUG   ; Mx._readMxsFile: TimeNr.    436 read and processed finally=2020-01-28 14:45:44.400000+0000 Values (without TIMESTAMP): 60 - Actual SNAPSHOTTYPE: TIME. - H5Dump: YES: key=/               43400 not in keys.
2025-09-26 16:50:40,261 ; PT3S                                                         ; DEBUG   ; Mx._readMxsFile: TimeNr.    437 read and processed finally=2020-01-28 14:45:44.500000+0000 Values (without TIMESTAMP): 60 - Actual SNAPSHOTTYPE: TIME. - H5Dump: YES: key=/               43500 not in keys.
2025-09-26 16:50:40,277 ; PT3S                                                         ; DEBUG   ; Mx._readMxsFile: TimeNr.    438 read and processed finally=2020-01-28 14:45:44.600000+0000 Values (without TIMESTAMP): 60 - Actual SNAPSHOTTYPE: TIME. - H5Dump: YES: key=/               43600 not in keys.
2025-09-26 16:50:40,277 ; PT3S                                                         ; DEBUG   ; Mx._readMxsFile: TimeNr.    439 read and processed finally=2020-01-28 14:45:44.700000+0000 Values (without TIMESTAMP): 60 - Actual SNAPSHOTTYPE: TIME. - H5Dump: YES: key=/               43700 not in keys.
2025-09-26 16:50:40,286 ; PT3S                                                         ; DEBUG   ; Mx._readMxsFile: TimeNr.    440 read and processed finally=2020-01-28 14:45:44.800000+0000 Values (without TIMESTAMP): 60 - Actual SNAPSHOTTYPE: TIME. - H5Dump: YES: key=/               43800 not in keys.
2025-09-26 16:50:40,293 ; PT3S                                                         ; DEBUG   ; Mx._readMxsFile: TimeNr.    441 read and processed finally=2020-01-28 14:45:44.900000+0000 Values (without TIMESTAMP): 60 - Actual SNAPSHOTTYPE: TIME. - H5Dump: YES: key=/               43900 not in keys.
2025-09-26 16:50:40,306 ; PT3S                                                         ; DEBUG   ; Mx._readMxsFile: TimeNr.    442 read and processed finally=2020-01-28 14:45:45.000000+0000 Values (without TIMESTAMP): 60 - Actual SNAPSHOTTYPE: TIME. - H5Dump: YES: key=/               44000 not in keys.
2025-09-26 16:50:40,312 ; PT3S                                                         ; DEBUG   ; Mx._readMxsFile: TimeNr.    443 read and processed finally=2020-01-28 14:45:45.100000+0000 Values (without TIMESTAMP): 60 - Actual SNAPSHOTTYPE: TIME. - H5Dump: YES: key=/               44100 not in keys.
2025-09-26 16:50:40,319 ; PT3S                                                         ; DEBUG   ; Mx._readMxsFile: TimeNr.    444 read and processed finally=2020-01-28 14:45:45.200000+0000 Values (without TIMESTAMP): 60 - Actual SNAPSHOTTYPE: TIME. - H5Dump: YES: key=/               44200 not in keys.
2025-09-26 16:50:40,322 ; PT3S                                                         ; DEBUG   ; Mx._readMxsFile: TimeNr.    445 read and processed finally=2020-01-28 14:45:45.300000+0000 Values (without TIMESTAMP): 60 - Actual SNAPSHOTTYPE: TIME. - H5Dump: YES: key=/               44300 not in keys.
2025-09-26 16:50:40,328 ; PT3S                                                         ; DEBUG   ; Mx._readMxsFile: TimeNr.    446 read and processed finally=2020-01-28 14:45:45.400000+0000 Values (without TIMESTAMP): 60 - Actual SNAPSHOTTYPE: TIME. - H5Dump: YES: key=/               44400 not in keys.
2025-09-26 16:50:40,334 ; PT3S                                                         ; DEBUG   ; Mx._readMxsFile: TimeNr.    447 read and processed finally=2020-01-28 14:45:45.500000+0000 Values (without TIMESTAMP): 60 - Actual SNAPSHOTTYPE: TIME. - H5Dump: YES: key=/               44500 not in keys.
2025-09-26 16:50:40,339 ; PT3S                                                         ; DEBUG   ; Mx._readMxsFile: TimeNr.    448 read and processed finally=2020-01-28 14:45:45.600000+0000 Values (without TIMESTAMP): 60 - Actual SNAPSHOTTYPE: TIME. - H5Dump: YES: key=/               44600 not in keys.
2025-09-26 16:50:40,345 ; PT3S                                                         ; DEBUG   ; Mx._readMxsFile: TimeNr.    449 read and processed finally=2020-01-28 14:45:45.700000+0000 Values (without TIMESTAMP): 60 - Actual SNAPSHOTTYPE: TIME. - H5Dump: YES: key=/               44700 not in keys.
2025-09-26 16:50:40,350 ; PT3S                                                         ; DEBUG   ; Mx._readMxsFile: TimeNr.    450 read and processed finally=2020-01-28 14:45:45.800000+0000 Values (without TIMESTAMP): 60 - Actual SNAPSHOTTYPE: TIME. - H5Dump: YES: key=/               44800 not in keys.
2025-09-26 16:50:40,355 ; PT3S                                                         ; DEBUG   ; Mx._readMxsFile: TimeNr.    451 read and processed finally=2020-01-28 14:45:45.900000+0000 Values (without TIMESTAMP): 60 - Actual SNAPSHOTTYPE: TIME. - H5Dump: YES: key=/               44900 not in keys.
2025-09-26 16:50:40,358 ; PT3S                                                         ; DEBUG   ; Mx._readMxsFile: TimeNr.    452 read and processed finally=2020-01-28 14:45:46.000000+0000 Values (without TIMESTAMP): 60 - Actual SNAPSHOTTYPE: TIME. - H5Dump: YES: key=/               45000 not in keys.
2025-09-26 16:50:40,366 ; PT3S                                                         ; DEBUG   ; Mx._readMxsFile: TimeNr.    453 read and processed finally=2020-01-28 14:45:46.100000+0000 Values (without TIMESTAMP): 60 - Actual SNAPSHOTTYPE: TIME. - H5Dump: YES: key=/               45100 not in keys.
2025-09-26 16:50:40,370 ; PT3S                                                         ; DEBUG   ; Mx._readMxsFile: TimeNr.    454 read and processed finally=2020-01-28 14:45:46.200000+0000 Values (without TIMESTAMP): 60 - Actual SNAPSHOTTYPE: TIME. - H5Dump: YES: key=/               45200 not in keys.
2025-09-26 16:50:40,374 ; PT3S                                                         ; DEBUG   ; Mx._readMxsFile: TimeNr.    455 read and processed finally=2020-01-28 14:45:46.300000+0000 Values (without TIMESTAMP): 60 - Actual SNAPSHOTTYPE: TIME. - H5Dump: YES: key=/               45300 not in keys.
2025-09-26 16:50:40,379 ; PT3S                                                         ; DEBUG   ; Mx._readMxsFile: TimeNr.    456 read and processed finally=2020-01-28 14:45:46.400000+0000 Values (without TIMESTAMP): 60 - Actual SNAPSHOTTYPE: TIME. - H5Dump: YES: key=/               45400 not in keys.
2025-09-26 16:50:40,384 ; PT3S                                                         ; DEBUG   ; Mx._readMxsFile: TimeNr.    457 read and processed finally=2020-01-28 14:45:46.500000+0000 Values (without TIMESTAMP): 60 - Actual SNAPSHOTTYPE: TIME. - H5Dump: YES: key=/               45500 not in keys.
2025-09-26 16:50:40,388 ; PT3S                                                         ; DEBUG   ; Mx._readMxsFile: TimeNr.    458 read and processed finally=2020-01-28 14:45:46.600000+0000 Values (without TIMESTAMP): 60 - Actual SNAPSHOTTYPE: TIME. - H5Dump: YES: key=/               45600 not in keys.
2025-09-26 16:50:40,391 ; PT3S                                                         ; DEBUG   ; Mx._readMxsFile: TimeNr.    459 read and processed finally=2020-01-28 14:45:46.700000+0000 Values (without TIMESTAMP): 60 - Actual SNAPSHOTTYPE: TIME. - H5Dump: YES: key=/               45700 not in keys.
2025-09-26 16:50:40,396 ; PT3S                                                         ; DEBUG   ; Mx._readMxsFile: TimeNr.    460 read and processed finally=2020-01-28 14:45:46.800000+0000 Values (without TIMESTAMP): 60 - Actual SNAPSHOTTYPE: TIME. - H5Dump: YES: key=/               45800 not in keys.
2025-09-26 16:50:40,401 ; PT3S                                                         ; DEBUG   ; Mx._readMxsFile: TimeNr.    461 read and processed finally=2020-01-28 14:45:46.900000+0000 Values (without TIMESTAMP): 60 - Actual SNAPSHOTTYPE: TIME. - H5Dump: YES: key=/               45900 not in keys.
2025-09-26 16:50:40,406 ; PT3S                                                         ; DEBUG   ; Mx._readMxsFile: TimeNr.    462 read and processed finally=2020-01-28 14:45:47.000000+0000 Values (without TIMESTAMP): 60 - Actual SNAPSHOTTYPE: TIME. - H5Dump: YES: key=/               46000 not in keys.
2025-09-26 16:50:40,409 ; PT3S                                                         ; DEBUG   ; Mx._readMxsFile: TimeNr.    463 read and processed finally=2020-01-28 14:45:47.100000+0000 Values (without TIMESTAMP): 60 - Actual SNAPSHOTTYPE: TIME. - H5Dump: YES: key=/               46100 not in keys.
2025-09-26 16:50:40,414 ; PT3S                                                         ; DEBUG   ; Mx._readMxsFile: TimeNr.    464 read and processed finally=2020-01-28 14:45:47.200000+0000 Values (without TIMESTAMP): 60 - Actual SNAPSHOTTYPE: TIME. - H5Dump: YES: key=/               46200 not in keys.
2025-09-26 16:50:40,414 ; PT3S                                                         ; DEBUG   ; Mx._readMxsFile: TimeNr.    465 read and processed finally=2020-01-28 14:45:47.300000+0000 Values (without TIMESTAMP): 60 - Actual SNAPSHOTTYPE: TIME. - H5Dump: YES: key=/               46300 not in keys.
2025-09-26 16:50:40,414 ; PT3S                                                         ; DEBUG   ; Mx._readMxsFile: TimeNr.    466 read and processed finally=2020-01-28 14:45:47.400000+0000 Values (without TIMESTAMP): 60 - Actual SNAPSHOTTYPE: TIME. - H5Dump: YES: key=/               46400 not in keys.
2025-09-26 16:50:40,427 ; PT3S                                                         ; DEBUG   ; Mx._readMxsFile: TimeNr.    467 read and processed finally=2020-01-28 14:45:47.500000+0000 Values (without TIMESTAMP): 60 - Actual SNAPSHOTTYPE: TIME. - H5Dump: YES: key=/               46500 not in keys.
2025-09-26 16:50:40,427 ; PT3S                                                         ; DEBUG   ; Mx._readMxsFile: TimeNr.    468 read and processed finally=2020-01-28 14:45:47.600000+0000 Values (without TIMESTAMP): 60 - Actual SNAPSHOTTYPE: TIME. - H5Dump: YES: key=/               46600 not in keys.
2025-09-26 16:50:40,436 ; PT3S                                                         ; DEBUG   ; Mx._readMxsFile: TimeNr.    469 read and processed finally=2020-01-28 14:45:47.700000+0000 Values (without TIMESTAMP): 60 - Actual SNAPSHOTTYPE: TIME. - H5Dump: YES: key=/               46700 not in keys.
2025-09-26 16:50:40,436 ; PT3S                                                         ; DEBUG   ; Mx._readMxsFile: TimeNr.    470 read and processed finally=2020-01-28 14:45:47.800000+0000 Values (without TIMESTAMP): 60 - Actual SNAPSHOTTYPE: TIME. - H5Dump: YES: key=/               46800 not in keys.
2025-09-26 16:50:40,444 ; PT3S                                                         ; DEBUG   ; Mx._readMxsFile: TimeNr.    471 read and processed finally=2020-01-28 14:45:47.900000+0000 Values (without TIMESTAMP): 60 - Actual SNAPSHOTTYPE: TIME. - H5Dump: YES: key=/               46900 not in keys.
2025-09-26 16:50:40,448 ; PT3S                                                         ; DEBUG   ; Mx._readMxsFile: TimeNr.    472 read and processed finally=2020-01-28 14:45:48.000000+0000 Values (without TIMESTAMP): 60 - Actual SNAPSHOTTYPE: TIME. - H5Dump: YES: key=/               47000 not in keys.
2025-09-26 16:50:40,448 ; PT3S                                                         ; DEBUG   ; Mx._readMxsFile: TimeNr.    473 read and processed finally=2020-01-28 14:45:48.100000+0000 Values (without TIMESTAMP): 60 - Actual SNAPSHOTTYPE: TIME. - H5Dump: YES: key=/               47100 not in keys.
2025-09-26 16:50:40,448 ; PT3S                                                         ; DEBUG   ; Mx._readMxsFile: TimeNr.    474 read and processed finally=2020-01-28 14:45:48.200000+0000 Values (without TIMESTAMP): 60 - Actual SNAPSHOTTYPE: TIME. - H5Dump: YES: key=/               47200 not in keys.
2025-09-26 16:50:40,463 ; PT3S                                                         ; DEBUG   ; Mx._readMxsFile: TimeNr.    475 read and processed finally=2020-01-28 14:45:48.300000+0000 Values (without TIMESTAMP): 60 - Actual SNAPSHOTTYPE: TIME. - H5Dump: YES: key=/               47300 not in keys.
2025-09-26 16:50:40,463 ; PT3S                                                         ; DEBUG   ; Mx._readMxsFile: TimeNr.    476 read and processed finally=2020-01-28 14:45:48.400000+0000 Values (without TIMESTAMP): 60 - Actual SNAPSHOTTYPE: TIME. - H5Dump: YES: key=/               47400 not in keys.
2025-09-26 16:50:40,463 ; PT3S                                                         ; DEBUG   ; Mx._readMxsFile: TimeNr.    477 read and processed finally=2020-01-28 14:45:48.500000+0000 Values (without TIMESTAMP): 60 - Actual SNAPSHOTTYPE: TIME. - H5Dump: YES: key=/               47500 not in keys.
2025-09-26 16:50:40,463 ; PT3S                                                         ; DEBUG   ; Mx._readMxsFile: TimeNr.    478 read and processed finally=2020-01-28 14:45:48.600000+0000 Values (without TIMESTAMP): 60 - Actual SNAPSHOTTYPE: TIME. - H5Dump: YES: key=/               47600 not in keys.
2025-09-26 16:50:40,477 ; PT3S                                                         ; DEBUG   ; Mx._readMxsFile: TimeNr.    479 read and processed finally=2020-01-28 14:45:48.700000+0000 Values (without TIMESTAMP): 60 - Actual SNAPSHOTTYPE: TIME. - H5Dump: YES: key=/               47700 not in keys.
2025-09-26 16:50:40,477 ; PT3S                                                         ; DEBUG   ; Mx._readMxsFile: TimeNr.    480 read and processed finally=2020-01-28 14:45:48.800000+0000 Values (without TIMESTAMP): 60 - Actual SNAPSHOTTYPE: TIME. - H5Dump: YES: key=/               47800 not in keys.
2025-09-26 16:50:40,485 ; PT3S                                                         ; DEBUG   ; Mx._readMxsFile: TimeNr.    481 read and processed finally=2020-01-28 14:45:48.900000+0000 Values (without TIMESTAMP): 60 - Actual SNAPSHOTTYPE: TIME. - H5Dump: YES: key=/               47900 not in keys.
2025-09-26 16:50:40,485 ; PT3S                                                         ; DEBUG   ; Mx._readMxsFile: TimeNr.    482 read and processed finally=2020-01-28 14:45:49.000000+0000 Values (without TIMESTAMP): 60 - Actual SNAPSHOTTYPE: TIME. - H5Dump: YES: key=/               48000 not in keys.
2025-09-26 16:50:40,497 ; PT3S                                                         ; DEBUG   ; Mx._readMxsFile: TimeNr.    483 read and processed finally=2020-01-28 14:45:49.100000+0000 Values (without TIMESTAMP): 60 - Actual SNAPSHOTTYPE: TIME. - H5Dump: YES: key=/               48100 not in keys.
2025-09-26 16:50:40,499 ; PT3S                                                         ; DEBUG   ; Mx._readMxsFile: TimeNr.    484 read and processed finally=2020-01-28 14:45:49.200000+0000 Values (without TIMESTAMP): 60 - Actual SNAPSHOTTYPE: TIME. - H5Dump: YES: key=/               48200 not in keys.
2025-09-26 16:50:40,499 ; PT3S                                                         ; DEBUG   ; Mx._readMxsFile: TimeNr.    485 read and processed finally=2020-01-28 14:45:49.300000+0000 Values (without TIMESTAMP): 60 - Actual SNAPSHOTTYPE: TIME. - H5Dump: YES: key=/               48300 not in keys.
2025-09-26 16:50:40,499 ; PT3S                                                         ; DEBUG   ; Mx._readMxsFile: TimeNr.    486 read and processed finally=2020-01-28 14:45:49.400000+0000 Values (without TIMESTAMP): 60 - Actual SNAPSHOTTYPE: TIME. - H5Dump: YES: key=/               48400 not in keys.
2025-09-26 16:50:40,512 ; PT3S                                                         ; DEBUG   ; Mx._readMxsFile: TimeNr.    487 read and processed finally=2020-01-28 14:45:49.500000+0000 Values (without TIMESTAMP): 60 - Actual SNAPSHOTTYPE: TIME. - H5Dump: YES: key=/               48500 not in keys.
2025-09-26 16:50:40,515 ; PT3S                                                         ; DEBUG   ; Mx._readMxsFile: TimeNr.    488 read and processed finally=2020-01-28 14:45:49.600000+0000 Values (without TIMESTAMP): 60 - Actual SNAPSHOTTYPE: TIME. - H5Dump: YES: key=/               48600 not in keys.
2025-09-26 16:50:40,515 ; PT3S                                                         ; DEBUG   ; Mx._readMxsFile: TimeNr.    489 read and processed finally=2020-01-28 14:45:49.700000+0000 Values (without TIMESTAMP): 60 - Actual SNAPSHOTTYPE: TIME. - H5Dump: YES: key=/               48700 not in keys.
2025-09-26 16:50:40,515 ; PT3S                                                         ; DEBUG   ; Mx._readMxsFile: TimeNr.    490 read and processed finally=2020-01-28 14:45:49.800000+0000 Values (without TIMESTAMP): 60 - Actual SNAPSHOTTYPE: TIME. - H5Dump: YES: key=/               48800 not in keys.
2025-09-26 16:50:40,530 ; PT3S                                                         ; DEBUG   ; Mx._readMxsFile: TimeNr.    491 read and processed finally=2020-01-28 14:45:49.900000+0000 Values (without TIMESTAMP): 60 - Actual SNAPSHOTTYPE: TIME. - H5Dump: YES: key=/               48900 not in keys.
2025-09-26 16:50:40,530 ; PT3S                                                         ; DEBUG   ; Mx._readMxsFile: TimeNr.    492 read and processed finally=2020-01-28 14:45:50.000000+0000 Values (without TIMESTAMP): 60 - Actual SNAPSHOTTYPE: TIME. - H5Dump: YES: key=/               49000 not in keys.
2025-09-26 16:50:40,538 ; PT3S                                                         ; DEBUG   ; Mx._readMxsFile: TimeNr.    493 read and processed finally=2020-01-28 14:45:50.100000+0000 Values (without TIMESTAMP): 60 - Actual SNAPSHOTTYPE: TIME. - H5Dump: YES: key=/               49100 not in keys.
2025-09-26 16:50:40,538 ; PT3S                                                         ; DEBUG   ; Mx._readMxsFile: TimeNr.    494 read and processed finally=2020-01-28 14:45:50.200000+0000 Values (without TIMESTAMP): 60 - Actual SNAPSHOTTYPE: TIME. - H5Dump: YES: key=/               49200 not in keys.
2025-09-26 16:50:40,544 ; PT3S                                                         ; DEBUG   ; Mx._readMxsFile: TimeNr.    495 read and processed finally=2020-01-28 14:45:50.300000+0000 Values (without TIMESTAMP): 60 - Actual SNAPSHOTTYPE: TIME. - H5Dump: YES: key=/               49300 not in keys.
2025-09-26 16:50:40,544 ; PT3S                                                         ; DEBUG   ; Mx._readMxsFile: TimeNr.    496 read and processed finally=2020-01-28 14:45:50.400000+0000 Values (without TIMESTAMP): 60 - Actual SNAPSHOTTYPE: TIME. - H5Dump: YES: key=/               49400 not in keys.
2025-09-26 16:50:40,544 ; PT3S                                                         ; DEBUG   ; Mx._readMxsFile: TimeNr.    497 read and processed finally=2020-01-28 14:45:50.500000+0000 Values (without TIMESTAMP): 60 - Actual SNAPSHOTTYPE: TIME. - H5Dump: YES: key=/               49500 not in keys.
2025-09-26 16:50:40,544 ; PT3S                                                         ; DEBUG   ; Mx._readMxsFile: TimeNr.    498 read and processed finally=2020-01-28 14:45:50.600000+0000 Values (without TIMESTAMP): 60 - Actual SNAPSHOTTYPE: TIME. - H5Dump: YES: key=/               49600 not in keys.
2025-09-26 16:50:40,563 ; PT3S                                                         ; DEBUG   ; Mx._readMxsFile: TimeNr.    499 read and processed finally=2020-01-28 14:45:50.700000+0000 Values (without TIMESTAMP): 60 - Actual SNAPSHOTTYPE: TIME. - H5Dump: YES: key=/               49700 not in keys.
2025-09-26 16:50:40,565 ; PT3S                                                         ; DEBUG   ; Mx._readMxsFile: TimeNr.    500 read and processed finally=2020-01-28 14:45:50.800000+0000 Values (without TIMESTAMP): 60 - Actual SNAPSHOTTYPE: TIME. - H5Dump: YES: key=/               49800 not in keys.
2025-09-26 16:50:40,565 ; PT3S                                                         ; DEBUG   ; Mx._readMxsFile: TimeNr.    501 read and processed finally=2020-01-28 14:45:50.900000+0000 Values (without TIMESTAMP): 60 - Actual SNAPSHOTTYPE: TIME. - H5Dump: YES: key=/               49900 not in keys.
2025-09-26 16:50:40,576 ; PT3S                                                         ; DEBUG   ; Mx._readMxsFile: TimeNr.    502 read and processed finally=2020-01-28 14:45:51.000000+0000 Values (without TIMESTAMP): 60 - Actual SNAPSHOTTYPE: TIME. - H5Dump: YES: key=/               50000 not in keys.
2025-09-26 16:50:40,582 ; PT3S                                                         ; DEBUG   ; Mx._readMxsFile: TimeNr.    503 read and processed finally=2020-01-28 14:45:51.100000+0000 Values (without TIMESTAMP): 60 - Actual SNAPSHOTTYPE: TIME. - H5Dump: YES: key=/               50100 not in keys.
2025-09-26 16:50:40,586 ; PT3S                                                         ; DEBUG   ; Mx._readMxsFile: TimeNr.    504 read and processed finally=2020-01-28 14:45:51.200000+0000 Values (without TIMESTAMP): 60 - Actual SNAPSHOTTYPE: TIME. - H5Dump: YES: key=/               50200 not in keys.
2025-09-26 16:50:40,586 ; PT3S                                                         ; DEBUG   ; Mx._readMxsFile: TimeNr.    505 read and processed finally=2020-01-28 14:45:51.300000+0000 Values (without TIMESTAMP): 60 - Actual SNAPSHOTTYPE: TIME. - H5Dump: YES: key=/               50300 not in keys.
2025-09-26 16:50:40,594 ; PT3S                                                         ; DEBUG   ; Mx._readMxsFile: TimeNr.    506 read and processed finally=2020-01-28 14:45:51.400000+0000 Values (without TIMESTAMP): 60 - Actual SNAPSHOTTYPE: TIME. - H5Dump: YES: key=/               50400 not in keys.
2025-09-26 16:50:40,594 ; PT3S                                                         ; DEBUG   ; Mx._readMxsFile: TimeNr.    507 read and processed finally=2020-01-28 14:45:51.500000+0000 Values (without TIMESTAMP): 60 - Actual SNAPSHOTTYPE: TIME. - H5Dump: YES: key=/               50500 not in keys.
2025-09-26 16:50:40,594 ; PT3S                                                         ; DEBUG   ; Mx._readMxsFile: TimeNr.    508 read and processed finally=2020-01-28 14:45:51.600000+0000 Values (without TIMESTAMP): 60 - Actual SNAPSHOTTYPE: TIME. - H5Dump: YES: key=/               50600 not in keys.
2025-09-26 16:50:40,594 ; PT3S                                                         ; DEBUG   ; Mx._readMxsFile: TimeNr.    509 read and processed finally=2020-01-28 14:45:51.700000+0000 Values (without TIMESTAMP): 60 - Actual SNAPSHOTTYPE: TIME. - H5Dump: YES: key=/               50700 not in keys.
2025-09-26 16:50:40,612 ; PT3S                                                         ; DEBUG   ; Mx._readMxsFile: TimeNr.    510 read and processed finally=2020-01-28 14:45:51.800000+0000 Values (without TIMESTAMP): 60 - Actual SNAPSHOTTYPE: TIME. - H5Dump: YES: key=/               50800 not in keys.
2025-09-26 16:50:40,617 ; PT3S                                                         ; DEBUG   ; Mx._readMxsFile: TimeNr.    511 read and processed finally=2020-01-28 14:45:51.900000+0000 Values (without TIMESTAMP): 60 - Actual SNAPSHOTTYPE: TIME. - H5Dump: YES: key=/               50900 not in keys.
2025-09-26 16:50:40,621 ; PT3S                                                         ; DEBUG   ; Mx._readMxsFile: TimeNr.    512 read and processed finally=2020-01-28 14:45:52.000000+0000 Values (without TIMESTAMP): 60 - Actual SNAPSHOTTYPE: TIME. - H5Dump: YES: key=/               51000 not in keys.
2025-09-26 16:50:40,626 ; PT3S                                                         ; DEBUG   ; Mx._readMxsFile: TimeNr.    513 read and processed finally=2020-01-28 14:45:52.100000+0000 Values (without TIMESTAMP): 60 - Actual SNAPSHOTTYPE: TIME. - H5Dump: YES: key=/               51100 not in keys.
2025-09-26 16:50:40,627 ; PT3S                                                         ; DEBUG   ; Mx._readMxsFile: TimeNr.    514 read and processed finally=2020-01-28 14:45:52.200000+0000 Values (without TIMESTAMP): 60 - Actual SNAPSHOTTYPE: TIME. - H5Dump: YES: key=/               51200 not in keys.
2025-09-26 16:50:40,627 ; PT3S                                                         ; DEBUG   ; Mx._readMxsFile: TimeNr.    515 read and processed finally=2020-01-28 14:45:52.300000+0000 Values (without TIMESTAMP): 60 - Actual SNAPSHOTTYPE: TIME. - H5Dump: YES: key=/               51300 not in keys.
2025-09-26 16:50:40,637 ; PT3S                                                         ; DEBUG   ; Mx._readMxsFile: TimeNr.    516 read and processed finally=2020-01-28 14:45:52.400000+0000 Values (without TIMESTAMP): 60 - Actual SNAPSHOTTYPE: TIME. - H5Dump: YES: key=/               51400 not in keys.
2025-09-26 16:50:40,644 ; PT3S                                                         ; DEBUG   ; Mx._readMxsFile: TimeNr.    517 read and processed finally=2020-01-28 14:45:52.500000+0000 Values (without TIMESTAMP): 60 - Actual SNAPSHOTTYPE: TIME. - H5Dump: YES: key=/               51500 not in keys.
2025-09-26 16:50:40,648 ; PT3S                                                         ; DEBUG   ; Mx._readMxsFile: TimeNr.    518 read and processed finally=2020-01-28 14:45:52.600000+0000 Values (without TIMESTAMP): 60 - Actual SNAPSHOTTYPE: TIME. - H5Dump: YES: key=/               51600 not in keys.
2025-09-26 16:50:40,648 ; PT3S                                                         ; DEBUG   ; Mx._readMxsFile: TimeNr.    519 read and processed finally=2020-01-28 14:45:52.700000+0000 Values (without TIMESTAMP): 60 - Actual SNAPSHOTTYPE: TIME. - H5Dump: YES: key=/               51700 not in keys.
2025-09-26 16:50:40,648 ; PT3S                                                         ; DEBUG   ; Mx._readMxsFile: TimeNr.    520 read and processed finally=2020-01-28 14:45:52.800000+0000 Values (without TIMESTAMP): 60 - Actual SNAPSHOTTYPE: TIME. - H5Dump: YES: key=/               51800 not in keys.
2025-09-26 16:50:40,660 ; PT3S                                                         ; DEBUG   ; Mx._readMxsFile: TimeNr.    521 read and processed finally=2020-01-28 14:45:52.900000+0000 Values (without TIMESTAMP): 60 - Actual SNAPSHOTTYPE: TIME. - H5Dump: YES: key=/               51900 not in keys.
2025-09-26 16:50:40,663 ; PT3S                                                         ; DEBUG   ; Mx._readMxsFile: TimeNr.    522 read and processed finally=2020-01-28 14:45:53.000000+0000 Values (without TIMESTAMP): 60 - Actual SNAPSHOTTYPE: TIME. - H5Dump: YES: key=/               52000 not in keys.
2025-09-26 16:50:40,663 ; PT3S                                                         ; DEBUG   ; Mx._readMxsFile: TimeNr.    523 read and processed finally=2020-01-28 14:45:53.100000+0000 Values (without TIMESTAMP): 60 - Actual SNAPSHOTTYPE: TIME. - H5Dump: YES: key=/               52100 not in keys.
2025-09-26 16:50:40,663 ; PT3S                                                         ; DEBUG   ; Mx._readMxsFile: TimeNr.    524 read and processed finally=2020-01-28 14:45:53.200000+0000 Values (without TIMESTAMP): 60 - Actual SNAPSHOTTYPE: TIME. - H5Dump: YES: key=/               52200 not in keys.
2025-09-26 16:50:40,677 ; PT3S                                                         ; DEBUG   ; Mx._readMxsFile: TimeNr.    525 read and processed finally=2020-01-28 14:45:53.300000+0000 Values (without TIMESTAMP): 60 - Actual SNAPSHOTTYPE: TIME. - H5Dump: YES: key=/               52300 not in keys.
2025-09-26 16:50:40,681 ; PT3S                                                         ; DEBUG   ; Mx._readMxsFile: TimeNr.    526 read and processed finally=2020-01-28 14:45:53.400000+0000 Values (without TIMESTAMP): 60 - Actual SNAPSHOTTYPE: TIME. - H5Dump: YES: key=/               52400 not in keys.
2025-09-26 16:50:40,686 ; PT3S                                                         ; DEBUG   ; Mx._readMxsFile: TimeNr.    527 read and processed finally=2020-01-28 14:45:53.500000+0000 Values (without TIMESTAMP): 60 - Actual SNAPSHOTTYPE: TIME. - H5Dump: YES: key=/               52500 not in keys.
2025-09-26 16:50:40,686 ; PT3S                                                         ; DEBUG   ; Mx._readMxsFile: TimeNr.    528 read and processed finally=2020-01-28 14:45:53.600000+0000 Values (without TIMESTAMP): 60 - Actual SNAPSHOTTYPE: TIME. - H5Dump: YES: key=/               52600 not in keys.
2025-09-26 16:50:40,694 ; PT3S                                                         ; DEBUG   ; Mx._readMxsFile: TimeNr.    529 read and processed finally=2020-01-28 14:45:53.700000+0000 Values (without TIMESTAMP): 60 - Actual SNAPSHOTTYPE: TIME. - H5Dump: YES: key=/               52700 not in keys.
2025-09-26 16:50:40,694 ; PT3S                                                         ; DEBUG   ; Mx._readMxsFile: TimeNr.    530 read and processed finally=2020-01-28 14:45:53.800000+0000 Values (without TIMESTAMP): 60 - Actual SNAPSHOTTYPE: TIME. - H5Dump: YES: key=/               52800 not in keys.
2025-09-26 16:50:40,694 ; PT3S                                                         ; DEBUG   ; Mx._readMxsFile: TimeNr.    531 read and processed finally=2020-01-28 14:45:53.900000+0000 Values (without TIMESTAMP): 60 - Actual SNAPSHOTTYPE: TIME. - H5Dump: YES: key=/               52900 not in keys.
2025-09-26 16:50:40,694 ; PT3S                                                         ; DEBUG   ; Mx._readMxsFile: TimeNr.    532 read and processed finally=2020-01-28 14:45:54.000000+0000 Values (without TIMESTAMP): 60 - Actual SNAPSHOTTYPE: TIME. - H5Dump: YES: key=/               53000 not in keys.
2025-09-26 16:50:40,710 ; PT3S                                                         ; DEBUG   ; Mx._readMxsFile: TimeNr.    533 read and processed finally=2020-01-28 14:45:54.100000+0000 Values (without TIMESTAMP): 60 - Actual SNAPSHOTTYPE: TIME. - H5Dump: YES: key=/               53100 not in keys.
2025-09-26 16:50:40,714 ; PT3S                                                         ; DEBUG   ; Mx._readMxsFile: TimeNr.    534 read and processed finally=2020-01-28 14:45:54.200000+0000 Values (without TIMESTAMP): 60 - Actual SNAPSHOTTYPE: TIME. - H5Dump: YES: key=/               53200 not in keys.
2025-09-26 16:50:40,714 ; PT3S                                                         ; DEBUG   ; Mx._readMxsFile: TimeNr.    535 read and processed finally=2020-01-28 14:45:54.300000+0000 Values (without TIMESTAMP): 60 - Actual SNAPSHOTTYPE: TIME. - H5Dump: YES: key=/               53300 not in keys.
2025-09-26 16:50:40,714 ; PT3S                                                         ; DEBUG   ; Mx._readMxsFile: TimeNr.    536 read and processed finally=2020-01-28 14:45:54.400000+0000 Values (without TIMESTAMP): 60 - Actual SNAPSHOTTYPE: TIME. - H5Dump: YES: key=/               53400 not in keys.
2025-09-26 16:50:40,726 ; PT3S                                                         ; DEBUG   ; Mx._readMxsFile: TimeNr.    537 read and processed finally=2020-01-28 14:45:54.500000+0000 Values (without TIMESTAMP): 60 - Actual SNAPSHOTTYPE: TIME. - H5Dump: YES: key=/               53500 not in keys.
2025-09-26 16:50:40,731 ; PT3S                                                         ; DEBUG   ; Mx._readMxsFile: TimeNr.    538 read and processed finally=2020-01-28 14:45:54.600000+0000 Values (without TIMESTAMP): 60 - Actual SNAPSHOTTYPE: TIME. - H5Dump: YES: key=/               53600 not in keys.
2025-09-26 16:50:40,736 ; PT3S                                                         ; DEBUG   ; Mx._readMxsFile: TimeNr.    539 read and processed finally=2020-01-28 14:45:54.700000+0000 Values (without TIMESTAMP): 60 - Actual SNAPSHOTTYPE: TIME. - H5Dump: YES: key=/               53700 not in keys.
2025-09-26 16:50:40,736 ; PT3S                                                         ; DEBUG   ; Mx._readMxsFile: TimeNr.    540 read and processed finally=2020-01-28 14:45:54.800000+0000 Values (without TIMESTAMP): 60 - Actual SNAPSHOTTYPE: TIME. - H5Dump: YES: key=/               53800 not in keys.
2025-09-26 16:50:40,743 ; PT3S                                                         ; DEBUG   ; Mx._readMxsFile: TimeNr.    541 read and processed finally=2020-01-28 14:45:54.900000+0000 Values (without TIMESTAMP): 60 - Actual SNAPSHOTTYPE: TIME. - H5Dump: YES: key=/               53900 not in keys.
2025-09-26 16:50:40,749 ; PT3S                                                         ; DEBUG   ; Mx._readMxsFile: TimeNr.    542 read and processed finally=2020-01-28 14:45:55.000000+0000 Values (without TIMESTAMP): 60 - Actual SNAPSHOTTYPE: TIME. - H5Dump: YES: key=/               54000 not in keys.
2025-09-26 16:50:40,753 ; PT3S                                                         ; DEBUG   ; Mx._readMxsFile: TimeNr.    543 read and processed finally=2020-01-28 14:45:55.100000+0000 Values (without TIMESTAMP): 60 - Actual SNAPSHOTTYPE: TIME. - H5Dump: YES: key=/               54100 not in keys.
2025-09-26 16:50:40,755 ; PT3S                                                         ; DEBUG   ; Mx._readMxsFile: TimeNr.    544 read and processed finally=2020-01-28 14:45:55.200000+0000 Values (without TIMESTAMP): 60 - Actual SNAPSHOTTYPE: TIME. - H5Dump: YES: key=/               54200 not in keys.
2025-09-26 16:50:40,760 ; PT3S                                                         ; DEBUG   ; Mx._readMxsFile: TimeNr.    545 read and processed finally=2020-01-28 14:45:55.300000+0000 Values (without TIMESTAMP): 60 - Actual SNAPSHOTTYPE: TIME. - H5Dump: YES: key=/               54300 not in keys.
2025-09-26 16:50:40,762 ; PT3S                                                         ; DEBUG   ; Mx._readMxsFile: TimeNr.    546 read and processed finally=2020-01-28 14:45:55.400000+0000 Values (without TIMESTAMP): 60 - Actual SNAPSHOTTYPE: TIME. - H5Dump: YES: key=/               54400 not in keys.
2025-09-26 16:50:40,762 ; PT3S                                                         ; DEBUG   ; Mx._readMxsFile: TimeNr.    547 read and processed finally=2020-01-28 14:45:55.500000+0000 Values (without TIMESTAMP): 60 - Actual SNAPSHOTTYPE: TIME. - H5Dump: YES: key=/               54500 not in keys.
2025-09-26 16:50:40,762 ; PT3S                                                         ; DEBUG   ; Mx._readMxsFile: TimeNr.    548 read and processed finally=2020-01-28 14:45:55.600000+0000 Values (without TIMESTAMP): 60 - Actual SNAPSHOTTYPE: TIME. - H5Dump: YES: key=/               54600 not in keys.
2025-09-26 16:50:40,777 ; PT3S                                                         ; DEBUG   ; Mx._readMxsFile: TimeNr.    549 read and processed finally=2020-01-28 14:45:55.700000+0000 Values (without TIMESTAMP): 60 - Actual SNAPSHOTTYPE: TIME. - H5Dump: YES: key=/               54700 not in keys.
2025-09-26 16:50:40,782 ; PT3S                                                         ; DEBUG   ; Mx._readMxsFile: TimeNr.    550 read and processed finally=2020-01-28 14:45:55.800000+0000 Values (without TIMESTAMP): 60 - Actual SNAPSHOTTYPE: TIME. - H5Dump: YES: key=/               54800 not in keys.
2025-09-26 16:50:40,782 ; PT3S                                                         ; DEBUG   ; Mx._readMxsFile: TimeNr.    551 read and processed finally=2020-01-28 14:45:55.900000+0000 Values (without TIMESTAMP): 60 - Actual SNAPSHOTTYPE: TIME. - H5Dump: YES: key=/               54900 not in keys.
2025-09-26 16:50:40,786 ; PT3S                                                         ; DEBUG   ; Mx._readMxsFile: TimeNr.    552 read and processed finally=2020-01-28 14:45:56.000000+0000 Values (without TIMESTAMP): 60 - Actual SNAPSHOTTYPE: TIME. - H5Dump: YES: key=/               55000 not in keys.
2025-09-26 16:50:40,793 ; PT3S                                                         ; DEBUG   ; Mx._readMxsFile: TimeNr.    553 read and processed finally=2020-01-28 14:45:56.100000+0000 Values (without TIMESTAMP): 60 - Actual SNAPSHOTTYPE: TIME. - H5Dump: YES: key=/               55100 not in keys.
2025-09-26 16:50:40,798 ; PT3S                                                         ; DEBUG   ; Mx._readMxsFile: TimeNr.    554 read and processed finally=2020-01-28 14:45:56.200000+0000 Values (without TIMESTAMP): 60 - Actual SNAPSHOTTYPE: TIME. - H5Dump: YES: key=/               55200 not in keys.
2025-09-26 16:50:40,801 ; PT3S                                                         ; DEBUG   ; Mx._readMxsFile: TimeNr.    555 read and processed finally=2020-01-28 14:45:56.300000+0000 Values (without TIMESTAMP): 60 - Actual SNAPSHOTTYPE: TIME. - H5Dump: YES: key=/               55300 not in keys.
2025-09-26 16:50:40,805 ; PT3S                                                         ; DEBUG   ; Mx._readMxsFile: TimeNr.    556 read and processed finally=2020-01-28 14:45:56.400000+0000 Values (without TIMESTAMP): 60 - Actual SNAPSHOTTYPE: TIME. - H5Dump: YES: key=/               55400 not in keys.
2025-09-26 16:50:40,809 ; PT3S                                                         ; DEBUG   ; Mx._readMxsFile: TimeNr.    557 read and processed finally=2020-01-28 14:45:56.500000+0000 Values (without TIMESTAMP): 60 - Actual SNAPSHOTTYPE: TIME. - H5Dump: YES: key=/               55500 not in keys.
2025-09-26 16:50:40,811 ; PT3S                                                         ; DEBUG   ; Mx._readMxsFile: TimeNr.    558 read and processed finally=2020-01-28 14:45:56.600000+0000 Values (without TIMESTAMP): 60 - Actual SNAPSHOTTYPE: TIME. - H5Dump: YES: key=/               55600 not in keys.
2025-09-26 16:50:40,811 ; PT3S                                                         ; DEBUG   ; Mx._readMxsFile: TimeNr.    559 read and processed finally=2020-01-28 14:45:56.700000+0000 Values (without TIMESTAMP): 60 - Actual SNAPSHOTTYPE: TIME. - H5Dump: YES: key=/               55700 not in keys.
2025-09-26 16:50:40,811 ; PT3S                                                         ; DEBUG   ; Mx._readMxsFile: TimeNr.    560 read and processed finally=2020-01-28 14:45:56.800000+0000 Values (without TIMESTAMP): 60 - Actual SNAPSHOTTYPE: TIME. - H5Dump: YES: key=/               55800 not in keys.
2025-09-26 16:50:40,826 ; PT3S                                                         ; DEBUG   ; Mx._readMxsFile: TimeNr.    561 read and processed finally=2020-01-28 14:45:56.900000+0000 Values (without TIMESTAMP): 60 - Actual SNAPSHOTTYPE: TIME. - H5Dump: YES: key=/               55900 not in keys.
2025-09-26 16:50:40,829 ; PT3S                                                         ; DEBUG   ; Mx._readMxsFile: TimeNr.    562 read and processed finally=2020-01-28 14:45:57.000000+0000 Values (without TIMESTAMP): 60 - Actual SNAPSHOTTYPE: TIME. - H5Dump: YES: key=/               56000 not in keys.
2025-09-26 16:50:40,835 ; PT3S                                                         ; DEBUG   ; Mx._readMxsFile: TimeNr.    563 read and processed finally=2020-01-28 14:45:57.100000+0000 Values (without TIMESTAMP): 60 - Actual SNAPSHOTTYPE: TIME. - H5Dump: YES: key=/               56100 not in keys.
2025-09-26 16:50:40,836 ; PT3S                                                         ; DEBUG   ; Mx._readMxsFile: TimeNr.    564 read and processed finally=2020-01-28 14:45:57.200000+0000 Values (without TIMESTAMP): 60 - Actual SNAPSHOTTYPE: TIME. - H5Dump: YES: key=/               56200 not in keys.
2025-09-26 16:50:40,842 ; PT3S                                                         ; DEBUG   ; Mx._readMxsFile: TimeNr.    565 read and processed finally=2020-01-28 14:45:57.300000+0000 Values (without TIMESTAMP): 60 - Actual SNAPSHOTTYPE: TIME. - H5Dump: YES: key=/               56300 not in keys.
2025-09-26 16:50:40,845 ; PT3S                                                         ; DEBUG   ; Mx._readMxsFile: TimeNr.    566 read and processed finally=2020-01-28 14:45:57.400000+0000 Values (without TIMESTAMP): 60 - Actual SNAPSHOTTYPE: TIME. - H5Dump: YES: key=/               56400 not in keys.
2025-09-26 16:50:40,845 ; PT3S                                                         ; DEBUG   ; Mx._readMxsFile: TimeNr.    567 read and processed finally=2020-01-28 14:45:57.500000+0000 Values (without TIMESTAMP): 60 - Actual SNAPSHOTTYPE: TIME. - H5Dump: YES: key=/               56500 not in keys.
2025-09-26 16:50:40,845 ; PT3S                                                         ; DEBUG   ; Mx._readMxsFile: TimeNr.    568 read and processed finally=2020-01-28 14:45:57.600000+0000 Values (without TIMESTAMP): 60 - Actual SNAPSHOTTYPE: TIME. - H5Dump: YES: key=/               56600 not in keys.
2025-09-26 16:50:40,858 ; PT3S                                                         ; DEBUG   ; Mx._readMxsFile: TimeNr.    569 read and processed finally=2020-01-28 14:45:57.700000+0000 Values (without TIMESTAMP): 60 - Actual SNAPSHOTTYPE: TIME. - H5Dump: YES: key=/               56700 not in keys.
2025-09-26 16:50:40,862 ; PT3S                                                         ; DEBUG   ; Mx._readMxsFile: TimeNr.    570 read and processed finally=2020-01-28 14:45:57.800000+0000 Values (without TIMESTAMP): 60 - Actual SNAPSHOTTYPE: TIME. - H5Dump: YES: key=/               56800 not in keys.
2025-09-26 16:50:40,865 ; PT3S                                                         ; DEBUG   ; Mx._readMxsFile: TimeNr.    571 read and processed finally=2020-01-28 14:45:57.900000+0000 Values (without TIMESTAMP): 60 - Actual SNAPSHOTTYPE: TIME. - H5Dump: YES: key=/               56900 not in keys.
2025-09-26 16:50:40,865 ; PT3S                                                         ; DEBUG   ; Mx._readMxsFile: TimeNr.    572 read and processed finally=2020-01-28 14:45:58.000000+0000 Values (without TIMESTAMP): 60 - Actual SNAPSHOTTYPE: TIME. - H5Dump: YES: key=/               57000 not in keys.
2025-09-26 16:50:40,865 ; PT3S                                                         ; DEBUG   ; Mx._readMxsFile: TimeNr.    573 read and processed finally=2020-01-28 14:45:58.100000+0000 Values (without TIMESTAMP): 60 - Actual SNAPSHOTTYPE: TIME. - H5Dump: YES: key=/               57100 not in keys.
2025-09-26 16:50:40,877 ; PT3S                                                         ; DEBUG   ; Mx._readMxsFile: TimeNr.    574 read and processed finally=2020-01-28 14:45:58.200000+0000 Values (without TIMESTAMP): 60 - Actual SNAPSHOTTYPE: TIME. - H5Dump: YES: key=/               57200 not in keys.
2025-09-26 16:50:40,882 ; PT3S                                                         ; DEBUG   ; Mx._readMxsFile: TimeNr.    575 read and processed finally=2020-01-28 14:45:58.300000+0000 Values (without TIMESTAMP): 60 - Actual SNAPSHOTTYPE: TIME. - H5Dump: YES: key=/               57300 not in keys.
2025-09-26 16:50:40,886 ; PT3S                                                         ; DEBUG   ; Mx._readMxsFile: TimeNr.    576 read and processed finally=2020-01-28 14:45:58.400000+0000 Values (without TIMESTAMP): 60 - Actual SNAPSHOTTYPE: TIME. - H5Dump: YES: key=/               57400 not in keys.
2025-09-26 16:50:40,886 ; PT3S                                                         ; DEBUG   ; Mx._readMxsFile: TimeNr.    577 read and processed finally=2020-01-28 14:45:58.500000+0000 Values (without TIMESTAMP): 60 - Actual SNAPSHOTTYPE: TIME. - H5Dump: YES: key=/               57500 not in keys.
2025-09-26 16:50:40,894 ; PT3S                                                         ; DEBUG   ; Mx._readMxsFile: TimeNr.    578 read and processed finally=2020-01-28 14:45:58.600000+0000 Values (without TIMESTAMP): 60 - Actual SNAPSHOTTYPE: TIME. - H5Dump: YES: key=/               57600 not in keys.
2025-09-26 16:50:40,898 ; PT3S                                                         ; DEBUG   ; Mx._readMxsFile: TimeNr.    579 read and processed finally=2020-01-28 14:45:58.700000+0000 Values (without TIMESTAMP): 60 - Actual SNAPSHOTTYPE: TIME. - H5Dump: YES: key=/               57700 not in keys.
2025-09-26 16:50:40,898 ; PT3S                                                         ; DEBUG   ; Mx._readMxsFile: TimeNr.    580 read and processed finally=2020-01-28 14:45:58.800000+0000 Values (without TIMESTAMP): 60 - Actual SNAPSHOTTYPE: TIME. - H5Dump: YES: key=/               57800 not in keys.
2025-09-26 16:50:40,898 ; PT3S                                                         ; DEBUG   ; Mx._readMxsFile: TimeNr.    581 read and processed finally=2020-01-28 14:45:58.900000+0000 Values (without TIMESTAMP): 60 - Actual SNAPSHOTTYPE: TIME. - H5Dump: YES: key=/               57900 not in keys.
2025-09-26 16:50:40,909 ; PT3S                                                         ; DEBUG   ; Mx._readMxsFile: TimeNr.    582 read and processed finally=2020-01-28 14:45:59.000000+0000 Values (without TIMESTAMP): 60 - Actual SNAPSHOTTYPE: TIME. - H5Dump: YES: key=/               58000 not in keys.
2025-09-26 16:50:40,911 ; PT3S                                                         ; DEBUG   ; Mx._readMxsFile: TimeNr.    583 read and processed finally=2020-01-28 14:45:59.100000+0000 Values (without TIMESTAMP): 60 - Actual SNAPSHOTTYPE: TIME. - H5Dump: YES: key=/               58100 not in keys.
2025-09-26 16:50:40,911 ; PT3S                                                         ; DEBUG   ; Mx._readMxsFile: TimeNr.    584 read and processed finally=2020-01-28 14:45:59.200000+0000 Values (without TIMESTAMP): 60 - Actual SNAPSHOTTYPE: TIME. - H5Dump: YES: key=/               58200 not in keys.
2025-09-26 16:50:40,911 ; PT3S                                                         ; DEBUG   ; Mx._readMxsFile: TimeNr.    585 read and processed finally=2020-01-28 14:45:59.300000+0000 Values (without TIMESTAMP): 60 - Actual SNAPSHOTTYPE: TIME. - H5Dump: YES: key=/               58300 not in keys.
2025-09-26 16:50:40,927 ; PT3S                                                         ; DEBUG   ; Mx._readMxsFile: TimeNr.    586 read and processed finally=2020-01-28 14:45:59.400000+0000 Values (without TIMESTAMP): 60 - Actual SNAPSHOTTYPE: TIME. - H5Dump: YES: key=/               58400 not in keys.
2025-09-26 16:50:40,932 ; PT3S                                                         ; DEBUG   ; Mx._readMxsFile: TimeNr.    587 read and processed finally=2020-01-28 14:45:59.500000+0000 Values (without TIMESTAMP): 60 - Actual SNAPSHOTTYPE: TIME. - H5Dump: YES: key=/               58500 not in keys.
2025-09-26 16:50:40,932 ; PT3S                                                         ; DEBUG   ; Mx._readMxsFile: TimeNr.    588 read and processed finally=2020-01-28 14:45:59.600000+0000 Values (without TIMESTAMP): 60 - Actual SNAPSHOTTYPE: TIME. - H5Dump: YES: key=/               58600 not in keys.
2025-09-26 16:50:40,936 ; PT3S                                                         ; DEBUG   ; Mx._readMxsFile: TimeNr.    589 read and processed finally=2020-01-28 14:45:59.700000+0000 Values (without TIMESTAMP): 60 - Actual SNAPSHOTTYPE: TIME. - H5Dump: YES: key=/               58700 not in keys.
2025-09-26 16:50:40,943 ; PT3S                                                         ; DEBUG   ; Mx._readMxsFile: TimeNr.    590 read and processed finally=2020-01-28 14:45:59.800000+0000 Values (without TIMESTAMP): 60 - Actual SNAPSHOTTYPE: TIME. - H5Dump: YES: key=/               58800 not in keys.
2025-09-26 16:50:40,949 ; PT3S                                                         ; DEBUG   ; Mx._readMxsFile: TimeNr.    591 read and processed finally=2020-01-28 14:45:59.900000+0000 Values (without TIMESTAMP): 60 - Actual SNAPSHOTTYPE: TIME. - H5Dump: YES: key=/               58900 not in keys.
2025-09-26 16:50:40,949 ; PT3S                                                         ; DEBUG   ; Mx._readMxsFile: TimeNr.    592 read and processed finally=2020-01-28 14:46:00.000000+0000 Values (without TIMESTAMP): 60 - Actual SNAPSHOTTYPE: TIME. - H5Dump: YES: key=/               59000 not in keys.
2025-09-26 16:50:40,949 ; PT3S                                                         ; DEBUG   ; Mx._readMxsFile: TimeNr.    593 read and processed finally=2020-01-28 14:46:00.100000+0000 Values (without TIMESTAMP): 60 - Actual SNAPSHOTTYPE: TIME. - H5Dump: YES: key=/               59100 not in keys.
2025-09-26 16:50:40,963 ; PT3S                                                         ; DEBUG   ; Mx._readMxsFile: TimeNr.    594 read and processed finally=2020-01-28 14:46:00.200000+0000 Values (without TIMESTAMP): 60 - Actual SNAPSHOTTYPE: TIME. - H5Dump: YES: key=/               59200 not in keys.
2025-09-26 16:50:40,965 ; PT3S                                                         ; DEBUG   ; Mx._readMxsFile: TimeNr.    595 read and processed finally=2020-01-28 14:46:00.300000+0000 Values (without TIMESTAMP): 60 - Actual SNAPSHOTTYPE: TIME. - H5Dump: YES: key=/               59300 not in keys.
2025-09-26 16:50:40,965 ; PT3S                                                         ; DEBUG   ; Mx._readMxsFile: TimeNr.    596 read and processed finally=2020-01-28 14:46:00.400000+0000 Values (without TIMESTAMP): 60 - Actual SNAPSHOTTYPE: TIME. - H5Dump: YES: key=/               59400 not in keys.
2025-09-26 16:50:40,965 ; PT3S                                                         ; DEBUG   ; Mx._readMxsFile: TimeNr.    597 read and processed finally=2020-01-28 14:46:00.500000+0000 Values (without TIMESTAMP): 60 - Actual SNAPSHOTTYPE: TIME. - H5Dump: YES: key=/               59500 not in keys.
2025-09-26 16:50:40,977 ; PT3S                                                         ; DEBUG   ; Mx._readMxsFile: TimeNr.    598 read and processed finally=2020-01-28 14:46:00.600000+0000 Values (without TIMESTAMP): 60 - Actual SNAPSHOTTYPE: TIME. - H5Dump: YES: key=/               59600 not in keys.
2025-09-26 16:50:40,980 ; PT3S                                                         ; DEBUG   ; Mx._readMxsFile: TimeNr.    599 read and processed finally=2020-01-28 14:46:00.700000+0000 Values (without TIMESTAMP): 60 - Actual SNAPSHOTTYPE: TIME. - H5Dump: YES: key=/               59700 not in keys.
2025-09-26 16:50:40,986 ; PT3S                                                         ; DEBUG   ; Mx._readMxsFile: TimeNr.    600 read and processed finally=2020-01-28 14:46:00.800000+0000 Values (without TIMESTAMP): 60 - Actual SNAPSHOTTYPE: TIME. - H5Dump: YES: key=/               59800 not in keys.
2025-09-26 16:50:40,986 ; PT3S                                                         ; DEBUG   ; Mx._readMxsFile: TimeNr.    601 read and processed finally=2020-01-28 14:46:00.900000+0000 Values (without TIMESTAMP): 60 - Actual SNAPSHOTTYPE: TIME. - H5Dump: YES: key=/               59900 not in keys.
2025-09-26 16:50:40,994 ; PT3S                                                         ; DEBUG   ; Mx._readMxsFile: TimeNr.    602 read and processed finally=2020-01-28 14:46:01.000000+0000 Values (without TIMESTAMP): 60 - Actual SNAPSHOTTYPE: TIME. - H5Dump: YES: key=/               60000 not in keys.
2025-09-26 16:50:41,045 ; PT3S                                                         ; DEBUG   ; Mx._processToDfVecAggs: cSNAPSHOTTYPE TMIN     processed to         dfVecAggs with TIMESTAMPL: 2020-01-28 14:45:01+00:00
2025-09-26 16:50:41,046 ; PT3S                                                         ; DEBUG   ; Mx._readMxsFile: TimeNr.    603 read and processed finally=2020-01-28 14:46:01.000000+0000 Values (without TIMESTAMP): 60 - Actual SNAPSHOTTYPE: TMIN. - H5Dump: YES: key=/               60000 not in keys.
2025-09-26 16:50:41,094 ; PT3S                                                         ; DEBUG   ; Mx._processToDfVecAggs: cSNAPSHOTTYPE TMAX     processed to         dfVecAggs with TIMESTAMPL: 2020-01-28 14:45:01+00:00
2025-09-26 16:50:41,094 ; PT3S                                                         ; DEBUG   ; Mx._readMxsFile: TimeNr.    604 read and processed finally=2020-01-28 14:46:01.000000+0000 Values (without TIMESTAMP): 60 - Actual SNAPSHOTTYPE: TMAX. - H5Dump: YES: key=/               60000 not in keys.
2025-09-26 16:50:41,094 ; PT3S                                                         ; DEBUG   ; Mx._readMxsFile: File finished: Records read=604. Last Time read=2020-01-28 14:46:01.000000+0000. MB read=0073.19.
2025-09-26 16:50:41,094 ; PT3S                                                         ; DEBUG   ; Mx._readMxsFile: df.shape(): (604, 60).
2025-09-26 16:50:41,094 ; PT3S                                                         ; DEBUG   ; Mx._readMxsFile: _Done.
2025-09-26 16:50:41,094 ; PT3S                                                         ; DEBUG   ; Mx.setResultsToMxsFile: Mxs: c:\users\jablonski\3s\pt3s\PT3S\Examples\WDExample2\B1\V0\BZ1\M-1-0-1.5.MXS: NOT unique TIMESTAMPS: Their dfMxs Shape: (3, 60).
2025-09-26 16:50:41,094 ; PT3S                                                         ; DEBUG   ; Mx.setResultsToMxsFile: Mxs: c:\users\jablonski\3s\pt3s\PT3S\Examples\WDExample2\B1\V0\BZ1\M-1-0-1.5.MXS: Assigned.     df Shape: (601, 60).
2025-09-26 16:50:41,094 ; PT3S                                                         ; DEBUG   ; Mx.setResultsToMxsFile: RESULT after c:\users\jablonski\3s\pt3s\PT3S\Examples\WDExample2\B1\V0\BZ1\M-1-0-1.5.MXS: df Shape: (601, 60) First Time: 2020-01-28 14:45:01+00:00 Last Time: 2020-01-28 14:46:01+00:00.
2025-09-26 16:50:41,109 ; PT3S                                                         ; DEBUG   ; Mx.setResultsToMxsFile: _Done.
2025-09-26 16:50:41,109 ; PT3S                                                         ; DEBUG   ; Mx.__init__: _Done.#########
2025-09-26 16:50:41,109 ; PT3S                                                         ; DEBUG   ; PT3S.dxAndMxHelperFcts.readMx: MX wurde bisher erfolgreich gelesen. c:\users\jablonski\3s\pt3s\PT3S\Examples\WDExample2\B1\V0\BZ1\M-1-0-1.5.MX1
2025-09-26 16:50:41,109 ; PT3S                                                         ; DEBUG   ; PT3S.dxAndMxHelperFcts.readMx: _Done.
2025-09-26 16:50:41,239 ; matplotlib.pyplot                                            ; DEBUG   ; Loaded backend module://matplotlib_inline.backend_inline version unknown.
2025-09-26 16:50:41,246 ; matplotlib.pyplot                                            ; DEBUG   ; Loaded backend module://matplotlib_inline.backend_inline version unknown.
2025-09-26 16:50:41,251 ; matplotlib.font_manager                                      ; DEBUG   ; findfont: Matching sans\-serif:style=normal:variant=normal:weight=normal:stretch=normal:size=10.0.
2025-09-26 16:50:41,252 ; matplotlib.font_manager                                      ; DEBUG   ; findfont: score(FontEntry(fname='c:\\Users\\jablonski\\AppData\\Local\\anaconda3\\Lib\\site-packages\\matplotlib\\mpl-data\\fonts\\ttf\\cmsy10.ttf', name='cmsy10', style='normal', variant='normal', weight=400, stretch='normal', size='scalable')) = 10.05
2025-09-26 16:50:41,252 ; matplotlib.font_manager                                      ; DEBUG   ; findfont: score(FontEntry(fname='c:\\Users\\jablonski\\AppData\\Local\\anaconda3\\Lib\\site-packages\\matplotlib\\mpl-data\\fonts\\ttf\\STIXGeneralBolIta.ttf', name='STIXGeneral', style='italic', variant='normal', weight=700, stretch='normal', size='scalable')) = 11.335
2025-09-26 16:50:41,253 ; matplotlib.font_manager                                      ; DEBUG   ; findfont: score(FontEntry(fname='c:\\Users\\jablonski\\AppData\\Local\\anaconda3\\Lib\\site-packages\\matplotlib\\mpl-data\\fonts\\ttf\\DejaVuSansMono-Oblique.ttf', name='DejaVu Sans Mono', style='oblique', variant='normal', weight=400, stretch='normal', size='scalable')) = 11.05
2025-09-26 16:50:41,253 ; matplotlib.font_manager                                      ; DEBUG   ; findfont: score(FontEntry(fname='c:\\Users\\jablonski\\AppData\\Local\\anaconda3\\Lib\\site-packages\\matplotlib\\mpl-data\\fonts\\ttf\\STIXSizOneSymBol.ttf', name='STIXSizeOneSym', style='normal', variant='normal', weight=700, stretch='normal', size='scalable')) = 10.335
2025-09-26 16:50:41,253 ; matplotlib.font_manager                                      ; DEBUG   ; findfont: score(FontEntry(fname='c:\\Users\\jablonski\\AppData\\Local\\anaconda3\\Lib\\site-packages\\matplotlib\\mpl-data\\fonts\\ttf\\STIXSizThreeSymReg.ttf', name='STIXSizeThreeSym', style='normal', variant='normal', weight=400, stretch='normal', size='scalable')) = 10.05
2025-09-26 16:50:41,253 ; matplotlib.font_manager                                      ; DEBUG   ; findfont: score(FontEntry(fname='c:\\Users\\jablonski\\AppData\\Local\\anaconda3\\Lib\\site-packages\\matplotlib\\mpl-data\\fonts\\ttf\\STIXSizTwoSymReg.ttf', name='STIXSizeTwoSym', style='normal', variant='normal', weight=400, stretch='normal', size='scalable')) = 10.05
2025-09-26 16:50:41,253 ; matplotlib.font_manager                                      ; DEBUG   ; findfont: score(FontEntry(fname='c:\\Users\\jablonski\\AppData\\Local\\anaconda3\\Lib\\site-packages\\matplotlib\\mpl-data\\fonts\\ttf\\cmr10.ttf', name='cmr10', style='normal', variant='normal', weight=400, stretch='normal', size='scalable')) = 10.05
2025-09-26 16:50:41,254 ; matplotlib.font_manager                                      ; DEBUG   ; findfont: score(FontEntry(fname='c:\\Users\\jablonski\\AppData\\Local\\anaconda3\\Lib\\site-packages\\matplotlib\\mpl-data\\fonts\\ttf\\STIXSizFiveSymReg.ttf', name='STIXSizeFiveSym', style='normal', variant='normal', weight=400, stretch='normal', size='scalable')) = 10.05
2025-09-26 16:50:41,254 ; matplotlib.font_manager                                      ; DEBUG   ; findfont: score(FontEntry(fname='c:\\Users\\jablonski\\AppData\\Local\\anaconda3\\Lib\\site-packages\\matplotlib\\mpl-data\\fonts\\ttf\\STIXSizFourSymBol.ttf', name='STIXSizeFourSym', style='normal', variant='normal', weight=700, stretch='normal', size='scalable')) = 10.335
2025-09-26 16:50:41,254 ; matplotlib.font_manager                                      ; DEBUG   ; findfont: score(FontEntry(fname='c:\\Users\\jablonski\\AppData\\Local\\anaconda3\\Lib\\site-packages\\matplotlib\\mpl-data\\fonts\\ttf\\DejaVuSansMono.ttf', name='DejaVu Sans Mono', style='normal', variant='normal', weight=400, stretch='normal', size='scalable')) = 10.05
2025-09-26 16:50:41,254 ; matplotlib.font_manager                                      ; DEBUG   ; findfont: score(FontEntry(fname='c:\\Users\\jablonski\\AppData\\Local\\anaconda3\\Lib\\site-packages\\matplotlib\\mpl-data\\fonts\\ttf\\cmex10.ttf', name='cmex10', style='normal', variant='normal', weight=400, stretch='normal', size='scalable')) = 10.05
2025-09-26 16:50:41,254 ; matplotlib.font_manager                                      ; DEBUG   ; findfont: score(FontEntry(fname='c:\\Users\\jablonski\\AppData\\Local\\anaconda3\\Lib\\site-packages\\matplotlib\\mpl-data\\fonts\\ttf\\STIXSizTwoSymBol.ttf', name='STIXSizeTwoSym', style='normal', variant='normal', weight=700, stretch='normal', size='scalable')) = 10.335
2025-09-26 16:50:41,254 ; matplotlib.font_manager                                      ; DEBUG   ; findfont: score(FontEntry(fname='c:\\Users\\jablonski\\AppData\\Local\\anaconda3\\Lib\\site-packages\\matplotlib\\mpl-data\\fonts\\ttf\\DejaVuSans-Bold.ttf', name='DejaVu Sans', style='normal', variant='normal', weight=700, stretch='normal', size='scalable')) = 0.33499999999999996
2025-09-26 16:50:41,255 ; matplotlib.font_manager                                      ; DEBUG   ; findfont: score(FontEntry(fname='c:\\Users\\jablonski\\AppData\\Local\\anaconda3\\Lib\\site-packages\\matplotlib\\mpl-data\\fonts\\ttf\\DejaVuSerif.ttf', name='DejaVu Serif', style='normal', variant='normal', weight=400, stretch='normal', size='scalable')) = 10.05
2025-09-26 16:50:41,255 ; matplotlib.font_manager                                      ; DEBUG   ; findfont: score(FontEntry(fname='c:\\Users\\jablonski\\AppData\\Local\\anaconda3\\Lib\\site-packages\\matplotlib\\mpl-data\\fonts\\ttf\\STIXNonUniBol.ttf', name='STIXNonUnicode', style='normal', variant='normal', weight=700, stretch='normal', size='scalable')) = 10.335
2025-09-26 16:50:41,255 ; matplotlib.font_manager                                      ; DEBUG   ; findfont: score(FontEntry(fname='c:\\Users\\jablonski\\AppData\\Local\\anaconda3\\Lib\\site-packages\\matplotlib\\mpl-data\\fonts\\ttf\\cmmi10.ttf', name='cmmi10', style='normal', variant='normal', weight=400, stretch='normal', size='scalable')) = 10.05
2025-09-26 16:50:41,255 ; matplotlib.font_manager                                      ; DEBUG   ; findfont: score(FontEntry(fname='c:\\Users\\jablonski\\AppData\\Local\\anaconda3\\Lib\\site-packages\\matplotlib\\mpl-data\\fonts\\ttf\\DejaVuSans-Oblique.ttf', name='DejaVu Sans', style='oblique', variant='normal', weight=400, stretch='normal', size='scalable')) = 1.05
2025-09-26 16:50:41,255 ; matplotlib.font_manager                                      ; DEBUG   ; findfont: score(FontEntry(fname='c:\\Users\\jablonski\\AppData\\Local\\anaconda3\\Lib\\site-packages\\matplotlib\\mpl-data\\fonts\\ttf\\STIXNonUniIta.ttf', name='STIXNonUnicode', style='italic', variant='normal', weight=400, stretch='normal', size='scalable')) = 11.05
2025-09-26 16:50:41,256 ; matplotlib.font_manager                                      ; DEBUG   ; findfont: score(FontEntry(fname='c:\\Users\\jablonski\\AppData\\Local\\anaconda3\\Lib\\site-packages\\matplotlib\\mpl-data\\fonts\\ttf\\STIXNonUniBolIta.ttf', name='STIXNonUnicode', style='italic', variant='normal', weight=700, stretch='normal', size='scalable')) = 11.335
2025-09-26 16:50:41,256 ; matplotlib.font_manager                                      ; DEBUG   ; findfont: score(FontEntry(fname='c:\\Users\\jablonski\\AppData\\Local\\anaconda3\\Lib\\site-packages\\matplotlib\\mpl-data\\fonts\\ttf\\DejaVuSerif-BoldItalic.ttf', name='DejaVu Serif', style='italic', variant='normal', weight=700, stretch='normal', size='scalable')) = 11.335
2025-09-26 16:50:41,256 ; matplotlib.font_manager                                      ; DEBUG   ; findfont: score(FontEntry(fname='c:\\Users\\jablonski\\AppData\\Local\\anaconda3\\Lib\\site-packages\\matplotlib\\mpl-data\\fonts\\ttf\\DejaVuSansMono-Bold.ttf', name='DejaVu Sans Mono', style='normal', variant='normal', weight=700, stretch='normal', size='scalable')) = 10.335
2025-09-26 16:50:41,257 ; matplotlib.font_manager                                      ; DEBUG   ; findfont: score(FontEntry(fname='c:\\Users\\jablonski\\AppData\\Local\\anaconda3\\Lib\\site-packages\\matplotlib\\mpl-data\\fonts\\ttf\\STIXSizFourSymReg.ttf', name='STIXSizeFourSym', style='normal', variant='normal', weight=400, stretch='normal', size='scalable')) = 10.05
2025-09-26 16:50:41,257 ; matplotlib.font_manager                                      ; DEBUG   ; findfont: score(FontEntry(fname='c:\\Users\\jablonski\\AppData\\Local\\anaconda3\\Lib\\site-packages\\matplotlib\\mpl-data\\fonts\\ttf\\cmb10.ttf', name='cmb10', style='normal', variant='normal', weight=400, stretch='normal', size='scalable')) = 10.05
2025-09-26 16:50:41,257 ; matplotlib.font_manager                                      ; DEBUG   ; findfont: score(FontEntry(fname='c:\\Users\\jablonski\\AppData\\Local\\anaconda3\\Lib\\site-packages\\matplotlib\\mpl-data\\fonts\\ttf\\STIXGeneralBol.ttf', name='STIXGeneral', style='normal', variant='normal', weight=700, stretch='normal', size='scalable')) = 10.335
2025-09-26 16:50:41,257 ; matplotlib.font_manager                                      ; DEBUG   ; findfont: score(FontEntry(fname='c:\\Users\\jablonski\\AppData\\Local\\anaconda3\\Lib\\site-packages\\matplotlib\\mpl-data\\fonts\\ttf\\DejaVuSans-BoldOblique.ttf', name='DejaVu Sans', style='oblique', variant='normal', weight=700, stretch='normal', size='scalable')) = 1.335
2025-09-26 16:50:41,257 ; matplotlib.font_manager                                      ; DEBUG   ; findfont: score(FontEntry(fname='c:\\Users\\jablonski\\AppData\\Local\\anaconda3\\Lib\\site-packages\\matplotlib\\mpl-data\\fonts\\ttf\\DejaVuSerif-Bold.ttf', name='DejaVu Serif', style='normal', variant='normal', weight=700, stretch='normal', size='scalable')) = 10.335
2025-09-26 16:50:41,257 ; matplotlib.font_manager                                      ; DEBUG   ; findfont: score(FontEntry(fname='c:\\Users\\jablonski\\AppData\\Local\\anaconda3\\Lib\\site-packages\\matplotlib\\mpl-data\\fonts\\ttf\\DejaVuSerif-Italic.ttf', name='DejaVu Serif', style='italic', variant='normal', weight=400, stretch='normal', size='scalable')) = 11.05
2025-09-26 16:50:41,259 ; matplotlib.font_manager                                      ; DEBUG   ; findfont: score(FontEntry(fname='c:\\Users\\jablonski\\AppData\\Local\\anaconda3\\Lib\\site-packages\\matplotlib\\mpl-data\\fonts\\ttf\\cmss10.ttf', name='cmss10', style='normal', variant='normal', weight=400, stretch='normal', size='scalable')) = 10.05
2025-09-26 16:50:41,259 ; matplotlib.font_manager                                      ; DEBUG   ; findfont: score(FontEntry(fname='c:\\Users\\jablonski\\AppData\\Local\\anaconda3\\Lib\\site-packages\\matplotlib\\mpl-data\\fonts\\ttf\\DejaVuSans.ttf', name='DejaVu Sans', style='normal', variant='normal', weight=400, stretch='normal', size='scalable')) = 0.05
2025-09-26 16:50:41,260 ; matplotlib.font_manager                                      ; DEBUG   ; findfont: score(FontEntry(fname='c:\\Users\\jablonski\\AppData\\Local\\anaconda3\\Lib\\site-packages\\matplotlib\\mpl-data\\fonts\\ttf\\STIXGeneral.ttf', name='STIXGeneral', style='normal', variant='normal', weight=400, stretch='normal', size='scalable')) = 10.05
2025-09-26 16:50:41,261 ; matplotlib.font_manager                                      ; DEBUG   ; findfont: score(FontEntry(fname='c:\\Users\\jablonski\\AppData\\Local\\anaconda3\\Lib\\site-packages\\matplotlib\\mpl-data\\fonts\\ttf\\STIXSizThreeSymBol.ttf', name='STIXSizeThreeSym', style='normal', variant='normal', weight=700, stretch='normal', size='scalable')) = 10.335
2025-09-26 16:50:41,262 ; matplotlib.font_manager                                      ; DEBUG   ; findfont: score(FontEntry(fname='c:\\Users\\jablonski\\AppData\\Local\\anaconda3\\Lib\\site-packages\\matplotlib\\mpl-data\\fonts\\ttf\\cmtt10.ttf', name='cmtt10', style='normal', variant='normal', weight=400, stretch='normal', size='scalable')) = 10.05
2025-09-26 16:50:41,262 ; matplotlib.font_manager                                      ; DEBUG   ; findfont: score(FontEntry(fname='c:\\Users\\jablonski\\AppData\\Local\\anaconda3\\Lib\\site-packages\\matplotlib\\mpl-data\\fonts\\ttf\\DejaVuSansDisplay.ttf', name='DejaVu Sans Display', style='normal', variant='normal', weight=400, stretch='normal', size='scalable')) = 10.05
2025-09-26 16:50:41,262 ; matplotlib.font_manager                                      ; DEBUG   ; findfont: score(FontEntry(fname='c:\\Users\\jablonski\\AppData\\Local\\anaconda3\\Lib\\site-packages\\matplotlib\\mpl-data\\fonts\\ttf\\STIXGeneralItalic.ttf', name='STIXGeneral', style='italic', variant='normal', weight=400, stretch='normal', size='scalable')) = 11.05
2025-09-26 16:50:41,262 ; matplotlib.font_manager                                      ; DEBUG   ; findfont: score(FontEntry(fname='c:\\Users\\jablonski\\AppData\\Local\\anaconda3\\Lib\\site-packages\\matplotlib\\mpl-data\\fonts\\ttf\\STIXSizOneSymReg.ttf', name='STIXSizeOneSym', style='normal', variant='normal', weight=400, stretch='normal', size='scalable')) = 10.05
2025-09-26 16:50:41,263 ; matplotlib.font_manager                                      ; DEBUG   ; findfont: score(FontEntry(fname='c:\\Users\\jablonski\\AppData\\Local\\anaconda3\\Lib\\site-packages\\matplotlib\\mpl-data\\fonts\\ttf\\STIXNonUni.ttf', name='STIXNonUnicode', style='normal', variant='normal', weight=400, stretch='normal', size='scalable')) = 10.05
2025-09-26 16:50:41,263 ; matplotlib.font_manager                                      ; DEBUG   ; findfont: score(FontEntry(fname='c:\\Users\\jablonski\\AppData\\Local\\anaconda3\\Lib\\site-packages\\matplotlib\\mpl-data\\fonts\\ttf\\DejaVuSansMono-BoldOblique.ttf', name='DejaVu Sans Mono', style='oblique', variant='normal', weight=700, stretch='normal', size='scalable')) = 11.335
2025-09-26 16:50:41,263 ; matplotlib.font_manager                                      ; DEBUG   ; findfont: score(FontEntry(fname='c:\\Users\\jablonski\\AppData\\Local\\anaconda3\\Lib\\site-packages\\matplotlib\\mpl-data\\fonts\\ttf\\DejaVuSerifDisplay.ttf', name='DejaVu Serif Display', style='normal', variant='normal', weight=400, stretch='normal', size='scalable')) = 10.05
2025-09-26 16:50:41,265 ; matplotlib.font_manager                                      ; DEBUG   ; findfont: score(FontEntry(fname='C:\\Windows\\Fonts\\SCHLBKB.TTF', name='Century Schoolbook', style='normal', variant='normal', weight=700, stretch='normal', size='scalable')) = 10.335
2025-09-26 16:50:41,265 ; matplotlib.font_manager                                      ; DEBUG   ; findfont: score(FontEntry(fname='C:\\Windows\\Fonts\\segmdl2.ttf', name='Segoe MDL2 Assets', style='normal', variant='normal', weight=400, stretch='normal', size='scalable')) = 10.05
2025-09-26 16:50:41,266 ; matplotlib.font_manager                                      ; DEBUG   ; findfont: score(FontEntry(fname='C:\\Windows\\Fonts\\timesbd.ttf', name='Times New Roman', style='normal', variant='normal', weight=700, stretch='normal', size='scalable')) = 10.335
2025-09-26 16:50:41,266 ; matplotlib.font_manager                                      ; DEBUG   ; findfont: score(FontEntry(fname='C:\\Windows\\Fonts\\dutchbi.ttf', name='Dutch801 Rm BT', style='italic', variant='normal', weight=700, stretch='normal', size='scalable')) = 11.335
2025-09-26 16:50:41,266 ; matplotlib.font_manager                                      ; DEBUG   ; findfont: score(FontEntry(fname='C:\\Windows\\Fonts\\FRSCRIPT.TTF', name='French Script MT', style='normal', variant='normal', weight=400, stretch='normal', size='scalable')) = 10.05
2025-09-26 16:50:41,267 ; matplotlib.font_manager                                      ; DEBUG   ; findfont: score(FontEntry(fname='C:\\Windows\\Fonts\\CALIFR.TTF', name='Californian FB', style='normal', variant='normal', weight=400, stretch='normal', size='scalable')) = 10.05
2025-09-26 16:50:41,267 ; matplotlib.font_manager                                      ; DEBUG   ; findfont: score(FontEntry(fname='C:\\Windows\\Fonts\\swisscki.ttf', name='Swis721 BlkCn BT', style='italic', variant='normal', weight=400, stretch='condensed', size='scalable')) = 11.25
2025-09-26 16:50:41,267 ; matplotlib.font_manager                                      ; DEBUG   ; findfont: score(FontEntry(fname='C:\\Windows\\Fonts\\AMGDT___.ttf', name='AMGDT', style='normal', variant='normal', weight=400, stretch='normal', size='scalable')) = 10.05
2025-09-26 16:50:41,267 ; matplotlib.font_manager                                      ; DEBUG   ; findfont: score(FontEntry(fname='C:\\Windows\\Fonts\\LeelawUI.ttf', name='Leelawadee UI', style='normal', variant='normal', weight=400, stretch='normal', size='scalable')) = 10.05
2025-09-26 16:50:41,267 ; matplotlib.font_manager                                      ; DEBUG   ; findfont: score(FontEntry(fname='C:\\Windows\\Fonts\\BROADW.TTF', name='Broadway', style='normal', variant='normal', weight=400, stretch='normal', size='scalable')) = 10.05
2025-09-26 16:50:41,268 ; matplotlib.font_manager                                      ; DEBUG   ; findfont: score(FontEntry(fname='C:\\Windows\\Fonts\\ARLRDBD.TTF', name='Arial Rounded MT Bold', style='normal', variant='normal', weight=400, stretch='normal', size='scalable')) = 10.05
2025-09-26 16:50:41,268 ; matplotlib.font_manager                                      ; DEBUG   ; findfont: score(FontEntry(fname='C:\\Windows\\Fonts\\segoeuib.ttf', name='Segoe UI', style='normal', variant='normal', weight=700, stretch='normal', size='scalable')) = 10.335
2025-09-26 16:50:41,268 ; matplotlib.font_manager                                      ; DEBUG   ; findfont: score(FontEntry(fname='C:\\Windows\\Fonts\\Candaraz.ttf', name='Candara', style='italic', variant='normal', weight=700, stretch='normal', size='scalable')) = 11.335
2025-09-26 16:50:41,269 ; matplotlib.font_manager                                      ; DEBUG   ; findfont: score(FontEntry(fname='C:\\Windows\\Fonts\\ENGR.TTF', name='Engravers MT', style='normal', variant='normal', weight=500, stretch='normal', size='scalable')) = 10.145
2025-09-26 16:50:41,269 ; matplotlib.font_manager                                      ; DEBUG   ; findfont: score(FontEntry(fname='C:\\Windows\\Fonts\\techl___.ttf', name='TechnicLite', style='normal', variant='normal', weight=400, stretch='normal', size='scalable')) = 10.05
2025-09-26 16:50:41,269 ; matplotlib.font_manager                                      ; DEBUG   ; findfont: score(FontEntry(fname='C:\\Windows\\Fonts\\GIGI.TTF', name='Gigi', style='normal', variant='normal', weight=400, stretch='normal', size='scalable')) = 10.05
2025-09-26 16:50:41,269 ; matplotlib.font_manager                                      ; DEBUG   ; findfont: score(FontEntry(fname='C:\\Windows\\Fonts\\OUTLOOK.TTF', name='MS Outlook', style='normal', variant='normal', weight=400, stretch='normal', size='scalable')) = 10.05
2025-09-26 16:50:41,270 ; matplotlib.font_manager                                      ; DEBUG   ; findfont: score(FontEntry(fname='C:\\Windows\\Fonts\\Artifakt Element Black Italic.ttf', name='Artifakt Element', style='italic', variant='normal', weight=800, stretch='normal', size='scalable')) = 11.43
2025-09-26 16:50:41,270 ; matplotlib.font_manager                                      ; DEBUG   ; findfont: score(FontEntry(fname='C:\\Windows\\Fonts\\consola.ttf', name='Consolas', style='normal', variant='normal', weight=400, stretch='normal', size='scalable')) = 10.05
2025-09-26 16:50:41,270 ; matplotlib.font_manager                                      ; DEBUG   ; findfont: score(FontEntry(fname='C:\\Windows\\Fonts\\YuGothM.ttc', name='Yu Gothic', style='normal', variant='normal', weight=500, stretch='normal', size='scalable')) = 10.145
2025-09-26 16:50:41,270 ; matplotlib.font_manager                                      ; DEBUG   ; findfont: score(FontEntry(fname='C:\\Windows\\Fonts\\umath.ttf', name='UniversalMath1 BT', style='normal', variant='normal', weight=400, stretch='normal', size='scalable')) = 10.05
2025-09-26 16:50:41,270 ; matplotlib.font_manager                                      ; DEBUG   ; findfont: score(FontEntry(fname='C:\\Windows\\Fonts\\GILI____.TTF', name='Gill Sans MT', style='italic', variant='normal', weight=400, stretch='normal', size='scalable')) = 11.05
2025-09-26 16:50:41,271 ; matplotlib.font_manager                                      ; DEBUG   ; findfont: score(FontEntry(fname='C:\\Windows\\Fonts\\LTYPE.TTF', name='Lucida Sans Typewriter', style='normal', variant='normal', weight=400, stretch='normal', size='scalable')) = 10.05
2025-09-26 16:50:41,271 ; matplotlib.font_manager                                      ; DEBUG   ; findfont: score(FontEntry(fname='C:\\Windows\\Fonts\\SegUIVar.ttf', name='Segoe UI Variable', style='normal', variant='normal', weight=400, stretch='normal', size='scalable')) = 10.05
2025-09-26 16:50:41,271 ; matplotlib.font_manager                                      ; DEBUG   ; findfont: score(FontEntry(fname='C:\\Windows\\Fonts\\CALIFI.TTF', name='Californian FB', style='italic', variant='normal', weight=400, stretch='normal', size='scalable')) = 11.05
2025-09-26 16:50:41,272 ; matplotlib.font_manager                                      ; DEBUG   ; findfont: score(FontEntry(fname='C:\\Windows\\Fonts\\cambriaz.ttf', name='Cambria', style='italic', variant='normal', weight=700, stretch='normal', size='scalable')) = 11.335
2025-09-26 16:50:41,272 ; matplotlib.font_manager                                      ; DEBUG   ; findfont: score(FontEntry(fname='C:\\Windows\\Fonts\\Artifakt Element Heavy Italic.ttf', name='Artifakt Element', style='italic', variant='normal', weight=900, stretch='normal', size='scalable')) = 11.525
2025-09-26 16:50:41,273 ; matplotlib.font_manager                                      ; DEBUG   ; findfont: score(FontEntry(fname='C:\\Windows\\Fonts\\SitkaVF.ttf', name='Sitka', style='normal', variant='normal', weight=400, stretch='normal', size='scalable')) = 10.05
2025-09-26 16:50:41,273 ; matplotlib.font_manager                                      ; DEBUG   ; findfont: score(FontEntry(fname='C:\\Windows\\Fonts\\LEELAWDB.TTF', name='Leelawadee', style='normal', variant='normal', weight=700, stretch='normal', size='scalable')) = 10.335
2025-09-26 16:50:41,273 ; matplotlib.font_manager                                      ; DEBUG   ; findfont: score(FontEntry(fname='C:\\Windows\\Fonts\\COOPBL.TTF', name='Cooper Black', style='normal', variant='normal', weight=400, stretch='normal', size='scalable')) = 10.05
2025-09-26 16:50:41,274 ; matplotlib.font_manager                                      ; DEBUG   ; findfont: score(FontEntry(fname='C:\\Windows\\Fonts\\Artifakt Element Medium Italic.ttf', name='Artifakt Element', style='italic', variant='normal', weight=600, stretch='normal', size='scalable')) = 11.24
2025-09-26 16:50:41,274 ; matplotlib.font_manager                                      ; DEBUG   ; findfont: score(FontEntry(fname='C:\\Windows\\Fonts\\segoescb.ttf', name='Segoe Script', style='normal', variant='normal', weight=700, stretch='normal', size='scalable')) = 10.335
2025-09-26 16:50:41,274 ; matplotlib.font_manager                                      ; DEBUG   ; findfont: score(FontEntry(fname='C:\\Windows\\Fonts\\romand__.ttf', name='RomanD', style='normal', variant='normal', weight=400, stretch='normal', size='scalable')) = 10.05
2025-09-26 16:50:41,274 ; matplotlib.font_manager                                      ; DEBUG   ; findfont: score(FontEntry(fname='C:\\Windows\\Fonts\\monbaiti.ttf', name='Mongolian Baiti', style='normal', variant='normal', weight=400, stretch='normal', size='scalable')) = 10.05
2025-09-26 16:50:41,276 ; matplotlib.font_manager                                      ; DEBUG   ; findfont: score(FontEntry(fname='C:\\Windows\\Fonts\\MSUIGHUB.TTF', name='Microsoft Uighur', style='normal', variant='normal', weight=700, stretch='normal', size='scalable')) = 10.335
2025-09-26 16:50:41,276 ; matplotlib.font_manager                                      ; DEBUG   ; findfont: score(FontEntry(fname='C:\\Windows\\Fonts\\msjh.ttc', name='Microsoft JhengHei', style='normal', variant='normal', weight=400, stretch='normal', size='scalable')) = 10.05
2025-09-26 16:50:41,276 ; matplotlib.font_manager                                      ; DEBUG   ; findfont: score(FontEntry(fname='C:\\Windows\\Fonts\\eurro___.ttf', name='EuroRoman', style='oblique', variant='normal', weight=400, stretch='normal', size='scalable')) = 11.05
2025-09-26 16:50:41,276 ; matplotlib.font_manager                                      ; DEBUG   ; findfont: score(FontEntry(fname='C:\\Windows\\Fonts\\isoct2__.ttf', name='ISOCT2', style='normal', variant='normal', weight=400, stretch='normal', size='scalable')) = 10.05
2025-09-26 16:50:41,277 ; matplotlib.font_manager                                      ; DEBUG   ; findfont: score(FontEntry(fname='C:\\Windows\\Fonts\\gothici_.ttf', name='GothicI', style='normal', variant='normal', weight=400, stretch='normal', size='scalable')) = 10.05
2025-09-26 16:50:41,277 ; matplotlib.font_manager                                      ; DEBUG   ; findfont: score(FontEntry(fname='C:\\Windows\\Fonts\\BOOKOS.TTF', name='Bookman Old Style', style='normal', variant='normal', weight=300, stretch='normal', size='scalable')) = 10.145
2025-09-26 16:50:41,277 ; matplotlib.font_manager                                      ; DEBUG   ; findfont: score(FontEntry(fname='C:\\Windows\\Fonts\\phagspa.ttf', name='Microsoft PhagsPa', style='normal', variant='normal', weight=400, stretch='normal', size='scalable')) = 10.05
2025-09-26 16:50:41,277 ; matplotlib.font_manager                                      ; DEBUG   ; findfont: score(FontEntry(fname='C:\\Windows\\Fonts\\bgothl.ttf', name='BankGothic Lt BT', style='normal', variant='normal', weight=400, stretch='normal', size='scalable')) = 10.05
2025-09-26 16:50:41,277 ; matplotlib.font_manager                                      ; DEBUG   ; findfont: score(FontEntry(fname='C:\\Windows\\Fonts\\INFROMAN.TTF', name='Informal Roman', style='normal', variant='normal', weight=400, stretch='normal', size='scalable')) = 10.05
2025-09-26 16:50:41,278 ; matplotlib.font_manager                                      ; DEBUG   ; findfont: score(FontEntry(fname='C:\\Windows\\Fonts\\LTYPEB.TTF', name='Lucida Sans Typewriter', style='normal', variant='normal', weight=600, stretch='normal', size='scalable')) = 10.24
2025-09-26 16:50:41,278 ; matplotlib.font_manager                                      ; DEBUG   ; findfont: score(FontEntry(fname='C:\\Windows\\Fonts\\LFAX.TTF', name='Lucida Fax', style='normal', variant='normal', weight=400, stretch='normal', size='scalable')) = 10.05
2025-09-26 16:50:41,278 ; matplotlib.font_manager                                      ; DEBUG   ; findfont: score(FontEntry(fname='C:\\Windows\\Fonts\\msyh.ttc', name='Microsoft YaHei', style='normal', variant='normal', weight=400, stretch='normal', size='scalable')) = 10.05
2025-09-26 16:50:41,279 ; matplotlib.font_manager                                      ; DEBUG   ; findfont: score(FontEntry(fname='C:\\Windows\\Fonts\\COLONNA.TTF', name='Colonna MT', style='normal', variant='normal', weight=400, stretch='normal', size='scalable')) = 10.05
2025-09-26 16:50:41,279 ; matplotlib.font_manager                                      ; DEBUG   ; findfont: score(FontEntry(fname='C:\\Windows\\Fonts\\BRUSHSCI.TTF', name='Brush Script MT', style='italic', variant='normal', weight=400, stretch='normal', size='scalable')) = 11.05
2025-09-26 16:50:41,279 ; matplotlib.font_manager                                      ; DEBUG   ; findfont: score(FontEntry(fname='C:\\Windows\\Fonts\\swissck.ttf', name='Swis721 BlkCn BT', style='normal', variant='normal', weight=400, stretch='condensed', size='scalable')) = 10.25
2025-09-26 16:50:41,279 ; matplotlib.font_manager                                      ; DEBUG   ; findfont: score(FontEntry(fname='C:\\Windows\\Fonts\\italict_.ttf', name='ItalicT', style='italic', variant='normal', weight=400, stretch='normal', size='scalable')) = 11.05
2025-09-26 16:50:41,280 ; matplotlib.font_manager                                      ; DEBUG   ; findfont: score(FontEntry(fname='C:\\Windows\\Fonts\\CHILLER.TTF', name='Chiller', style='normal', variant='normal', weight=400, stretch='normal', size='scalable')) = 10.05
2025-09-26 16:50:41,280 ; matplotlib.font_manager                                      ; DEBUG   ; findfont: score(FontEntry(fname='C:\\Windows\\Fonts\\Artifakt Element Medium.ttf', name='Artifakt Element', style='normal', variant='normal', weight=600, stretch='normal', size='scalable')) = 10.24
2025-09-26 16:50:41,280 ; matplotlib.font_manager                                      ; DEBUG   ; findfont: score(FontEntry(fname='C:\\Windows\\Fonts\\corbeli.ttf', name='Corbel', style='italic', variant='normal', weight=400, stretch='normal', size='scalable')) = 11.05
2025-09-26 16:50:41,281 ; matplotlib.font_manager                                      ; DEBUG   ; findfont: score(FontEntry(fname='C:\\Windows\\Fonts\\FRAMDCN.TTF', name='Franklin Gothic Medium Cond', style='normal', variant='normal', weight=400, stretch='condensed', size='scalable')) = 10.25
2025-09-26 16:50:41,281 ; matplotlib.font_manager                                      ; DEBUG   ; findfont: score(FontEntry(fname='C:\\Windows\\Fonts\\javatext.ttf', name='Javanese Text', style='normal', variant='normal', weight=400, stretch='normal', size='scalable')) = 10.05
2025-09-26 16:50:41,281 ; matplotlib.font_manager                                      ; DEBUG   ; findfont: score(FontEntry(fname='C:\\Windows\\Fonts\\AMDT_Symbols.ttf', name='AmdtSymbols', style='normal', variant='normal', weight=400, stretch='normal', size='scalable')) = 10.05
2025-09-26 16:50:41,282 ; matplotlib.font_manager                                      ; DEBUG   ; findfont: score(FontEntry(fname='C:\\Windows\\Fonts\\GILBI___.TTF', name='Gill Sans MT', style='italic', variant='normal', weight=700, stretch='normal', size='scalable')) = 11.335
2025-09-26 16:50:41,282 ; matplotlib.font_manager                                      ; DEBUG   ; findfont: score(FontEntry(fname='C:\\Windows\\Fonts\\AcadEref.ttf', name='AcadEref', style='normal', variant='normal', weight=400, stretch='normal', size='scalable')) = 10.05
2025-09-26 16:50:41,282 ; matplotlib.font_manager                                      ; DEBUG   ; findfont: score(FontEntry(fname='C:\\Windows\\Fonts\\seguili.ttf', name='Segoe UI', style='italic', variant='normal', weight=300, stretch='normal', size='scalable')) = 11.145
2025-09-26 16:50:41,282 ; matplotlib.font_manager                                      ; DEBUG   ; findfont: score(FontEntry(fname='C:\\Windows\\Fonts\\Artifakt Element Book.ttf', name='Artifakt Element', style='normal', variant='normal', weight=450, stretch='normal', size='scalable')) = 10.0975
2025-09-26 16:50:41,283 ; matplotlib.font_manager                                      ; DEBUG   ; findfont: score(FontEntry(fname='C:\\Windows\\Fonts\\YuGothL.ttc', name='Yu Gothic', style='normal', variant='normal', weight=300, stretch='normal', size='scalable')) = 10.145
2025-09-26 16:50:41,283 ; matplotlib.font_manager                                      ; DEBUG   ; findfont: score(FontEntry(fname='C:\\Windows\\Fonts\\gdt_____.ttf', name='GDT', style='normal', variant='normal', weight=400, stretch='normal', size='scalable')) = 10.05
2025-09-26 16:50:41,283 ; matplotlib.font_manager                                      ; DEBUG   ; findfont: score(FontEntry(fname='C:\\Windows\\Fonts\\BOD_CR.TTF', name='Bodoni MT', style='normal', variant='normal', weight=400, stretch='condensed', size='scalable')) = 10.25
2025-09-26 16:50:41,284 ; matplotlib.font_manager                                      ; DEBUG   ; findfont: score(FontEntry(fname='C:\\Windows\\Fonts\\MOD20.TTF', name='Modern No. 20', style='normal', variant='normal', weight=400, stretch='normal', size='scalable')) = 10.05
2025-09-26 16:50:41,284 ; matplotlib.font_manager                                      ; DEBUG   ; findfont: score(FontEntry(fname='C:\\Windows\\Fonts\\seguiemj.ttf', name='Segoe UI Emoji', style='normal', variant='normal', weight=400, stretch='normal', size='scalable')) = 10.05
2025-09-26 16:50:41,284 ; matplotlib.font_manager                                      ; DEBUG   ; findfont: score(FontEntry(fname='C:\\Windows\\Fonts\\Candara.ttf', name='Candara', style='normal', variant='normal', weight=400, stretch='normal', size='scalable')) = 10.05
2025-09-26 16:50:41,285 ; matplotlib.font_manager                                      ; DEBUG   ; findfont: score(FontEntry(fname='C:\\Windows\\Fonts\\gothicg_.ttf', name='GothicG', style='normal', variant='normal', weight=400, stretch='normal', size='scalable')) = 10.05
2025-09-26 16:50:41,285 ; matplotlib.font_manager                                      ; DEBUG   ; findfont: score(FontEntry(fname='C:\\Windows\\Fonts\\scriptc_.ttf', name='ScriptC', style='normal', variant='normal', weight=400, stretch='normal', size='scalable')) = 10.05
2025-09-26 16:50:41,286 ; matplotlib.font_manager                                      ; DEBUG   ; findfont: score(FontEntry(fname='C:\\Windows\\Fonts\\BAUHS93.TTF', name='Bauhaus 93', style='normal', variant='normal', weight=400, stretch='normal', size='scalable')) = 10.05
2025-09-26 16:50:41,286 ; matplotlib.font_manager                                      ; DEBUG   ; findfont: score(FontEntry(fname='C:\\Windows\\Fonts\\comsc.ttf', name='CommercialScript BT', style='normal', variant='normal', weight=400, stretch='normal', size='scalable')) = 10.05
2025-09-26 16:50:41,286 ; matplotlib.font_manager                                      ; DEBUG   ; findfont: score(FontEntry(fname='C:\\Windows\\Fonts\\PLAYBILL.TTF', name='Playbill', style='normal', variant='normal', weight=400, stretch='normal', size='scalable')) = 10.05
2025-09-26 16:50:41,286 ; matplotlib.font_manager                                      ; DEBUG   ; findfont: score(FontEntry(fname='C:\\Windows\\Fonts\\gadugi.ttf', name='Gadugi', style='normal', variant='normal', weight=400, stretch='normal', size='scalable')) = 10.05
2025-09-26 16:50:41,287 ; matplotlib.font_manager                                      ; DEBUG   ; findfont: score(FontEntry(fname='C:\\Windows\\Fonts\\sanss___.ttf', name='SansSerif', style='normal', variant='normal', weight=400, stretch='normal', size='scalable')) = 10.05
2025-09-26 16:50:41,287 ; matplotlib.font_manager                                      ; DEBUG   ; findfont: score(FontEntry(fname='C:\\Windows\\Fonts\\mtproxy9.ttf', name='Proxy 9', style='normal', variant='normal', weight=400, stretch='normal', size='scalable')) = 10.05
2025-09-26 16:50:41,287 ; matplotlib.font_manager                                      ; DEBUG   ; findfont: score(FontEntry(fname='C:\\Windows\\Fonts\\phagspab.ttf', name='Microsoft PhagsPa', style='normal', variant='normal', weight=700, stretch='normal', size='scalable')) = 10.335
2025-09-26 16:50:41,288 ; matplotlib.font_manager                                      ; DEBUG   ; findfont: score(FontEntry(fname='C:\\Windows\\Fonts\\TEMPSITC.TTF', name='Tempus Sans ITC', style='normal', variant='normal', weight=400, stretch='normal', size='scalable')) = 10.05
2025-09-26 16:50:41,288 ; matplotlib.font_manager                                      ; DEBUG   ; findfont: score(FontEntry(fname='C:\\Windows\\Fonts\\corbelz.ttf', name='Corbel', style='italic', variant='normal', weight=700, stretch='normal', size='scalable')) = 11.335
2025-09-26 16:50:41,288 ; matplotlib.font_manager                                      ; DEBUG   ; findfont: score(FontEntry(fname='C:\\Windows\\Fonts\\HATTEN.TTF', name='Haettenschweiler', style='normal', variant='normal', weight=400, stretch='normal', size='scalable')) = 10.05
2025-09-26 16:50:41,289 ; matplotlib.font_manager                                      ; DEBUG   ; findfont: score(FontEntry(fname='C:\\Windows\\Fonts\\ELEPHNTI.TTF', name='Elephant', style='italic', variant='normal', weight=400, stretch='normal', size='scalable')) = 11.05
2025-09-26 16:50:41,289 ; matplotlib.font_manager                                      ; DEBUG   ; findfont: score(FontEntry(fname='C:\\Windows\\Fonts\\ERASBD.TTF', name='Eras Bold ITC', style='normal', variant='normal', weight=400, stretch='normal', size='scalable')) = 10.05
2025-09-26 16:50:41,289 ; matplotlib.font_manager                                      ; DEBUG   ; findfont: score(FontEntry(fname='C:\\Windows\\Fonts\\TCCEB.TTF', name='Tw Cen MT Condensed Extra Bold', style='normal', variant='normal', weight=400, stretch='condensed', size='scalable')) = 10.25
2025-09-26 16:50:41,290 ; matplotlib.font_manager                                      ; DEBUG   ; findfont: score(FontEntry(fname='C:\\Windows\\Fonts\\isocpeui.ttf', name='ISOCPEUR', style='italic', variant='normal', weight=400, stretch='normal', size='scalable')) = 11.05
2025-09-26 16:50:41,290 ; matplotlib.font_manager                                      ; DEBUG   ; findfont: score(FontEntry(fname='C:\\Windows\\Fonts\\NIAGENG.TTF', name='Niagara Engraved', style='normal', variant='normal', weight=400, stretch='normal', size='scalable')) = 10.05
2025-09-26 16:50:41,290 ; matplotlib.font_manager                                      ; DEBUG   ; findfont: score(FontEntry(fname='C:\\Windows\\Fonts\\WINGDNG2.TTF', name='Wingdings 2', style='normal', variant='normal', weight=400, stretch='normal', size='scalable')) = 10.05
2025-09-26 16:50:41,291 ; matplotlib.font_manager                                      ; DEBUG   ; findfont: score(FontEntry(fname='C:\\Windows\\Fonts\\monosb.ttf', name='Monospac821 BT', style='normal', variant='normal', weight=700, stretch='normal', size='scalable')) = 10.335
2025-09-26 16:50:41,291 ; matplotlib.font_manager                                      ; DEBUG   ; findfont: score(FontEntry(fname='C:\\Windows\\Fonts\\LSANSI.TTF', name='Lucida Sans', style='italic', variant='normal', weight=400, stretch='normal', size='scalable')) = 11.05
2025-09-26 16:50:41,291 ; matplotlib.font_manager                                      ; DEBUG   ; findfont: score(FontEntry(fname='C:\\Windows\\Fonts\\swissi.ttf', name='Swis721 BT', style='italic', variant='normal', weight=400, stretch='normal', size='scalable')) = 11.05
2025-09-26 16:50:41,291 ; matplotlib.font_manager                                      ; DEBUG   ; findfont: score(FontEntry(fname='C:\\Windows\\Fonts\\Candarai.ttf', name='Candara', style='italic', variant='normal', weight=400, stretch='normal', size='scalable')) = 11.05
2025-09-26 16:50:41,291 ; matplotlib.font_manager                                      ; DEBUG   ; findfont: score(FontEntry(fname='C:\\Windows\\Fonts\\ROCKI.TTF', name='Rockwell', style='italic', variant='normal', weight=400, stretch='normal', size='scalable')) = 11.05
2025-09-26 16:50:41,291 ; matplotlib.font_manager                                      ; DEBUG   ; findfont: score(FontEntry(fname='C:\\Windows\\Fonts\\CASTELAR.TTF', name='Castellar', style='normal', variant='normal', weight=400, stretch='normal', size='scalable')) = 10.05
2025-09-26 16:50:41,291 ; matplotlib.font_manager                                      ; DEBUG   ; findfont: score(FontEntry(fname='C:\\Windows\\Fonts\\WINGDNG3.TTF', name='Wingdings 3', style='normal', variant='normal', weight=400, stretch='normal', size='scalable')) = 10.05
2025-09-26 16:50:41,291 ; matplotlib.font_manager                                      ; DEBUG   ; findfont: score(FontEntry(fname='C:\\Windows\\Fonts\\GILB____.TTF', name='Gill Sans MT', style='normal', variant='normal', weight=700, stretch='normal', size='scalable')) = 10.335
2025-09-26 16:50:41,293 ; matplotlib.font_manager                                      ; DEBUG   ; findfont: score(FontEntry(fname='C:\\Windows\\Fonts\\arialbd.ttf', name='Arial', style='normal', variant='normal', weight=700, stretch='normal', size='scalable')) = 6.698636363636363
2025-09-26 16:50:41,293 ; matplotlib.font_manager                                      ; DEBUG   ; findfont: score(FontEntry(fname='C:\\Windows\\Fonts\\isocp___.ttf', name='ISOCP', style='normal', variant='normal', weight=400, stretch='normal', size='scalable')) = 10.05
2025-09-26 16:50:41,293 ; matplotlib.font_manager                                      ; DEBUG   ; findfont: score(FontEntry(fname='C:\\Windows\\Fonts\\ERASDEMI.TTF', name='Eras Demi ITC', style='normal', variant='normal', weight=400, stretch='normal', size='scalable')) = 10.05
2025-09-26 16:50:41,293 ; matplotlib.font_manager                                      ; DEBUG   ; findfont: score(FontEntry(fname='C:\\Windows\\Fonts\\LeelUIsl.ttf', name='Leelawadee UI', style='normal', variant='normal', weight=350, stretch='normal', size='scalable')) = 10.0975
2025-09-26 16:50:41,293 ; matplotlib.font_manager                                      ; DEBUG   ; findfont: score(FontEntry(fname='C:\\Windows\\Fonts\\Gabriola.ttf', name='Gabriola', style='normal', variant='normal', weight=400, stretch='normal', size='scalable')) = 10.05
2025-09-26 16:50:41,293 ; matplotlib.font_manager                                      ; DEBUG   ; findfont: score(FontEntry(fname='C:\\Windows\\Fonts\\mtproxy7.ttf', name='Proxy 7', style='normal', variant='normal', weight=400, stretch='normal', size='scalable')) = 10.05
2025-09-26 16:50:41,293 ; matplotlib.font_manager                                      ; DEBUG   ; findfont: score(FontEntry(fname='C:\\Windows\\Fonts\\ANTQUAI.TTF', name='Book Antiqua', style='italic', variant='normal', weight=400, stretch='normal', size='scalable')) = 11.05
2025-09-26 16:50:41,294 ; matplotlib.font_manager                                      ; DEBUG   ; findfont: score(FontEntry(fname='C:\\Windows\\Fonts\\comicz.ttf', name='Comic Sans MS', style='italic', variant='normal', weight=700, stretch='normal', size='scalable')) = 11.335
2025-09-26 16:50:41,294 ; matplotlib.font_manager                                      ; DEBUG   ; findfont: score(FontEntry(fname='C:\\Windows\\Fonts\\CALISTBI.TTF', name='Calisto MT', style='italic', variant='normal', weight=700, stretch='normal', size='scalable')) = 11.335
2025-09-26 16:50:41,294 ; matplotlib.font_manager                                      ; DEBUG   ; findfont: score(FontEntry(fname='C:\\Windows\\Fonts\\dutchb.ttf', name='Dutch801 Rm BT', style='normal', variant='normal', weight=700, stretch='normal', size='scalable')) = 10.335
2025-09-26 16:50:41,294 ; matplotlib.font_manager                                      ; DEBUG   ; findfont: score(FontEntry(fname='C:\\Windows\\Fonts\\comici.ttf', name='Comic Sans MS', style='italic', variant='normal', weight=400, stretch='normal', size='scalable')) = 11.05
2025-09-26 16:50:41,294 ; matplotlib.font_manager                                      ; DEBUG   ; findfont: score(FontEntry(fname='C:\\Windows\\Fonts\\CENSCBK.TTF', name='Century Schoolbook', style='normal', variant='normal', weight=400, stretch='normal', size='scalable')) = 10.05
2025-09-26 16:50:41,294 ; matplotlib.font_manager                                      ; DEBUG   ; findfont: score(FontEntry(fname='C:\\Windows\\Fonts\\ebrima.ttf', name='Ebrima', style='normal', variant='normal', weight=400, stretch='normal', size='scalable')) = 10.05
2025-09-26 16:50:41,295 ; matplotlib.font_manager                                      ; DEBUG   ; findfont: score(FontEntry(fname='C:\\Windows\\Fonts\\BSSYM7.TTF', name='Bookshelf Symbol 7', style='normal', variant='normal', weight=400, stretch='normal', size='scalable')) = 10.05
2025-09-26 16:50:41,295 ; matplotlib.font_manager                                      ; DEBUG   ; findfont: score(FontEntry(fname='C:\\Windows\\Fonts\\PERTIBD.TTF', name='Perpetua Titling MT', style='normal', variant='normal', weight=700, stretch='normal', size='scalable')) = 10.335
2025-09-26 16:50:41,295 ; matplotlib.font_manager                                      ; DEBUG   ; findfont: score(FontEntry(fname='C:\\Windows\\Fonts\\RAVIE.TTF', name='Ravie', style='normal', variant='normal', weight=400, stretch='normal', size='scalable')) = 10.05
2025-09-26 16:50:41,295 ; matplotlib.font_manager                                      ; DEBUG   ; findfont: score(FontEntry(fname='C:\\Windows\\Fonts\\vinet.ttf', name='Vineta BT', style='normal', variant='normal', weight=400, stretch='normal', size='scalable')) = 10.05
2025-09-26 16:50:41,295 ; matplotlib.font_manager                                      ; DEBUG   ; findfont: score(FontEntry(fname='C:\\Windows\\Fonts\\palab.ttf', name='Palatino Linotype', style='normal', variant='normal', weight=700, stretch='normal', size='scalable')) = 10.335
2025-09-26 16:50:41,295 ; matplotlib.font_manager                                      ; DEBUG   ; findfont: score(FontEntry(fname='C:\\Windows\\Fonts\\GILC____.TTF', name='Gill Sans MT Condensed', style='normal', variant='normal', weight=400, stretch='condensed', size='scalable')) = 10.25
2025-09-26 16:50:41,296 ; matplotlib.font_manager                                      ; DEBUG   ; findfont: score(FontEntry(fname='C:\\Windows\\Fonts\\OLDENGL.TTF', name='Old English Text MT', style='normal', variant='normal', weight=400, stretch='normal', size='scalable')) = 10.05
2025-09-26 16:50:41,296 ; matplotlib.font_manager                                      ; DEBUG   ; findfont: score(FontEntry(fname='C:\\Windows\\Fonts\\swissb.ttf', name='Swis721 BT', style='normal', variant='normal', weight=700, stretch='normal', size='scalable')) = 10.335
2025-09-26 16:50:41,296 ; matplotlib.font_manager                                      ; DEBUG   ; findfont: score(FontEntry(fname='C:\\Windows\\Fonts\\SHOWG.TTF', name='Showcard Gothic', style='normal', variant='normal', weight=400, stretch='normal', size='scalable')) = 10.05
2025-09-26 16:50:41,296 ; matplotlib.font_manager                                      ; DEBUG   ; findfont: score(FontEntry(fname='C:\\Windows\\Fonts\\txt_____.ttf', name='Txt', style='normal', variant='normal', weight=400, stretch='normal', size='scalable')) = 10.05
2025-09-26 16:50:41,297 ; matplotlib.font_manager                                      ; DEBUG   ; findfont: score(FontEntry(fname='C:\\Windows\\Fonts\\himalaya.ttf', name='Microsoft Himalaya', style='normal', variant='normal', weight=400, stretch='normal', size='scalable')) = 10.05
2025-09-26 16:50:41,297 ; matplotlib.font_manager                                      ; DEBUG   ; findfont: score(FontEntry(fname='C:\\Windows\\Fonts\\technic_.ttf', name='Technic', style='normal', variant='normal', weight=400, stretch='normal', size='scalable')) = 10.05
2025-09-26 16:50:41,297 ; matplotlib.font_manager                                      ; DEBUG   ; findfont: score(FontEntry(fname='C:\\Windows\\Fonts\\ROCKEB.TTF', name='Rockwell Extra Bold', style='normal', variant='normal', weight=800, stretch='normal', size='scalable')) = 10.43
2025-09-26 16:50:41,297 ; matplotlib.font_manager                                      ; DEBUG   ; findfont: score(FontEntry(fname='C:\\Windows\\Fonts\\LFAXDI.TTF', name='Lucida Fax', style='italic', variant='normal', weight=600, stretch='normal', size='scalable')) = 11.24
2025-09-26 16:50:41,297 ; matplotlib.font_manager                                      ; DEBUG   ; findfont: score(FontEntry(fname='C:\\Windows\\Fonts\\segoeui.ttf', name='Segoe UI', style='normal', variant='normal', weight=400, stretch='normal', size='scalable')) = 10.05
2025-09-26 16:50:41,298 ; matplotlib.font_manager                                      ; DEBUG   ; findfont: score(FontEntry(fname='C:\\Windows\\Fonts\\TCCM____.TTF', name='Tw Cen MT Condensed', style='normal', variant='normal', weight=400, stretch='condensed', size='scalable')) = 10.25
2025-09-26 16:50:41,298 ; matplotlib.font_manager                                      ; DEBUG   ; findfont: score(FontEntry(fname='C:\\Windows\\Fonts\\DUBAI-MEDIUM.TTF', name='Dubai', style='normal', variant='normal', weight=500, stretch='normal', size='scalable')) = 10.145
2025-09-26 16:50:41,298 ; matplotlib.font_manager                                      ; DEBUG   ; findfont: score(FontEntry(fname='C:\\Windows\\Fonts\\symap___.ttf', name='Symap', style='normal', variant='normal', weight=400, stretch='normal', size='scalable')) = 10.05
2025-09-26 16:50:41,298 ; matplotlib.font_manager                                      ; DEBUG   ; findfont: score(FontEntry(fname='C:\\Windows\\Fonts\\GOUDOSB.TTF', name='Goudy Old Style', style='normal', variant='normal', weight=700, stretch='normal', size='scalable')) = 10.335
2025-09-26 16:50:41,298 ; matplotlib.font_manager                                      ; DEBUG   ; findfont: score(FontEntry(fname='C:\\Windows\\Fonts\\couri.ttf', name='Courier New', style='italic', variant='normal', weight=400, stretch='normal', size='scalable')) = 11.05
2025-09-26 16:50:41,299 ; matplotlib.font_manager                                      ; DEBUG   ; findfont: score(FontEntry(fname='C:\\Windows\\Fonts\\taile.ttf', name='Microsoft Tai Le', style='normal', variant='normal', weight=400, stretch='normal', size='scalable')) = 10.05
2025-09-26 16:50:41,299 ; matplotlib.font_manager                                      ; DEBUG   ; findfont: score(FontEntry(fname='C:\\Windows\\Fonts\\PERBI___.TTF', name='Perpetua', style='italic', variant='normal', weight=700, stretch='normal', size='scalable')) = 11.335
2025-09-26 16:50:41,299 ; matplotlib.font_manager                                      ; DEBUG   ; findfont: score(FontEntry(fname='C:\\Windows\\Fonts\\ELEPHNT.TTF', name='Elephant', style='normal', variant='normal', weight=400, stretch='normal', size='scalable')) = 10.05
2025-09-26 16:50:41,299 ; matplotlib.font_manager                                      ; DEBUG   ; findfont: score(FontEntry(fname='C:\\Windows\\Fonts\\FRABK.TTF', name='Franklin Gothic Book', style='normal', variant='normal', weight=400, stretch='normal', size='scalable')) = 10.05
2025-09-26 16:50:41,299 ; matplotlib.font_manager                                      ; DEBUG   ; findfont: score(FontEntry(fname='C:\\Windows\\Fonts\\ariali.ttf', name='Arial', style='italic', variant='normal', weight=400, stretch='normal', size='scalable')) = 7.413636363636363
2025-09-26 16:50:41,300 ; matplotlib.font_manager                                      ; DEBUG   ; findfont: score(FontEntry(fname='C:\\Windows\\Fonts\\swissk.ttf', name='Swis721 Blk BT', style='normal', variant='normal', weight=400, stretch='normal', size='scalable')) = 10.05
2025-09-26 16:50:41,300 ; matplotlib.font_manager                                      ; DEBUG   ; findfont: score(FontEntry(fname='C:\\Windows\\Fonts\\ALGER.TTF', name='Algerian', style='normal', variant='normal', weight=400, stretch='normal', size='scalable')) = 10.05
2025-09-26 16:50:41,300 ; matplotlib.font_manager                                      ; DEBUG   ; findfont: score(FontEntry(fname='C:\\Windows\\Fonts\\JOKERMAN.TTF', name='Jokerman', style='normal', variant='normal', weight=400, stretch='normal', size='scalable')) = 10.05
2025-09-26 16:50:41,301 ; matplotlib.font_manager                                      ; DEBUG   ; findfont: score(FontEntry(fname='C:\\Windows\\Fonts\\bgothm.ttf', name='BankGothic Md BT', style='normal', variant='normal', weight=400, stretch='normal', size='scalable')) = 10.05
2025-09-26 16:50:41,301 ; matplotlib.font_manager                                      ; DEBUG   ; findfont: score(FontEntry(fname='C:\\Windows\\Fonts\\LEELAWAD.TTF', name='Leelawadee', style='normal', variant='normal', weight=400, stretch='normal', size='scalable')) = 10.05
2025-09-26 16:50:41,301 ; matplotlib.font_manager                                      ; DEBUG   ; findfont: score(FontEntry(fname='C:\\Windows\\Fonts\\monosi.ttf', name='Monospac821 BT', style='italic', variant='normal', weight=400, stretch='normal', size='scalable')) = 11.05
2025-09-26 16:50:41,302 ; matplotlib.font_manager                                      ; DEBUG   ; findfont: score(FontEntry(fname='C:\\Windows\\Fonts\\trebucbd.ttf', name='Trebuchet MS', style='normal', variant='normal', weight=700, stretch='normal', size='scalable')) = 10.335
2025-09-26 16:50:41,302 ; matplotlib.font_manager                                      ; DEBUG   ; findfont: score(FontEntry(fname='C:\\Windows\\Fonts\\SCRIPTBL.TTF', name='Script MT Bold', style='normal', variant='normal', weight=700, stretch='normal', size='scalable')) = 10.335
2025-09-26 16:50:41,302 ; matplotlib.font_manager                                      ; DEBUG   ; findfont: score(FontEntry(fname='C:\\Windows\\Fonts\\FRABKIT.TTF', name='Franklin Gothic Book', style='italic', variant='normal', weight=400, stretch='normal', size='scalable')) = 11.05
2025-09-26 16:50:41,303 ; matplotlib.font_manager                                      ; DEBUG   ; findfont: score(FontEntry(fname='C:\\Windows\\Fonts\\GARABD.TTF', name='Garamond', style='normal', variant='normal', weight=700, stretch='normal', size='scalable')) = 10.335
2025-09-26 16:50:41,303 ; matplotlib.font_manager                                      ; DEBUG   ; findfont: score(FontEntry(fname='C:\\Windows\\Fonts\\simfang.ttf', name='FangSong', style='normal', variant='normal', weight=400, stretch='normal', size='scalable')) = 10.05
2025-09-26 16:50:41,303 ; matplotlib.font_manager                                      ; DEBUG   ; findfont: score(FontEntry(fname='C:\\Windows\\Fonts\\romanc__.ttf', name='RomanC', style='normal', variant='normal', weight=400, stretch='normal', size='scalable')) = 10.05
2025-09-26 16:50:41,303 ; matplotlib.font_manager                                      ; DEBUG   ; findfont: score(FontEntry(fname='C:\\Windows\\Fonts\\MISTRAL.TTF', name='Mistral', style='normal', variant='normal', weight=400, stretch='normal', size='scalable')) = 10.05
2025-09-26 16:50:41,304 ; matplotlib.font_manager                                      ; DEBUG   ; findfont: score(FontEntry(fname='C:\\Windows\\Fonts\\AGENCYB.TTF', name='Agency FB', style='normal', variant='normal', weight=700, stretch='normal', size='scalable')) = 10.335
2025-09-26 16:50:41,304 ; matplotlib.font_manager                                      ; DEBUG   ; findfont: score(FontEntry(fname='C:\\Windows\\Fonts\\GOUDOS.TTF', name='Goudy Old Style', style='normal', variant='normal', weight=400, stretch='normal', size='scalable')) = 10.05
2025-09-26 16:50:41,304 ; matplotlib.font_manager                                      ; DEBUG   ; findfont: score(FontEntry(fname='C:\\Windows\\Fonts\\calibrili.ttf', name='Calibri', style='italic', variant='normal', weight=300, stretch='normal', size='scalable')) = 11.145
2025-09-26 16:50:41,305 ; matplotlib.font_manager                                      ; DEBUG   ; findfont: score(FontEntry(fname='C:\\Windows\\Fonts\\simsun.ttc', name='SimSun', style='normal', variant='normal', weight=400, stretch='normal', size='scalable')) = 10.05
2025-09-26 16:50:41,305 ; matplotlib.font_manager                                      ; DEBUG   ; findfont: score(FontEntry(fname='C:\\Windows\\Fonts\\constani.ttf', name='Constantia', style='italic', variant='normal', weight=400, stretch='normal', size='scalable')) = 11.05
2025-09-26 16:50:41,305 ; matplotlib.font_manager                                      ; DEBUG   ; findfont: score(FontEntry(fname='C:\\Windows\\Fonts\\swissbi.ttf', name='Swis721 BT', style='italic', variant='normal', weight=700, stretch='normal', size='scalable')) = 11.335
2025-09-26 16:50:41,306 ; matplotlib.font_manager                                      ; DEBUG   ; findfont: score(FontEntry(fname='C:\\Windows\\Fonts\\BKANT.TTF', name='Book Antiqua', style='normal', variant='normal', weight=400, stretch='normal', size='scalable')) = 10.05
2025-09-26 16:50:41,306 ; matplotlib.font_manager                                      ; DEBUG   ; findfont: score(FontEntry(fname='C:\\Windows\\Fonts\\VLADIMIR.TTF', name='Vladimir Script', style='normal', variant='normal', weight=400, stretch='normal', size='scalable')) = 10.05
2025-09-26 16:50:41,306 ; matplotlib.font_manager                                      ; DEBUG   ; findfont: score(FontEntry(fname='C:\\Windows\\Fonts\\greekc__.ttf', name='GreekC', style='normal', variant='normal', weight=400, stretch='normal', size='scalable')) = 10.05
2025-09-26 16:50:41,306 ; matplotlib.font_manager                                      ; DEBUG   ; findfont: score(FontEntry(fname='C:\\Windows\\Fonts\\romans__.ttf', name='RomanS', style='normal', variant='normal', weight=400, stretch='normal', size='scalable')) = 10.05
2025-09-26 16:50:41,306 ; matplotlib.font_manager                                      ; DEBUG   ; findfont: score(FontEntry(fname='C:\\Windows\\Fonts\\ITCEDSCR.TTF', name='Edwardian Script ITC', style='normal', variant='normal', weight=400, stretch='normal', size='scalable')) = 10.05
2025-09-26 16:50:41,306 ; matplotlib.font_manager                                      ; DEBUG   ; findfont: score(FontEntry(fname='C:\\Windows\\Fonts\\DUBAI-REGULAR.TTF', name='Dubai', style='normal', variant='normal', weight=400, stretch='normal', size='scalable')) = 10.05
2025-09-26 16:50:41,308 ; matplotlib.font_manager                                      ; DEBUG   ; findfont: score(FontEntry(fname='C:\\Windows\\Fonts\\swiss.ttf', name='Swis721 BT', style='normal', variant='normal', weight=400, stretch='normal', size='scalable')) = 10.05
2025-09-26 16:50:41,308 ; matplotlib.font_manager                                      ; DEBUG   ; findfont: score(FontEntry(fname='C:\\Windows\\Fonts\\arial.ttf', name='Arial', style='normal', variant='normal', weight=400, stretch='normal', size='scalable')) = 6.413636363636363
2025-09-26 16:50:41,308 ; matplotlib.font_manager                                      ; DEBUG   ; findfont: score(FontEntry(fname='C:\\Windows\\Fonts\\verdanai.ttf', name='Verdana', style='italic', variant='normal', weight=400, stretch='normal', size='scalable')) = 4.6863636363636365
2025-09-26 16:50:41,308 ; matplotlib.font_manager                                      ; DEBUG   ; findfont: score(FontEntry(fname='C:\\Windows\\Fonts\\msyi.ttf', name='Microsoft Yi Baiti', style='normal', variant='normal', weight=400, stretch='normal', size='scalable')) = 10.05
2025-09-26 16:50:41,308 ; matplotlib.font_manager                                      ; DEBUG   ; findfont: score(FontEntry(fname='C:\\Windows\\Fonts\\SegoeIcons.ttf', name='Segoe Fluent Icons', style='normal', variant='normal', weight=400, stretch='normal', size='scalable')) = 10.05
2025-09-26 16:50:41,308 ; matplotlib.font_manager                                      ; DEBUG   ; findfont: score(FontEntry(fname='C:\\Windows\\Fonts\\COPRGTB.TTF', name='Copperplate Gothic Bold', style='normal', variant='normal', weight=400, stretch='normal', size='scalable')) = 10.05
2025-09-26 16:50:41,308 ; matplotlib.font_manager                                      ; DEBUG   ; findfont: score(FontEntry(fname='C:\\Windows\\Fonts\\BOD_CB.TTF', name='Bodoni MT', style='normal', variant='normal', weight=700, stretch='condensed', size='scalable')) = 10.535
2025-09-26 16:50:41,308 ; matplotlib.font_manager                                      ; DEBUG   ; findfont: score(FontEntry(fname='C:\\Windows\\Fonts\\trebucit.ttf', name='Trebuchet MS', style='italic', variant='normal', weight=400, stretch='normal', size='scalable')) = 11.05
2025-09-26 16:50:41,308 ; matplotlib.font_manager                                      ; DEBUG   ; findfont: score(FontEntry(fname='C:\\Windows\\Fonts\\FRADM.TTF', name='Franklin Gothic Demi', style='normal', variant='normal', weight=400, stretch='normal', size='scalable')) = 10.05
2025-09-26 16:50:41,309 ; matplotlib.font_manager                                      ; DEBUG   ; findfont: score(FontEntry(fname='C:\\Windows\\Fonts\\compi.ttf', name='CommercialPi BT', style='normal', variant='normal', weight=400, stretch='normal', size='scalable')) = 10.05
2025-09-26 16:50:41,310 ; matplotlib.font_manager                                      ; DEBUG   ; findfont: score(FontEntry(fname='C:\\Windows\\Fonts\\dutchi.ttf', name='Dutch801 Rm BT', style='italic', variant='normal', weight=400, stretch='normal', size='scalable')) = 11.05
2025-09-26 16:50:41,310 ; matplotlib.font_manager                                      ; DEBUG   ; findfont: score(FontEntry(fname='C:\\Windows\\Fonts\\MTCORSVA.TTF', name='Monotype Corsiva', style='normal', variant='normal', weight=400, stretch='normal', size='scalable')) = 10.05
2025-09-26 16:50:41,310 ; matplotlib.font_manager                                      ; DEBUG   ; findfont: score(FontEntry(fname='C:\\Windows\\Fonts\\mmrtext.ttf', name='Myanmar Text', style='normal', variant='normal', weight=400, stretch='normal', size='scalable')) = 10.05
2025-09-26 16:50:41,310 ; matplotlib.font_manager                                      ; DEBUG   ; findfont: score(FontEntry(fname='C:\\Windows\\Fonts\\Artifakt Element LIght.ttf', name='Artifakt Element', style='normal', variant='normal', weight=300, stretch='normal', size='scalable')) = 10.145
2025-09-26 16:50:41,311 ; matplotlib.font_manager                                      ; DEBUG   ; findfont: score(FontEntry(fname='C:\\Windows\\Fonts\\BRLNSDB.TTF', name='Berlin Sans FB Demi', style='normal', variant='normal', weight=700, stretch='normal', size='scalable')) = 10.335
2025-09-26 16:50:41,311 ; matplotlib.font_manager                                      ; DEBUG   ; findfont: score(FontEntry(fname='C:\\Windows\\Fonts\\TCCB____.TTF', name='Tw Cen MT Condensed', style='normal', variant='normal', weight=700, stretch='condensed', size='scalable')) = 10.535
2025-09-26 16:50:41,311 ; matplotlib.font_manager                                      ; DEBUG   ; findfont: score(FontEntry(fname='C:\\Windows\\Fonts\\POORICH.TTF', name='Poor Richard', style='normal', variant='normal', weight=400, stretch='normal', size='scalable')) = 10.05
2025-09-26 16:50:41,311 ; matplotlib.font_manager                                      ; DEBUG   ; findfont: score(FontEntry(fname='C:\\Windows\\Fonts\\Artifakt Element Hair Italic.ttf', name='Artifakt Element', style='italic', variant='normal', weight=100, stretch='normal', size='scalable')) = 11.335
2025-09-26 16:50:41,312 ; matplotlib.font_manager                                      ; DEBUG   ; findfont: score(FontEntry(fname='C:\\Windows\\Fonts\\verdanab.ttf', name='Verdana', style='normal', variant='normal', weight=700, stretch='normal', size='scalable')) = 3.9713636363636367
2025-09-26 16:50:41,312 ; matplotlib.font_manager                                      ; DEBUG   ; findfont: score(FontEntry(fname='C:\\Windows\\Fonts\\wingding.ttf', name='Wingdings', style='normal', variant='normal', weight=400, stretch='normal', size='scalable')) = 10.05
2025-09-26 16:50:41,313 ; matplotlib.font_manager                                      ; DEBUG   ; findfont: score(FontEntry(fname='C:\\Windows\\Fonts\\verdana.ttf', name='Verdana', style='normal', variant='normal', weight=400, stretch='normal', size='scalable')) = 3.6863636363636365
2025-09-26 16:50:41,313 ; matplotlib.font_manager                                      ; DEBUG   ; findfont: score(FontEntry(fname='C:\\Windows\\Fonts\\LFAXI.TTF', name='Lucida Fax', style='italic', variant='normal', weight=400, stretch='normal', size='scalable')) = 11.05
2025-09-26 16:50:41,313 ; matplotlib.font_manager                                      ; DEBUG   ; findfont: score(FontEntry(fname='C:\\Windows\\Fonts\\ariblk.ttf', name='Arial', style='normal', variant='normal', weight=900, stretch='normal', size='scalable')) = 6.888636363636364
2025-09-26 16:50:41,313 ; matplotlib.font_manager                                      ; DEBUG   ; findfont: score(FontEntry(fname='C:\\Windows\\Fonts\\VINERITC.TTF', name='Viner Hand ITC', style='normal', variant='normal', weight=400, stretch='normal', size='scalable')) = 10.05
2025-09-26 16:50:41,313 ; matplotlib.font_manager                                      ; DEBUG   ; findfont: score(FontEntry(fname='C:\\Windows\\Fonts\\italic__.ttf', name='Italic', style='italic', variant='normal', weight=400, stretch='normal', size='scalable')) = 11.05
2025-09-26 16:50:41,314 ; matplotlib.font_manager                                      ; DEBUG   ; findfont: score(FontEntry(fname='C:\\Windows\\Fonts\\FREESCPT.TTF', name='Freestyle Script', style='normal', variant='normal', weight=400, stretch='normal', size='scalable')) = 10.05
2025-09-26 16:50:41,314 ; matplotlib.font_manager                                      ; DEBUG   ; findfont: score(FontEntry(fname='C:\\Windows\\Fonts\\ARIALN.TTF', name='Arial', style='normal', variant='normal', weight=400, stretch='condensed', size='scalable')) = 6.613636363636363
2025-09-26 16:50:41,314 ; matplotlib.font_manager                                      ; DEBUG   ; findfont: score(FontEntry(fname='C:\\Windows\\Fonts\\sylfaen.ttf', name='Sylfaen', style='normal', variant='normal', weight=400, stretch='normal', size='scalable')) = 10.05
2025-09-26 16:50:41,314 ; matplotlib.font_manager                                      ; DEBUG   ; findfont: score(FontEntry(fname='C:\\Windows\\Fonts\\corbell.ttf', name='Corbel', style='normal', variant='normal', weight=300, stretch='normal', size='scalable')) = 10.145
2025-09-26 16:50:41,314 ; matplotlib.font_manager                                      ; DEBUG   ; findfont: score(FontEntry(fname='C:\\Windows\\Fonts\\GARA.TTF', name='Garamond', style='normal', variant='normal', weight=400, stretch='normal', size='scalable')) = 10.05
2025-09-26 16:50:41,314 ; matplotlib.font_manager                                      ; DEBUG   ; findfont: score(FontEntry(fname='C:\\Windows\\Fonts\\NirmalaB.ttf', name='Nirmala UI', style='normal', variant='normal', weight=700, stretch='normal', size='scalable')) = 10.335
2025-09-26 16:50:41,314 ; matplotlib.font_manager                                      ; DEBUG   ; findfont: score(FontEntry(fname='C:\\Windows\\Fonts\\HTOWERTI.TTF', name='High Tower Text', style='italic', variant='normal', weight=400, stretch='normal', size='scalable')) = 11.05
2025-09-26 16:50:41,314 ; matplotlib.font_manager                                      ; DEBUG   ; findfont: score(FontEntry(fname='C:\\Windows\\Fonts\\FORTE.TTF', name='Forte', style='normal', variant='normal', weight=400, stretch='normal', size='scalable')) = 10.05
2025-09-26 16:50:41,314 ; matplotlib.font_manager                                      ; DEBUG   ; findfont: score(FontEntry(fname='C:\\Windows\\Fonts\\YuGothB.ttc', name='Yu Gothic', style='normal', variant='normal', weight=700, stretch='normal', size='scalable')) = 10.335
2025-09-26 16:50:41,314 ; matplotlib.font_manager                                      ; DEBUG   ; findfont: score(FontEntry(fname='C:\\Windows\\Fonts\\SitkaVF-Italic.ttf', name='Sitka', style='italic', variant='normal', weight=400, stretch='normal', size='scalable')) = 11.05
2025-09-26 16:50:41,314 ; matplotlib.font_manager                                      ; DEBUG   ; findfont: score(FontEntry(fname='C:\\Windows\\Fonts\\FRADMCN.TTF', name='Franklin Gothic Demi Cond', style='normal', variant='normal', weight=400, stretch='condensed', size='scalable')) = 10.25
2025-09-26 16:50:41,314 ; matplotlib.font_manager                                      ; DEBUG   ; findfont: score(FontEntry(fname='C:\\Windows\\Fonts\\tahoma.ttf', name='Tahoma', style='normal', variant='normal', weight=400, stretch='normal', size='scalable')) = 10.05
2025-09-26 16:50:41,314 ; matplotlib.font_manager                                      ; DEBUG   ; findfont: score(FontEntry(fname='C:\\Windows\\Fonts\\ARIALNBI.TTF', name='Arial', style='italic', variant='normal', weight=700, stretch='condensed', size='scalable')) = 7.8986363636363635
2025-09-26 16:50:41,314 ; matplotlib.font_manager                                      ; DEBUG   ; findfont: score(FontEntry(fname='C:\\Windows\\Fonts\\MATURASC.TTF', name='Matura MT Script Capitals', style='normal', variant='normal', weight=400, stretch='normal', size='scalable')) = 10.05
2025-09-26 16:50:41,314 ; matplotlib.font_manager                                      ; DEBUG   ; findfont: score(FontEntry(fname='C:\\Windows\\Fonts\\BRLNSR.TTF', name='Berlin Sans FB', style='normal', variant='normal', weight=400, stretch='normal', size='scalable')) = 10.05
2025-09-26 16:50:41,314 ; matplotlib.font_manager                                      ; DEBUG   ; findfont: score(FontEntry(fname='C:\\Windows\\Fonts\\LSANSDI.TTF', name='Lucida Sans', style='italic', variant='normal', weight=600, stretch='normal', size='scalable')) = 11.24
2025-09-26 16:50:41,314 ; matplotlib.font_manager                                      ; DEBUG   ; findfont: score(FontEntry(fname='C:\\Windows\\Fonts\\l_10646.ttf', name='Lucida Sans Unicode', style='normal', variant='normal', weight=400, stretch='normal', size='scalable')) = 10.05
2025-09-26 16:50:41,314 ; matplotlib.font_manager                                      ; DEBUG   ; findfont: score(FontEntry(fname='C:\\Windows\\Fonts\\sansso__.ttf', name='SansSerif', style='oblique', variant='normal', weight=400, stretch='normal', size='scalable')) = 11.05
2025-09-26 16:50:41,314 ; matplotlib.font_manager                                      ; DEBUG   ; findfont: score(FontEntry(fname='C:\\Windows\\Fonts\\BOD_CBI.TTF', name='Bodoni MT', style='italic', variant='normal', weight=700, stretch='condensed', size='scalable')) = 11.535
2025-09-26 16:50:41,314 ; matplotlib.font_manager                                      ; DEBUG   ; findfont: score(FontEntry(fname='C:\\Windows\\Fonts\\simkai.ttf', name='KaiTi', style='normal', variant='normal', weight=400, stretch='normal', size='scalable')) = 10.05
2025-09-26 16:50:41,314 ; matplotlib.font_manager                                      ; DEBUG   ; findfont: score(FontEntry(fname='C:\\Windows\\Fonts\\LBRITEI.TTF', name='Lucida Bright', style='italic', variant='normal', weight=400, stretch='normal', size='scalable')) = 11.05
2025-09-26 16:50:41,314 ; matplotlib.font_manager                                      ; DEBUG   ; findfont: score(FontEntry(fname='C:\\Windows\\Fonts\\SCHLBKBI.TTF', name='Century Schoolbook', style='italic', variant='normal', weight=700, stretch='normal', size='scalable')) = 11.335
2025-09-26 16:50:41,314 ; matplotlib.font_manager                                      ; DEBUG   ; findfont: score(FontEntry(fname='C:\\Windows\\Fonts\\TCBI____.TTF', name='Tw Cen MT', style='italic', variant='normal', weight=700, stretch='normal', size='scalable')) = 11.335
2025-09-26 16:50:41,314 ; matplotlib.font_manager                                      ; DEBUG   ; findfont: score(FontEntry(fname='C:\\Windows\\Fonts\\calibrib.ttf', name='Calibri', style='normal', variant='normal', weight=700, stretch='normal', size='scalable')) = 10.335
2025-09-26 16:50:41,314 ; matplotlib.font_manager                                      ; DEBUG   ; findfont: score(FontEntry(fname='C:\\Windows\\Fonts\\pala.ttf', name='Palatino Linotype', style='normal', variant='normal', weight=400, stretch='normal', size='scalable')) = 10.05
2025-09-26 16:50:41,314 ; matplotlib.font_manager                                      ; DEBUG   ; findfont: score(FontEntry(fname='C:\\Windows\\Fonts\\stylu.ttf', name='Stylus BT', style='normal', variant='normal', weight=300, stretch='normal', size='scalable')) = 10.145
2025-09-26 16:50:41,314 ; matplotlib.font_manager                                      ; DEBUG   ; findfont: score(FontEntry(fname='C:\\Windows\\Fonts\\PRISTINA.TTF', name='Pristina', style='normal', variant='normal', weight=400, stretch='normal', size='scalable')) = 10.05
2025-09-26 16:50:41,314 ; matplotlib.font_manager                                      ; DEBUG   ; findfont: score(FontEntry(fname='C:\\Windows\\Fonts\\seguisli.ttf', name='Segoe UI', style='italic', variant='normal', weight=350, stretch='normal', size='scalable')) = 11.0975
2025-09-26 16:50:41,314 ; matplotlib.font_manager                                      ; DEBUG   ; findfont: score(FontEntry(fname='C:\\Windows\\Fonts\\segoeuisl.ttf', name='Segoe UI', style='normal', variant='normal', weight=350, stretch='normal', size='scalable')) = 10.0975
2025-09-26 16:50:41,314 ; matplotlib.font_manager                                      ; DEBUG   ; findfont: score(FontEntry(fname='C:\\Windows\\Fonts\\BOD_R.TTF', name='Bodoni MT', style='normal', variant='normal', weight=400, stretch='normal', size='scalable')) = 10.05
2025-09-26 16:50:41,314 ; matplotlib.font_manager                                      ; DEBUG   ; findfont: score(FontEntry(fname='C:\\Windows\\Fonts\\BRLNSB.TTF', name='Berlin Sans FB', style='normal', variant='normal', weight=700, stretch='normal', size='scalable')) = 10.335
2025-09-26 16:50:41,314 ; matplotlib.font_manager                                      ; DEBUG   ; findfont: score(FontEntry(fname='C:\\Windows\\Fonts\\cour.ttf', name='Courier New', style='normal', variant='normal', weight=400, stretch='normal', size='scalable')) = 10.05
2025-09-26 16:50:41,314 ; matplotlib.font_manager                                      ; DEBUG   ; findfont: score(FontEntry(fname='C:\\Windows\\Fonts\\CURLZ___.TTF', name='Curlz MT', style='normal', variant='normal', weight=400, stretch='normal', size='scalable')) = 10.05
2025-09-26 16:50:41,314 ; matplotlib.font_manager                                      ; DEBUG   ; findfont: score(FontEntry(fname='C:\\Windows\\Fonts\\georgia.ttf', name='Georgia', style='normal', variant='normal', weight=400, stretch='normal', size='scalable')) = 10.05
2025-09-26 16:50:41,314 ; matplotlib.font_manager                                      ; DEBUG   ; findfont: score(FontEntry(fname='C:\\Windows\\Fonts\\calibril.ttf', name='Calibri', style='normal', variant='normal', weight=300, stretch='normal', size='scalable')) = 10.145
2025-09-26 16:50:41,314 ; matplotlib.font_manager                                      ; DEBUG   ; findfont: score(FontEntry(fname='C:\\Windows\\Fonts\\msyhbd.ttc', name='Microsoft YaHei', style='normal', variant='normal', weight=700, stretch='normal', size='scalable')) = 10.335
2025-09-26 16:50:41,322 ; matplotlib.font_manager                                      ; DEBUG   ; findfont: score(FontEntry(fname='C:\\Windows\\Fonts\\mtproxy3.ttf', name='Proxy 3', style='normal', variant='normal', weight=400, stretch='normal', size='scalable')) = 10.05
2025-09-26 16:50:41,322 ; matplotlib.font_manager                                      ; DEBUG   ; findfont: score(FontEntry(fname='C:\\Windows\\Fonts\\gothice_.ttf', name='GothicE', style='normal', variant='normal', weight=400, stretch='normal', size='scalable')) = 10.05
2025-09-26 16:50:41,322 ; matplotlib.font_manager                                      ; DEBUG   ; findfont: score(FontEntry(fname='C:\\Windows\\Fonts\\Candaral.ttf', name='Candara', style='normal', variant='normal', weight=400, stretch='normal', size='scalable')) = 10.05
2025-09-26 16:50:41,322 ; matplotlib.font_manager                                      ; DEBUG   ; findfont: score(FontEntry(fname='C:\\Windows\\Fonts\\Artifakt Element Heavy.ttf', name='Artifakt Element', style='normal', variant='normal', weight=900, stretch='normal', size='scalable')) = 10.525
2025-09-26 16:50:41,322 ; matplotlib.font_manager                                      ; DEBUG   ; findfont: score(FontEntry(fname='C:\\Windows\\Fonts\\ROCCB___.TTF', name='Rockwell Condensed', style='normal', variant='normal', weight=700, stretch='condensed', size='scalable')) = 10.535
2025-09-26 16:50:41,322 ; matplotlib.font_manager                                      ; DEBUG   ; findfont: score(FontEntry(fname='C:\\Windows\\Fonts\\LSANSD.TTF', name='Lucida Sans', style='normal', variant='normal', weight=600, stretch='normal', size='scalable')) = 10.24
2025-09-26 16:50:41,323 ; matplotlib.font_manager                                      ; DEBUG   ; findfont: score(FontEntry(fname='C:\\Windows\\Fonts\\timesi.ttf', name='Times New Roman', style='italic', variant='normal', weight=400, stretch='normal', size='scalable')) = 11.05
2025-09-26 16:50:41,323 ; matplotlib.font_manager                                      ; DEBUG   ; findfont: score(FontEntry(fname='C:\\Windows\\Fonts\\dutcheb.ttf', name='Dutch801 XBd BT', style='normal', variant='normal', weight=400, stretch='normal', size='scalable')) = 10.05
2025-09-26 16:50:41,323 ; matplotlib.font_manager                                      ; DEBUG   ; findfont: score(FontEntry(fname='C:\\Windows\\Fonts\\symusic_.ttf', name='Symusic', style='normal', variant='normal', weight=400, stretch='normal', size='scalable')) = 10.05
2025-09-26 16:50:41,324 ; matplotlib.font_manager                                      ; DEBUG   ; findfont: score(FontEntry(fname='C:\\Windows\\Fonts\\BOD_I.TTF', name='Bodoni MT', style='italic', variant='normal', weight=400, stretch='normal', size='scalable')) = 11.05
2025-09-26 16:50:41,324 ; matplotlib.font_manager                                      ; DEBUG   ; findfont: score(FontEntry(fname='C:\\Windows\\Fonts\\webdings.ttf', name='Webdings', style='normal', variant='normal', weight=400, stretch='normal', size='scalable')) = 10.05
2025-09-26 16:50:41,324 ; matplotlib.font_manager                                      ; DEBUG   ; findfont: score(FontEntry(fname='C:\\Windows\\Fonts\\mmrtextb.ttf', name='Myanmar Text', style='normal', variant='normal', weight=700, stretch='normal', size='scalable')) = 10.335
2025-09-26 16:50:41,324 ; matplotlib.font_manager                                      ; DEBUG   ; findfont: score(FontEntry(fname='C:\\Windows\\Fonts\\greeks__.ttf', name='GreekS', style='normal', variant='normal', weight=400, stretch='normal', size='scalable')) = 10.05
2025-09-26 16:50:41,324 ; matplotlib.font_manager                                      ; DEBUG   ; findfont: score(FontEntry(fname='C:\\Windows\\Fonts\\MTEXTRA.TTF', name='MT Extra', style='normal', variant='normal', weight=400, stretch='normal', size='scalable')) = 10.05
2025-09-26 16:50:41,324 ; matplotlib.font_manager                                      ; DEBUG   ; findfont: score(FontEntry(fname='C:\\Windows\\Fonts\\GILLUBCD.TTF', name='Gill Sans Ultra Bold Condensed', style='normal', variant='normal', weight=400, stretch='condensed', size='scalable')) = 10.25
2025-09-26 16:50:41,324 ; matplotlib.font_manager                                      ; DEBUG   ; findfont: score(FontEntry(fname='C:\\Windows\\Fonts\\segoeuil.ttf', name='Segoe UI', style='normal', variant='normal', weight=300, stretch='normal', size='scalable')) = 10.145
2025-09-26 16:50:41,324 ; matplotlib.font_manager                                      ; DEBUG   ; findfont: score(FontEntry(fname='C:\\Windows\\Fonts\\GIL_____.TTF', name='Gill Sans MT', style='normal', variant='normal', weight=400, stretch='normal', size='scalable')) = 10.05
2025-09-26 16:50:41,324 ; matplotlib.font_manager                                      ; DEBUG   ; findfont: score(FontEntry(fname='C:\\Windows\\Fonts\\BASKVILL.TTF', name='Baskerville Old Face', style='normal', variant='normal', weight=400, stretch='normal', size='scalable')) = 10.05
2025-09-26 16:50:41,324 ; matplotlib.font_manager                                      ; DEBUG   ; findfont: score(FontEntry(fname='C:\\Windows\\Fonts\\LTYPEO.TTF', name='Lucida Sans Typewriter', style='oblique', variant='normal', weight=400, stretch='normal', size='scalable')) = 11.05
2025-09-26 16:50:41,324 ; matplotlib.font_manager                                      ; DEBUG   ; findfont: score(FontEntry(fname='C:\\Windows\\Fonts\\Candarab.ttf', name='Candara', style='normal', variant='normal', weight=700, stretch='normal', size='scalable')) = 10.335
2025-09-26 16:50:41,324 ; matplotlib.font_manager                                      ; DEBUG   ; findfont: score(FontEntry(fname='C:\\Windows\\Fonts\\georgiab.ttf', name='Georgia', style='normal', variant='normal', weight=700, stretch='normal', size='scalable')) = 10.335
2025-09-26 16:50:41,326 ; matplotlib.font_manager                                      ; DEBUG   ; findfont: score(FontEntry(fname='C:\\Windows\\Fonts\\swisse.ttf', name='Swis721 Ex BT', style='normal', variant='normal', weight=400, stretch='expanded', size='scalable')) = 10.25
2025-09-26 16:50:41,326 ; matplotlib.font_manager                                      ; DEBUG   ; findfont: score(FontEntry(fname='C:\\Windows\\Fonts\\CALIFB.TTF', name='Californian FB', style='normal', variant='normal', weight=700, stretch='normal', size='scalable')) = 10.335
2025-09-26 16:50:41,326 ; matplotlib.font_manager                                      ; DEBUG   ; findfont: score(FontEntry(fname='C:\\Windows\\Fonts\\seguisb.ttf', name='Segoe UI', style='normal', variant='normal', weight=600, stretch='normal', size='scalable')) = 10.24
2025-09-26 16:50:41,326 ; matplotlib.font_manager                                      ; DEBUG   ; findfont: score(FontEntry(fname='C:\\Windows\\Fonts\\Artifakt Element Book Italic.ttf', name='Artifakt Element', style='italic', variant='normal', weight=450, stretch='normal', size='scalable')) = 11.0975
2025-09-26 16:50:41,326 ; matplotlib.font_manager                                      ; DEBUG   ; findfont: score(FontEntry(fname='C:\\Windows\\Fonts\\JUICE___.TTF', name='Juice ITC', style='normal', variant='normal', weight=400, stretch='normal', size='scalable')) = 10.05
2025-09-26 16:50:41,327 ; matplotlib.font_manager                                      ; DEBUG   ; findfont: score(FontEntry(fname='C:\\Windows\\Fonts\\ITCKRIST.TTF', name='Kristen ITC', style='normal', variant='normal', weight=400, stretch='normal', size='scalable')) = 10.05
2025-09-26 16:50:41,327 ; matplotlib.font_manager                                      ; DEBUG   ; findfont: score(FontEntry(fname='C:\\Windows\\Fonts\\RAGE.TTF', name='Rage Italic', style='italic', variant='normal', weight=400, stretch='normal', size='scalable')) = 11.05
2025-09-26 16:50:41,327 ; matplotlib.font_manager                                      ; DEBUG   ; findfont: score(FontEntry(fname='C:\\Windows\\Fonts\\seguisbi.ttf', name='Segoe UI', style='italic', variant='normal', weight=600, stretch='normal', size='scalable')) = 11.24
2025-09-26 16:50:41,327 ; matplotlib.font_manager                                      ; DEBUG   ; findfont: score(FontEntry(fname='C:\\Windows\\Fonts\\monos.ttf', name='Monospac821 BT', style='normal', variant='normal', weight=400, stretch='normal', size='scalable')) = 10.05
2025-09-26 16:50:41,327 ; matplotlib.font_manager                                      ; DEBUG   ; findfont: score(FontEntry(fname='C:\\Windows\\Fonts\\BELL.TTF', name='Bell MT', style='normal', variant='normal', weight=400, stretch='normal', size='scalable')) = 10.05
2025-09-26 16:50:41,328 ; matplotlib.font_manager                                      ; DEBUG   ; findfont: score(FontEntry(fname='C:\\Windows\\Fonts\\swissc.ttf', name='Swis721 Cn BT', style='normal', variant='normal', weight=400, stretch='condensed', size='scalable')) = 10.25
2025-09-26 16:50:41,328 ; matplotlib.font_manager                                      ; DEBUG   ; findfont: score(FontEntry(fname='C:\\Windows\\Fonts\\swisski.ttf', name='Swis721 Blk BT', style='italic', variant='normal', weight=400, stretch='normal', size='scalable')) = 11.05
2025-09-26 16:50:41,328 ; matplotlib.font_manager                                      ; DEBUG   ; findfont: score(FontEntry(fname='C:\\Windows\\Fonts\\ITCBLKAD.TTF', name='Blackadder ITC', style='normal', variant='normal', weight=400, stretch='normal', size='scalable')) = 10.05
2025-09-26 16:50:41,328 ; matplotlib.font_manager                                      ; DEBUG   ; findfont: score(FontEntry(fname='C:\\Windows\\Fonts\\LCALLIG.TTF', name='Lucida Calligraphy', style='italic', variant='normal', weight=400, stretch='normal', size='scalable')) = 11.05
2025-09-26 16:50:41,328 ; matplotlib.font_manager                                      ; DEBUG   ; findfont: score(FontEntry(fname='C:\\Windows\\Fonts\\PER_____.TTF', name='Perpetua', style='normal', variant='normal', weight=400, stretch='normal', size='scalable')) = 10.05
2025-09-26 16:50:41,329 ; matplotlib.font_manager                                      ; DEBUG   ; findfont: score(FontEntry(fname='C:\\Windows\\Fonts\\KUNSTLER.TTF', name='Kunstler Script', style='normal', variant='normal', weight=400, stretch='normal', size='scalable')) = 10.05
2025-09-26 16:50:41,329 ; matplotlib.font_manager                                      ; DEBUG   ; findfont: score(FontEntry(fname='C:\\Windows\\Fonts\\calibrii.ttf', name='Calibri', style='italic', variant='normal', weight=400, stretch='normal', size='scalable')) = 11.05
2025-09-26 16:50:41,329 ; matplotlib.font_manager                                      ; DEBUG   ; findfont: score(FontEntry(fname='C:\\Windows\\Fonts\\courbi.ttf', name='Courier New', style='italic', variant='normal', weight=700, stretch='normal', size='scalable')) = 11.335
2025-09-26 16:50:41,329 ; matplotlib.font_manager                                      ; DEBUG   ; findfont: score(FontEntry(fname='C:\\Windows\\Fonts\\HTOWERT.TTF', name='High Tower Text', style='normal', variant='normal', weight=400, stretch='normal', size='scalable')) = 10.05
2025-09-26 16:50:41,329 ; matplotlib.font_manager                                      ; DEBUG   ; findfont: score(FontEntry(fname='C:\\Windows\\Fonts\\swisscbi.ttf', name='Swis721 Cn BT', style='italic', variant='normal', weight=700, stretch='condensed', size='scalable')) = 11.535
2025-09-26 16:50:41,330 ; matplotlib.font_manager                                      ; DEBUG   ; findfont: score(FontEntry(fname='C:\\Windows\\Fonts\\OCRAEXT.TTF', name='OCR A Extended', style='normal', variant='normal', weight=400, stretch='expanded', size='scalable')) = 10.25
2025-09-26 16:50:41,330 ; matplotlib.font_manager                                      ; DEBUG   ; findfont: score(FontEntry(fname='C:\\Windows\\Fonts\\taileb.ttf', name='Microsoft Tai Le', style='normal', variant='normal', weight=700, stretch='normal', size='scalable')) = 10.335
2025-09-26 16:50:41,330 ; matplotlib.font_manager                                      ; DEBUG   ; findfont: score(FontEntry(fname='C:\\Windows\\Fonts\\Artifakt Element Black.ttf', name='Artifakt Element', style='normal', variant='normal', weight=800, stretch='normal', size='scalable')) = 10.43
2025-09-26 16:50:41,330 ; matplotlib.font_manager                                      ; DEBUG   ; findfont: score(FontEntry(fname='C:\\Windows\\Fonts\\cambria.ttc', name='Cambria', style='normal', variant='normal', weight=400, stretch='normal', size='scalable')) = 10.05
2025-09-26 16:50:41,330 ; matplotlib.font_manager                                      ; DEBUG   ; findfont: score(FontEntry(fname='C:\\Windows\\Fonts\\Dengl.ttf', name='DengXian', style='normal', variant='normal', weight=300, stretch='normal', size='scalable')) = 10.145
2025-09-26 16:50:41,330 ; matplotlib.font_manager                                      ; DEBUG   ; findfont: score(FontEntry(fname='C:\\Windows\\Fonts\\segoeprb.ttf', name='Segoe Print', style='normal', variant='normal', weight=700, stretch='normal', size='scalable')) = 10.335
2025-09-26 16:50:41,331 ; matplotlib.font_manager                                      ; DEBUG   ; findfont: score(FontEntry(fname='C:\\Windows\\Fonts\\BOD_B.TTF', name='Bodoni MT', style='normal', variant='normal', weight=700, stretch='normal', size='scalable')) = 10.335
2025-09-26 16:50:41,331 ; matplotlib.font_manager                                      ; DEBUG   ; findfont: score(FontEntry(fname='C:\\Windows\\Fonts\\cambriab.ttf', name='Cambria', style='normal', variant='normal', weight=700, stretch='normal', size='scalable')) = 10.335
2025-09-26 16:50:41,331 ; matplotlib.font_manager                                      ; DEBUG   ; findfont: score(FontEntry(fname='C:\\Windows\\Fonts\\scripts_.ttf', name='ScriptS', style='normal', variant='normal', weight=400, stretch='normal', size='scalable')) = 10.05
2025-09-26 16:50:41,331 ; matplotlib.font_manager                                      ; DEBUG   ; findfont: score(FontEntry(fname='C:\\Windows\\Fonts\\ANTQUABI.TTF', name='Book Antiqua', style='italic', variant='normal', weight=700, stretch='normal', size='scalable')) = 11.335
2025-09-26 16:50:41,331 ; matplotlib.font_manager                                      ; DEBUG   ; findfont: score(FontEntry(fname='C:\\Windows\\Fonts\\GOTHICBI.TTF', name='Century Gothic', style='italic', variant='normal', weight=700, stretch='normal', size='scalable')) = 11.335
2025-09-26 16:50:41,331 ; matplotlib.font_manager                                      ; DEBUG   ; findfont: score(FontEntry(fname='C:\\Windows\\Fonts\\mtproxy4.ttf', name='Proxy 4', style='normal', variant='normal', weight=400, stretch='normal', size='scalable')) = 10.05
2025-09-26 16:50:41,332 ; matplotlib.font_manager                                      ; DEBUG   ; findfont: score(FontEntry(fname='C:\\Windows\\Fonts\\corbelli.ttf', name='Corbel', style='italic', variant='normal', weight=300, stretch='normal', size='scalable')) = 11.145
2025-09-26 16:50:41,332 ; matplotlib.font_manager                                      ; DEBUG   ; findfont: score(FontEntry(fname='C:\\Windows\\Fonts\\supef___.ttf', name='SuperFrench', style='normal', variant='normal', weight=400, stretch='normal', size='scalable')) = 10.05
2025-09-26 16:50:41,332 ; matplotlib.font_manager                                      ; DEBUG   ; findfont: score(FontEntry(fname='C:\\Windows\\Fonts\\CENTAUR.TTF', name='Centaur', style='normal', variant='normal', weight=400, stretch='normal', size='scalable')) = 10.05
2025-09-26 16:50:41,332 ; matplotlib.font_manager                                      ; DEBUG   ; findfont: score(FontEntry(fname='C:\\Windows\\Fonts\\msjhbd.ttc', name='Microsoft JhengHei', style='normal', variant='normal', weight=700, stretch='normal', size='scalable')) = 10.335
2025-09-26 16:50:41,332 ; matplotlib.font_manager                                      ; DEBUG   ; findfont: score(FontEntry(fname='C:\\Windows\\Fonts\\Deng.ttf', name='DengXian', style='normal', variant='normal', weight=400, stretch='normal', size='scalable')) = 10.05
2025-09-26 16:50:41,332 ; matplotlib.font_manager                                      ; DEBUG   ; findfont: score(FontEntry(fname='C:\\Windows\\Fonts\\monotxt_.ttf', name='Monotxt', style='normal', variant='normal', weight=400, stretch='normal', size='scalable')) = 10.05
2025-09-26 16:50:41,332 ; matplotlib.font_manager                                      ; DEBUG   ; findfont: score(FontEntry(fname='C:\\Windows\\Fonts\\romab___.ttf', name='Romantic', style='normal', variant='normal', weight=700, stretch='normal', size='scalable')) = 10.335
2025-09-26 16:50:41,332 ; matplotlib.font_manager                                      ; DEBUG   ; findfont: score(FontEntry(fname='C:\\Windows\\Fonts\\gadugib.ttf', name='Gadugi', style='normal', variant='normal', weight=700, stretch='normal', size='scalable')) = 10.335
2025-09-26 16:50:41,332 ; matplotlib.font_manager                                      ; DEBUG   ; findfont: score(FontEntry(fname='C:\\Windows\\Fonts\\BERNHC.TTF', name='Bernard MT Condensed', style='normal', variant='normal', weight=400, stretch='condensed', size='scalable')) = 10.25
2025-09-26 16:50:41,333 ; matplotlib.font_manager                                      ; DEBUG   ; findfont: score(FontEntry(fname='C:\\Windows\\Fonts\\msgothic.ttc', name='MS Gothic', style='normal', variant='normal', weight=400, stretch='normal', size='scalable')) = 10.05
2025-09-26 16:50:41,333 ; matplotlib.font_manager                                      ; DEBUG   ; findfont: score(FontEntry(fname='C:\\Windows\\Fonts\\isoct___.ttf', name='ISOCT', style='normal', variant='normal', weight=400, stretch='normal', size='scalable')) = 10.05
2025-09-26 16:50:41,333 ; matplotlib.font_manager                                      ; DEBUG   ; findfont: score(FontEntry(fname='C:\\Windows\\Fonts\\KievitOffcPro.ttf', name='Kievit Offc Pro', style='normal', variant='normal', weight=400, stretch='normal', size='scalable')) = 10.05
2025-09-26 16:50:41,333 ; matplotlib.font_manager                                      ; DEBUG   ; findfont: score(FontEntry(fname='C:\\Windows\\Fonts\\georgiai.ttf', name='Georgia', style='italic', variant='normal', weight=400, stretch='normal', size='scalable')) = 11.05
2025-09-26 16:50:41,333 ; matplotlib.font_manager                                      ; DEBUG   ; findfont: score(FontEntry(fname='C:\\Windows\\Fonts\\eurr____.ttf', name='EuroRoman', style='normal', variant='normal', weight=400, stretch='normal', size='scalable')) = 10.05
2025-09-26 16:50:41,334 ; matplotlib.font_manager                                      ; DEBUG   ; findfont: score(FontEntry(fname='C:\\Windows\\Fonts\\monosbi.ttf', name='Monospac821 BT', style='italic', variant='normal', weight=700, stretch='normal', size='scalable')) = 11.335
2025-09-26 16:50:41,334 ; matplotlib.font_manager                                      ; DEBUG   ; findfont: score(FontEntry(fname='C:\\Windows\\Fonts\\LBRITED.TTF', name='Lucida Bright', style='normal', variant='normal', weight=600, stretch='normal', size='scalable')) = 10.24
2025-09-26 16:50:41,334 ; matplotlib.font_manager                                      ; DEBUG   ; findfont: score(FontEntry(fname='C:\\Windows\\Fonts\\swisscli.ttf', name='Swis721 LtCn BT', style='italic', variant='normal', weight=400, stretch='condensed', size='scalable')) = 11.25
2025-09-26 16:50:41,334 ; matplotlib.font_manager                                      ; DEBUG   ; findfont: score(FontEntry(fname='C:\\Windows\\Fonts\\seguibli.ttf', name='Segoe UI', style='italic', variant='normal', weight=900, stretch='normal', size='scalable')) = 11.525
2025-09-26 16:50:41,334 ; matplotlib.font_manager                                      ; DEBUG   ; findfont: score(FontEntry(fname='C:\\Windows\\Fonts\\cambriai.ttf', name='Cambria', style='italic', variant='normal', weight=400, stretch='normal', size='scalable')) = 11.05
2025-09-26 16:50:41,334 ; matplotlib.font_manager                                      ; DEBUG   ; findfont: score(FontEntry(fname='C:\\Windows\\Fonts\\TCB_____.TTF', name='Tw Cen MT', style='normal', variant='normal', weight=700, stretch='normal', size='scalable')) = 10.335
2025-09-26 16:50:41,335 ; matplotlib.font_manager                                      ; DEBUG   ; findfont: score(FontEntry(fname='C:\\Windows\\Fonts\\CALIST.TTF', name='Calisto MT', style='normal', variant='normal', weight=400, stretch='normal', size='scalable')) = 10.05
2025-09-26 16:50:41,335 ; matplotlib.font_manager                                      ; DEBUG   ; findfont: score(FontEntry(fname='C:\\Windows\\Fonts\\Artifakt Element Hair.ttf', name='Artifakt Element', style='normal', variant='normal', weight=100, stretch='normal', size='scalable')) = 10.335
2025-09-26 16:50:41,335 ; matplotlib.font_manager                                      ; DEBUG   ; findfont: score(FontEntry(fname='C:\\Windows\\Fonts\\isocp3__.ttf', name='ISOCP3', style='normal', variant='normal', weight=400, stretch='normal', size='scalable')) = 10.05
2025-09-26 16:50:41,335 ; matplotlib.font_manager                                      ; DEBUG   ; findfont: score(FontEntry(fname='C:\\Windows\\Fonts\\panroman.ttf', name='PanRoman', style='normal', variant='normal', weight=400, stretch='normal', size='scalable')) = 10.05
2025-09-26 16:50:41,335 ; matplotlib.font_manager                                      ; DEBUG   ; findfont: score(FontEntry(fname='C:\\Windows\\Fonts\\syastro_.ttf', name='Syastro', style='normal', variant='normal', weight=400, stretch='normal', size='scalable')) = 10.05
2025-09-26 16:50:41,335 ; matplotlib.font_manager                                      ; DEBUG   ; findfont: score(FontEntry(fname='C:\\Windows\\Fonts\\sanssb__.ttf', name='SansSerif', style='normal', variant='normal', weight=700, stretch='normal', size='scalable')) = 10.335
2025-09-26 16:50:41,336 ; matplotlib.font_manager                                      ; DEBUG   ; findfont: score(FontEntry(fname='C:\\Windows\\Fonts\\palai.ttf', name='Palatino Linotype', style='italic', variant='normal', weight=400, stretch='normal', size='scalable')) = 11.05
2025-09-26 16:50:41,336 ; matplotlib.font_manager                                      ; DEBUG   ; findfont: score(FontEntry(fname='C:\\Windows\\Fonts\\COPRGTL.TTF', name='Copperplate Gothic Light', style='normal', variant='normal', weight=400, stretch='normal', size='scalable')) = 10.05
2025-09-26 16:50:41,336 ; matplotlib.font_manager                                      ; DEBUG   ; findfont: score(FontEntry(fname='C:\\Windows\\Fonts\\segoesc.ttf', name='Segoe Script', style='normal', variant='normal', weight=400, stretch='normal', size='scalable')) = 10.05
2025-09-26 16:50:41,336 ; matplotlib.font_manager                                      ; DEBUG   ; findfont: score(FontEntry(fname='C:\\Windows\\Fonts\\ROCKBI.TTF', name='Rockwell', style='italic', variant='normal', weight=700, stretch='normal', size='scalable')) = 11.335
2025-09-26 16:50:41,336 ; matplotlib.font_manager                                      ; DEBUG   ; findfont: score(FontEntry(fname='C:\\Windows\\Fonts\\symath__.ttf', name='Symath', style='normal', variant='normal', weight=400, stretch='normal', size='scalable')) = 10.05
2025-09-26 16:50:41,336 ; matplotlib.font_manager                                      ; DEBUG   ; findfont: score(FontEntry(fname='C:\\Windows\\Fonts\\ANTQUAB.TTF', name='Book Antiqua', style='normal', variant='normal', weight=700, stretch='normal', size='scalable')) = 10.335
2025-09-26 16:50:41,337 ; matplotlib.font_manager                                      ; DEBUG   ; findfont: score(FontEntry(fname='C:\\Windows\\Fonts\\arialbi.ttf', name='Arial', style='italic', variant='normal', weight=700, stretch='normal', size='scalable')) = 7.698636363636363
2025-09-26 16:50:41,337 ; matplotlib.font_manager                                      ; DEBUG   ; findfont: score(FontEntry(fname='C:\\Windows\\Fonts\\mtproxy2.ttf', name='Proxy 2', style='normal', variant='normal', weight=400, stretch='normal', size='scalable')) = 10.05
2025-09-26 16:50:41,337 ; matplotlib.font_manager                                      ; DEBUG   ; findfont: score(FontEntry(fname='C:\\Windows\\Fonts\\mingliub.ttc', name='MingLiU-ExtB', style='normal', variant='normal', weight=400, stretch='normal', size='scalable')) = 10.05
2025-09-26 16:50:41,337 ; matplotlib.font_manager                                      ; DEBUG   ; findfont: score(FontEntry(fname='C:\\Windows\\Fonts\\PERB____.TTF', name='Perpetua', style='normal', variant='normal', weight=700, stretch='normal', size='scalable')) = 10.335
2025-09-26 16:50:41,337 ; matplotlib.font_manager                                      ; DEBUG   ; findfont: score(FontEntry(fname='C:\\Windows\\Fonts\\segoeuii.ttf', name='Segoe UI', style='italic', variant='normal', weight=400, stretch='normal', size='scalable')) = 11.05
2025-09-26 16:50:41,337 ; matplotlib.font_manager                                      ; DEBUG   ; findfont: score(FontEntry(fname='C:\\Windows\\Fonts\\seguihis.ttf', name='Segoe UI Historic', style='normal', variant='normal', weight=400, stretch='normal', size='scalable')) = 10.05
2025-09-26 16:50:41,338 ; matplotlib.font_manager                                      ; DEBUG   ; findfont: score(FontEntry(fname='C:\\Windows\\Fonts\\swisseb.ttf', name='Swis721 Ex BT', style='normal', variant='normal', weight=700, stretch='expanded', size='scalable')) = 10.535
2025-09-26 16:50:41,338 ; matplotlib.font_manager                                      ; DEBUG   ; findfont: score(FontEntry(fname='C:\\Windows\\Fonts\\Artifakt Element Bold Italic.ttf', name='Artifakt Element', style='italic', variant='normal', weight=700, stretch='normal', size='scalable')) = 11.335
2025-09-26 16:50:41,338 ; matplotlib.font_manager                                      ; DEBUG   ; findfont: score(FontEntry(fname='C:\\Windows\\Fonts\\GOTHICB.TTF', name='Century Gothic', style='normal', variant='normal', weight=700, stretch='normal', size='scalable')) = 10.335
2025-09-26 16:50:41,338 ; matplotlib.font_manager                                      ; DEBUG   ; findfont: score(FontEntry(fname='C:\\Windows\\Fonts\\BRADHITC.TTF', name='Bradley Hand ITC', style='normal', variant='normal', weight=400, stretch='normal', size='scalable')) = 10.05
2025-09-26 16:50:41,338 ; matplotlib.font_manager                                      ; DEBUG   ; findfont: score(FontEntry(fname='C:\\Windows\\Fonts\\GLECB.TTF', name='Gloucester MT Extra Condensed', style='normal', variant='normal', weight=400, stretch='condensed', size='scalable')) = 10.25
2025-09-26 16:50:41,338 ; matplotlib.font_manager                                      ; DEBUG   ; findfont: score(FontEntry(fname='C:\\Windows\\Fonts\\georgiaz.ttf', name='Georgia', style='italic', variant='normal', weight=700, stretch='normal', size='scalable')) = 11.335
2025-09-26 16:50:41,339 ; matplotlib.font_manager                                      ; DEBUG   ; findfont: score(FontEntry(fname='C:\\Windows\\Fonts\\seguibl.ttf', name='Segoe UI', style='normal', variant='normal', weight=900, stretch='normal', size='scalable')) = 10.525
2025-09-26 16:50:41,339 ; matplotlib.font_manager                                      ; DEBUG   ; findfont: score(FontEntry(fname='C:\\Windows\\Fonts\\simplex_.ttf', name='Simplex', style='normal', variant='normal', weight=400, stretch='normal', size='scalable')) = 10.05
2025-09-26 16:50:41,339 ; matplotlib.font_manager                                      ; DEBUG   ; findfont: score(FontEntry(fname='C:\\Windows\\Fonts\\times.ttf', name='Times New Roman', style='normal', variant='normal', weight=400, stretch='normal', size='scalable')) = 10.05
2025-09-26 16:50:41,339 ; matplotlib.font_manager                                      ; DEBUG   ; findfont: score(FontEntry(fname='C:\\Windows\\Fonts\\counb___.ttf', name='CountryBlueprint', style='normal', variant='normal', weight=400, stretch='normal', size='scalable')) = 10.05
2025-09-26 16:50:41,339 ; matplotlib.font_manager                                      ; DEBUG   ; findfont: score(FontEntry(fname='C:\\Windows\\Fonts\\Artifakt Element Regular.ttf', name='Artifakt Element', style='normal', variant='normal', weight=400, stretch='normal', size='scalable')) = 10.05
2025-09-26 16:50:41,339 ; matplotlib.font_manager                                      ; DEBUG   ; findfont: score(FontEntry(fname='C:\\Windows\\Fonts\\Artifakt Element Italic.ttf', name='Artifakt Element', style='italic', variant='normal', weight=400, stretch='normal', size='scalable')) = 11.05
2025-09-26 16:50:41,340 ; matplotlib.font_manager                                      ; DEBUG   ; findfont: score(FontEntry(fname='C:\\Windows\\Fonts\\romai___.ttf', name='Romantic', style='italic', variant='normal', weight=400, stretch='normal', size='scalable')) = 11.05
2025-09-26 16:50:41,340 ; matplotlib.font_manager                                      ; DEBUG   ; findfont: score(FontEntry(fname='C:\\Windows\\Fonts\\isocp2__.ttf', name='ISOCP2', style='normal', variant='normal', weight=400, stretch='normal', size='scalable')) = 10.05
2025-09-26 16:50:41,340 ; matplotlib.font_manager                                      ; DEBUG   ; findfont: score(FontEntry(fname='C:\\Windows\\Fonts\\GLSNECB.TTF', name='Gill Sans MT Ext Condensed Bold', style='normal', variant='normal', weight=400, stretch='condensed', size='scalable')) = 10.25
2025-09-26 16:50:41,340 ; matplotlib.font_manager                                      ; DEBUG   ; findfont: score(FontEntry(fname='C:\\Windows\\Fonts\\corbel.ttf', name='Corbel', style='normal', variant='normal', weight=400, stretch='normal', size='scalable')) = 10.05
2025-09-26 16:50:41,340 ; matplotlib.font_manager                                      ; DEBUG   ; findfont: score(FontEntry(fname='C:\\Windows\\Fonts\\swisscl.ttf', name='Swis721 LtCn BT', style='normal', variant='normal', weight=400, stretch='condensed', size='scalable')) = 10.25
2025-09-26 16:50:41,341 ; matplotlib.font_manager                                      ; DEBUG   ; findfont: score(FontEntry(fname='C:\\Windows\\Fonts\\DUBAI-BOLD.TTF', name='Dubai', style='normal', variant='normal', weight=700, stretch='normal', size='scalable')) = 10.335
2025-09-26 16:50:41,341 ; matplotlib.font_manager                                      ; DEBUG   ; findfont: score(FontEntry(fname='C:\\Windows\\Fonts\\tahomabd.ttf', name='Tahoma', style='normal', variant='normal', weight=700, stretch='normal', size='scalable')) = 10.335
2025-09-26 16:50:41,341 ; matplotlib.font_manager                                      ; DEBUG   ; findfont: score(FontEntry(fname='C:\\Windows\\Fonts\\isocteur.ttf', name='ISOCTEUR', style='normal', variant='normal', weight=400, stretch='normal', size='scalable')) = 10.05
2025-09-26 16:50:41,341 ; matplotlib.font_manager                                      ; DEBUG   ; findfont: score(FontEntry(fname='C:\\Windows\\Fonts\\PERTILI.TTF', name='Perpetua Titling MT', style='normal', variant='normal', weight=300, stretch='normal', size='scalable')) = 10.145
2025-09-26 16:50:41,341 ; matplotlib.font_manager                                      ; DEBUG   ; findfont: score(FontEntry(fname='C:\\Windows\\Fonts\\VIVALDII.TTF', name='Vivaldi', style='italic', variant='normal', weight=400, stretch='normal', size='scalable')) = 11.05
2025-09-26 16:50:41,342 ; matplotlib.font_manager                                      ; DEBUG   ; findfont: score(FontEntry(fname='C:\\Windows\\Fonts\\consolaz.ttf', name='Consolas', style='italic', variant='normal', weight=700, stretch='normal', size='scalable')) = 11.335
2025-09-26 16:50:41,343 ; matplotlib.font_manager                                      ; DEBUG   ; findfont: score(FontEntry(fname='C:\\Windows\\Fonts\\FRADMIT.TTF', name='Franklin Gothic Demi', style='italic', variant='normal', weight=400, stretch='normal', size='scalable')) = 11.05
2025-09-26 16:50:41,343 ; matplotlib.font_manager                                      ; DEBUG   ; findfont: score(FontEntry(fname='C:\\Windows\\Fonts\\Inkfree.ttf', name='Ink Free', style='normal', variant='normal', weight=400, stretch='normal', size='scalable')) = 10.05
2025-09-26 16:50:41,343 ; matplotlib.font_manager                                      ; DEBUG   ; findfont: score(FontEntry(fname='C:\\Windows\\Fonts\\trebuc.ttf', name='Trebuchet MS', style='normal', variant='normal', weight=400, stretch='normal', size='scalable')) = 10.05
2025-09-26 16:50:41,343 ; matplotlib.font_manager                                      ; DEBUG   ; findfont: score(FontEntry(fname='C:\\Windows\\Fonts\\TCM_____.TTF', name='Tw Cen MT', style='normal', variant='normal', weight=400, stretch='normal', size='scalable')) = 10.05
2025-09-26 16:50:41,344 ; matplotlib.font_manager                                      ; DEBUG   ; findfont: score(FontEntry(fname='C:\\Windows\\Fonts\\malgun.ttf', name='Malgun Gothic', style='normal', variant='normal', weight=400, stretch='normal', size='scalable')) = 10.05
2025-09-26 16:50:41,344 ; matplotlib.font_manager                                      ; DEBUG   ; findfont: score(FontEntry(fname='C:\\Windows\\Fonts\\ROCKB.TTF', name='Rockwell', style='normal', variant='normal', weight=700, stretch='normal', size='scalable')) = 10.335
2025-09-26 16:50:41,344 ; matplotlib.font_manager                                      ; DEBUG   ; findfont: score(FontEntry(fname='C:\\Windows\\Fonts\\ONYX.TTF', name='Onyx', style='normal', variant='normal', weight=400, stretch='normal', size='scalable')) = 10.05
2025-09-26 16:50:41,344 ; matplotlib.font_manager                                      ; DEBUG   ; findfont: score(FontEntry(fname='C:\\Windows\\Fonts\\comic.ttf', name='Comic Sans MS', style='normal', variant='normal', weight=400, stretch='normal', size='scalable')) = 10.05
2025-09-26 16:50:41,344 ; matplotlib.font_manager                                      ; DEBUG   ; findfont: score(FontEntry(fname='C:\\Windows\\Fonts\\malgunbd.ttf', name='Malgun Gothic', style='normal', variant='normal', weight=700, stretch='normal', size='scalable')) = 10.335
2025-09-26 16:50:41,344 ; matplotlib.font_manager                                      ; DEBUG   ; findfont: score(FontEntry(fname='C:\\Windows\\Fonts\\swissli.ttf', name='Swis721 Lt BT', style='italic', variant='normal', weight=400, stretch='normal', size='scalable')) = 11.05
2025-09-26 16:50:41,344 ; matplotlib.font_manager                                      ; DEBUG   ; findfont: score(FontEntry(fname='C:\\Windows\\Fonts\\symeteo_.ttf', name='Symeteo', style='normal', variant='normal', weight=400, stretch='normal', size='scalable')) = 10.05
2025-09-26 16:50:41,344 ; matplotlib.font_manager                                      ; DEBUG   ; findfont: score(FontEntry(fname='C:\\Windows\\Fonts\\comicbd.ttf', name='Comic Sans MS', style='normal', variant='normal', weight=700, stretch='normal', size='scalable')) = 10.335
2025-09-26 16:50:41,346 ; matplotlib.font_manager                                      ; DEBUG   ; findfont: score(FontEntry(fname='C:\\Windows\\Fonts\\framd.ttf', name='Franklin Gothic Medium', style='normal', variant='normal', weight=400, stretch='normal', size='scalable')) = 10.05
2025-09-26 16:50:41,346 ; matplotlib.font_manager                                      ; DEBUG   ; findfont: score(FontEntry(fname='C:\\Windows\\Fonts\\mtproxy1.ttf', name='Proxy 1', style='normal', variant='normal', weight=400, stretch='normal', size='scalable')) = 10.05
2025-09-26 16:50:41,346 ; matplotlib.font_manager                                      ; DEBUG   ; findfont: score(FontEntry(fname='C:\\Windows\\Fonts\\timesbi.ttf', name='Times New Roman', style='italic', variant='normal', weight=700, stretch='normal', size='scalable')) = 11.335
2025-09-26 16:50:41,346 ; matplotlib.font_manager                                      ; DEBUG   ; findfont: score(FontEntry(fname='C:\\Windows\\Fonts\\calibri.ttf', name='Calibri', style='normal', variant='normal', weight=400, stretch='normal', size='scalable')) = 10.05
2025-09-26 16:50:41,346 ; matplotlib.font_manager                                      ; DEBUG   ; findfont: score(FontEntry(fname='C:\\Windows\\Fonts\\mtproxy5.ttf', name='Proxy 5', style='normal', variant='normal', weight=400, stretch='normal', size='scalable')) = 10.05
2025-09-26 16:50:41,346 ; matplotlib.font_manager                                      ; DEBUG   ; findfont: score(FontEntry(fname='C:\\Windows\\Fonts\\romantic.ttf', name='Romantic', style='normal', variant='normal', weight=400, stretch='normal', size='scalable')) = 10.05
2025-09-26 16:50:41,346 ; matplotlib.font_manager                                      ; DEBUG   ; findfont: score(FontEntry(fname='C:\\Windows\\Fonts\\BELLI.TTF', name='Bell MT', style='italic', variant='normal', weight=400, stretch='normal', size='scalable')) = 11.05
2025-09-26 16:50:41,346 ; matplotlib.font_manager                                      ; DEBUG   ; findfont: score(FontEntry(fname='C:\\Windows\\Fonts\\swissel.ttf', name='Swis721 LtEx BT', style='normal', variant='normal', weight=400, stretch='expanded', size='scalable')) = 10.25
2025-09-26 16:50:41,348 ; matplotlib.font_manager                                      ; DEBUG   ; findfont: score(FontEntry(fname='C:\\Windows\\Fonts\\GARAIT.TTF', name='Garamond', style='italic', variant='normal', weight=400, stretch='normal', size='scalable')) = 11.05
2025-09-26 16:50:41,348 ; matplotlib.font_manager                                      ; DEBUG   ; findfont: score(FontEntry(fname='C:\\Windows\\Fonts\\malgunsl.ttf', name='Malgun Gothic', style='normal', variant='normal', weight=300, stretch='normal', size='scalable')) = 10.145
2025-09-26 16:50:41,348 ; matplotlib.font_manager                                      ; DEBUG   ; findfont: score(FontEntry(fname='C:\\Windows\\Fonts\\SCHLBKI.TTF', name='Century Schoolbook', style='italic', variant='normal', weight=400, stretch='normal', size='scalable')) = 11.05
2025-09-26 16:50:41,349 ; matplotlib.font_manager                                      ; DEBUG   ; findfont: score(FontEntry(fname='C:\\Windows\\Fonts\\DUBAI-LIGHT.TTF', name='Dubai', style='normal', variant='normal', weight=300, stretch='normal', size='scalable')) = 10.145
2025-09-26 16:50:41,349 ; matplotlib.font_manager                                      ; DEBUG   ; findfont: score(FontEntry(fname='C:\\Windows\\Fonts\\msyhl.ttc', name='Microsoft YaHei', style='normal', variant='normal', weight=290, stretch='normal', size='scalable')) = 10.1545
2025-09-26 16:50:41,349 ; matplotlib.font_manager                                      ; DEBUG   ; findfont: score(FontEntry(fname='C:\\Windows\\Fonts\\calibriz.ttf', name='Calibri', style='italic', variant='normal', weight=700, stretch='normal', size='scalable')) = 11.335
2025-09-26 16:50:41,349 ; matplotlib.font_manager                                      ; DEBUG   ; findfont: score(FontEntry(fname='C:\\Windows\\Fonts\\MAIAN.TTF', name='Maiandra GD', style='normal', variant='normal', weight=400, stretch='normal', size='scalable')) = 10.05
2025-09-26 16:50:41,349 ; matplotlib.font_manager                                      ; DEBUG   ; findfont: score(FontEntry(fname='C:\\Windows\\Fonts\\segoepr.ttf', name='Segoe Print', style='normal', variant='normal', weight=400, stretch='normal', size='scalable')) = 10.05
2025-09-26 16:50:41,349 ; matplotlib.font_manager                                      ; DEBUG   ; findfont: score(FontEntry(fname='C:\\Windows\\Fonts\\isocteui.ttf', name='ISOCTEUR', style='italic', variant='normal', weight=400, stretch='normal', size='scalable')) = 11.05
2025-09-26 16:50:41,349 ; matplotlib.font_manager                                      ; DEBUG   ; findfont: score(FontEntry(fname='C:\\Windows\\Fonts\\symbol.ttf', name='Symbol', style='normal', variant='normal', weight=400, stretch='normal', size='scalable')) = 10.05
2025-09-26 16:50:41,349 ; matplotlib.font_manager                                      ; DEBUG   ; findfont: score(FontEntry(fname='C:\\Windows\\Fonts\\BOOKOSB.TTF', name='Bookman Old Style', style='normal', variant='normal', weight=600, stretch='normal', size='scalable')) = 10.24
2025-09-26 16:50:41,349 ; matplotlib.font_manager                                      ; DEBUG   ; findfont: score(FontEntry(fname='C:\\Windows\\Fonts\\LeelaUIb.ttf', name='Leelawadee UI', style='normal', variant='normal', weight=700, stretch='normal', size='scalable')) = 10.335
2025-09-26 16:50:41,349 ; matplotlib.font_manager                                      ; DEBUG   ; findfont: score(FontEntry(fname='C:\\Windows\\Fonts\\sanssbo_.ttf', name='SansSerif', style='oblique', variant='normal', weight=700, stretch='normal', size='scalable')) = 11.335
2025-09-26 16:50:41,349 ; matplotlib.font_manager                                      ; DEBUG   ; findfont: score(FontEntry(fname='C:\\Windows\\Fonts\\CALISTB.TTF', name='Calisto MT', style='normal', variant='normal', weight=700, stretch='normal', size='scalable')) = 10.335
2025-09-26 16:50:41,349 ; matplotlib.font_manager                                      ; DEBUG   ; findfont: score(FontEntry(fname='C:\\Windows\\Fonts\\corbelb.ttf', name='Corbel', style='normal', variant='normal', weight=700, stretch='normal', size='scalable')) = 10.335
2025-09-26 16:50:41,349 ; matplotlib.font_manager                                      ; DEBUG   ; findfont: score(FontEntry(fname='C:\\Windows\\Fonts\\consolai.ttf', name='Consolas', style='italic', variant='normal', weight=400, stretch='normal', size='scalable')) = 11.05
2025-09-26 16:50:41,349 ; matplotlib.font_manager                                      ; DEBUG   ; findfont: score(FontEntry(fname='C:\\Windows\\Fonts\\swisscbo.ttf', name='Swis721 BdCnOul BT', style='normal', variant='normal', weight=400, stretch='condensed', size='scalable')) = 10.25
2025-09-26 16:50:41,349 ; matplotlib.font_manager                                      ; DEBUG   ; findfont: score(FontEntry(fname='C:\\Windows\\Fonts\\LBRITEDI.TTF', name='Lucida Bright', style='italic', variant='normal', weight=600, stretch='normal', size='scalable')) = 11.24
2025-09-26 16:50:41,349 ; matplotlib.font_manager                                      ; DEBUG   ; findfont: score(FontEntry(fname='C:\\Windows\\Fonts\\BRITANIC.TTF', name='Britannic Bold', style='normal', variant='normal', weight=400, stretch='normal', size='scalable')) = 10.05
2025-09-26 16:50:41,349 ; matplotlib.font_manager                                      ; DEBUG   ; findfont: score(FontEntry(fname='C:\\Windows\\Fonts\\ARIALNB.TTF', name='Arial', style='normal', variant='normal', weight=700, stretch='condensed', size='scalable')) = 6.8986363636363635
2025-09-26 16:50:41,349 ; matplotlib.font_manager                                      ; DEBUG   ; findfont: score(FontEntry(fname='C:\\Windows\\Fonts\\swissl.ttf', name='Swis721 Lt BT', style='normal', variant='normal', weight=400, stretch='normal', size='scalable')) = 10.05
2025-09-26 16:50:41,349 ; matplotlib.font_manager                                      ; DEBUG   ; findfont: score(FontEntry(fname='C:\\Windows\\Fonts\\GOTHIC.TTF', name='Century Gothic', style='normal', variant='normal', weight=400, stretch='normal', size='scalable')) = 10.05
2025-09-26 16:50:41,349 ; matplotlib.font_manager                                      ; DEBUG   ; findfont: score(FontEntry(fname='C:\\Windows\\Fonts\\bahnschrift.ttf', name='Bahnschrift', style='normal', variant='normal', weight=400, stretch='normal', size='scalable')) = 10.05
2025-09-26 16:50:41,349 ; matplotlib.font_manager                                      ; DEBUG   ; findfont: score(FontEntry(fname='C:\\Windows\\Fonts\\PALSCRI.TTF', name='Palace Script MT', style='normal', variant='normal', weight=400, stretch='normal', size='scalable')) = 10.05
2025-09-26 16:50:41,349 ; matplotlib.font_manager                                      ; DEBUG   ; findfont: score(FontEntry(fname='C:\\Windows\\Fonts\\FRAHVIT.TTF', name='Franklin Gothic Heavy', style='italic', variant='normal', weight=400, stretch='normal', size='scalable')) = 11.05
2025-09-26 16:50:41,349 ; matplotlib.font_manager                                      ; DEBUG   ; findfont: score(FontEntry(fname='C:\\Windows\\Fonts\\ntailu.ttf', name='Microsoft New Tai Lue', style='normal', variant='normal', weight=400, stretch='normal', size='scalable')) = 10.05
2025-09-26 16:50:41,349 ; matplotlib.font_manager                                      ; DEBUG   ; findfont: score(FontEntry(fname='C:\\Windows\\Fonts\\NIAGSOL.TTF', name='Niagara Solid', style='normal', variant='normal', weight=400, stretch='normal', size='scalable')) = 10.05
2025-09-26 16:50:41,349 ; matplotlib.font_manager                                      ; DEBUG   ; findfont: score(FontEntry(fname='C:\\Windows\\Fonts\\mtproxy8.ttf', name='Proxy 8', style='normal', variant='normal', weight=400, stretch='normal', size='scalable')) = 10.05
2025-09-26 16:50:41,349 ; matplotlib.font_manager                                      ; DEBUG   ; findfont: score(FontEntry(fname='C:\\Windows\\Fonts\\PERI____.TTF', name='Perpetua', style='italic', variant='normal', weight=400, stretch='normal', size='scalable')) = 11.05
2025-09-26 16:50:41,349 ; matplotlib.font_manager                                      ; DEBUG   ; findfont: score(FontEntry(fname='C:\\Windows\\Fonts\\BOD_BLAI.TTF', name='Bodoni MT', style='italic', variant='normal', weight=900, stretch='normal', size='scalable')) = 11.525
2025-09-26 16:50:41,349 ; matplotlib.font_manager                                      ; DEBUG   ; findfont: score(FontEntry(fname='C:\\Windows\\Fonts\\ARIALNI.TTF', name='Arial', style='italic', variant='normal', weight=400, stretch='condensed', size='scalable')) = 7.613636363636363
2025-09-26 16:50:41,349 ; matplotlib.font_manager                                      ; DEBUG   ; findfont: score(FontEntry(fname='C:\\Windows\\Fonts\\mtproxy6.ttf', name='Proxy 6', style='normal', variant='normal', weight=400, stretch='normal', size='scalable')) = 10.05
2025-09-26 16:50:41,349 ; matplotlib.font_manager                                      ; DEBUG   ; findfont: score(FontEntry(fname='C:\\Windows\\Fonts\\BOD_CI.TTF', name='Bodoni MT', style='italic', variant='normal', weight=400, stretch='condensed', size='scalable')) = 11.25
2025-09-26 16:50:41,349 ; matplotlib.font_manager                                      ; DEBUG   ; findfont: score(FontEntry(fname='C:\\Windows\\Fonts\\CALISTI.TTF', name='Calisto MT', style='italic', variant='normal', weight=400, stretch='normal', size='scalable')) = 11.05
2025-09-26 16:50:41,349 ; matplotlib.font_manager                                      ; DEBUG   ; findfont: score(FontEntry(fname='C:\\Windows\\Fonts\\SNAP____.TTF', name='Snap ITC', style='normal', variant='normal', weight=400, stretch='normal', size='scalable')) = 10.05
2025-09-26 16:50:41,349 ; matplotlib.font_manager                                      ; DEBUG   ; findfont: score(FontEntry(fname='C:\\Windows\\Fonts\\AIGDT___.TTF', name='AIGDT', style='normal', variant='normal', weight=400, stretch='normal', size='scalable')) = 10.05
2025-09-26 16:50:41,349 ; matplotlib.font_manager                                      ; DEBUG   ; findfont: score(FontEntry(fname='C:\\Windows\\Fonts\\LFAXD.TTF', name='Lucida Fax', style='normal', variant='normal', weight=600, stretch='normal', size='scalable')) = 10.24
2025-09-26 16:50:41,349 ; matplotlib.font_manager                                      ; DEBUG   ; findfont: score(FontEntry(fname='C:\\Windows\\Fonts\\techb___.ttf', name='TechnicBold', style='normal', variant='normal', weight=400, stretch='normal', size='scalable')) = 10.05
2025-09-26 16:50:41,349 ; matplotlib.font_manager                                      ; DEBUG   ; findfont: score(FontEntry(fname='C:\\Windows\\Fonts\\Nirmala.ttf', name='Nirmala UI', style='normal', variant='normal', weight=400, stretch='normal', size='scalable')) = 10.05
2025-09-26 16:50:41,349 ; matplotlib.font_manager                                      ; DEBUG   ; findfont: score(FontEntry(fname='C:\\Windows\\Fonts\\constan.ttf', name='Constantia', style='normal', variant='normal', weight=400, stretch='normal', size='scalable')) = 10.05
2025-09-26 16:50:41,349 ; matplotlib.font_manager                                      ; DEBUG   ; findfont: score(FontEntry(fname='C:\\Windows\\Fonts\\Artifakt Element Bold.ttf', name='Artifakt Element', style='normal', variant='normal', weight=700, stretch='normal', size='scalable')) = 10.335
2025-09-26 16:50:41,349 ; matplotlib.font_manager                                      ; DEBUG   ; findfont: score(FontEntry(fname='C:\\Windows\\Fonts\\swissek.ttf', name='Swis721 BlkEx BT', style='normal', variant='normal', weight=400, stretch='expanded', size='scalable')) = 10.25
2025-09-26 16:50:41,349 ; matplotlib.font_manager                                      ; DEBUG   ; findfont: score(FontEntry(fname='C:\\Windows\\Fonts\\dutch.ttf', name='Dutch801 Rm BT', style='normal', variant='normal', weight=400, stretch='normal', size='scalable')) = 10.05
2025-09-26 16:50:41,349 ; matplotlib.font_manager                                      ; DEBUG   ; findfont: score(FontEntry(fname='C:\\Windows\\Fonts\\verdanaz.ttf', name='Verdana', style='italic', variant='normal', weight=700, stretch='normal', size='scalable')) = 4.971363636363637
2025-09-26 16:50:41,349 ; matplotlib.font_manager                                      ; DEBUG   ; findfont: score(FontEntry(fname='C:\\Windows\\Fonts\\Dengb.ttf', name='DengXian', style='normal', variant='normal', weight=700, stretch='normal', size='scalable')) = 10.335
2025-09-26 16:50:41,349 ; matplotlib.font_manager                                      ; DEBUG   ; findfont: score(FontEntry(fname='C:\\Windows\\Fonts\\YuGothR.ttc', name='Yu Gothic', style='normal', variant='normal', weight=400, stretch='normal', size='scalable')) = 10.05
2025-09-26 16:50:41,349 ; matplotlib.font_manager                                      ; DEBUG   ; findfont: score(FontEntry(fname='C:\\Windows\\Fonts\\swissko.ttf', name='Swis721 BlkOul BT', style='normal', variant='normal', weight=400, stretch='normal', size='scalable')) = 10.05
2025-09-26 16:50:41,349 ; matplotlib.font_manager                                      ; DEBUG   ; findfont: score(FontEntry(fname='C:\\Windows\\Fonts\\Artifakt Element Light Italic.ttf', name='Artifakt Element', style='italic', variant='normal', weight=300, stretch='normal', size='scalable')) = 11.145
2025-09-26 16:50:41,349 ; matplotlib.font_manager                                      ; DEBUG   ; findfont: score(FontEntry(fname='C:\\Windows\\Fonts\\GENISO.ttf', name='GENISO', style='normal', variant='normal', weight=400, stretch='normal', size='scalable')) = 10.05
2025-09-26 16:50:41,349 ; matplotlib.font_manager                                      ; DEBUG   ; findfont: score(FontEntry(fname='C:\\Windows\\Fonts\\REFSPCL.TTF', name='MS Reference Specialty', style='normal', variant='normal', weight=400, stretch='normal', size='scalable')) = 10.05
2025-09-26 16:50:41,349 ; matplotlib.font_manager                                      ; DEBUG   ; findfont: score(FontEntry(fname='C:\\Windows\\Fonts\\romant__.ttf', name='RomanT', style='normal', variant='normal', weight=400, stretch='normal', size='scalable')) = 10.05
2025-09-26 16:50:41,349 ; matplotlib.font_manager                                      ; DEBUG   ; findfont: score(FontEntry(fname='C:\\Windows\\Fonts\\LSANS.TTF', name='Lucida Sans', style='normal', variant='normal', weight=400, stretch='normal', size='scalable')) = 10.05
2025-09-26 16:50:41,349 ; matplotlib.font_manager                                      ; DEBUG   ; findfont: score(FontEntry(fname='C:\\Windows\\Fonts\\msjhl.ttc', name='Microsoft JhengHei', style='normal', variant='normal', weight=290, stretch='normal', size='scalable')) = 10.1545
2025-09-26 16:50:41,349 ; matplotlib.font_manager                                      ; DEBUG   ; findfont: score(FontEntry(fname='C:\\Windows\\Fonts\\lucon.ttf', name='Lucida Console', style='normal', variant='normal', weight=400, stretch='normal', size='scalable')) = 10.05
2025-09-26 16:50:41,349 ; matplotlib.font_manager                                      ; DEBUG   ; findfont: score(FontEntry(fname='C:\\Windows\\Fonts\\TCMI____.TTF', name='Tw Cen MT', style='italic', variant='normal', weight=400, stretch='normal', size='scalable')) = 11.05
2025-09-26 16:50:41,349 ; matplotlib.font_manager                                      ; DEBUG   ; findfont: score(FontEntry(fname='C:\\Windows\\Fonts\\segoeuiz.ttf', name='Segoe UI', style='italic', variant='normal', weight=700, stretch='normal', size='scalable')) = 11.335
2025-09-26 16:50:41,349 ; matplotlib.font_manager                                      ; DEBUG   ; findfont: score(FontEntry(fname='C:\\Windows\\Fonts\\complex_.ttf', name='Complex', style='normal', variant='normal', weight=400, stretch='normal', size='scalable')) = 10.05
2025-09-26 16:50:41,349 ; matplotlib.font_manager                                      ; DEBUG   ; findfont: score(FontEntry(fname='C:\\Windows\\Fonts\\BOOKOSI.TTF', name='Bookman Old Style', style='italic', variant='normal', weight=300, stretch='normal', size='scalable')) = 11.145
2025-09-26 16:50:41,349 ; matplotlib.font_manager                                      ; DEBUG   ; findfont: score(FontEntry(fname='C:\\Windows\\Fonts\\micross.ttf', name='Microsoft Sans Serif', style='normal', variant='normal', weight=400, stretch='normal', size='scalable')) = 10.05
2025-09-26 16:50:41,349 ; matplotlib.font_manager                                      ; DEBUG   ; findfont: score(FontEntry(fname='C:\\Windows\\Fonts\\MSUIGHUR.TTF', name='Microsoft Uighur', style='normal', variant='normal', weight=400, stretch='normal', size='scalable')) = 10.05
2025-09-26 16:50:41,349 ; matplotlib.font_manager                                      ; DEBUG   ; findfont: score(FontEntry(fname='C:\\Windows\\Fonts\\palabi.ttf', name='Palatino Linotype', style='italic', variant='normal', weight=700, stretch='normal', size='scalable')) = 11.335
2025-09-26 16:50:41,349 ; matplotlib.font_manager                                      ; DEBUG   ; findfont: score(FontEntry(fname='C:\\Windows\\Fonts\\italicc_.ttf', name='ItalicC', style='italic', variant='normal', weight=400, stretch='normal', size='scalable')) = 11.05
2025-09-26 16:50:41,349 ; matplotlib.font_manager                                      ; DEBUG   ; findfont: score(FontEntry(fname='C:\\Windows\\Fonts\\HARNGTON.TTF', name='Harrington', style='normal', variant='normal', weight=400, stretch='normal', size='scalable')) = 10.05
2025-09-26 16:50:41,349 ; matplotlib.font_manager                                      ; DEBUG   ; findfont: score(FontEntry(fname='C:\\Windows\\Fonts\\seguisym.ttf', name='Segoe UI Symbol', style='normal', variant='normal', weight=400, stretch='normal', size='scalable')) = 10.05
2025-09-26 16:50:41,360 ; matplotlib.font_manager                                      ; DEBUG   ; findfont: score(FontEntry(fname='C:\\Windows\\Fonts\\SansSerifCollection.ttf', name='Sans Serif Collection', style='normal', variant='normal', weight=400, stretch='normal', size='scalable')) = 10.05
2025-09-26 16:50:41,360 ; matplotlib.font_manager                                      ; DEBUG   ; findfont: score(FontEntry(fname='C:\\Windows\\Fonts\\PAPYRUS.TTF', name='Papyrus', style='normal', variant='normal', weight=400, stretch='normal', size='scalable')) = 10.05
2025-09-26 16:50:41,360 ; matplotlib.font_manager                                      ; DEBUG   ; findfont: score(FontEntry(fname='C:\\Windows\\Fonts\\BOD_BLAR.TTF', name='Bodoni MT', style='normal', variant='normal', weight=900, stretch='normal', size='scalable')) = 10.525
2025-09-26 16:50:41,360 ; matplotlib.font_manager                                      ; DEBUG   ; findfont: score(FontEntry(fname='C:\\Windows\\Fonts\\ROCC____.TTF', name='Rockwell Condensed', style='normal', variant='normal', weight=400, stretch='condensed', size='scalable')) = 10.25
2025-09-26 16:50:41,360 ; matplotlib.font_manager                                      ; DEBUG   ; findfont: score(FontEntry(fname='C:\\Windows\\Fonts\\GOUDOSI.TTF', name='Goudy Old Style', style='italic', variant='normal', weight=400, stretch='normal', size='scalable')) = 11.05
2025-09-26 16:50:41,361 ; matplotlib.font_manager                                      ; DEBUG   ; findfont: score(FontEntry(fname='C:\\Windows\\Fonts\\mvboli.ttf', name='MV Boli', style='normal', variant='normal', weight=400, stretch='normal', size='scalable')) = 10.05
2025-09-26 16:50:41,361 ; matplotlib.font_manager                                      ; DEBUG   ; findfont: score(FontEntry(fname='C:\\Windows\\Fonts\\FELIXTI.TTF', name='Felix Titling', style='normal', variant='normal', weight=400, stretch='normal', size='scalable')) = 10.05
2025-09-26 16:50:41,361 ; matplotlib.font_manager                                      ; DEBUG   ; findfont: score(FontEntry(fname='C:\\Windows\\Fonts\\HARLOWSI.TTF', name='Harlow Solid Italic', style='italic', variant='normal', weight=400, stretch='normal', size='scalable')) = 11.05
2025-09-26 16:50:41,361 ; matplotlib.font_manager                                      ; DEBUG   ; findfont: score(FontEntry(fname='C:\\Windows\\Fonts\\holomdl2.ttf', name='HoloLens MDL2 Assets', style='normal', variant='normal', weight=400, stretch='normal', size='scalable')) = 10.05
2025-09-26 16:50:41,361 ; matplotlib.font_manager                                      ; DEBUG   ; findfont: score(FontEntry(fname='C:\\Windows\\Fonts\\LTYPEBO.TTF', name='Lucida Sans Typewriter', style='oblique', variant='normal', weight=600, stretch='normal', size='scalable')) = 11.24
2025-09-26 16:50:41,362 ; matplotlib.font_manager                                      ; DEBUG   ; findfont: score(FontEntry(fname='C:\\Windows\\Fonts\\LHANDW.TTF', name='Lucida Handwriting', style='italic', variant='normal', weight=400, stretch='normal', size='scalable')) = 11.05
2025-09-26 16:50:41,362 ; matplotlib.font_manager                                      ; DEBUG   ; findfont: score(FontEntry(fname='C:\\Windows\\Fonts\\consolab.ttf', name='Consolas', style='normal', variant='normal', weight=700, stretch='normal', size='scalable')) = 10.335
2025-09-26 16:50:41,362 ; matplotlib.font_manager                                      ; DEBUG   ; findfont: score(FontEntry(fname='C:\\Windows\\Fonts\\isocpeur.ttf', name='ISOCPEUR', style='normal', variant='normal', weight=400, stretch='normal', size='scalable')) = 10.05
2025-09-26 16:50:41,363 ; matplotlib.font_manager                                      ; DEBUG   ; findfont: score(FontEntry(fname='C:\\Windows\\Fonts\\GILSANUB.TTF', name='Gill Sans Ultra Bold', style='normal', variant='normal', weight=400, stretch='normal', size='scalable')) = 10.05
2025-09-26 16:50:41,363 ; matplotlib.font_manager                                      ; DEBUG   ; findfont: score(FontEntry(fname='C:\\Windows\\Fonts\\swisscb.ttf', name='Swis721 Cn BT', style='normal', variant='normal', weight=700, stretch='condensed', size='scalable')) = 10.535
2025-09-26 16:50:41,363 ; matplotlib.font_manager                                      ; DEBUG   ; findfont: score(FontEntry(fname='C:\\Windows\\Fonts\\FRAHV.TTF', name='Franklin Gothic Heavy', style='normal', variant='normal', weight=400, stretch='normal', size='scalable')) = 10.05
2025-09-26 16:50:41,363 ; matplotlib.font_manager                                      ; DEBUG   ; findfont: score(FontEntry(fname='C:\\Windows\\Fonts\\STENCIL.TTF', name='Stencil', style='normal', variant='normal', weight=400, stretch='normal', size='scalable')) = 10.05
2025-09-26 16:50:41,363 ; matplotlib.font_manager                                      ; DEBUG   ; findfont: score(FontEntry(fname='C:\\Windows\\Fonts\\isoct3__.ttf', name='ISOCT3', style='normal', variant='normal', weight=400, stretch='normal', size='scalable')) = 10.05
2025-09-26 16:50:41,363 ; matplotlib.font_manager                                      ; DEBUG   ; findfont: score(FontEntry(fname='C:\\Windows\\Fonts\\FTLTLT.TTF', name='Footlight MT Light', style='normal', variant='normal', weight=300, stretch='normal', size='scalable')) = 10.145
2025-09-26 16:50:41,364 ; matplotlib.font_manager                                      ; DEBUG   ; findfont: score(FontEntry(fname='C:\\Windows\\Fonts\\ARIALUNI.ttf', name='Arial Unicode MS', style='normal', variant='normal', weight=400, stretch='normal', size='scalable')) = 10.05
2025-09-26 16:50:41,364 ; matplotlib.font_manager                                      ; DEBUG   ; findfont: score(FontEntry(fname='C:\\Windows\\Fonts\\ERASLGHT.TTF', name='Eras Light ITC', style='normal', variant='normal', weight=400, stretch='normal', size='scalable')) = 10.05
2025-09-26 16:50:41,364 ; matplotlib.font_manager                                      ; DEBUG   ; findfont: score(FontEntry(fname='C:\\Windows\\Fonts\\GOTHICI.TTF', name='Century Gothic', style='italic', variant='normal', weight=400, stretch='normal', size='scalable')) = 11.05
2025-09-26 16:50:41,365 ; matplotlib.font_manager                                      ; DEBUG   ; findfont: score(FontEntry(fname='C:\\Windows\\Fonts\\swissci.ttf', name='Swis721 Cn BT', style='italic', variant='normal', weight=400, stretch='condensed', size='scalable')) = 11.25
2025-09-26 16:50:41,365 ; matplotlib.font_manager                                      ; DEBUG   ; findfont: score(FontEntry(fname='C:\\Windows\\Fonts\\NirmalaS.ttf', name='Nirmala UI', style='normal', variant='normal', weight=350, stretch='normal', size='scalable')) = 10.0975
2025-09-26 16:50:41,365 ; matplotlib.font_manager                                      ; DEBUG   ; findfont: score(FontEntry(fname='C:\\Windows\\Fonts\\simsunb.ttf', name='SimSun-ExtB', style='normal', variant='normal', weight=400, stretch='normal', size='scalable')) = 10.05
2025-09-26 16:50:41,366 ; matplotlib.font_manager                                      ; DEBUG   ; findfont: score(FontEntry(fname='C:\\Windows\\Fonts\\Artifakt Element Thin.ttf', name='Artifakt Element', style='normal', variant='normal', weight=200, stretch='normal', size='scalable')) = 10.24
2025-09-26 16:50:41,366 ; matplotlib.font_manager                                      ; DEBUG   ; findfont: score(FontEntry(fname='C:\\Windows\\Fonts\\AGENCYR.TTF', name='Agency FB', style='normal', variant='normal', weight=400, stretch='normal', size='scalable')) = 10.05
2025-09-26 16:50:41,366 ; matplotlib.font_manager                                      ; DEBUG   ; findfont: score(FontEntry(fname='C:\\Windows\\Fonts\\constanb.ttf', name='Constantia', style='normal', variant='normal', weight=700, stretch='normal', size='scalable')) = 10.335
2025-09-26 16:50:41,366 ; matplotlib.font_manager                                      ; DEBUG   ; findfont: score(FontEntry(fname='C:\\Windows\\Fonts\\Artifakt Element Thin Italic.ttf', name='Artifakt Element', style='italic', variant='normal', weight=200, stretch='normal', size='scalable')) = 11.24
2025-09-26 16:50:41,367 ; matplotlib.font_manager                                      ; DEBUG   ; findfont: score(FontEntry(fname='C:\\Windows\\Fonts\\LBRITE.TTF', name='Lucida Bright', style='normal', variant='normal', weight=400, stretch='normal', size='scalable')) = 10.05
2025-09-26 16:50:41,367 ; matplotlib.font_manager                                      ; DEBUG   ; findfont: score(FontEntry(fname='C:\\Windows\\Fonts\\ebrimabd.ttf', name='Ebrima', style='normal', variant='normal', weight=700, stretch='normal', size='scalable')) = 10.335
2025-09-26 16:50:41,367 ; matplotlib.font_manager                                      ; DEBUG   ; findfont: score(FontEntry(fname='C:\\Windows\\Fonts\\MAGNETOB.TTF', name='Magneto', style='normal', variant='normal', weight=700, stretch='normal', size='scalable')) = 10.335
2025-09-26 16:50:41,367 ; matplotlib.font_manager                                      ; DEBUG   ; findfont: score(FontEntry(fname='C:\\Windows\\Fonts\\cityb___.ttf', name='CityBlueprint', style='normal', variant='normal', weight=400, stretch='normal', size='scalable')) = 10.05
2025-09-26 16:50:41,367 ; matplotlib.font_manager                                      ; DEBUG   ; findfont: score(FontEntry(fname='C:\\Windows\\Fonts\\ntailub.ttf', name='Microsoft New Tai Lue', style='normal', variant='normal', weight=700, stretch='normal', size='scalable')) = 10.335
2025-09-26 16:50:41,367 ; matplotlib.font_manager                                      ; DEBUG   ; findfont: score(FontEntry(fname='C:\\Windows\\Fonts\\framdit.ttf', name='Franklin Gothic Medium', style='italic', variant='normal', weight=400, stretch='normal', size='scalable')) = 11.05
2025-09-26 16:50:41,368 ; matplotlib.font_manager                                      ; DEBUG   ; findfont: score(FontEntry(fname='C:\\Windows\\Fonts\\trebucbi.ttf', name='Trebuchet MS', style='italic', variant='normal', weight=700, stretch='normal', size='scalable')) = 11.335
2025-09-26 16:50:41,368 ; matplotlib.font_manager                                      ; DEBUG   ; findfont: score(FontEntry(fname='C:\\Windows\\Fonts\\LATINWD.TTF', name='Wide Latin', style='normal', variant='normal', weight=400, stretch='expanded', size='scalable')) = 10.25
2025-09-26 16:50:41,368 ; matplotlib.font_manager                                      ; DEBUG   ; findfont: score(FontEntry(fname='C:\\Windows\\Fonts\\Candarali.ttf', name='Candara', style='italic', variant='normal', weight=400, stretch='normal', size='scalable')) = 11.05
2025-09-26 16:50:41,368 ; matplotlib.font_manager                                      ; DEBUG   ; findfont: score(FontEntry(fname='C:\\Windows\\Fonts\\IMPRISHA.TTF', name='Imprint MT Shadow', style='normal', variant='normal', weight=400, stretch='normal', size='scalable')) = 10.05
2025-09-26 16:50:41,368 ; matplotlib.font_manager                                      ; DEBUG   ; findfont: score(FontEntry(fname='C:\\Windows\\Fonts\\courbd.ttf', name='Courier New', style='normal', variant='normal', weight=700, stretch='normal', size='scalable')) = 10.335
2025-09-26 16:50:41,369 ; matplotlib.font_manager                                      ; DEBUG   ; findfont: score(FontEntry(fname='C:\\Windows\\Fonts\\ROCK.TTF', name='Rockwell', style='normal', variant='normal', weight=400, stretch='normal', size='scalable')) = 10.05
2025-09-26 16:50:41,369 ; matplotlib.font_manager                                      ; DEBUG   ; findfont: score(FontEntry(fname='C:\\Windows\\Fonts\\ERASMD.TTF', name='Eras Medium ITC', style='normal', variant='normal', weight=400, stretch='normal', size='scalable')) = 10.05
2025-09-26 16:50:41,369 ; matplotlib.font_manager                                      ; DEBUG   ; findfont: score(FontEntry(fname='C:\\Windows\\Fonts\\constanz.ttf', name='Constantia', style='italic', variant='normal', weight=700, stretch='normal', size='scalable')) = 11.335
2025-09-26 16:50:41,369 ; matplotlib.font_manager                                      ; DEBUG   ; findfont: score(FontEntry(fname='C:\\Windows\\Fonts\\REFSAN.TTF', name='MS Reference Sans Serif', style='normal', variant='normal', weight=400, stretch='normal', size='scalable')) = 10.05
2025-09-26 16:50:41,369 ; matplotlib.font_manager                                      ; DEBUG   ; findfont: score(FontEntry(fname='C:\\Windows\\Fonts\\BELLB.TTF', name='Bell MT', style='normal', variant='normal', weight=700, stretch='normal', size='scalable')) = 10.335
2025-09-26 16:50:41,370 ; matplotlib.font_manager                                      ; DEBUG   ; findfont: score(FontEntry(fname='C:\\Windows\\Fonts\\BOOKOSBI.TTF', name='Bookman Old Style', style='italic', variant='normal', weight=600, stretch='normal', size='scalable')) = 11.24
2025-09-26 16:50:41,370 ; matplotlib.font_manager                                      ; DEBUG   ; findfont: score(FontEntry(fname='C:\\Windows\\Fonts\\impact.ttf', name='Impact', style='normal', variant='normal', weight=400, stretch='normal', size='scalable')) = 10.05
2025-09-26 16:50:41,370 ; matplotlib.font_manager                                      ; DEBUG   ; findfont: score(FontEntry(fname='C:\\Windows\\Fonts\\simhei.ttf', name='SimHei', style='normal', variant='normal', weight=400, stretch='normal', size='scalable')) = 10.05
2025-09-26 16:50:41,370 ; matplotlib.font_manager                                      ; DEBUG   ; findfont: score(FontEntry(fname='C:\\Windows\\Fonts\\CENTURY.TTF', name='Century', style='normal', variant='normal', weight=400, stretch='normal', size='scalable')) = 10.05
2025-09-26 16:50:41,370 ; matplotlib.font_manager                                      ; DEBUG   ; findfont: score(FontEntry(fname='C:\\Windows\\Fonts\\PARCHM.TTF', name='Parchment', style='normal', variant='normal', weight=400, stretch='normal', size='scalable')) = 10.05
2025-09-26 16:50:41,370 ; matplotlib.font_manager                                      ; DEBUG   ; findfont: score(FontEntry(fname='C:\\Windows\\Fonts\\GOUDYSTO.TTF', name='Goudy Stout', style='normal', variant='normal', weight=400, stretch='normal', size='scalable')) = 10.05
2025-09-26 16:50:41,371 ; matplotlib.font_manager                                      ; DEBUG   ; findfont: score(FontEntry(fname='C:\\Windows\\Fonts\\swissbo.ttf', name='Swis721 BdOul BT', style='normal', variant='normal', weight=400, stretch='normal', size='scalable')) = 10.05
2025-09-26 16:50:41,371 ; matplotlib.font_manager                                      ; DEBUG   ; findfont: score(FontEntry(fname='C:\\Windows\\Fonts\\BOD_PSTC.TTF', name='Bodoni MT', style='normal', variant='normal', weight=300, stretch='normal', size='scalable')) = 10.145
2025-09-26 16:50:41,371 ; matplotlib.font_manager                                      ; DEBUG   ; findfont: score(FontEntry(fname='C:\\Windows\\Fonts\\BOD_BI.TTF', name='Bodoni MT', style='italic', variant='normal', weight=700, stretch='normal', size='scalable')) = 11.335
2025-09-26 16:50:41,371 ; matplotlib.font_manager                                      ; DEBUG   ; findfont: Matching sans\-serif:style=normal:variant=normal:weight=normal:stretch=normal:size=10.0 to DejaVu Sans ('c:\\Users\\jablonski\\AppData\\Local\\anaconda3\\Lib\\site-packages\\matplotlib\\mpl-data\\fonts\\ttf\\DejaVuSans.ttf') with score of 0.050000.
2025-09-26 16:50:41,713 ; PT3S                                                         ; DEBUG   ; PT3S.Rm.pltHelperX: Start.
2025-09-26 16:50:41,713 ; PT3S                                                         ; DEBUG   ; PT3S.Rm.pltHelperX: bysecond: [0, 2, 4, 6, 8, 10, 12, 14, 16, 18, 20, 22, 24, 26, 28, 30, 32, 34, 36, 38, 40, 42, 44, 46, 48, 50, 52, 54, 56, 58, 60]
2025-09-26 16:50:41,713 ; PT3S                                                         ; DEBUG   ; PT3S.Rm.pltHelperX: byminute: None
2025-09-26 16:50:41,713 ; PT3S                                                         ; DEBUG   ; PT3S.Rm.pltHelperX: byhour: None
2025-09-26 16:50:41,713 ; PT3S                                                         ; DEBUG   ; PT3S.Rm.pltHelperX: dateFormat: %Hh:%Mm:%Ss
2025-09-26 16:50:41,713 ; PT3S                                                         ; DEBUG   ; PT3S.Rm.pltHelperX: yPos: 0
2025-09-26 16:50:41,713 ; PT3S                                                         ; DEBUG   ; PT3S.Rm.pltHelperX: ax.xaxis.set_major_locator ...
2025-09-26 16:50:41,713 ; PT3S                                                         ; DEBUG   ; PT3S.Rm.pltHelperX: ax.xaxis.set_major_formatter ...
2025-09-26 16:50:41,713 ; PT3S                                                         ; DEBUG   ; PT3S.Rm.pltHelperX: setp(ax.xaxis.get_majorticklabels() ...
2025-09-26 16:50:41,764 ; PT3S                                                         ; DEBUG   ; PT3S.Rm.pltHelperX: _Done.
2025-09-26 16:50:41,899 ; matplotlib.font_manager                                      ; DEBUG   ; findfont: Matching sans\-serif:style=normal:variant=normal:weight=normal:stretch=normal:size=12.0.
2025-09-26 16:50:41,900 ; matplotlib.font_manager                                      ; DEBUG   ; findfont: score(FontEntry(fname='c:\\Users\\jablonski\\AppData\\Local\\anaconda3\\Lib\\site-packages\\matplotlib\\mpl-data\\fonts\\ttf\\cmsy10.ttf', name='cmsy10', style='normal', variant='normal', weight=400, stretch='normal', size='scalable')) = 10.05
2025-09-26 16:50:41,900 ; matplotlib.font_manager                                      ; DEBUG   ; findfont: score(FontEntry(fname='c:\\Users\\jablonski\\AppData\\Local\\anaconda3\\Lib\\site-packages\\matplotlib\\mpl-data\\fonts\\ttf\\STIXGeneralBolIta.ttf', name='STIXGeneral', style='italic', variant='normal', weight=700, stretch='normal', size='scalable')) = 11.335
2025-09-26 16:50:41,900 ; matplotlib.font_manager                                      ; DEBUG   ; findfont: score(FontEntry(fname='c:\\Users\\jablonski\\AppData\\Local\\anaconda3\\Lib\\site-packages\\matplotlib\\mpl-data\\fonts\\ttf\\DejaVuSansMono-Oblique.ttf', name='DejaVu Sans Mono', style='oblique', variant='normal', weight=400, stretch='normal', size='scalable')) = 11.05
2025-09-26 16:50:41,900 ; matplotlib.font_manager                                      ; DEBUG   ; findfont: score(FontEntry(fname='c:\\Users\\jablonski\\AppData\\Local\\anaconda3\\Lib\\site-packages\\matplotlib\\mpl-data\\fonts\\ttf\\STIXSizOneSymBol.ttf', name='STIXSizeOneSym', style='normal', variant='normal', weight=700, stretch='normal', size='scalable')) = 10.335
2025-09-26 16:50:41,901 ; matplotlib.font_manager                                      ; DEBUG   ; findfont: score(FontEntry(fname='c:\\Users\\jablonski\\AppData\\Local\\anaconda3\\Lib\\site-packages\\matplotlib\\mpl-data\\fonts\\ttf\\STIXSizThreeSymReg.ttf', name='STIXSizeThreeSym', style='normal', variant='normal', weight=400, stretch='normal', size='scalable')) = 10.05
2025-09-26 16:50:41,902 ; matplotlib.font_manager                                      ; DEBUG   ; findfont: score(FontEntry(fname='c:\\Users\\jablonski\\AppData\\Local\\anaconda3\\Lib\\site-packages\\matplotlib\\mpl-data\\fonts\\ttf\\STIXSizTwoSymReg.ttf', name='STIXSizeTwoSym', style='normal', variant='normal', weight=400, stretch='normal', size='scalable')) = 10.05
2025-09-26 16:50:41,902 ; matplotlib.font_manager                                      ; DEBUG   ; findfont: score(FontEntry(fname='c:\\Users\\jablonski\\AppData\\Local\\anaconda3\\Lib\\site-packages\\matplotlib\\mpl-data\\fonts\\ttf\\cmr10.ttf', name='cmr10', style='normal', variant='normal', weight=400, stretch='normal', size='scalable')) = 10.05
2025-09-26 16:50:41,903 ; matplotlib.font_manager                                      ; DEBUG   ; findfont: score(FontEntry(fname='c:\\Users\\jablonski\\AppData\\Local\\anaconda3\\Lib\\site-packages\\matplotlib\\mpl-data\\fonts\\ttf\\STIXSizFiveSymReg.ttf', name='STIXSizeFiveSym', style='normal', variant='normal', weight=400, stretch='normal', size='scalable')) = 10.05
2025-09-26 16:50:41,903 ; matplotlib.font_manager                                      ; DEBUG   ; findfont: score(FontEntry(fname='c:\\Users\\jablonski\\AppData\\Local\\anaconda3\\Lib\\site-packages\\matplotlib\\mpl-data\\fonts\\ttf\\STIXSizFourSymBol.ttf', name='STIXSizeFourSym', style='normal', variant='normal', weight=700, stretch='normal', size='scalable')) = 10.335
2025-09-26 16:50:41,903 ; matplotlib.font_manager                                      ; DEBUG   ; findfont: score(FontEntry(fname='c:\\Users\\jablonski\\AppData\\Local\\anaconda3\\Lib\\site-packages\\matplotlib\\mpl-data\\fonts\\ttf\\DejaVuSansMono.ttf', name='DejaVu Sans Mono', style='normal', variant='normal', weight=400, stretch='normal', size='scalable')) = 10.05
2025-09-26 16:50:41,906 ; matplotlib.font_manager                                      ; DEBUG   ; findfont: score(FontEntry(fname='c:\\Users\\jablonski\\AppData\\Local\\anaconda3\\Lib\\site-packages\\matplotlib\\mpl-data\\fonts\\ttf\\cmex10.ttf', name='cmex10', style='normal', variant='normal', weight=400, stretch='normal', size='scalable')) = 10.05
2025-09-26 16:50:41,907 ; matplotlib.font_manager                                      ; DEBUG   ; findfont: score(FontEntry(fname='c:\\Users\\jablonski\\AppData\\Local\\anaconda3\\Lib\\site-packages\\matplotlib\\mpl-data\\fonts\\ttf\\STIXSizTwoSymBol.ttf', name='STIXSizeTwoSym', style='normal', variant='normal', weight=700, stretch='normal', size='scalable')) = 10.335
2025-09-26 16:50:41,907 ; matplotlib.font_manager                                      ; DEBUG   ; findfont: score(FontEntry(fname='c:\\Users\\jablonski\\AppData\\Local\\anaconda3\\Lib\\site-packages\\matplotlib\\mpl-data\\fonts\\ttf\\DejaVuSans-Bold.ttf', name='DejaVu Sans', style='normal', variant='normal', weight=700, stretch='normal', size='scalable')) = 0.33499999999999996
2025-09-26 16:50:41,907 ; matplotlib.font_manager                                      ; DEBUG   ; findfont: score(FontEntry(fname='c:\\Users\\jablonski\\AppData\\Local\\anaconda3\\Lib\\site-packages\\matplotlib\\mpl-data\\fonts\\ttf\\DejaVuSerif.ttf', name='DejaVu Serif', style='normal', variant='normal', weight=400, stretch='normal', size='scalable')) = 10.05
2025-09-26 16:50:41,908 ; matplotlib.font_manager                                      ; DEBUG   ; findfont: score(FontEntry(fname='c:\\Users\\jablonski\\AppData\\Local\\anaconda3\\Lib\\site-packages\\matplotlib\\mpl-data\\fonts\\ttf\\STIXNonUniBol.ttf', name='STIXNonUnicode', style='normal', variant='normal', weight=700, stretch='normal', size='scalable')) = 10.335
2025-09-26 16:50:41,916 ; matplotlib.font_manager                                      ; DEBUG   ; findfont: score(FontEntry(fname='c:\\Users\\jablonski\\AppData\\Local\\anaconda3\\Lib\\site-packages\\matplotlib\\mpl-data\\fonts\\ttf\\cmmi10.ttf', name='cmmi10', style='normal', variant='normal', weight=400, stretch='normal', size='scalable')) = 10.05
2025-09-26 16:50:41,917 ; matplotlib.font_manager                                      ; DEBUG   ; findfont: score(FontEntry(fname='c:\\Users\\jablonski\\AppData\\Local\\anaconda3\\Lib\\site-packages\\matplotlib\\mpl-data\\fonts\\ttf\\DejaVuSans-Oblique.ttf', name='DejaVu Sans', style='oblique', variant='normal', weight=400, stretch='normal', size='scalable')) = 1.05
2025-09-26 16:50:41,917 ; matplotlib.font_manager                                      ; DEBUG   ; findfont: score(FontEntry(fname='c:\\Users\\jablonski\\AppData\\Local\\anaconda3\\Lib\\site-packages\\matplotlib\\mpl-data\\fonts\\ttf\\STIXNonUniIta.ttf', name='STIXNonUnicode', style='italic', variant='normal', weight=400, stretch='normal', size='scalable')) = 11.05
2025-09-26 16:50:41,917 ; matplotlib.font_manager                                      ; DEBUG   ; findfont: score(FontEntry(fname='c:\\Users\\jablonski\\AppData\\Local\\anaconda3\\Lib\\site-packages\\matplotlib\\mpl-data\\fonts\\ttf\\STIXNonUniBolIta.ttf', name='STIXNonUnicode', style='italic', variant='normal', weight=700, stretch='normal', size='scalable')) = 11.335
2025-09-26 16:50:41,918 ; matplotlib.font_manager                                      ; DEBUG   ; findfont: score(FontEntry(fname='c:\\Users\\jablonski\\AppData\\Local\\anaconda3\\Lib\\site-packages\\matplotlib\\mpl-data\\fonts\\ttf\\DejaVuSerif-BoldItalic.ttf', name='DejaVu Serif', style='italic', variant='normal', weight=700, stretch='normal', size='scalable')) = 11.335
2025-09-26 16:50:41,918 ; matplotlib.font_manager                                      ; DEBUG   ; findfont: score(FontEntry(fname='c:\\Users\\jablonski\\AppData\\Local\\anaconda3\\Lib\\site-packages\\matplotlib\\mpl-data\\fonts\\ttf\\DejaVuSansMono-Bold.ttf', name='DejaVu Sans Mono', style='normal', variant='normal', weight=700, stretch='normal', size='scalable')) = 10.335
2025-09-26 16:50:41,918 ; matplotlib.font_manager                                      ; DEBUG   ; findfont: score(FontEntry(fname='c:\\Users\\jablonski\\AppData\\Local\\anaconda3\\Lib\\site-packages\\matplotlib\\mpl-data\\fonts\\ttf\\STIXSizFourSymReg.ttf', name='STIXSizeFourSym', style='normal', variant='normal', weight=400, stretch='normal', size='scalable')) = 10.05
2025-09-26 16:50:41,919 ; matplotlib.font_manager                                      ; DEBUG   ; findfont: score(FontEntry(fname='c:\\Users\\jablonski\\AppData\\Local\\anaconda3\\Lib\\site-packages\\matplotlib\\mpl-data\\fonts\\ttf\\cmb10.ttf', name='cmb10', style='normal', variant='normal', weight=400, stretch='normal', size='scalable')) = 10.05
2025-09-26 16:50:41,919 ; matplotlib.font_manager                                      ; DEBUG   ; findfont: score(FontEntry(fname='c:\\Users\\jablonski\\AppData\\Local\\anaconda3\\Lib\\site-packages\\matplotlib\\mpl-data\\fonts\\ttf\\STIXGeneralBol.ttf', name='STIXGeneral', style='normal', variant='normal', weight=700, stretch='normal', size='scalable')) = 10.335
2025-09-26 16:50:41,919 ; matplotlib.font_manager                                      ; DEBUG   ; findfont: score(FontEntry(fname='c:\\Users\\jablonski\\AppData\\Local\\anaconda3\\Lib\\site-packages\\matplotlib\\mpl-data\\fonts\\ttf\\DejaVuSans-BoldOblique.ttf', name='DejaVu Sans', style='oblique', variant='normal', weight=700, stretch='normal', size='scalable')) = 1.335
2025-09-26 16:50:41,919 ; matplotlib.font_manager                                      ; DEBUG   ; findfont: score(FontEntry(fname='c:\\Users\\jablonski\\AppData\\Local\\anaconda3\\Lib\\site-packages\\matplotlib\\mpl-data\\fonts\\ttf\\DejaVuSerif-Bold.ttf', name='DejaVu Serif', style='normal', variant='normal', weight=700, stretch='normal', size='scalable')) = 10.335
2025-09-26 16:50:41,920 ; matplotlib.font_manager                                      ; DEBUG   ; findfont: score(FontEntry(fname='c:\\Users\\jablonski\\AppData\\Local\\anaconda3\\Lib\\site-packages\\matplotlib\\mpl-data\\fonts\\ttf\\DejaVuSerif-Italic.ttf', name='DejaVu Serif', style='italic', variant='normal', weight=400, stretch='normal', size='scalable')) = 11.05
2025-09-26 16:50:41,920 ; matplotlib.font_manager                                      ; DEBUG   ; findfont: score(FontEntry(fname='c:\\Users\\jablonski\\AppData\\Local\\anaconda3\\Lib\\site-packages\\matplotlib\\mpl-data\\fonts\\ttf\\cmss10.ttf', name='cmss10', style='normal', variant='normal', weight=400, stretch='normal', size='scalable')) = 10.05
2025-09-26 16:50:41,921 ; matplotlib.font_manager                                      ; DEBUG   ; findfont: score(FontEntry(fname='c:\\Users\\jablonski\\AppData\\Local\\anaconda3\\Lib\\site-packages\\matplotlib\\mpl-data\\fonts\\ttf\\DejaVuSans.ttf', name='DejaVu Sans', style='normal', variant='normal', weight=400, stretch='normal', size='scalable')) = 0.05
2025-09-26 16:50:41,921 ; matplotlib.font_manager                                      ; DEBUG   ; findfont: score(FontEntry(fname='c:\\Users\\jablonski\\AppData\\Local\\anaconda3\\Lib\\site-packages\\matplotlib\\mpl-data\\fonts\\ttf\\STIXGeneral.ttf', name='STIXGeneral', style='normal', variant='normal', weight=400, stretch='normal', size='scalable')) = 10.05
2025-09-26 16:50:41,924 ; matplotlib.font_manager                                      ; DEBUG   ; findfont: score(FontEntry(fname='c:\\Users\\jablonski\\AppData\\Local\\anaconda3\\Lib\\site-packages\\matplotlib\\mpl-data\\fonts\\ttf\\STIXSizThreeSymBol.ttf', name='STIXSizeThreeSym', style='normal', variant='normal', weight=700, stretch='normal', size='scalable')) = 10.335
2025-09-26 16:50:41,925 ; matplotlib.font_manager                                      ; DEBUG   ; findfont: score(FontEntry(fname='c:\\Users\\jablonski\\AppData\\Local\\anaconda3\\Lib\\site-packages\\matplotlib\\mpl-data\\fonts\\ttf\\cmtt10.ttf', name='cmtt10', style='normal', variant='normal', weight=400, stretch='normal', size='scalable')) = 10.05
2025-09-26 16:50:41,932 ; matplotlib.font_manager                                      ; DEBUG   ; findfont: score(FontEntry(fname='c:\\Users\\jablonski\\AppData\\Local\\anaconda3\\Lib\\site-packages\\matplotlib\\mpl-data\\fonts\\ttf\\DejaVuSansDisplay.ttf', name='DejaVu Sans Display', style='normal', variant='normal', weight=400, stretch='normal', size='scalable')) = 10.05
2025-09-26 16:50:41,932 ; matplotlib.font_manager                                      ; DEBUG   ; findfont: score(FontEntry(fname='c:\\Users\\jablonski\\AppData\\Local\\anaconda3\\Lib\\site-packages\\matplotlib\\mpl-data\\fonts\\ttf\\STIXGeneralItalic.ttf', name='STIXGeneral', style='italic', variant='normal', weight=400, stretch='normal', size='scalable')) = 11.05
2025-09-26 16:50:41,933 ; matplotlib.font_manager                                      ; DEBUG   ; findfont: score(FontEntry(fname='c:\\Users\\jablonski\\AppData\\Local\\anaconda3\\Lib\\site-packages\\matplotlib\\mpl-data\\fonts\\ttf\\STIXSizOneSymReg.ttf', name='STIXSizeOneSym', style='normal', variant='normal', weight=400, stretch='normal', size='scalable')) = 10.05
2025-09-26 16:50:41,934 ; matplotlib.font_manager                                      ; DEBUG   ; findfont: score(FontEntry(fname='c:\\Users\\jablonski\\AppData\\Local\\anaconda3\\Lib\\site-packages\\matplotlib\\mpl-data\\fonts\\ttf\\STIXNonUni.ttf', name='STIXNonUnicode', style='normal', variant='normal', weight=400, stretch='normal', size='scalable')) = 10.05
2025-09-26 16:50:41,935 ; matplotlib.font_manager                                      ; DEBUG   ; findfont: score(FontEntry(fname='c:\\Users\\jablonski\\AppData\\Local\\anaconda3\\Lib\\site-packages\\matplotlib\\mpl-data\\fonts\\ttf\\DejaVuSansMono-BoldOblique.ttf', name='DejaVu Sans Mono', style='oblique', variant='normal', weight=700, stretch='normal', size='scalable')) = 11.335
2025-09-26 16:50:41,937 ; matplotlib.font_manager                                      ; DEBUG   ; findfont: score(FontEntry(fname='c:\\Users\\jablonski\\AppData\\Local\\anaconda3\\Lib\\site-packages\\matplotlib\\mpl-data\\fonts\\ttf\\DejaVuSerifDisplay.ttf', name='DejaVu Serif Display', style='normal', variant='normal', weight=400, stretch='normal', size='scalable')) = 10.05
2025-09-26 16:50:41,938 ; matplotlib.font_manager                                      ; DEBUG   ; findfont: score(FontEntry(fname='C:\\Windows\\Fonts\\SCHLBKB.TTF', name='Century Schoolbook', style='normal', variant='normal', weight=700, stretch='normal', size='scalable')) = 10.335
2025-09-26 16:50:41,939 ; matplotlib.font_manager                                      ; DEBUG   ; findfont: score(FontEntry(fname='C:\\Windows\\Fonts\\segmdl2.ttf', name='Segoe MDL2 Assets', style='normal', variant='normal', weight=400, stretch='normal', size='scalable')) = 10.05
2025-09-26 16:50:41,939 ; matplotlib.font_manager                                      ; DEBUG   ; findfont: score(FontEntry(fname='C:\\Windows\\Fonts\\timesbd.ttf', name='Times New Roman', style='normal', variant='normal', weight=700, stretch='normal', size='scalable')) = 10.335
2025-09-26 16:50:41,940 ; matplotlib.font_manager                                      ; DEBUG   ; findfont: score(FontEntry(fname='C:\\Windows\\Fonts\\dutchbi.ttf', name='Dutch801 Rm BT', style='italic', variant='normal', weight=700, stretch='normal', size='scalable')) = 11.335
2025-09-26 16:50:41,940 ; matplotlib.font_manager                                      ; DEBUG   ; findfont: score(FontEntry(fname='C:\\Windows\\Fonts\\FRSCRIPT.TTF', name='French Script MT', style='normal', variant='normal', weight=400, stretch='normal', size='scalable')) = 10.05
2025-09-26 16:50:41,940 ; matplotlib.font_manager                                      ; DEBUG   ; findfont: score(FontEntry(fname='C:\\Windows\\Fonts\\CALIFR.TTF', name='Californian FB', style='normal', variant='normal', weight=400, stretch='normal', size='scalable')) = 10.05
2025-09-26 16:50:41,940 ; matplotlib.font_manager                                      ; DEBUG   ; findfont: score(FontEntry(fname='C:\\Windows\\Fonts\\swisscki.ttf', name='Swis721 BlkCn BT', style='italic', variant='normal', weight=400, stretch='condensed', size='scalable')) = 11.25
2025-09-26 16:50:41,941 ; matplotlib.font_manager                                      ; DEBUG   ; findfont: score(FontEntry(fname='C:\\Windows\\Fonts\\AMGDT___.ttf', name='AMGDT', style='normal', variant='normal', weight=400, stretch='normal', size='scalable')) = 10.05
2025-09-26 16:50:41,941 ; matplotlib.font_manager                                      ; DEBUG   ; findfont: score(FontEntry(fname='C:\\Windows\\Fonts\\LeelawUI.ttf', name='Leelawadee UI', style='normal', variant='normal', weight=400, stretch='normal', size='scalable')) = 10.05
2025-09-26 16:50:41,942 ; matplotlib.font_manager                                      ; DEBUG   ; findfont: score(FontEntry(fname='C:\\Windows\\Fonts\\BROADW.TTF', name='Broadway', style='normal', variant='normal', weight=400, stretch='normal', size='scalable')) = 10.05
2025-09-26 16:50:41,946 ; matplotlib.font_manager                                      ; DEBUG   ; findfont: score(FontEntry(fname='C:\\Windows\\Fonts\\ARLRDBD.TTF', name='Arial Rounded MT Bold', style='normal', variant='normal', weight=400, stretch='normal', size='scalable')) = 10.05
2025-09-26 16:50:41,946 ; matplotlib.font_manager                                      ; DEBUG   ; findfont: score(FontEntry(fname='C:\\Windows\\Fonts\\segoeuib.ttf', name='Segoe UI', style='normal', variant='normal', weight=700, stretch='normal', size='scalable')) = 10.335
2025-09-26 16:50:41,947 ; matplotlib.font_manager                                      ; DEBUG   ; findfont: score(FontEntry(fname='C:\\Windows\\Fonts\\Candaraz.ttf', name='Candara', style='italic', variant='normal', weight=700, stretch='normal', size='scalable')) = 11.335
2025-09-26 16:50:41,949 ; matplotlib.font_manager                                      ; DEBUG   ; findfont: score(FontEntry(fname='C:\\Windows\\Fonts\\ENGR.TTF', name='Engravers MT', style='normal', variant='normal', weight=500, stretch='normal', size='scalable')) = 10.145
2025-09-26 16:50:41,950 ; matplotlib.font_manager                                      ; DEBUG   ; findfont: score(FontEntry(fname='C:\\Windows\\Fonts\\techl___.ttf', name='TechnicLite', style='normal', variant='normal', weight=400, stretch='normal', size='scalable')) = 10.05
2025-09-26 16:50:41,951 ; matplotlib.font_manager                                      ; DEBUG   ; findfont: score(FontEntry(fname='C:\\Windows\\Fonts\\GIGI.TTF', name='Gigi', style='normal', variant='normal', weight=400, stretch='normal', size='scalable')) = 10.05
2025-09-26 16:50:41,952 ; matplotlib.font_manager                                      ; DEBUG   ; findfont: score(FontEntry(fname='C:\\Windows\\Fonts\\OUTLOOK.TTF', name='MS Outlook', style='normal', variant='normal', weight=400, stretch='normal', size='scalable')) = 10.05
2025-09-26 16:50:41,954 ; matplotlib.font_manager                                      ; DEBUG   ; findfont: score(FontEntry(fname='C:\\Windows\\Fonts\\Artifakt Element Black Italic.ttf', name='Artifakt Element', style='italic', variant='normal', weight=800, stretch='normal', size='scalable')) = 11.43
2025-09-26 16:50:41,955 ; matplotlib.font_manager                                      ; DEBUG   ; findfont: score(FontEntry(fname='C:\\Windows\\Fonts\\consola.ttf', name='Consolas', style='normal', variant='normal', weight=400, stretch='normal', size='scalable')) = 10.05
2025-09-26 16:50:41,955 ; matplotlib.font_manager                                      ; DEBUG   ; findfont: score(FontEntry(fname='C:\\Windows\\Fonts\\YuGothM.ttc', name='Yu Gothic', style='normal', variant='normal', weight=500, stretch='normal', size='scalable')) = 10.145
2025-09-26 16:50:41,957 ; matplotlib.font_manager                                      ; DEBUG   ; findfont: score(FontEntry(fname='C:\\Windows\\Fonts\\umath.ttf', name='UniversalMath1 BT', style='normal', variant='normal', weight=400, stretch='normal', size='scalable')) = 10.05
2025-09-26 16:50:41,957 ; matplotlib.font_manager                                      ; DEBUG   ; findfont: score(FontEntry(fname='C:\\Windows\\Fonts\\GILI____.TTF', name='Gill Sans MT', style='italic', variant='normal', weight=400, stretch='normal', size='scalable')) = 11.05
2025-09-26 16:50:41,957 ; matplotlib.font_manager                                      ; DEBUG   ; findfont: score(FontEntry(fname='C:\\Windows\\Fonts\\LTYPE.TTF', name='Lucida Sans Typewriter', style='normal', variant='normal', weight=400, stretch='normal', size='scalable')) = 10.05
2025-09-26 16:50:41,957 ; matplotlib.font_manager                                      ; DEBUG   ; findfont: score(FontEntry(fname='C:\\Windows\\Fonts\\SegUIVar.ttf', name='Segoe UI Variable', style='normal', variant='normal', weight=400, stretch='normal', size='scalable')) = 10.05
2025-09-26 16:50:41,957 ; matplotlib.font_manager                                      ; DEBUG   ; findfont: score(FontEntry(fname='C:\\Windows\\Fonts\\CALIFI.TTF', name='Californian FB', style='italic', variant='normal', weight=400, stretch='normal', size='scalable')) = 11.05
2025-09-26 16:50:41,957 ; matplotlib.font_manager                                      ; DEBUG   ; findfont: score(FontEntry(fname='C:\\Windows\\Fonts\\cambriaz.ttf', name='Cambria', style='italic', variant='normal', weight=700, stretch='normal', size='scalable')) = 11.335
2025-09-26 16:50:41,957 ; matplotlib.font_manager                                      ; DEBUG   ; findfont: score(FontEntry(fname='C:\\Windows\\Fonts\\Artifakt Element Heavy Italic.ttf', name='Artifakt Element', style='italic', variant='normal', weight=900, stretch='normal', size='scalable')) = 11.525
2025-09-26 16:50:41,957 ; matplotlib.font_manager                                      ; DEBUG   ; findfont: score(FontEntry(fname='C:\\Windows\\Fonts\\SitkaVF.ttf', name='Sitka', style='normal', variant='normal', weight=400, stretch='normal', size='scalable')) = 10.05
2025-09-26 16:50:41,959 ; matplotlib.font_manager                                      ; DEBUG   ; findfont: score(FontEntry(fname='C:\\Windows\\Fonts\\LEELAWDB.TTF', name='Leelawadee', style='normal', variant='normal', weight=700, stretch='normal', size='scalable')) = 10.335
2025-09-26 16:50:41,959 ; matplotlib.font_manager                                      ; DEBUG   ; findfont: score(FontEntry(fname='C:\\Windows\\Fonts\\COOPBL.TTF', name='Cooper Black', style='normal', variant='normal', weight=400, stretch='normal', size='scalable')) = 10.05
2025-09-26 16:50:41,961 ; matplotlib.font_manager                                      ; DEBUG   ; findfont: score(FontEntry(fname='C:\\Windows\\Fonts\\Artifakt Element Medium Italic.ttf', name='Artifakt Element', style='italic', variant='normal', weight=600, stretch='normal', size='scalable')) = 11.24
2025-09-26 16:50:41,962 ; matplotlib.font_manager                                      ; DEBUG   ; findfont: score(FontEntry(fname='C:\\Windows\\Fonts\\segoescb.ttf', name='Segoe Script', style='normal', variant='normal', weight=700, stretch='normal', size='scalable')) = 10.335
2025-09-26 16:50:41,962 ; matplotlib.font_manager                                      ; DEBUG   ; findfont: score(FontEntry(fname='C:\\Windows\\Fonts\\romand__.ttf', name='RomanD', style='normal', variant='normal', weight=400, stretch='normal', size='scalable')) = 10.05
2025-09-26 16:50:41,964 ; matplotlib.font_manager                                      ; DEBUG   ; findfont: score(FontEntry(fname='C:\\Windows\\Fonts\\monbaiti.ttf', name='Mongolian Baiti', style='normal', variant='normal', weight=400, stretch='normal', size='scalable')) = 10.05
2025-09-26 16:50:41,965 ; matplotlib.font_manager                                      ; DEBUG   ; findfont: score(FontEntry(fname='C:\\Windows\\Fonts\\MSUIGHUB.TTF', name='Microsoft Uighur', style='normal', variant='normal', weight=700, stretch='normal', size='scalable')) = 10.335
2025-09-26 16:50:41,966 ; matplotlib.font_manager                                      ; DEBUG   ; findfont: score(FontEntry(fname='C:\\Windows\\Fonts\\msjh.ttc', name='Microsoft JhengHei', style='normal', variant='normal', weight=400, stretch='normal', size='scalable')) = 10.05
2025-09-26 16:50:41,966 ; matplotlib.font_manager                                      ; DEBUG   ; findfont: score(FontEntry(fname='C:\\Windows\\Fonts\\eurro___.ttf', name='EuroRoman', style='oblique', variant='normal', weight=400, stretch='normal', size='scalable')) = 11.05
2025-09-26 16:50:41,966 ; matplotlib.font_manager                                      ; DEBUG   ; findfont: score(FontEntry(fname='C:\\Windows\\Fonts\\isoct2__.ttf', name='ISOCT2', style='normal', variant='normal', weight=400, stretch='normal', size='scalable')) = 10.05
2025-09-26 16:50:41,966 ; matplotlib.font_manager                                      ; DEBUG   ; findfont: score(FontEntry(fname='C:\\Windows\\Fonts\\gothici_.ttf', name='GothicI', style='normal', variant='normal', weight=400, stretch='normal', size='scalable')) = 10.05
2025-09-26 16:50:41,968 ; matplotlib.font_manager                                      ; DEBUG   ; findfont: score(FontEntry(fname='C:\\Windows\\Fonts\\BOOKOS.TTF', name='Bookman Old Style', style='normal', variant='normal', weight=300, stretch='normal', size='scalable')) = 10.145
2025-09-26 16:50:41,968 ; matplotlib.font_manager                                      ; DEBUG   ; findfont: score(FontEntry(fname='C:\\Windows\\Fonts\\phagspa.ttf', name='Microsoft PhagsPa', style='normal', variant='normal', weight=400, stretch='normal', size='scalable')) = 10.05
2025-09-26 16:50:41,968 ; matplotlib.font_manager                                      ; DEBUG   ; findfont: score(FontEntry(fname='C:\\Windows\\Fonts\\bgothl.ttf', name='BankGothic Lt BT', style='normal', variant='normal', weight=400, stretch='normal', size='scalable')) = 10.05
2025-09-26 16:50:41,968 ; matplotlib.font_manager                                      ; DEBUG   ; findfont: score(FontEntry(fname='C:\\Windows\\Fonts\\INFROMAN.TTF', name='Informal Roman', style='normal', variant='normal', weight=400, stretch='normal', size='scalable')) = 10.05
2025-09-26 16:50:41,968 ; matplotlib.font_manager                                      ; DEBUG   ; findfont: score(FontEntry(fname='C:\\Windows\\Fonts\\LTYPEB.TTF', name='Lucida Sans Typewriter', style='normal', variant='normal', weight=600, stretch='normal', size='scalable')) = 10.24
2025-09-26 16:50:41,970 ; matplotlib.font_manager                                      ; DEBUG   ; findfont: score(FontEntry(fname='C:\\Windows\\Fonts\\LFAX.TTF', name='Lucida Fax', style='normal', variant='normal', weight=400, stretch='normal', size='scalable')) = 10.05
2025-09-26 16:50:41,970 ; matplotlib.font_manager                                      ; DEBUG   ; findfont: score(FontEntry(fname='C:\\Windows\\Fonts\\msyh.ttc', name='Microsoft YaHei', style='normal', variant='normal', weight=400, stretch='normal', size='scalable')) = 10.05
2025-09-26 16:50:41,971 ; matplotlib.font_manager                                      ; DEBUG   ; findfont: score(FontEntry(fname='C:\\Windows\\Fonts\\COLONNA.TTF', name='Colonna MT', style='normal', variant='normal', weight=400, stretch='normal', size='scalable')) = 10.05
2025-09-26 16:50:41,971 ; matplotlib.font_manager                                      ; DEBUG   ; findfont: score(FontEntry(fname='C:\\Windows\\Fonts\\BRUSHSCI.TTF', name='Brush Script MT', style='italic', variant='normal', weight=400, stretch='normal', size='scalable')) = 11.05
2025-09-26 16:50:41,971 ; matplotlib.font_manager                                      ; DEBUG   ; findfont: score(FontEntry(fname='C:\\Windows\\Fonts\\swissck.ttf', name='Swis721 BlkCn BT', style='normal', variant='normal', weight=400, stretch='condensed', size='scalable')) = 10.25
2025-09-26 16:50:41,971 ; matplotlib.font_manager                                      ; DEBUG   ; findfont: score(FontEntry(fname='C:\\Windows\\Fonts\\italict_.ttf', name='ItalicT', style='italic', variant='normal', weight=400, stretch='normal', size='scalable')) = 11.05
2025-09-26 16:50:41,971 ; matplotlib.font_manager                                      ; DEBUG   ; findfont: score(FontEntry(fname='C:\\Windows\\Fonts\\CHILLER.TTF', name='Chiller', style='normal', variant='normal', weight=400, stretch='normal', size='scalable')) = 10.05
2025-09-26 16:50:41,971 ; matplotlib.font_manager                                      ; DEBUG   ; findfont: score(FontEntry(fname='C:\\Windows\\Fonts\\Artifakt Element Medium.ttf', name='Artifakt Element', style='normal', variant='normal', weight=600, stretch='normal', size='scalable')) = 10.24
2025-09-26 16:50:41,971 ; matplotlib.font_manager                                      ; DEBUG   ; findfont: score(FontEntry(fname='C:\\Windows\\Fonts\\corbeli.ttf', name='Corbel', style='italic', variant='normal', weight=400, stretch='normal', size='scalable')) = 11.05
2025-09-26 16:50:41,971 ; matplotlib.font_manager                                      ; DEBUG   ; findfont: score(FontEntry(fname='C:\\Windows\\Fonts\\FRAMDCN.TTF', name='Franklin Gothic Medium Cond', style='normal', variant='normal', weight=400, stretch='condensed', size='scalable')) = 10.25
2025-09-26 16:50:41,971 ; matplotlib.font_manager                                      ; DEBUG   ; findfont: score(FontEntry(fname='C:\\Windows\\Fonts\\javatext.ttf', name='Javanese Text', style='normal', variant='normal', weight=400, stretch='normal', size='scalable')) = 10.05
2025-09-26 16:50:41,971 ; matplotlib.font_manager                                      ; DEBUG   ; findfont: score(FontEntry(fname='C:\\Windows\\Fonts\\AMDT_Symbols.ttf', name='AmdtSymbols', style='normal', variant='normal', weight=400, stretch='normal', size='scalable')) = 10.05
2025-09-26 16:50:41,971 ; matplotlib.font_manager                                      ; DEBUG   ; findfont: score(FontEntry(fname='C:\\Windows\\Fonts\\GILBI___.TTF', name='Gill Sans MT', style='italic', variant='normal', weight=700, stretch='normal', size='scalable')) = 11.335
2025-09-26 16:50:41,971 ; matplotlib.font_manager                                      ; DEBUG   ; findfont: score(FontEntry(fname='C:\\Windows\\Fonts\\AcadEref.ttf', name='AcadEref', style='normal', variant='normal', weight=400, stretch='normal', size='scalable')) = 10.05
2025-09-26 16:50:41,971 ; matplotlib.font_manager                                      ; DEBUG   ; findfont: score(FontEntry(fname='C:\\Windows\\Fonts\\seguili.ttf', name='Segoe UI', style='italic', variant='normal', weight=300, stretch='normal', size='scalable')) = 11.145
2025-09-26 16:50:41,976 ; matplotlib.font_manager                                      ; DEBUG   ; findfont: score(FontEntry(fname='C:\\Windows\\Fonts\\Artifakt Element Book.ttf', name='Artifakt Element', style='normal', variant='normal', weight=450, stretch='normal', size='scalable')) = 10.0975
2025-09-26 16:50:41,976 ; matplotlib.font_manager                                      ; DEBUG   ; findfont: score(FontEntry(fname='C:\\Windows\\Fonts\\YuGothL.ttc', name='Yu Gothic', style='normal', variant='normal', weight=300, stretch='normal', size='scalable')) = 10.145
2025-09-26 16:50:41,978 ; matplotlib.font_manager                                      ; DEBUG   ; findfont: score(FontEntry(fname='C:\\Windows\\Fonts\\gdt_____.ttf', name='GDT', style='normal', variant='normal', weight=400, stretch='normal', size='scalable')) = 10.05
2025-09-26 16:50:41,978 ; matplotlib.font_manager                                      ; DEBUG   ; findfont: score(FontEntry(fname='C:\\Windows\\Fonts\\BOD_CR.TTF', name='Bodoni MT', style='normal', variant='normal', weight=400, stretch='condensed', size='scalable')) = 10.25
2025-09-26 16:50:41,980 ; matplotlib.font_manager                                      ; DEBUG   ; findfont: score(FontEntry(fname='C:\\Windows\\Fonts\\MOD20.TTF', name='Modern No. 20', style='normal', variant='normal', weight=400, stretch='normal', size='scalable')) = 10.05
2025-09-26 16:50:41,980 ; matplotlib.font_manager                                      ; DEBUG   ; findfont: score(FontEntry(fname='C:\\Windows\\Fonts\\seguiemj.ttf', name='Segoe UI Emoji', style='normal', variant='normal', weight=400, stretch='normal', size='scalable')) = 10.05
2025-09-26 16:50:41,981 ; matplotlib.font_manager                                      ; DEBUG   ; findfont: score(FontEntry(fname='C:\\Windows\\Fonts\\Candara.ttf', name='Candara', style='normal', variant='normal', weight=400, stretch='normal', size='scalable')) = 10.05
2025-09-26 16:50:41,981 ; matplotlib.font_manager                                      ; DEBUG   ; findfont: score(FontEntry(fname='C:\\Windows\\Fonts\\gothicg_.ttf', name='GothicG', style='normal', variant='normal', weight=400, stretch='normal', size='scalable')) = 10.05
2025-09-26 16:50:41,982 ; matplotlib.font_manager                                      ; DEBUG   ; findfont: score(FontEntry(fname='C:\\Windows\\Fonts\\scriptc_.ttf', name='ScriptC', style='normal', variant='normal', weight=400, stretch='normal', size='scalable')) = 10.05
2025-09-26 16:50:41,982 ; matplotlib.font_manager                                      ; DEBUG   ; findfont: score(FontEntry(fname='C:\\Windows\\Fonts\\BAUHS93.TTF', name='Bauhaus 93', style='normal', variant='normal', weight=400, stretch='normal', size='scalable')) = 10.05
2025-09-26 16:50:41,983 ; matplotlib.font_manager                                      ; DEBUG   ; findfont: score(FontEntry(fname='C:\\Windows\\Fonts\\comsc.ttf', name='CommercialScript BT', style='normal', variant='normal', weight=400, stretch='normal', size='scalable')) = 10.05
2025-09-26 16:50:41,984 ; matplotlib.font_manager                                      ; DEBUG   ; findfont: score(FontEntry(fname='C:\\Windows\\Fonts\\PLAYBILL.TTF', name='Playbill', style='normal', variant='normal', weight=400, stretch='normal', size='scalable')) = 10.05
2025-09-26 16:50:41,984 ; matplotlib.font_manager                                      ; DEBUG   ; findfont: score(FontEntry(fname='C:\\Windows\\Fonts\\gadugi.ttf', name='Gadugi', style='normal', variant='normal', weight=400, stretch='normal', size='scalable')) = 10.05
2025-09-26 16:50:41,985 ; matplotlib.font_manager                                      ; DEBUG   ; findfont: score(FontEntry(fname='C:\\Windows\\Fonts\\sanss___.ttf', name='SansSerif', style='normal', variant='normal', weight=400, stretch='normal', size='scalable')) = 10.05
2025-09-26 16:50:41,985 ; matplotlib.font_manager                                      ; DEBUG   ; findfont: score(FontEntry(fname='C:\\Windows\\Fonts\\mtproxy9.ttf', name='Proxy 9', style='normal', variant='normal', weight=400, stretch='normal', size='scalable')) = 10.05
2025-09-26 16:50:41,986 ; matplotlib.font_manager                                      ; DEBUG   ; findfont: score(FontEntry(fname='C:\\Windows\\Fonts\\phagspab.ttf', name='Microsoft PhagsPa', style='normal', variant='normal', weight=700, stretch='normal', size='scalable')) = 10.335
2025-09-26 16:50:41,986 ; matplotlib.font_manager                                      ; DEBUG   ; findfont: score(FontEntry(fname='C:\\Windows\\Fonts\\TEMPSITC.TTF', name='Tempus Sans ITC', style='normal', variant='normal', weight=400, stretch='normal', size='scalable')) = 10.05
2025-09-26 16:50:41,987 ; matplotlib.font_manager                                      ; DEBUG   ; findfont: score(FontEntry(fname='C:\\Windows\\Fonts\\corbelz.ttf', name='Corbel', style='italic', variant='normal', weight=700, stretch='normal', size='scalable')) = 11.335
2025-09-26 16:50:41,987 ; matplotlib.font_manager                                      ; DEBUG   ; findfont: score(FontEntry(fname='C:\\Windows\\Fonts\\HATTEN.TTF', name='Haettenschweiler', style='normal', variant='normal', weight=400, stretch='normal', size='scalable')) = 10.05
2025-09-26 16:50:41,987 ; matplotlib.font_manager                                      ; DEBUG   ; findfont: score(FontEntry(fname='C:\\Windows\\Fonts\\ELEPHNTI.TTF', name='Elephant', style='italic', variant='normal', weight=400, stretch='normal', size='scalable')) = 11.05
2025-09-26 16:50:41,988 ; matplotlib.font_manager                                      ; DEBUG   ; findfont: score(FontEntry(fname='C:\\Windows\\Fonts\\ERASBD.TTF', name='Eras Bold ITC', style='normal', variant='normal', weight=400, stretch='normal', size='scalable')) = 10.05
2025-09-26 16:50:41,988 ; matplotlib.font_manager                                      ; DEBUG   ; findfont: score(FontEntry(fname='C:\\Windows\\Fonts\\TCCEB.TTF', name='Tw Cen MT Condensed Extra Bold', style='normal', variant='normal', weight=400, stretch='condensed', size='scalable')) = 10.25
2025-09-26 16:50:41,989 ; matplotlib.font_manager                                      ; DEBUG   ; findfont: score(FontEntry(fname='C:\\Windows\\Fonts\\isocpeui.ttf', name='ISOCPEUR', style='italic', variant='normal', weight=400, stretch='normal', size='scalable')) = 11.05
2025-09-26 16:50:41,989 ; matplotlib.font_manager                                      ; DEBUG   ; findfont: score(FontEntry(fname='C:\\Windows\\Fonts\\NIAGENG.TTF', name='Niagara Engraved', style='normal', variant='normal', weight=400, stretch='normal', size='scalable')) = 10.05
2025-09-26 16:50:41,989 ; matplotlib.font_manager                                      ; DEBUG   ; findfont: score(FontEntry(fname='C:\\Windows\\Fonts\\WINGDNG2.TTF', name='Wingdings 2', style='normal', variant='normal', weight=400, stretch='normal', size='scalable')) = 10.05
2025-09-26 16:50:41,990 ; matplotlib.font_manager                                      ; DEBUG   ; findfont: score(FontEntry(fname='C:\\Windows\\Fonts\\monosb.ttf', name='Monospac821 BT', style='normal', variant='normal', weight=700, stretch='normal', size='scalable')) = 10.335
2025-09-26 16:50:41,990 ; matplotlib.font_manager                                      ; DEBUG   ; findfont: score(FontEntry(fname='C:\\Windows\\Fonts\\LSANSI.TTF', name='Lucida Sans', style='italic', variant='normal', weight=400, stretch='normal', size='scalable')) = 11.05
2025-09-26 16:50:41,990 ; matplotlib.font_manager                                      ; DEBUG   ; findfont: score(FontEntry(fname='C:\\Windows\\Fonts\\swissi.ttf', name='Swis721 BT', style='italic', variant='normal', weight=400, stretch='normal', size='scalable')) = 11.05
2025-09-26 16:50:41,990 ; matplotlib.font_manager                                      ; DEBUG   ; findfont: score(FontEntry(fname='C:\\Windows\\Fonts\\Candarai.ttf', name='Candara', style='italic', variant='normal', weight=400, stretch='normal', size='scalable')) = 11.05
2025-09-26 16:50:41,990 ; matplotlib.font_manager                                      ; DEBUG   ; findfont: score(FontEntry(fname='C:\\Windows\\Fonts\\ROCKI.TTF', name='Rockwell', style='italic', variant='normal', weight=400, stretch='normal', size='scalable')) = 11.05
2025-09-26 16:50:41,990 ; matplotlib.font_manager                                      ; DEBUG   ; findfont: score(FontEntry(fname='C:\\Windows\\Fonts\\CASTELAR.TTF', name='Castellar', style='normal', variant='normal', weight=400, stretch='normal', size='scalable')) = 10.05
2025-09-26 16:50:41,990 ; matplotlib.font_manager                                      ; DEBUG   ; findfont: score(FontEntry(fname='C:\\Windows\\Fonts\\WINGDNG3.TTF', name='Wingdings 3', style='normal', variant='normal', weight=400, stretch='normal', size='scalable')) = 10.05
2025-09-26 16:50:41,990 ; matplotlib.font_manager                                      ; DEBUG   ; findfont: score(FontEntry(fname='C:\\Windows\\Fonts\\GILB____.TTF', name='Gill Sans MT', style='normal', variant='normal', weight=700, stretch='normal', size='scalable')) = 10.335
2025-09-26 16:50:41,993 ; matplotlib.font_manager                                      ; DEBUG   ; findfont: score(FontEntry(fname='C:\\Windows\\Fonts\\arialbd.ttf', name='Arial', style='normal', variant='normal', weight=700, stretch='normal', size='scalable')) = 6.698636363636363
2025-09-26 16:50:41,993 ; matplotlib.font_manager                                      ; DEBUG   ; findfont: score(FontEntry(fname='C:\\Windows\\Fonts\\isocp___.ttf', name='ISOCP', style='normal', variant='normal', weight=400, stretch='normal', size='scalable')) = 10.05
2025-09-26 16:50:41,995 ; matplotlib.font_manager                                      ; DEBUG   ; findfont: score(FontEntry(fname='C:\\Windows\\Fonts\\ERASDEMI.TTF', name='Eras Demi ITC', style='normal', variant='normal', weight=400, stretch='normal', size='scalable')) = 10.05
2025-09-26 16:50:41,995 ; matplotlib.font_manager                                      ; DEBUG   ; findfont: score(FontEntry(fname='C:\\Windows\\Fonts\\LeelUIsl.ttf', name='Leelawadee UI', style='normal', variant='normal', weight=350, stretch='normal', size='scalable')) = 10.0975
2025-09-26 16:50:41,996 ; matplotlib.font_manager                                      ; DEBUG   ; findfont: score(FontEntry(fname='C:\\Windows\\Fonts\\Gabriola.ttf', name='Gabriola', style='normal', variant='normal', weight=400, stretch='normal', size='scalable')) = 10.05
2025-09-26 16:50:41,996 ; matplotlib.font_manager                                      ; DEBUG   ; findfont: score(FontEntry(fname='C:\\Windows\\Fonts\\mtproxy7.ttf', name='Proxy 7', style='normal', variant='normal', weight=400, stretch='normal', size='scalable')) = 10.05
2025-09-26 16:50:41,996 ; matplotlib.font_manager                                      ; DEBUG   ; findfont: score(FontEntry(fname='C:\\Windows\\Fonts\\ANTQUAI.TTF', name='Book Antiqua', style='italic', variant='normal', weight=400, stretch='normal', size='scalable')) = 11.05
2025-09-26 16:50:41,996 ; matplotlib.font_manager                                      ; DEBUG   ; findfont: score(FontEntry(fname='C:\\Windows\\Fonts\\comicz.ttf', name='Comic Sans MS', style='italic', variant='normal', weight=700, stretch='normal', size='scalable')) = 11.335
2025-09-26 16:50:41,996 ; matplotlib.font_manager                                      ; DEBUG   ; findfont: score(FontEntry(fname='C:\\Windows\\Fonts\\CALISTBI.TTF', name='Calisto MT', style='italic', variant='normal', weight=700, stretch='normal', size='scalable')) = 11.335
2025-09-26 16:50:41,997 ; matplotlib.font_manager                                      ; DEBUG   ; findfont: score(FontEntry(fname='C:\\Windows\\Fonts\\dutchb.ttf', name='Dutch801 Rm BT', style='normal', variant='normal', weight=700, stretch='normal', size='scalable')) = 10.335
2025-09-26 16:50:41,998 ; matplotlib.font_manager                                      ; DEBUG   ; findfont: score(FontEntry(fname='C:\\Windows\\Fonts\\comici.ttf', name='Comic Sans MS', style='italic', variant='normal', weight=400, stretch='normal', size='scalable')) = 11.05
2025-09-26 16:50:41,998 ; matplotlib.font_manager                                      ; DEBUG   ; findfont: score(FontEntry(fname='C:\\Windows\\Fonts\\CENSCBK.TTF', name='Century Schoolbook', style='normal', variant='normal', weight=400, stretch='normal', size='scalable')) = 10.05
2025-09-26 16:50:41,999 ; matplotlib.font_manager                                      ; DEBUG   ; findfont: score(FontEntry(fname='C:\\Windows\\Fonts\\ebrima.ttf', name='Ebrima', style='normal', variant='normal', weight=400, stretch='normal', size='scalable')) = 10.05
2025-09-26 16:50:41,999 ; matplotlib.font_manager                                      ; DEBUG   ; findfont: score(FontEntry(fname='C:\\Windows\\Fonts\\BSSYM7.TTF', name='Bookshelf Symbol 7', style='normal', variant='normal', weight=400, stretch='normal', size='scalable')) = 10.05
2025-09-26 16:50:42,000 ; matplotlib.font_manager                                      ; DEBUG   ; findfont: score(FontEntry(fname='C:\\Windows\\Fonts\\PERTIBD.TTF', name='Perpetua Titling MT', style='normal', variant='normal', weight=700, stretch='normal', size='scalable')) = 10.335
2025-09-26 16:50:42,000 ; matplotlib.font_manager                                      ; DEBUG   ; findfont: score(FontEntry(fname='C:\\Windows\\Fonts\\RAVIE.TTF', name='Ravie', style='normal', variant='normal', weight=400, stretch='normal', size='scalable')) = 10.05
2025-09-26 16:50:42,002 ; matplotlib.font_manager                                      ; DEBUG   ; findfont: score(FontEntry(fname='C:\\Windows\\Fonts\\vinet.ttf', name='Vineta BT', style='normal', variant='normal', weight=400, stretch='normal', size='scalable')) = 10.05
2025-09-26 16:50:42,003 ; matplotlib.font_manager                                      ; DEBUG   ; findfont: score(FontEntry(fname='C:\\Windows\\Fonts\\palab.ttf', name='Palatino Linotype', style='normal', variant='normal', weight=700, stretch='normal', size='scalable')) = 10.335
2025-09-26 16:50:42,003 ; matplotlib.font_manager                                      ; DEBUG   ; findfont: score(FontEntry(fname='C:\\Windows\\Fonts\\GILC____.TTF', name='Gill Sans MT Condensed', style='normal', variant='normal', weight=400, stretch='condensed', size='scalable')) = 10.25
2025-09-26 16:50:42,003 ; matplotlib.font_manager                                      ; DEBUG   ; findfont: score(FontEntry(fname='C:\\Windows\\Fonts\\OLDENGL.TTF', name='Old English Text MT', style='normal', variant='normal', weight=400, stretch='normal', size='scalable')) = 10.05
2025-09-26 16:50:42,004 ; matplotlib.font_manager                                      ; DEBUG   ; findfont: score(FontEntry(fname='C:\\Windows\\Fonts\\swissb.ttf', name='Swis721 BT', style='normal', variant='normal', weight=700, stretch='normal', size='scalable')) = 10.335
2025-09-26 16:50:42,004 ; matplotlib.font_manager                                      ; DEBUG   ; findfont: score(FontEntry(fname='C:\\Windows\\Fonts\\SHOWG.TTF', name='Showcard Gothic', style='normal', variant='normal', weight=400, stretch='normal', size='scalable')) = 10.05
2025-09-26 16:50:42,004 ; matplotlib.font_manager                                      ; DEBUG   ; findfont: score(FontEntry(fname='C:\\Windows\\Fonts\\txt_____.ttf', name='Txt', style='normal', variant='normal', weight=400, stretch='normal', size='scalable')) = 10.05
2025-09-26 16:50:42,005 ; matplotlib.font_manager                                      ; DEBUG   ; findfont: score(FontEntry(fname='C:\\Windows\\Fonts\\himalaya.ttf', name='Microsoft Himalaya', style='normal', variant='normal', weight=400, stretch='normal', size='scalable')) = 10.05
2025-09-26 16:50:42,005 ; matplotlib.font_manager                                      ; DEBUG   ; findfont: score(FontEntry(fname='C:\\Windows\\Fonts\\technic_.ttf', name='Technic', style='normal', variant='normal', weight=400, stretch='normal', size='scalable')) = 10.05
2025-09-26 16:50:42,005 ; matplotlib.font_manager                                      ; DEBUG   ; findfont: score(FontEntry(fname='C:\\Windows\\Fonts\\ROCKEB.TTF', name='Rockwell Extra Bold', style='normal', variant='normal', weight=800, stretch='normal', size='scalable')) = 10.43
2025-09-26 16:50:42,006 ; matplotlib.font_manager                                      ; DEBUG   ; findfont: score(FontEntry(fname='C:\\Windows\\Fonts\\LFAXDI.TTF', name='Lucida Fax', style='italic', variant='normal', weight=600, stretch='normal', size='scalable')) = 11.24
2025-09-26 16:50:42,006 ; matplotlib.font_manager                                      ; DEBUG   ; findfont: score(FontEntry(fname='C:\\Windows\\Fonts\\segoeui.ttf', name='Segoe UI', style='normal', variant='normal', weight=400, stretch='normal', size='scalable')) = 10.05
2025-09-26 16:50:42,007 ; matplotlib.font_manager                                      ; DEBUG   ; findfont: score(FontEntry(fname='C:\\Windows\\Fonts\\TCCM____.TTF', name='Tw Cen MT Condensed', style='normal', variant='normal', weight=400, stretch='condensed', size='scalable')) = 10.25
2025-09-26 16:50:42,007 ; matplotlib.font_manager                                      ; DEBUG   ; findfont: score(FontEntry(fname='C:\\Windows\\Fonts\\DUBAI-MEDIUM.TTF', name='Dubai', style='normal', variant='normal', weight=500, stretch='normal', size='scalable')) = 10.145
2025-09-26 16:50:42,007 ; matplotlib.font_manager                                      ; DEBUG   ; findfont: score(FontEntry(fname='C:\\Windows\\Fonts\\symap___.ttf', name='Symap', style='normal', variant='normal', weight=400, stretch='normal', size='scalable')) = 10.05
2025-09-26 16:50:42,007 ; matplotlib.font_manager                                      ; DEBUG   ; findfont: score(FontEntry(fname='C:\\Windows\\Fonts\\GOUDOSB.TTF', name='Goudy Old Style', style='normal', variant='normal', weight=700, stretch='normal', size='scalable')) = 10.335
2025-09-26 16:50:42,007 ; matplotlib.font_manager                                      ; DEBUG   ; findfont: score(FontEntry(fname='C:\\Windows\\Fonts\\couri.ttf', name='Courier New', style='italic', variant='normal', weight=400, stretch='normal', size='scalable')) = 11.05
2025-09-26 16:50:42,007 ; matplotlib.font_manager                                      ; DEBUG   ; findfont: score(FontEntry(fname='C:\\Windows\\Fonts\\taile.ttf', name='Microsoft Tai Le', style='normal', variant='normal', weight=400, stretch='normal', size='scalable')) = 10.05
2025-09-26 16:50:42,007 ; matplotlib.font_manager                                      ; DEBUG   ; findfont: score(FontEntry(fname='C:\\Windows\\Fonts\\PERBI___.TTF', name='Perpetua', style='italic', variant='normal', weight=700, stretch='normal', size='scalable')) = 11.335
2025-09-26 16:50:42,009 ; matplotlib.font_manager                                      ; DEBUG   ; findfont: score(FontEntry(fname='C:\\Windows\\Fonts\\ELEPHNT.TTF', name='Elephant', style='normal', variant='normal', weight=400, stretch='normal', size='scalable')) = 10.05
2025-09-26 16:50:42,009 ; matplotlib.font_manager                                      ; DEBUG   ; findfont: score(FontEntry(fname='C:\\Windows\\Fonts\\FRABK.TTF', name='Franklin Gothic Book', style='normal', variant='normal', weight=400, stretch='normal', size='scalable')) = 10.05
2025-09-26 16:50:42,010 ; matplotlib.font_manager                                      ; DEBUG   ; findfont: score(FontEntry(fname='C:\\Windows\\Fonts\\ariali.ttf', name='Arial', style='italic', variant='normal', weight=400, stretch='normal', size='scalable')) = 7.413636363636363
2025-09-26 16:50:42,010 ; matplotlib.font_manager                                      ; DEBUG   ; findfont: score(FontEntry(fname='C:\\Windows\\Fonts\\swissk.ttf', name='Swis721 Blk BT', style='normal', variant='normal', weight=400, stretch='normal', size='scalable')) = 10.05
2025-09-26 16:50:42,011 ; matplotlib.font_manager                                      ; DEBUG   ; findfont: score(FontEntry(fname='C:\\Windows\\Fonts\\ALGER.TTF', name='Algerian', style='normal', variant='normal', weight=400, stretch='normal', size='scalable')) = 10.05
2025-09-26 16:50:42,011 ; matplotlib.font_manager                                      ; DEBUG   ; findfont: score(FontEntry(fname='C:\\Windows\\Fonts\\JOKERMAN.TTF', name='Jokerman', style='normal', variant='normal', weight=400, stretch='normal', size='scalable')) = 10.05
2025-09-26 16:50:42,012 ; matplotlib.font_manager                                      ; DEBUG   ; findfont: score(FontEntry(fname='C:\\Windows\\Fonts\\bgothm.ttf', name='BankGothic Md BT', style='normal', variant='normal', weight=400, stretch='normal', size='scalable')) = 10.05
2025-09-26 16:50:42,012 ; matplotlib.font_manager                                      ; DEBUG   ; findfont: score(FontEntry(fname='C:\\Windows\\Fonts\\LEELAWAD.TTF', name='Leelawadee', style='normal', variant='normal', weight=400, stretch='normal', size='scalable')) = 10.05
2025-09-26 16:50:42,012 ; matplotlib.font_manager                                      ; DEBUG   ; findfont: score(FontEntry(fname='C:\\Windows\\Fonts\\monosi.ttf', name='Monospac821 BT', style='italic', variant='normal', weight=400, stretch='normal', size='scalable')) = 11.05
2025-09-26 16:50:42,013 ; matplotlib.font_manager                                      ; DEBUG   ; findfont: score(FontEntry(fname='C:\\Windows\\Fonts\\trebucbd.ttf', name='Trebuchet MS', style='normal', variant='normal', weight=700, stretch='normal', size='scalable')) = 10.335
2025-09-26 16:50:42,013 ; matplotlib.font_manager                                      ; DEBUG   ; findfont: score(FontEntry(fname='C:\\Windows\\Fonts\\SCRIPTBL.TTF', name='Script MT Bold', style='normal', variant='normal', weight=700, stretch='normal', size='scalable')) = 10.335
2025-09-26 16:50:42,013 ; matplotlib.font_manager                                      ; DEBUG   ; findfont: score(FontEntry(fname='C:\\Windows\\Fonts\\FRABKIT.TTF', name='Franklin Gothic Book', style='italic', variant='normal', weight=400, stretch='normal', size='scalable')) = 11.05
2025-09-26 16:50:42,015 ; matplotlib.font_manager                                      ; DEBUG   ; findfont: score(FontEntry(fname='C:\\Windows\\Fonts\\GARABD.TTF', name='Garamond', style='normal', variant='normal', weight=700, stretch='normal', size='scalable')) = 10.335
2025-09-26 16:50:42,016 ; matplotlib.font_manager                                      ; DEBUG   ; findfont: score(FontEntry(fname='C:\\Windows\\Fonts\\simfang.ttf', name='FangSong', style='normal', variant='normal', weight=400, stretch='normal', size='scalable')) = 10.05
2025-09-26 16:50:42,016 ; matplotlib.font_manager                                      ; DEBUG   ; findfont: score(FontEntry(fname='C:\\Windows\\Fonts\\romanc__.ttf', name='RomanC', style='normal', variant='normal', weight=400, stretch='normal', size='scalable')) = 10.05
2025-09-26 16:50:42,017 ; matplotlib.font_manager                                      ; DEBUG   ; findfont: score(FontEntry(fname='C:\\Windows\\Fonts\\MISTRAL.TTF', name='Mistral', style='normal', variant='normal', weight=400, stretch='normal', size='scalable')) = 10.05
2025-09-26 16:50:42,017 ; matplotlib.font_manager                                      ; DEBUG   ; findfont: score(FontEntry(fname='C:\\Windows\\Fonts\\AGENCYB.TTF', name='Agency FB', style='normal', variant='normal', weight=700, stretch='normal', size='scalable')) = 10.335
2025-09-26 16:50:42,018 ; matplotlib.font_manager                                      ; DEBUG   ; findfont: score(FontEntry(fname='C:\\Windows\\Fonts\\GOUDOS.TTF', name='Goudy Old Style', style='normal', variant='normal', weight=400, stretch='normal', size='scalable')) = 10.05
2025-09-26 16:50:42,018 ; matplotlib.font_manager                                      ; DEBUG   ; findfont: score(FontEntry(fname='C:\\Windows\\Fonts\\calibrili.ttf', name='Calibri', style='italic', variant='normal', weight=300, stretch='normal', size='scalable')) = 11.145
2025-09-26 16:50:42,018 ; matplotlib.font_manager                                      ; DEBUG   ; findfont: score(FontEntry(fname='C:\\Windows\\Fonts\\simsun.ttc', name='SimSun', style='normal', variant='normal', weight=400, stretch='normal', size='scalable')) = 10.05
2025-09-26 16:50:42,019 ; matplotlib.font_manager                                      ; DEBUG   ; findfont: score(FontEntry(fname='C:\\Windows\\Fonts\\constani.ttf', name='Constantia', style='italic', variant='normal', weight=400, stretch='normal', size='scalable')) = 11.05
2025-09-26 16:50:42,019 ; matplotlib.font_manager                                      ; DEBUG   ; findfont: score(FontEntry(fname='C:\\Windows\\Fonts\\swissbi.ttf', name='Swis721 BT', style='italic', variant='normal', weight=700, stretch='normal', size='scalable')) = 11.335
2025-09-26 16:50:42,019 ; matplotlib.font_manager                                      ; DEBUG   ; findfont: score(FontEntry(fname='C:\\Windows\\Fonts\\BKANT.TTF', name='Book Antiqua', style='normal', variant='normal', weight=400, stretch='normal', size='scalable')) = 10.05
2025-09-26 16:50:42,019 ; matplotlib.font_manager                                      ; DEBUG   ; findfont: score(FontEntry(fname='C:\\Windows\\Fonts\\VLADIMIR.TTF', name='Vladimir Script', style='normal', variant='normal', weight=400, stretch='normal', size='scalable')) = 10.05
2025-09-26 16:50:42,019 ; matplotlib.font_manager                                      ; DEBUG   ; findfont: score(FontEntry(fname='C:\\Windows\\Fonts\\greekc__.ttf', name='GreekC', style='normal', variant='normal', weight=400, stretch='normal', size='scalable')) = 10.05
2025-09-26 16:50:42,020 ; matplotlib.font_manager                                      ; DEBUG   ; findfont: score(FontEntry(fname='C:\\Windows\\Fonts\\romans__.ttf', name='RomanS', style='normal', variant='normal', weight=400, stretch='normal', size='scalable')) = 10.05
2025-09-26 16:50:42,020 ; matplotlib.font_manager                                      ; DEBUG   ; findfont: score(FontEntry(fname='C:\\Windows\\Fonts\\ITCEDSCR.TTF', name='Edwardian Script ITC', style='normal', variant='normal', weight=400, stretch='normal', size='scalable')) = 10.05
2025-09-26 16:50:42,020 ; matplotlib.font_manager                                      ; DEBUG   ; findfont: score(FontEntry(fname='C:\\Windows\\Fonts\\DUBAI-REGULAR.TTF', name='Dubai', style='normal', variant='normal', weight=400, stretch='normal', size='scalable')) = 10.05
2025-09-26 16:50:42,020 ; matplotlib.font_manager                                      ; DEBUG   ; findfont: score(FontEntry(fname='C:\\Windows\\Fonts\\swiss.ttf', name='Swis721 BT', style='normal', variant='normal', weight=400, stretch='normal', size='scalable')) = 10.05
2025-09-26 16:50:42,021 ; matplotlib.font_manager                                      ; DEBUG   ; findfont: score(FontEntry(fname='C:\\Windows\\Fonts\\arial.ttf', name='Arial', style='normal', variant='normal', weight=400, stretch='normal', size='scalable')) = 6.413636363636363
2025-09-26 16:50:42,021 ; matplotlib.font_manager                                      ; DEBUG   ; findfont: score(FontEntry(fname='C:\\Windows\\Fonts\\verdanai.ttf', name='Verdana', style='italic', variant='normal', weight=400, stretch='normal', size='scalable')) = 4.6863636363636365
2025-09-26 16:50:42,021 ; matplotlib.font_manager                                      ; DEBUG   ; findfont: score(FontEntry(fname='C:\\Windows\\Fonts\\msyi.ttf', name='Microsoft Yi Baiti', style='normal', variant='normal', weight=400, stretch='normal', size='scalable')) = 10.05
2025-09-26 16:50:42,021 ; matplotlib.font_manager                                      ; DEBUG   ; findfont: score(FontEntry(fname='C:\\Windows\\Fonts\\SegoeIcons.ttf', name='Segoe Fluent Icons', style='normal', variant='normal', weight=400, stretch='normal', size='scalable')) = 10.05
2025-09-26 16:50:42,021 ; matplotlib.font_manager                                      ; DEBUG   ; findfont: score(FontEntry(fname='C:\\Windows\\Fonts\\COPRGTB.TTF', name='Copperplate Gothic Bold', style='normal', variant='normal', weight=400, stretch='normal', size='scalable')) = 10.05
2025-09-26 16:50:42,022 ; matplotlib.font_manager                                      ; DEBUG   ; findfont: score(FontEntry(fname='C:\\Windows\\Fonts\\BOD_CB.TTF', name='Bodoni MT', style='normal', variant='normal', weight=700, stretch='condensed', size='scalable')) = 10.535
2025-09-26 16:50:42,022 ; matplotlib.font_manager                                      ; DEBUG   ; findfont: score(FontEntry(fname='C:\\Windows\\Fonts\\trebucit.ttf', name='Trebuchet MS', style='italic', variant='normal', weight=400, stretch='normal', size='scalable')) = 11.05
2025-09-26 16:50:42,023 ; matplotlib.font_manager                                      ; DEBUG   ; findfont: score(FontEntry(fname='C:\\Windows\\Fonts\\FRADM.TTF', name='Franklin Gothic Demi', style='normal', variant='normal', weight=400, stretch='normal', size='scalable')) = 10.05
2025-09-26 16:50:42,023 ; matplotlib.font_manager                                      ; DEBUG   ; findfont: score(FontEntry(fname='C:\\Windows\\Fonts\\compi.ttf', name='CommercialPi BT', style='normal', variant='normal', weight=400, stretch='normal', size='scalable')) = 10.05
2025-09-26 16:50:42,023 ; matplotlib.font_manager                                      ; DEBUG   ; findfont: score(FontEntry(fname='C:\\Windows\\Fonts\\dutchi.ttf', name='Dutch801 Rm BT', style='italic', variant='normal', weight=400, stretch='normal', size='scalable')) = 11.05
2025-09-26 16:50:42,024 ; matplotlib.font_manager                                      ; DEBUG   ; findfont: score(FontEntry(fname='C:\\Windows\\Fonts\\MTCORSVA.TTF', name='Monotype Corsiva', style='normal', variant='normal', weight=400, stretch='normal', size='scalable')) = 10.05
2025-09-26 16:50:42,024 ; matplotlib.font_manager                                      ; DEBUG   ; findfont: score(FontEntry(fname='C:\\Windows\\Fonts\\mmrtext.ttf', name='Myanmar Text', style='normal', variant='normal', weight=400, stretch='normal', size='scalable')) = 10.05
2025-09-26 16:50:42,024 ; matplotlib.font_manager                                      ; DEBUG   ; findfont: score(FontEntry(fname='C:\\Windows\\Fonts\\Artifakt Element LIght.ttf', name='Artifakt Element', style='normal', variant='normal', weight=300, stretch='normal', size='scalable')) = 10.145
2025-09-26 16:50:42,026 ; matplotlib.font_manager                                      ; DEBUG   ; findfont: score(FontEntry(fname='C:\\Windows\\Fonts\\BRLNSDB.TTF', name='Berlin Sans FB Demi', style='normal', variant='normal', weight=700, stretch='normal', size='scalable')) = 10.335
2025-09-26 16:50:42,027 ; matplotlib.font_manager                                      ; DEBUG   ; findfont: score(FontEntry(fname='C:\\Windows\\Fonts\\TCCB____.TTF', name='Tw Cen MT Condensed', style='normal', variant='normal', weight=700, stretch='condensed', size='scalable')) = 10.535
2025-09-26 16:50:42,027 ; matplotlib.font_manager                                      ; DEBUG   ; findfont: score(FontEntry(fname='C:\\Windows\\Fonts\\POORICH.TTF', name='Poor Richard', style='normal', variant='normal', weight=400, stretch='normal', size='scalable')) = 10.05
2025-09-26 16:50:42,027 ; matplotlib.font_manager                                      ; DEBUG   ; findfont: score(FontEntry(fname='C:\\Windows\\Fonts\\Artifakt Element Hair Italic.ttf', name='Artifakt Element', style='italic', variant='normal', weight=100, stretch='normal', size='scalable')) = 11.335
2025-09-26 16:50:42,028 ; matplotlib.font_manager                                      ; DEBUG   ; findfont: score(FontEntry(fname='C:\\Windows\\Fonts\\verdanab.ttf', name='Verdana', style='normal', variant='normal', weight=700, stretch='normal', size='scalable')) = 3.9713636363636367
2025-09-26 16:50:42,028 ; matplotlib.font_manager                                      ; DEBUG   ; findfont: score(FontEntry(fname='C:\\Windows\\Fonts\\wingding.ttf', name='Wingdings', style='normal', variant='normal', weight=400, stretch='normal', size='scalable')) = 10.05
2025-09-26 16:50:42,028 ; matplotlib.font_manager                                      ; DEBUG   ; findfont: score(FontEntry(fname='C:\\Windows\\Fonts\\verdana.ttf', name='Verdana', style='normal', variant='normal', weight=400, stretch='normal', size='scalable')) = 3.6863636363636365
2025-09-26 16:50:42,028 ; matplotlib.font_manager                                      ; DEBUG   ; findfont: score(FontEntry(fname='C:\\Windows\\Fonts\\LFAXI.TTF', name='Lucida Fax', style='italic', variant='normal', weight=400, stretch='normal', size='scalable')) = 11.05
2025-09-26 16:50:42,028 ; matplotlib.font_manager                                      ; DEBUG   ; findfont: score(FontEntry(fname='C:\\Windows\\Fonts\\ariblk.ttf', name='Arial', style='normal', variant='normal', weight=900, stretch='normal', size='scalable')) = 6.888636363636364
2025-09-26 16:50:42,028 ; matplotlib.font_manager                                      ; DEBUG   ; findfont: score(FontEntry(fname='C:\\Windows\\Fonts\\VINERITC.TTF', name='Viner Hand ITC', style='normal', variant='normal', weight=400, stretch='normal', size='scalable')) = 10.05
2025-09-26 16:50:42,029 ; matplotlib.font_manager                                      ; DEBUG   ; findfont: score(FontEntry(fname='C:\\Windows\\Fonts\\italic__.ttf', name='Italic', style='italic', variant='normal', weight=400, stretch='normal', size='scalable')) = 11.05
2025-09-26 16:50:42,029 ; matplotlib.font_manager                                      ; DEBUG   ; findfont: score(FontEntry(fname='C:\\Windows\\Fonts\\FREESCPT.TTF', name='Freestyle Script', style='normal', variant='normal', weight=400, stretch='normal', size='scalable')) = 10.05
2025-09-26 16:50:42,029 ; matplotlib.font_manager                                      ; DEBUG   ; findfont: score(FontEntry(fname='C:\\Windows\\Fonts\\ARIALN.TTF', name='Arial', style='normal', variant='normal', weight=400, stretch='condensed', size='scalable')) = 6.613636363636363
2025-09-26 16:50:42,030 ; matplotlib.font_manager                                      ; DEBUG   ; findfont: score(FontEntry(fname='C:\\Windows\\Fonts\\sylfaen.ttf', name='Sylfaen', style='normal', variant='normal', weight=400, stretch='normal', size='scalable')) = 10.05
2025-09-26 16:50:42,030 ; matplotlib.font_manager                                      ; DEBUG   ; findfont: score(FontEntry(fname='C:\\Windows\\Fonts\\corbell.ttf', name='Corbel', style='normal', variant='normal', weight=300, stretch='normal', size='scalable')) = 10.145
2025-09-26 16:50:42,030 ; matplotlib.font_manager                                      ; DEBUG   ; findfont: score(FontEntry(fname='C:\\Windows\\Fonts\\GARA.TTF', name='Garamond', style='normal', variant='normal', weight=400, stretch='normal', size='scalable')) = 10.05
2025-09-26 16:50:42,031 ; matplotlib.font_manager                                      ; DEBUG   ; findfont: score(FontEntry(fname='C:\\Windows\\Fonts\\NirmalaB.ttf', name='Nirmala UI', style='normal', variant='normal', weight=700, stretch='normal', size='scalable')) = 10.335
2025-09-26 16:50:42,031 ; matplotlib.font_manager                                      ; DEBUG   ; findfont: score(FontEntry(fname='C:\\Windows\\Fonts\\HTOWERTI.TTF', name='High Tower Text', style='italic', variant='normal', weight=400, stretch='normal', size='scalable')) = 11.05
2025-09-26 16:50:42,031 ; matplotlib.font_manager                                      ; DEBUG   ; findfont: score(FontEntry(fname='C:\\Windows\\Fonts\\FORTE.TTF', name='Forte', style='normal', variant='normal', weight=400, stretch='normal', size='scalable')) = 10.05
2025-09-26 16:50:42,032 ; matplotlib.font_manager                                      ; DEBUG   ; findfont: score(FontEntry(fname='C:\\Windows\\Fonts\\YuGothB.ttc', name='Yu Gothic', style='normal', variant='normal', weight=700, stretch='normal', size='scalable')) = 10.335
2025-09-26 16:50:42,032 ; matplotlib.font_manager                                      ; DEBUG   ; findfont: score(FontEntry(fname='C:\\Windows\\Fonts\\SitkaVF-Italic.ttf', name='Sitka', style='italic', variant='normal', weight=400, stretch='normal', size='scalable')) = 11.05
2025-09-26 16:50:42,034 ; matplotlib.font_manager                                      ; DEBUG   ; findfont: score(FontEntry(fname='C:\\Windows\\Fonts\\FRADMCN.TTF', name='Franklin Gothic Demi Cond', style='normal', variant='normal', weight=400, stretch='condensed', size='scalable')) = 10.25
2025-09-26 16:50:42,034 ; matplotlib.font_manager                                      ; DEBUG   ; findfont: score(FontEntry(fname='C:\\Windows\\Fonts\\tahoma.ttf', name='Tahoma', style='normal', variant='normal', weight=400, stretch='normal', size='scalable')) = 10.05
2025-09-26 16:50:42,034 ; matplotlib.font_manager                                      ; DEBUG   ; findfont: score(FontEntry(fname='C:\\Windows\\Fonts\\ARIALNBI.TTF', name='Arial', style='italic', variant='normal', weight=700, stretch='condensed', size='scalable')) = 7.8986363636363635
2025-09-26 16:50:42,035 ; matplotlib.font_manager                                      ; DEBUG   ; findfont: score(FontEntry(fname='C:\\Windows\\Fonts\\MATURASC.TTF', name='Matura MT Script Capitals', style='normal', variant='normal', weight=400, stretch='normal', size='scalable')) = 10.05
2025-09-26 16:50:42,035 ; matplotlib.font_manager                                      ; DEBUG   ; findfont: score(FontEntry(fname='C:\\Windows\\Fonts\\BRLNSR.TTF', name='Berlin Sans FB', style='normal', variant='normal', weight=400, stretch='normal', size='scalable')) = 10.05
2025-09-26 16:50:42,035 ; matplotlib.font_manager                                      ; DEBUG   ; findfont: score(FontEntry(fname='C:\\Windows\\Fonts\\LSANSDI.TTF', name='Lucida Sans', style='italic', variant='normal', weight=600, stretch='normal', size='scalable')) = 11.24
2025-09-26 16:50:42,036 ; matplotlib.font_manager                                      ; DEBUG   ; findfont: score(FontEntry(fname='C:\\Windows\\Fonts\\l_10646.ttf', name='Lucida Sans Unicode', style='normal', variant='normal', weight=400, stretch='normal', size='scalable')) = 10.05
2025-09-26 16:50:42,036 ; matplotlib.font_manager                                      ; DEBUG   ; findfont: score(FontEntry(fname='C:\\Windows\\Fonts\\sansso__.ttf', name='SansSerif', style='oblique', variant='normal', weight=400, stretch='normal', size='scalable')) = 11.05
2025-09-26 16:50:42,036 ; matplotlib.font_manager                                      ; DEBUG   ; findfont: score(FontEntry(fname='C:\\Windows\\Fonts\\BOD_CBI.TTF', name='Bodoni MT', style='italic', variant='normal', weight=700, stretch='condensed', size='scalable')) = 11.535
2025-09-26 16:50:42,036 ; matplotlib.font_manager                                      ; DEBUG   ; findfont: score(FontEntry(fname='C:\\Windows\\Fonts\\simkai.ttf', name='KaiTi', style='normal', variant='normal', weight=400, stretch='normal', size='scalable')) = 10.05
2025-09-26 16:50:42,036 ; matplotlib.font_manager                                      ; DEBUG   ; findfont: score(FontEntry(fname='C:\\Windows\\Fonts\\LBRITEI.TTF', name='Lucida Bright', style='italic', variant='normal', weight=400, stretch='normal', size='scalable')) = 11.05
2025-09-26 16:50:42,037 ; matplotlib.font_manager                                      ; DEBUG   ; findfont: score(FontEntry(fname='C:\\Windows\\Fonts\\SCHLBKBI.TTF', name='Century Schoolbook', style='italic', variant='normal', weight=700, stretch='normal', size='scalable')) = 11.335
2025-09-26 16:50:42,037 ; matplotlib.font_manager                                      ; DEBUG   ; findfont: score(FontEntry(fname='C:\\Windows\\Fonts\\TCBI____.TTF', name='Tw Cen MT', style='italic', variant='normal', weight=700, stretch='normal', size='scalable')) = 11.335
2025-09-26 16:50:42,037 ; matplotlib.font_manager                                      ; DEBUG   ; findfont: score(FontEntry(fname='C:\\Windows\\Fonts\\calibrib.ttf', name='Calibri', style='normal', variant='normal', weight=700, stretch='normal', size='scalable')) = 10.335
2025-09-26 16:50:42,037 ; matplotlib.font_manager                                      ; DEBUG   ; findfont: score(FontEntry(fname='C:\\Windows\\Fonts\\pala.ttf', name='Palatino Linotype', style='normal', variant='normal', weight=400, stretch='normal', size='scalable')) = 10.05
2025-09-26 16:50:42,037 ; matplotlib.font_manager                                      ; DEBUG   ; findfont: score(FontEntry(fname='C:\\Windows\\Fonts\\stylu.ttf', name='Stylus BT', style='normal', variant='normal', weight=300, stretch='normal', size='scalable')) = 10.145
2025-09-26 16:50:42,037 ; matplotlib.font_manager                                      ; DEBUG   ; findfont: score(FontEntry(fname='C:\\Windows\\Fonts\\PRISTINA.TTF', name='Pristina', style='normal', variant='normal', weight=400, stretch='normal', size='scalable')) = 10.05
2025-09-26 16:50:42,038 ; matplotlib.font_manager                                      ; DEBUG   ; findfont: score(FontEntry(fname='C:\\Windows\\Fonts\\seguisli.ttf', name='Segoe UI', style='italic', variant='normal', weight=350, stretch='normal', size='scalable')) = 11.0975
2025-09-26 16:50:42,038 ; matplotlib.font_manager                                      ; DEBUG   ; findfont: score(FontEntry(fname='C:\\Windows\\Fonts\\segoeuisl.ttf', name='Segoe UI', style='normal', variant='normal', weight=350, stretch='normal', size='scalable')) = 10.0975
2025-09-26 16:50:42,038 ; matplotlib.font_manager                                      ; DEBUG   ; findfont: score(FontEntry(fname='C:\\Windows\\Fonts\\BOD_R.TTF', name='Bodoni MT', style='normal', variant='normal', weight=400, stretch='normal', size='scalable')) = 10.05
2025-09-26 16:50:42,038 ; matplotlib.font_manager                                      ; DEBUG   ; findfont: score(FontEntry(fname='C:\\Windows\\Fonts\\BRLNSB.TTF', name='Berlin Sans FB', style='normal', variant='normal', weight=700, stretch='normal', size='scalable')) = 10.335
2025-09-26 16:50:42,038 ; matplotlib.font_manager                                      ; DEBUG   ; findfont: score(FontEntry(fname='C:\\Windows\\Fonts\\cour.ttf', name='Courier New', style='normal', variant='normal', weight=400, stretch='normal', size='scalable')) = 10.05
2025-09-26 16:50:42,038 ; matplotlib.font_manager                                      ; DEBUG   ; findfont: score(FontEntry(fname='C:\\Windows\\Fonts\\CURLZ___.TTF', name='Curlz MT', style='normal', variant='normal', weight=400, stretch='normal', size='scalable')) = 10.05
2025-09-26 16:50:42,040 ; matplotlib.font_manager                                      ; DEBUG   ; findfont: score(FontEntry(fname='C:\\Windows\\Fonts\\georgia.ttf', name='Georgia', style='normal', variant='normal', weight=400, stretch='normal', size='scalable')) = 10.05
2025-09-26 16:50:42,040 ; matplotlib.font_manager                                      ; DEBUG   ; findfont: score(FontEntry(fname='C:\\Windows\\Fonts\\calibril.ttf', name='Calibri', style='normal', variant='normal', weight=300, stretch='normal', size='scalable')) = 10.145
2025-09-26 16:50:42,040 ; matplotlib.font_manager                                      ; DEBUG   ; findfont: score(FontEntry(fname='C:\\Windows\\Fonts\\msyhbd.ttc', name='Microsoft YaHei', style='normal', variant='normal', weight=700, stretch='normal', size='scalable')) = 10.335
2025-09-26 16:50:42,041 ; matplotlib.font_manager                                      ; DEBUG   ; findfont: score(FontEntry(fname='C:\\Windows\\Fonts\\mtproxy3.ttf', name='Proxy 3', style='normal', variant='normal', weight=400, stretch='normal', size='scalable')) = 10.05
2025-09-26 16:50:42,041 ; matplotlib.font_manager                                      ; DEBUG   ; findfont: score(FontEntry(fname='C:\\Windows\\Fonts\\gothice_.ttf', name='GothicE', style='normal', variant='normal', weight=400, stretch='normal', size='scalable')) = 10.05
2025-09-26 16:50:42,042 ; matplotlib.font_manager                                      ; DEBUG   ; findfont: score(FontEntry(fname='C:\\Windows\\Fonts\\Candaral.ttf', name='Candara', style='normal', variant='normal', weight=400, stretch='normal', size='scalable')) = 10.05
2025-09-26 16:50:42,042 ; matplotlib.font_manager                                      ; DEBUG   ; findfont: score(FontEntry(fname='C:\\Windows\\Fonts\\Artifakt Element Heavy.ttf', name='Artifakt Element', style='normal', variant='normal', weight=900, stretch='normal', size='scalable')) = 10.525
2025-09-26 16:50:42,042 ; matplotlib.font_manager                                      ; DEBUG   ; findfont: score(FontEntry(fname='C:\\Windows\\Fonts\\ROCCB___.TTF', name='Rockwell Condensed', style='normal', variant='normal', weight=700, stretch='condensed', size='scalable')) = 10.535
2025-09-26 16:50:42,042 ; matplotlib.font_manager                                      ; DEBUG   ; findfont: score(FontEntry(fname='C:\\Windows\\Fonts\\LSANSD.TTF', name='Lucida Sans', style='normal', variant='normal', weight=600, stretch='normal', size='scalable')) = 10.24
2025-09-26 16:50:42,042 ; matplotlib.font_manager                                      ; DEBUG   ; findfont: score(FontEntry(fname='C:\\Windows\\Fonts\\timesi.ttf', name='Times New Roman', style='italic', variant='normal', weight=400, stretch='normal', size='scalable')) = 11.05
2025-09-26 16:50:42,043 ; matplotlib.font_manager                                      ; DEBUG   ; findfont: score(FontEntry(fname='C:\\Windows\\Fonts\\dutcheb.ttf', name='Dutch801 XBd BT', style='normal', variant='normal', weight=400, stretch='normal', size='scalable')) = 10.05
2025-09-26 16:50:42,043 ; matplotlib.font_manager                                      ; DEBUG   ; findfont: score(FontEntry(fname='C:\\Windows\\Fonts\\symusic_.ttf', name='Symusic', style='normal', variant='normal', weight=400, stretch='normal', size='scalable')) = 10.05
2025-09-26 16:50:42,043 ; matplotlib.font_manager                                      ; DEBUG   ; findfont: score(FontEntry(fname='C:\\Windows\\Fonts\\BOD_I.TTF', name='Bodoni MT', style='italic', variant='normal', weight=400, stretch='normal', size='scalable')) = 11.05
2025-09-26 16:50:42,043 ; matplotlib.font_manager                                      ; DEBUG   ; findfont: score(FontEntry(fname='C:\\Windows\\Fonts\\webdings.ttf', name='Webdings', style='normal', variant='normal', weight=400, stretch='normal', size='scalable')) = 10.05
2025-09-26 16:50:42,043 ; matplotlib.font_manager                                      ; DEBUG   ; findfont: score(FontEntry(fname='C:\\Windows\\Fonts\\mmrtextb.ttf', name='Myanmar Text', style='normal', variant='normal', weight=700, stretch='normal', size='scalable')) = 10.335
2025-09-26 16:50:42,045 ; matplotlib.font_manager                                      ; DEBUG   ; findfont: score(FontEntry(fname='C:\\Windows\\Fonts\\greeks__.ttf', name='GreekS', style='normal', variant='normal', weight=400, stretch='normal', size='scalable')) = 10.05
2025-09-26 16:50:42,045 ; matplotlib.font_manager                                      ; DEBUG   ; findfont: score(FontEntry(fname='C:\\Windows\\Fonts\\MTEXTRA.TTF', name='MT Extra', style='normal', variant='normal', weight=400, stretch='normal', size='scalable')) = 10.05
2025-09-26 16:50:42,045 ; matplotlib.font_manager                                      ; DEBUG   ; findfont: score(FontEntry(fname='C:\\Windows\\Fonts\\GILLUBCD.TTF', name='Gill Sans Ultra Bold Condensed', style='normal', variant='normal', weight=400, stretch='condensed', size='scalable')) = 10.25
2025-09-26 16:50:42,046 ; matplotlib.font_manager                                      ; DEBUG   ; findfont: score(FontEntry(fname='C:\\Windows\\Fonts\\segoeuil.ttf', name='Segoe UI', style='normal', variant='normal', weight=300, stretch='normal', size='scalable')) = 10.145
2025-09-26 16:50:42,046 ; matplotlib.font_manager                                      ; DEBUG   ; findfont: score(FontEntry(fname='C:\\Windows\\Fonts\\GIL_____.TTF', name='Gill Sans MT', style='normal', variant='normal', weight=400, stretch='normal', size='scalable')) = 10.05
2025-09-26 16:50:42,046 ; matplotlib.font_manager                                      ; DEBUG   ; findfont: score(FontEntry(fname='C:\\Windows\\Fonts\\BASKVILL.TTF', name='Baskerville Old Face', style='normal', variant='normal', weight=400, stretch='normal', size='scalable')) = 10.05
2025-09-26 16:50:42,046 ; matplotlib.font_manager                                      ; DEBUG   ; findfont: score(FontEntry(fname='C:\\Windows\\Fonts\\LTYPEO.TTF', name='Lucida Sans Typewriter', style='oblique', variant='normal', weight=400, stretch='normal', size='scalable')) = 11.05
2025-09-26 16:50:42,046 ; matplotlib.font_manager                                      ; DEBUG   ; findfont: score(FontEntry(fname='C:\\Windows\\Fonts\\Candarab.ttf', name='Candara', style='normal', variant='normal', weight=700, stretch='normal', size='scalable')) = 10.335
2025-09-26 16:50:42,046 ; matplotlib.font_manager                                      ; DEBUG   ; findfont: score(FontEntry(fname='C:\\Windows\\Fonts\\georgiab.ttf', name='Georgia', style='normal', variant='normal', weight=700, stretch='normal', size='scalable')) = 10.335
2025-09-26 16:50:42,047 ; matplotlib.font_manager                                      ; DEBUG   ; findfont: score(FontEntry(fname='C:\\Windows\\Fonts\\swisse.ttf', name='Swis721 Ex BT', style='normal', variant='normal', weight=400, stretch='expanded', size='scalable')) = 10.25
2025-09-26 16:50:42,047 ; matplotlib.font_manager                                      ; DEBUG   ; findfont: score(FontEntry(fname='C:\\Windows\\Fonts\\CALIFB.TTF', name='Californian FB', style='normal', variant='normal', weight=700, stretch='normal', size='scalable')) = 10.335
2025-09-26 16:50:42,049 ; matplotlib.font_manager                                      ; DEBUG   ; findfont: score(FontEntry(fname='C:\\Windows\\Fonts\\seguisb.ttf', name='Segoe UI', style='normal', variant='normal', weight=600, stretch='normal', size='scalable')) = 10.24
2025-09-26 16:50:42,049 ; matplotlib.font_manager                                      ; DEBUG   ; findfont: score(FontEntry(fname='C:\\Windows\\Fonts\\Artifakt Element Book Italic.ttf', name='Artifakt Element', style='italic', variant='normal', weight=450, stretch='normal', size='scalable')) = 11.0975
2025-09-26 16:50:42,049 ; matplotlib.font_manager                                      ; DEBUG   ; findfont: score(FontEntry(fname='C:\\Windows\\Fonts\\JUICE___.TTF', name='Juice ITC', style='normal', variant='normal', weight=400, stretch='normal', size='scalable')) = 10.05
2025-09-26 16:50:42,050 ; matplotlib.font_manager                                      ; DEBUG   ; findfont: score(FontEntry(fname='C:\\Windows\\Fonts\\ITCKRIST.TTF', name='Kristen ITC', style='normal', variant='normal', weight=400, stretch='normal', size='scalable')) = 10.05
2025-09-26 16:50:42,050 ; matplotlib.font_manager                                      ; DEBUG   ; findfont: score(FontEntry(fname='C:\\Windows\\Fonts\\RAGE.TTF', name='Rage Italic', style='italic', variant='normal', weight=400, stretch='normal', size='scalable')) = 11.05
2025-09-26 16:50:42,051 ; matplotlib.font_manager                                      ; DEBUG   ; findfont: score(FontEntry(fname='C:\\Windows\\Fonts\\seguisbi.ttf', name='Segoe UI', style='italic', variant='normal', weight=600, stretch='normal', size='scalable')) = 11.24
2025-09-26 16:50:42,052 ; matplotlib.font_manager                                      ; DEBUG   ; findfont: score(FontEntry(fname='C:\\Windows\\Fonts\\monos.ttf', name='Monospac821 BT', style='normal', variant='normal', weight=400, stretch='normal', size='scalable')) = 10.05
2025-09-26 16:50:42,052 ; matplotlib.font_manager                                      ; DEBUG   ; findfont: score(FontEntry(fname='C:\\Windows\\Fonts\\BELL.TTF', name='Bell MT', style='normal', variant='normal', weight=400, stretch='normal', size='scalable')) = 10.05
2025-09-26 16:50:42,053 ; matplotlib.font_manager                                      ; DEBUG   ; findfont: score(FontEntry(fname='C:\\Windows\\Fonts\\swissc.ttf', name='Swis721 Cn BT', style='normal', variant='normal', weight=400, stretch='condensed', size='scalable')) = 10.25
2025-09-26 16:50:42,054 ; matplotlib.font_manager                                      ; DEBUG   ; findfont: score(FontEntry(fname='C:\\Windows\\Fonts\\swisski.ttf', name='Swis721 Blk BT', style='italic', variant='normal', weight=400, stretch='normal', size='scalable')) = 11.05
2025-09-26 16:50:42,054 ; matplotlib.font_manager                                      ; DEBUG   ; findfont: score(FontEntry(fname='C:\\Windows\\Fonts\\ITCBLKAD.TTF', name='Blackadder ITC', style='normal', variant='normal', weight=400, stretch='normal', size='scalable')) = 10.05
2025-09-26 16:50:42,055 ; matplotlib.font_manager                                      ; DEBUG   ; findfont: score(FontEntry(fname='C:\\Windows\\Fonts\\LCALLIG.TTF', name='Lucida Calligraphy', style='italic', variant='normal', weight=400, stretch='normal', size='scalable')) = 11.05
2025-09-26 16:50:42,055 ; matplotlib.font_manager                                      ; DEBUG   ; findfont: score(FontEntry(fname='C:\\Windows\\Fonts\\PER_____.TTF', name='Perpetua', style='normal', variant='normal', weight=400, stretch='normal', size='scalable')) = 10.05
2025-09-26 16:50:42,056 ; matplotlib.font_manager                                      ; DEBUG   ; findfont: score(FontEntry(fname='C:\\Windows\\Fonts\\KUNSTLER.TTF', name='Kunstler Script', style='normal', variant='normal', weight=400, stretch='normal', size='scalable')) = 10.05
2025-09-26 16:50:42,056 ; matplotlib.font_manager                                      ; DEBUG   ; findfont: score(FontEntry(fname='C:\\Windows\\Fonts\\calibrii.ttf', name='Calibri', style='italic', variant='normal', weight=400, stretch='normal', size='scalable')) = 11.05
2025-09-26 16:50:42,056 ; matplotlib.font_manager                                      ; DEBUG   ; findfont: score(FontEntry(fname='C:\\Windows\\Fonts\\courbi.ttf', name='Courier New', style='italic', variant='normal', weight=700, stretch='normal', size='scalable')) = 11.335
2025-09-26 16:50:42,058 ; matplotlib.font_manager                                      ; DEBUG   ; findfont: score(FontEntry(fname='C:\\Windows\\Fonts\\HTOWERT.TTF', name='High Tower Text', style='normal', variant='normal', weight=400, stretch='normal', size='scalable')) = 10.05
2025-09-26 16:50:42,058 ; matplotlib.font_manager                                      ; DEBUG   ; findfont: score(FontEntry(fname='C:\\Windows\\Fonts\\swisscbi.ttf', name='Swis721 Cn BT', style='italic', variant='normal', weight=700, stretch='condensed', size='scalable')) = 11.535
2025-09-26 16:50:42,058 ; matplotlib.font_manager                                      ; DEBUG   ; findfont: score(FontEntry(fname='C:\\Windows\\Fonts\\OCRAEXT.TTF', name='OCR A Extended', style='normal', variant='normal', weight=400, stretch='expanded', size='scalable')) = 10.25
2025-09-26 16:50:42,060 ; matplotlib.font_manager                                      ; DEBUG   ; findfont: score(FontEntry(fname='C:\\Windows\\Fonts\\taileb.ttf', name='Microsoft Tai Le', style='normal', variant='normal', weight=700, stretch='normal', size='scalable')) = 10.335
2025-09-26 16:50:42,060 ; matplotlib.font_manager                                      ; DEBUG   ; findfont: score(FontEntry(fname='C:\\Windows\\Fonts\\Artifakt Element Black.ttf', name='Artifakt Element', style='normal', variant='normal', weight=800, stretch='normal', size='scalable')) = 10.43
2025-09-26 16:50:42,061 ; matplotlib.font_manager                                      ; DEBUG   ; findfont: score(FontEntry(fname='C:\\Windows\\Fonts\\cambria.ttc', name='Cambria', style='normal', variant='normal', weight=400, stretch='normal', size='scalable')) = 10.05
2025-09-26 16:50:42,061 ; matplotlib.font_manager                                      ; DEBUG   ; findfont: score(FontEntry(fname='C:\\Windows\\Fonts\\Dengl.ttf', name='DengXian', style='normal', variant='normal', weight=300, stretch='normal', size='scalable')) = 10.145
2025-09-26 16:50:42,062 ; matplotlib.font_manager                                      ; DEBUG   ; findfont: score(FontEntry(fname='C:\\Windows\\Fonts\\segoeprb.ttf', name='Segoe Print', style='normal', variant='normal', weight=700, stretch='normal', size='scalable')) = 10.335
2025-09-26 16:50:42,062 ; matplotlib.font_manager                                      ; DEBUG   ; findfont: score(FontEntry(fname='C:\\Windows\\Fonts\\BOD_B.TTF', name='Bodoni MT', style='normal', variant='normal', weight=700, stretch='normal', size='scalable')) = 10.335
2025-09-26 16:50:42,063 ; matplotlib.font_manager                                      ; DEBUG   ; findfont: score(FontEntry(fname='C:\\Windows\\Fonts\\cambriab.ttf', name='Cambria', style='normal', variant='normal', weight=700, stretch='normal', size='scalable')) = 10.335
2025-09-26 16:50:42,063 ; matplotlib.font_manager                                      ; DEBUG   ; findfont: score(FontEntry(fname='C:\\Windows\\Fonts\\scripts_.ttf', name='ScriptS', style='normal', variant='normal', weight=400, stretch='normal', size='scalable')) = 10.05
2025-09-26 16:50:42,063 ; matplotlib.font_manager                                      ; DEBUG   ; findfont: score(FontEntry(fname='C:\\Windows\\Fonts\\ANTQUABI.TTF', name='Book Antiqua', style='italic', variant='normal', weight=700, stretch='normal', size='scalable')) = 11.335
2025-09-26 16:50:42,065 ; matplotlib.font_manager                                      ; DEBUG   ; findfont: score(FontEntry(fname='C:\\Windows\\Fonts\\GOTHICBI.TTF', name='Century Gothic', style='italic', variant='normal', weight=700, stretch='normal', size='scalable')) = 11.335
2025-09-26 16:50:42,066 ; matplotlib.font_manager                                      ; DEBUG   ; findfont: score(FontEntry(fname='C:\\Windows\\Fonts\\mtproxy4.ttf', name='Proxy 4', style='normal', variant='normal', weight=400, stretch='normal', size='scalable')) = 10.05
2025-09-26 16:50:42,066 ; matplotlib.font_manager                                      ; DEBUG   ; findfont: score(FontEntry(fname='C:\\Windows\\Fonts\\corbelli.ttf', name='Corbel', style='italic', variant='normal', weight=300, stretch='normal', size='scalable')) = 11.145
2025-09-26 16:50:42,066 ; matplotlib.font_manager                                      ; DEBUG   ; findfont: score(FontEntry(fname='C:\\Windows\\Fonts\\supef___.ttf', name='SuperFrench', style='normal', variant='normal', weight=400, stretch='normal', size='scalable')) = 10.05
2025-09-26 16:50:42,067 ; matplotlib.font_manager                                      ; DEBUG   ; findfont: score(FontEntry(fname='C:\\Windows\\Fonts\\CENTAUR.TTF', name='Centaur', style='normal', variant='normal', weight=400, stretch='normal', size='scalable')) = 10.05
2025-09-26 16:50:42,067 ; matplotlib.font_manager                                      ; DEBUG   ; findfont: score(FontEntry(fname='C:\\Windows\\Fonts\\msjhbd.ttc', name='Microsoft JhengHei', style='normal', variant='normal', weight=700, stretch='normal', size='scalable')) = 10.335
2025-09-26 16:50:42,067 ; matplotlib.font_manager                                      ; DEBUG   ; findfont: score(FontEntry(fname='C:\\Windows\\Fonts\\Deng.ttf', name='DengXian', style='normal', variant='normal', weight=400, stretch='normal', size='scalable')) = 10.05
2025-09-26 16:50:42,067 ; matplotlib.font_manager                                      ; DEBUG   ; findfont: score(FontEntry(fname='C:\\Windows\\Fonts\\monotxt_.ttf', name='Monotxt', style='normal', variant='normal', weight=400, stretch='normal', size='scalable')) = 10.05
2025-09-26 16:50:42,068 ; matplotlib.font_manager                                      ; DEBUG   ; findfont: score(FontEntry(fname='C:\\Windows\\Fonts\\romab___.ttf', name='Romantic', style='normal', variant='normal', weight=700, stretch='normal', size='scalable')) = 10.335
2025-09-26 16:50:42,068 ; matplotlib.font_manager                                      ; DEBUG   ; findfont: score(FontEntry(fname='C:\\Windows\\Fonts\\gadugib.ttf', name='Gadugi', style='normal', variant='normal', weight=700, stretch='normal', size='scalable')) = 10.335
2025-09-26 16:50:42,069 ; matplotlib.font_manager                                      ; DEBUG   ; findfont: score(FontEntry(fname='C:\\Windows\\Fonts\\BERNHC.TTF', name='Bernard MT Condensed', style='normal', variant='normal', weight=400, stretch='condensed', size='scalable')) = 10.25
2025-09-26 16:50:42,069 ; matplotlib.font_manager                                      ; DEBUG   ; findfont: score(FontEntry(fname='C:\\Windows\\Fonts\\msgothic.ttc', name='MS Gothic', style='normal', variant='normal', weight=400, stretch='normal', size='scalable')) = 10.05
2025-09-26 16:50:42,069 ; matplotlib.font_manager                                      ; DEBUG   ; findfont: score(FontEntry(fname='C:\\Windows\\Fonts\\isoct___.ttf', name='ISOCT', style='normal', variant='normal', weight=400, stretch='normal', size='scalable')) = 10.05
2025-09-26 16:50:42,070 ; matplotlib.font_manager                                      ; DEBUG   ; findfont: score(FontEntry(fname='C:\\Windows\\Fonts\\KievitOffcPro.ttf', name='Kievit Offc Pro', style='normal', variant='normal', weight=400, stretch='normal', size='scalable')) = 10.05
2025-09-26 16:50:42,070 ; matplotlib.font_manager                                      ; DEBUG   ; findfont: score(FontEntry(fname='C:\\Windows\\Fonts\\georgiai.ttf', name='Georgia', style='italic', variant='normal', weight=400, stretch='normal', size='scalable')) = 11.05
2025-09-26 16:50:42,070 ; matplotlib.font_manager                                      ; DEBUG   ; findfont: score(FontEntry(fname='C:\\Windows\\Fonts\\eurr____.ttf', name='EuroRoman', style='normal', variant='normal', weight=400, stretch='normal', size='scalable')) = 10.05
2025-09-26 16:50:42,070 ; matplotlib.font_manager                                      ; DEBUG   ; findfont: score(FontEntry(fname='C:\\Windows\\Fonts\\monosbi.ttf', name='Monospac821 BT', style='italic', variant='normal', weight=700, stretch='normal', size='scalable')) = 11.335
2025-09-26 16:50:42,071 ; matplotlib.font_manager                                      ; DEBUG   ; findfont: score(FontEntry(fname='C:\\Windows\\Fonts\\LBRITED.TTF', name='Lucida Bright', style='normal', variant='normal', weight=600, stretch='normal', size='scalable')) = 10.24
2025-09-26 16:50:42,071 ; matplotlib.font_manager                                      ; DEBUG   ; findfont: score(FontEntry(fname='C:\\Windows\\Fonts\\swisscli.ttf', name='Swis721 LtCn BT', style='italic', variant='normal', weight=400, stretch='condensed', size='scalable')) = 11.25
2025-09-26 16:50:42,071 ; matplotlib.font_manager                                      ; DEBUG   ; findfont: score(FontEntry(fname='C:\\Windows\\Fonts\\seguibli.ttf', name='Segoe UI', style='italic', variant='normal', weight=900, stretch='normal', size='scalable')) = 11.525
2025-09-26 16:50:42,072 ; matplotlib.font_manager                                      ; DEBUG   ; findfont: score(FontEntry(fname='C:\\Windows\\Fonts\\cambriai.ttf', name='Cambria', style='italic', variant='normal', weight=400, stretch='normal', size='scalable')) = 11.05
2025-09-26 16:50:42,072 ; matplotlib.font_manager                                      ; DEBUG   ; findfont: score(FontEntry(fname='C:\\Windows\\Fonts\\TCB_____.TTF', name='Tw Cen MT', style='normal', variant='normal', weight=700, stretch='normal', size='scalable')) = 10.335
2025-09-26 16:50:42,074 ; matplotlib.font_manager                                      ; DEBUG   ; findfont: score(FontEntry(fname='C:\\Windows\\Fonts\\CALIST.TTF', name='Calisto MT', style='normal', variant='normal', weight=400, stretch='normal', size='scalable')) = 10.05
2025-09-26 16:50:42,074 ; matplotlib.font_manager                                      ; DEBUG   ; findfont: score(FontEntry(fname='C:\\Windows\\Fonts\\Artifakt Element Hair.ttf', name='Artifakt Element', style='normal', variant='normal', weight=100, stretch='normal', size='scalable')) = 10.335
2025-09-26 16:50:42,074 ; matplotlib.font_manager                                      ; DEBUG   ; findfont: score(FontEntry(fname='C:\\Windows\\Fonts\\isocp3__.ttf', name='ISOCP3', style='normal', variant='normal', weight=400, stretch='normal', size='scalable')) = 10.05
2025-09-26 16:50:42,075 ; matplotlib.font_manager                                      ; DEBUG   ; findfont: score(FontEntry(fname='C:\\Windows\\Fonts\\panroman.ttf', name='PanRoman', style='normal', variant='normal', weight=400, stretch='normal', size='scalable')) = 10.05
2025-09-26 16:50:42,076 ; matplotlib.font_manager                                      ; DEBUG   ; findfont: score(FontEntry(fname='C:\\Windows\\Fonts\\syastro_.ttf', name='Syastro', style='normal', variant='normal', weight=400, stretch='normal', size='scalable')) = 10.05
2025-09-26 16:50:42,076 ; matplotlib.font_manager                                      ; DEBUG   ; findfont: score(FontEntry(fname='C:\\Windows\\Fonts\\sanssb__.ttf', name='SansSerif', style='normal', variant='normal', weight=700, stretch='normal', size='scalable')) = 10.335
2025-09-26 16:50:42,077 ; matplotlib.font_manager                                      ; DEBUG   ; findfont: score(FontEntry(fname='C:\\Windows\\Fonts\\palai.ttf', name='Palatino Linotype', style='italic', variant='normal', weight=400, stretch='normal', size='scalable')) = 11.05
2025-09-26 16:50:42,078 ; matplotlib.font_manager                                      ; DEBUG   ; findfont: score(FontEntry(fname='C:\\Windows\\Fonts\\COPRGTL.TTF', name='Copperplate Gothic Light', style='normal', variant='normal', weight=400, stretch='normal', size='scalable')) = 10.05
2025-09-26 16:50:42,078 ; matplotlib.font_manager                                      ; DEBUG   ; findfont: score(FontEntry(fname='C:\\Windows\\Fonts\\segoesc.ttf', name='Segoe Script', style='normal', variant='normal', weight=400, stretch='normal', size='scalable')) = 10.05
2025-09-26 16:50:42,079 ; matplotlib.font_manager                                      ; DEBUG   ; findfont: score(FontEntry(fname='C:\\Windows\\Fonts\\ROCKBI.TTF', name='Rockwell', style='italic', variant='normal', weight=700, stretch='normal', size='scalable')) = 11.335
2025-09-26 16:50:42,079 ; matplotlib.font_manager                                      ; DEBUG   ; findfont: score(FontEntry(fname='C:\\Windows\\Fonts\\symath__.ttf', name='Symath', style='normal', variant='normal', weight=400, stretch='normal', size='scalable')) = 10.05
2025-09-26 16:50:42,080 ; matplotlib.font_manager                                      ; DEBUG   ; findfont: score(FontEntry(fname='C:\\Windows\\Fonts\\ANTQUAB.TTF', name='Book Antiqua', style='normal', variant='normal', weight=700, stretch='normal', size='scalable')) = 10.335
2025-09-26 16:50:42,081 ; matplotlib.font_manager                                      ; DEBUG   ; findfont: score(FontEntry(fname='C:\\Windows\\Fonts\\arialbi.ttf', name='Arial', style='italic', variant='normal', weight=700, stretch='normal', size='scalable')) = 7.698636363636363
2025-09-26 16:50:42,081 ; matplotlib.font_manager                                      ; DEBUG   ; findfont: score(FontEntry(fname='C:\\Windows\\Fonts\\mtproxy2.ttf', name='Proxy 2', style='normal', variant='normal', weight=400, stretch='normal', size='scalable')) = 10.05
2025-09-26 16:50:42,081 ; matplotlib.font_manager                                      ; DEBUG   ; findfont: score(FontEntry(fname='C:\\Windows\\Fonts\\mingliub.ttc', name='MingLiU-ExtB', style='normal', variant='normal', weight=400, stretch='normal', size='scalable')) = 10.05
2025-09-26 16:50:42,082 ; matplotlib.font_manager                                      ; DEBUG   ; findfont: score(FontEntry(fname='C:\\Windows\\Fonts\\PERB____.TTF', name='Perpetua', style='normal', variant='normal', weight=700, stretch='normal', size='scalable')) = 10.335
2025-09-26 16:50:42,082 ; matplotlib.font_manager                                      ; DEBUG   ; findfont: score(FontEntry(fname='C:\\Windows\\Fonts\\segoeuii.ttf', name='Segoe UI', style='italic', variant='normal', weight=400, stretch='normal', size='scalable')) = 11.05
2025-09-26 16:50:42,082 ; matplotlib.font_manager                                      ; DEBUG   ; findfont: score(FontEntry(fname='C:\\Windows\\Fonts\\seguihis.ttf', name='Segoe UI Historic', style='normal', variant='normal', weight=400, stretch='normal', size='scalable')) = 10.05
2025-09-26 16:50:42,082 ; matplotlib.font_manager                                      ; DEBUG   ; findfont: score(FontEntry(fname='C:\\Windows\\Fonts\\swisseb.ttf', name='Swis721 Ex BT', style='normal', variant='normal', weight=700, stretch='expanded', size='scalable')) = 10.535
2025-09-26 16:50:42,084 ; matplotlib.font_manager                                      ; DEBUG   ; findfont: score(FontEntry(fname='C:\\Windows\\Fonts\\Artifakt Element Bold Italic.ttf', name='Artifakt Element', style='italic', variant='normal', weight=700, stretch='normal', size='scalable')) = 11.335
2025-09-26 16:50:42,084 ; matplotlib.font_manager                                      ; DEBUG   ; findfont: score(FontEntry(fname='C:\\Windows\\Fonts\\GOTHICB.TTF', name='Century Gothic', style='normal', variant='normal', weight=700, stretch='normal', size='scalable')) = 10.335
2025-09-26 16:50:42,085 ; matplotlib.font_manager                                      ; DEBUG   ; findfont: score(FontEntry(fname='C:\\Windows\\Fonts\\BRADHITC.TTF', name='Bradley Hand ITC', style='normal', variant='normal', weight=400, stretch='normal', size='scalable')) = 10.05
2025-09-26 16:50:42,086 ; matplotlib.font_manager                                      ; DEBUG   ; findfont: score(FontEntry(fname='C:\\Windows\\Fonts\\GLECB.TTF', name='Gloucester MT Extra Condensed', style='normal', variant='normal', weight=400, stretch='condensed', size='scalable')) = 10.25
2025-09-26 16:50:42,086 ; matplotlib.font_manager                                      ; DEBUG   ; findfont: score(FontEntry(fname='C:\\Windows\\Fonts\\georgiaz.ttf', name='Georgia', style='italic', variant='normal', weight=700, stretch='normal', size='scalable')) = 11.335
2025-09-26 16:50:42,086 ; matplotlib.font_manager                                      ; DEBUG   ; findfont: score(FontEntry(fname='C:\\Windows\\Fonts\\seguibl.ttf', name='Segoe UI', style='normal', variant='normal', weight=900, stretch='normal', size='scalable')) = 10.525
2025-09-26 16:50:42,087 ; matplotlib.font_manager                                      ; DEBUG   ; findfont: score(FontEntry(fname='C:\\Windows\\Fonts\\simplex_.ttf', name='Simplex', style='normal', variant='normal', weight=400, stretch='normal', size='scalable')) = 10.05
2025-09-26 16:50:42,087 ; matplotlib.font_manager                                      ; DEBUG   ; findfont: score(FontEntry(fname='C:\\Windows\\Fonts\\times.ttf', name='Times New Roman', style='normal', variant='normal', weight=400, stretch='normal', size='scalable')) = 10.05
2025-09-26 16:50:42,088 ; matplotlib.font_manager                                      ; DEBUG   ; findfont: score(FontEntry(fname='C:\\Windows\\Fonts\\counb___.ttf', name='CountryBlueprint', style='normal', variant='normal', weight=400, stretch='normal', size='scalable')) = 10.05
2025-09-26 16:50:42,088 ; matplotlib.font_manager                                      ; DEBUG   ; findfont: score(FontEntry(fname='C:\\Windows\\Fonts\\Artifakt Element Regular.ttf', name='Artifakt Element', style='normal', variant='normal', weight=400, stretch='normal', size='scalable')) = 10.05
2025-09-26 16:50:42,088 ; matplotlib.font_manager                                      ; DEBUG   ; findfont: score(FontEntry(fname='C:\\Windows\\Fonts\\Artifakt Element Italic.ttf', name='Artifakt Element', style='italic', variant='normal', weight=400, stretch='normal', size='scalable')) = 11.05
2025-09-26 16:50:42,088 ; matplotlib.font_manager                                      ; DEBUG   ; findfont: score(FontEntry(fname='C:\\Windows\\Fonts\\romai___.ttf', name='Romantic', style='italic', variant='normal', weight=400, stretch='normal', size='scalable')) = 11.05
2025-09-26 16:50:42,089 ; matplotlib.font_manager                                      ; DEBUG   ; findfont: score(FontEntry(fname='C:\\Windows\\Fonts\\isocp2__.ttf', name='ISOCP2', style='normal', variant='normal', weight=400, stretch='normal', size='scalable')) = 10.05
2025-09-26 16:50:42,090 ; matplotlib.font_manager                                      ; DEBUG   ; findfont: score(FontEntry(fname='C:\\Windows\\Fonts\\GLSNECB.TTF', name='Gill Sans MT Ext Condensed Bold', style='normal', variant='normal', weight=400, stretch='condensed', size='scalable')) = 10.25
2025-09-26 16:50:42,091 ; matplotlib.font_manager                                      ; DEBUG   ; findfont: score(FontEntry(fname='C:\\Windows\\Fonts\\corbel.ttf', name='Corbel', style='normal', variant='normal', weight=400, stretch='normal', size='scalable')) = 10.05
2025-09-26 16:50:42,091 ; matplotlib.font_manager                                      ; DEBUG   ; findfont: score(FontEntry(fname='C:\\Windows\\Fonts\\swisscl.ttf', name='Swis721 LtCn BT', style='normal', variant='normal', weight=400, stretch='condensed', size='scalable')) = 10.25
2025-09-26 16:50:42,093 ; matplotlib.font_manager                                      ; DEBUG   ; findfont: score(FontEntry(fname='C:\\Windows\\Fonts\\DUBAI-BOLD.TTF', name='Dubai', style='normal', variant='normal', weight=700, stretch='normal', size='scalable')) = 10.335
2025-09-26 16:50:42,093 ; matplotlib.font_manager                                      ; DEBUG   ; findfont: score(FontEntry(fname='C:\\Windows\\Fonts\\tahomabd.ttf', name='Tahoma', style='normal', variant='normal', weight=700, stretch='normal', size='scalable')) = 10.335
2025-09-26 16:50:42,093 ; matplotlib.font_manager                                      ; DEBUG   ; findfont: score(FontEntry(fname='C:\\Windows\\Fonts\\isocteur.ttf', name='ISOCTEUR', style='normal', variant='normal', weight=400, stretch='normal', size='scalable')) = 10.05
2025-09-26 16:50:42,095 ; matplotlib.font_manager                                      ; DEBUG   ; findfont: score(FontEntry(fname='C:\\Windows\\Fonts\\PERTILI.TTF', name='Perpetua Titling MT', style='normal', variant='normal', weight=300, stretch='normal', size='scalable')) = 10.145
2025-09-26 16:50:42,095 ; matplotlib.font_manager                                      ; DEBUG   ; findfont: score(FontEntry(fname='C:\\Windows\\Fonts\\VIVALDII.TTF', name='Vivaldi', style='italic', variant='normal', weight=400, stretch='normal', size='scalable')) = 11.05
2025-09-26 16:50:42,095 ; matplotlib.font_manager                                      ; DEBUG   ; findfont: score(FontEntry(fname='C:\\Windows\\Fonts\\consolaz.ttf', name='Consolas', style='italic', variant='normal', weight=700, stretch='normal', size='scalable')) = 11.335
2025-09-26 16:50:42,096 ; matplotlib.font_manager                                      ; DEBUG   ; findfont: score(FontEntry(fname='C:\\Windows\\Fonts\\FRADMIT.TTF', name='Franklin Gothic Demi', style='italic', variant='normal', weight=400, stretch='normal', size='scalable')) = 11.05
2025-09-26 16:50:42,096 ; matplotlib.font_manager                                      ; DEBUG   ; findfont: score(FontEntry(fname='C:\\Windows\\Fonts\\Inkfree.ttf', name='Ink Free', style='normal', variant='normal', weight=400, stretch='normal', size='scalable')) = 10.05
2025-09-26 16:50:42,096 ; matplotlib.font_manager                                      ; DEBUG   ; findfont: score(FontEntry(fname='C:\\Windows\\Fonts\\trebuc.ttf', name='Trebuchet MS', style='normal', variant='normal', weight=400, stretch='normal', size='scalable')) = 10.05
2025-09-26 16:50:42,096 ; matplotlib.font_manager                                      ; DEBUG   ; findfont: score(FontEntry(fname='C:\\Windows\\Fonts\\TCM_____.TTF', name='Tw Cen MT', style='normal', variant='normal', weight=400, stretch='normal', size='scalable')) = 10.05
2025-09-26 16:50:42,097 ; matplotlib.font_manager                                      ; DEBUG   ; findfont: score(FontEntry(fname='C:\\Windows\\Fonts\\malgun.ttf', name='Malgun Gothic', style='normal', variant='normal', weight=400, stretch='normal', size='scalable')) = 10.05
2025-09-26 16:50:42,097 ; matplotlib.font_manager                                      ; DEBUG   ; findfont: score(FontEntry(fname='C:\\Windows\\Fonts\\ROCKB.TTF', name='Rockwell', style='normal', variant='normal', weight=700, stretch='normal', size='scalable')) = 10.335
2025-09-26 16:50:42,097 ; matplotlib.font_manager                                      ; DEBUG   ; findfont: score(FontEntry(fname='C:\\Windows\\Fonts\\ONYX.TTF', name='Onyx', style='normal', variant='normal', weight=400, stretch='normal', size='scalable')) = 10.05
2025-09-26 16:50:42,097 ; matplotlib.font_manager                                      ; DEBUG   ; findfont: score(FontEntry(fname='C:\\Windows\\Fonts\\comic.ttf', name='Comic Sans MS', style='normal', variant='normal', weight=400, stretch='normal', size='scalable')) = 10.05
2025-09-26 16:50:42,097 ; matplotlib.font_manager                                      ; DEBUG   ; findfont: score(FontEntry(fname='C:\\Windows\\Fonts\\malgunbd.ttf', name='Malgun Gothic', style='normal', variant='normal', weight=700, stretch='normal', size='scalable')) = 10.335
2025-09-26 16:50:42,098 ; matplotlib.font_manager                                      ; DEBUG   ; findfont: score(FontEntry(fname='C:\\Windows\\Fonts\\swissli.ttf', name='Swis721 Lt BT', style='italic', variant='normal', weight=400, stretch='normal', size='scalable')) = 11.05
2025-09-26 16:50:42,098 ; matplotlib.font_manager                                      ; DEBUG   ; findfont: score(FontEntry(fname='C:\\Windows\\Fonts\\symeteo_.ttf', name='Symeteo', style='normal', variant='normal', weight=400, stretch='normal', size='scalable')) = 10.05
2025-09-26 16:50:42,098 ; matplotlib.font_manager                                      ; DEBUG   ; findfont: score(FontEntry(fname='C:\\Windows\\Fonts\\comicbd.ttf', name='Comic Sans MS', style='normal', variant='normal', weight=700, stretch='normal', size='scalable')) = 10.335
2025-09-26 16:50:42,098 ; matplotlib.font_manager                                      ; DEBUG   ; findfont: score(FontEntry(fname='C:\\Windows\\Fonts\\framd.ttf', name='Franklin Gothic Medium', style='normal', variant='normal', weight=400, stretch='normal', size='scalable')) = 10.05
2025-09-26 16:50:42,098 ; matplotlib.font_manager                                      ; DEBUG   ; findfont: score(FontEntry(fname='C:\\Windows\\Fonts\\mtproxy1.ttf', name='Proxy 1', style='normal', variant='normal', weight=400, stretch='normal', size='scalable')) = 10.05
2025-09-26 16:50:42,099 ; matplotlib.font_manager                                      ; DEBUG   ; findfont: score(FontEntry(fname='C:\\Windows\\Fonts\\timesbi.ttf', name='Times New Roman', style='italic', variant='normal', weight=700, stretch='normal', size='scalable')) = 11.335
2025-09-26 16:50:42,099 ; matplotlib.font_manager                                      ; DEBUG   ; findfont: score(FontEntry(fname='C:\\Windows\\Fonts\\calibri.ttf', name='Calibri', style='normal', variant='normal', weight=400, stretch='normal', size='scalable')) = 10.05
2025-09-26 16:50:42,100 ; matplotlib.font_manager                                      ; DEBUG   ; findfont: score(FontEntry(fname='C:\\Windows\\Fonts\\mtproxy5.ttf', name='Proxy 5', style='normal', variant='normal', weight=400, stretch='normal', size='scalable')) = 10.05
2025-09-26 16:50:42,100 ; matplotlib.font_manager                                      ; DEBUG   ; findfont: score(FontEntry(fname='C:\\Windows\\Fonts\\romantic.ttf', name='Romantic', style='normal', variant='normal', weight=400, stretch='normal', size='scalable')) = 10.05
2025-09-26 16:50:42,101 ; matplotlib.font_manager                                      ; DEBUG   ; findfont: score(FontEntry(fname='C:\\Windows\\Fonts\\BELLI.TTF', name='Bell MT', style='italic', variant='normal', weight=400, stretch='normal', size='scalable')) = 11.05
2025-09-26 16:50:42,101 ; matplotlib.font_manager                                      ; DEBUG   ; findfont: score(FontEntry(fname='C:\\Windows\\Fonts\\swissel.ttf', name='Swis721 LtEx BT', style='normal', variant='normal', weight=400, stretch='expanded', size='scalable')) = 10.25
2025-09-26 16:50:42,101 ; matplotlib.font_manager                                      ; DEBUG   ; findfont: score(FontEntry(fname='C:\\Windows\\Fonts\\GARAIT.TTF', name='Garamond', style='italic', variant='normal', weight=400, stretch='normal', size='scalable')) = 11.05
2025-09-26 16:50:42,102 ; matplotlib.font_manager                                      ; DEBUG   ; findfont: score(FontEntry(fname='C:\\Windows\\Fonts\\malgunsl.ttf', name='Malgun Gothic', style='normal', variant='normal', weight=300, stretch='normal', size='scalable')) = 10.145
2025-09-26 16:50:42,102 ; matplotlib.font_manager                                      ; DEBUG   ; findfont: score(FontEntry(fname='C:\\Windows\\Fonts\\SCHLBKI.TTF', name='Century Schoolbook', style='italic', variant='normal', weight=400, stretch='normal', size='scalable')) = 11.05
2025-09-26 16:50:42,102 ; matplotlib.font_manager                                      ; DEBUG   ; findfont: score(FontEntry(fname='C:\\Windows\\Fonts\\DUBAI-LIGHT.TTF', name='Dubai', style='normal', variant='normal', weight=300, stretch='normal', size='scalable')) = 10.145
2025-09-26 16:50:42,103 ; matplotlib.font_manager                                      ; DEBUG   ; findfont: score(FontEntry(fname='C:\\Windows\\Fonts\\msyhl.ttc', name='Microsoft YaHei', style='normal', variant='normal', weight=290, stretch='normal', size='scalable')) = 10.1545
2025-09-26 16:50:42,103 ; matplotlib.font_manager                                      ; DEBUG   ; findfont: score(FontEntry(fname='C:\\Windows\\Fonts\\calibriz.ttf', name='Calibri', style='italic', variant='normal', weight=700, stretch='normal', size='scalable')) = 11.335
2025-09-26 16:50:42,103 ; matplotlib.font_manager                                      ; DEBUG   ; findfont: score(FontEntry(fname='C:\\Windows\\Fonts\\MAIAN.TTF', name='Maiandra GD', style='normal', variant='normal', weight=400, stretch='normal', size='scalable')) = 10.05
2025-09-26 16:50:42,104 ; matplotlib.font_manager                                      ; DEBUG   ; findfont: score(FontEntry(fname='C:\\Windows\\Fonts\\segoepr.ttf', name='Segoe Print', style='normal', variant='normal', weight=400, stretch='normal', size='scalable')) = 10.05
2025-09-26 16:50:42,104 ; matplotlib.font_manager                                      ; DEBUG   ; findfont: score(FontEntry(fname='C:\\Windows\\Fonts\\isocteui.ttf', name='ISOCTEUR', style='italic', variant='normal', weight=400, stretch='normal', size='scalable')) = 11.05
2025-09-26 16:50:42,104 ; matplotlib.font_manager                                      ; DEBUG   ; findfont: score(FontEntry(fname='C:\\Windows\\Fonts\\symbol.ttf', name='Symbol', style='normal', variant='normal', weight=400, stretch='normal', size='scalable')) = 10.05
2025-09-26 16:50:42,106 ; matplotlib.font_manager                                      ; DEBUG   ; findfont: score(FontEntry(fname='C:\\Windows\\Fonts\\BOOKOSB.TTF', name='Bookman Old Style', style='normal', variant='normal', weight=600, stretch='normal', size='scalable')) = 10.24
2025-09-26 16:50:42,106 ; matplotlib.font_manager                                      ; DEBUG   ; findfont: score(FontEntry(fname='C:\\Windows\\Fonts\\LeelaUIb.ttf', name='Leelawadee UI', style='normal', variant='normal', weight=700, stretch='normal', size='scalable')) = 10.335
2025-09-26 16:50:42,107 ; matplotlib.font_manager                                      ; DEBUG   ; findfont: score(FontEntry(fname='C:\\Windows\\Fonts\\sanssbo_.ttf', name='SansSerif', style='oblique', variant='normal', weight=700, stretch='normal', size='scalable')) = 11.335
2025-09-26 16:50:42,107 ; matplotlib.font_manager                                      ; DEBUG   ; findfont: score(FontEntry(fname='C:\\Windows\\Fonts\\CALISTB.TTF', name='Calisto MT', style='normal', variant='normal', weight=700, stretch='normal', size='scalable')) = 10.335
2025-09-26 16:50:42,107 ; matplotlib.font_manager                                      ; DEBUG   ; findfont: score(FontEntry(fname='C:\\Windows\\Fonts\\corbelb.ttf', name='Corbel', style='normal', variant='normal', weight=700, stretch='normal', size='scalable')) = 10.335
2025-09-26 16:50:42,108 ; matplotlib.font_manager                                      ; DEBUG   ; findfont: score(FontEntry(fname='C:\\Windows\\Fonts\\consolai.ttf', name='Consolas', style='italic', variant='normal', weight=400, stretch='normal', size='scalable')) = 11.05
2025-09-26 16:50:42,108 ; matplotlib.font_manager                                      ; DEBUG   ; findfont: score(FontEntry(fname='C:\\Windows\\Fonts\\swisscbo.ttf', name='Swis721 BdCnOul BT', style='normal', variant='normal', weight=400, stretch='condensed', size='scalable')) = 10.25
2025-09-26 16:50:42,108 ; matplotlib.font_manager                                      ; DEBUG   ; findfont: score(FontEntry(fname='C:\\Windows\\Fonts\\LBRITEDI.TTF', name='Lucida Bright', style='italic', variant='normal', weight=600, stretch='normal', size='scalable')) = 11.24
2025-09-26 16:50:42,108 ; matplotlib.font_manager                                      ; DEBUG   ; findfont: score(FontEntry(fname='C:\\Windows\\Fonts\\BRITANIC.TTF', name='Britannic Bold', style='normal', variant='normal', weight=400, stretch='normal', size='scalable')) = 10.05
2025-09-26 16:50:42,109 ; matplotlib.font_manager                                      ; DEBUG   ; findfont: score(FontEntry(fname='C:\\Windows\\Fonts\\ARIALNB.TTF', name='Arial', style='normal', variant='normal', weight=700, stretch='condensed', size='scalable')) = 6.8986363636363635
2025-09-26 16:50:42,109 ; matplotlib.font_manager                                      ; DEBUG   ; findfont: score(FontEntry(fname='C:\\Windows\\Fonts\\swissl.ttf', name='Swis721 Lt BT', style='normal', variant='normal', weight=400, stretch='normal', size='scalable')) = 10.05
2025-09-26 16:50:42,109 ; matplotlib.font_manager                                      ; DEBUG   ; findfont: score(FontEntry(fname='C:\\Windows\\Fonts\\GOTHIC.TTF', name='Century Gothic', style='normal', variant='normal', weight=400, stretch='normal', size='scalable')) = 10.05
2025-09-26 16:50:42,111 ; matplotlib.font_manager                                      ; DEBUG   ; findfont: score(FontEntry(fname='C:\\Windows\\Fonts\\bahnschrift.ttf', name='Bahnschrift', style='normal', variant='normal', weight=400, stretch='normal', size='scalable')) = 10.05
2025-09-26 16:50:42,111 ; matplotlib.font_manager                                      ; DEBUG   ; findfont: score(FontEntry(fname='C:\\Windows\\Fonts\\PALSCRI.TTF', name='Palace Script MT', style='normal', variant='normal', weight=400, stretch='normal', size='scalable')) = 10.05
2025-09-26 16:50:42,111 ; matplotlib.font_manager                                      ; DEBUG   ; findfont: score(FontEntry(fname='C:\\Windows\\Fonts\\FRAHVIT.TTF', name='Franklin Gothic Heavy', style='italic', variant='normal', weight=400, stretch='normal', size='scalable')) = 11.05
2025-09-26 16:50:42,112 ; matplotlib.font_manager                                      ; DEBUG   ; findfont: score(FontEntry(fname='C:\\Windows\\Fonts\\ntailu.ttf', name='Microsoft New Tai Lue', style='normal', variant='normal', weight=400, stretch='normal', size='scalable')) = 10.05
2025-09-26 16:50:42,112 ; matplotlib.font_manager                                      ; DEBUG   ; findfont: score(FontEntry(fname='C:\\Windows\\Fonts\\NIAGSOL.TTF', name='Niagara Solid', style='normal', variant='normal', weight=400, stretch='normal', size='scalable')) = 10.05
2025-09-26 16:50:42,113 ; matplotlib.font_manager                                      ; DEBUG   ; findfont: score(FontEntry(fname='C:\\Windows\\Fonts\\mtproxy8.ttf', name='Proxy 8', style='normal', variant='normal', weight=400, stretch='normal', size='scalable')) = 10.05
2025-09-26 16:50:42,113 ; matplotlib.font_manager                                      ; DEBUG   ; findfont: score(FontEntry(fname='C:\\Windows\\Fonts\\PERI____.TTF', name='Perpetua', style='italic', variant='normal', weight=400, stretch='normal', size='scalable')) = 11.05
2025-09-26 16:50:42,113 ; matplotlib.font_manager                                      ; DEBUG   ; findfont: score(FontEntry(fname='C:\\Windows\\Fonts\\BOD_BLAI.TTF', name='Bodoni MT', style='italic', variant='normal', weight=900, stretch='normal', size='scalable')) = 11.525
2025-09-26 16:50:42,114 ; matplotlib.font_manager                                      ; DEBUG   ; findfont: score(FontEntry(fname='C:\\Windows\\Fonts\\ARIALNI.TTF', name='Arial', style='italic', variant='normal', weight=400, stretch='condensed', size='scalable')) = 7.613636363636363
2025-09-26 16:50:42,114 ; matplotlib.font_manager                                      ; DEBUG   ; findfont: score(FontEntry(fname='C:\\Windows\\Fonts\\mtproxy6.ttf', name='Proxy 6', style='normal', variant='normal', weight=400, stretch='normal', size='scalable')) = 10.05
2025-09-26 16:50:42,114 ; matplotlib.font_manager                                      ; DEBUG   ; findfont: score(FontEntry(fname='C:\\Windows\\Fonts\\BOD_CI.TTF', name='Bodoni MT', style='italic', variant='normal', weight=400, stretch='condensed', size='scalable')) = 11.25
2025-09-26 16:50:42,115 ; matplotlib.font_manager                                      ; DEBUG   ; findfont: score(FontEntry(fname='C:\\Windows\\Fonts\\CALISTI.TTF', name='Calisto MT', style='italic', variant='normal', weight=400, stretch='normal', size='scalable')) = 11.05
2025-09-26 16:50:42,115 ; matplotlib.font_manager                                      ; DEBUG   ; findfont: score(FontEntry(fname='C:\\Windows\\Fonts\\SNAP____.TTF', name='Snap ITC', style='normal', variant='normal', weight=400, stretch='normal', size='scalable')) = 10.05
2025-09-26 16:50:42,115 ; matplotlib.font_manager                                      ; DEBUG   ; findfont: score(FontEntry(fname='C:\\Windows\\Fonts\\AIGDT___.TTF', name='AIGDT', style='normal', variant='normal', weight=400, stretch='normal', size='scalable')) = 10.05
2025-09-26 16:50:42,116 ; matplotlib.font_manager                                      ; DEBUG   ; findfont: score(FontEntry(fname='C:\\Windows\\Fonts\\LFAXD.TTF', name='Lucida Fax', style='normal', variant='normal', weight=600, stretch='normal', size='scalable')) = 10.24
2025-09-26 16:50:42,116 ; matplotlib.font_manager                                      ; DEBUG   ; findfont: score(FontEntry(fname='C:\\Windows\\Fonts\\techb___.ttf', name='TechnicBold', style='normal', variant='normal', weight=400, stretch='normal', size='scalable')) = 10.05
2025-09-26 16:50:42,117 ; matplotlib.font_manager                                      ; DEBUG   ; findfont: score(FontEntry(fname='C:\\Windows\\Fonts\\Nirmala.ttf', name='Nirmala UI', style='normal', variant='normal', weight=400, stretch='normal', size='scalable')) = 10.05
2025-09-26 16:50:42,117 ; matplotlib.font_manager                                      ; DEBUG   ; findfont: score(FontEntry(fname='C:\\Windows\\Fonts\\constan.ttf', name='Constantia', style='normal', variant='normal', weight=400, stretch='normal', size='scalable')) = 10.05
2025-09-26 16:50:42,117 ; matplotlib.font_manager                                      ; DEBUG   ; findfont: score(FontEntry(fname='C:\\Windows\\Fonts\\Artifakt Element Bold.ttf', name='Artifakt Element', style='normal', variant='normal', weight=700, stretch='normal', size='scalable')) = 10.335
2025-09-26 16:50:42,119 ; matplotlib.font_manager                                      ; DEBUG   ; findfont: score(FontEntry(fname='C:\\Windows\\Fonts\\swissek.ttf', name='Swis721 BlkEx BT', style='normal', variant='normal', weight=400, stretch='expanded', size='scalable')) = 10.25
2025-09-26 16:50:42,119 ; matplotlib.font_manager                                      ; DEBUG   ; findfont: score(FontEntry(fname='C:\\Windows\\Fonts\\dutch.ttf', name='Dutch801 Rm BT', style='normal', variant='normal', weight=400, stretch='normal', size='scalable')) = 10.05
2025-09-26 16:50:42,119 ; matplotlib.font_manager                                      ; DEBUG   ; findfont: score(FontEntry(fname='C:\\Windows\\Fonts\\verdanaz.ttf', name='Verdana', style='italic', variant='normal', weight=700, stretch='normal', size='scalable')) = 4.971363636363637
2025-09-26 16:50:42,120 ; matplotlib.font_manager                                      ; DEBUG   ; findfont: score(FontEntry(fname='C:\\Windows\\Fonts\\Dengb.ttf', name='DengXian', style='normal', variant='normal', weight=700, stretch='normal', size='scalable')) = 10.335
2025-09-26 16:50:42,120 ; matplotlib.font_manager                                      ; DEBUG   ; findfont: score(FontEntry(fname='C:\\Windows\\Fonts\\YuGothR.ttc', name='Yu Gothic', style='normal', variant='normal', weight=400, stretch='normal', size='scalable')) = 10.05
2025-09-26 16:50:42,120 ; matplotlib.font_manager                                      ; DEBUG   ; findfont: score(FontEntry(fname='C:\\Windows\\Fonts\\swissko.ttf', name='Swis721 BlkOul BT', style='normal', variant='normal', weight=400, stretch='normal', size='scalable')) = 10.05
2025-09-26 16:50:42,121 ; matplotlib.font_manager                                      ; DEBUG   ; findfont: score(FontEntry(fname='C:\\Windows\\Fonts\\Artifakt Element Light Italic.ttf', name='Artifakt Element', style='italic', variant='normal', weight=300, stretch='normal', size='scalable')) = 11.145
2025-09-26 16:50:42,121 ; matplotlib.font_manager                                      ; DEBUG   ; findfont: score(FontEntry(fname='C:\\Windows\\Fonts\\GENISO.ttf', name='GENISO', style='normal', variant='normal', weight=400, stretch='normal', size='scalable')) = 10.05
2025-09-26 16:50:42,122 ; matplotlib.font_manager                                      ; DEBUG   ; findfont: score(FontEntry(fname='C:\\Windows\\Fonts\\REFSPCL.TTF', name='MS Reference Specialty', style='normal', variant='normal', weight=400, stretch='normal', size='scalable')) = 10.05
2025-09-26 16:50:42,122 ; matplotlib.font_manager                                      ; DEBUG   ; findfont: score(FontEntry(fname='C:\\Windows\\Fonts\\romant__.ttf', name='RomanT', style='normal', variant='normal', weight=400, stretch='normal', size='scalable')) = 10.05
2025-09-26 16:50:42,122 ; matplotlib.font_manager                                      ; DEBUG   ; findfont: score(FontEntry(fname='C:\\Windows\\Fonts\\LSANS.TTF', name='Lucida Sans', style='normal', variant='normal', weight=400, stretch='normal', size='scalable')) = 10.05
2025-09-26 16:50:42,122 ; matplotlib.font_manager                                      ; DEBUG   ; findfont: score(FontEntry(fname='C:\\Windows\\Fonts\\msjhl.ttc', name='Microsoft JhengHei', style='normal', variant='normal', weight=290, stretch='normal', size='scalable')) = 10.1545
2025-09-26 16:50:42,123 ; matplotlib.font_manager                                      ; DEBUG   ; findfont: score(FontEntry(fname='C:\\Windows\\Fonts\\lucon.ttf', name='Lucida Console', style='normal', variant='normal', weight=400, stretch='normal', size='scalable')) = 10.05
2025-09-26 16:50:42,123 ; matplotlib.font_manager                                      ; DEBUG   ; findfont: score(FontEntry(fname='C:\\Windows\\Fonts\\TCMI____.TTF', name='Tw Cen MT', style='italic', variant='normal', weight=400, stretch='normal', size='scalable')) = 11.05
2025-09-26 16:50:42,123 ; matplotlib.font_manager                                      ; DEBUG   ; findfont: score(FontEntry(fname='C:\\Windows\\Fonts\\segoeuiz.ttf', name='Segoe UI', style='italic', variant='normal', weight=700, stretch='normal', size='scalable')) = 11.335
2025-09-26 16:50:42,124 ; matplotlib.font_manager                                      ; DEBUG   ; findfont: score(FontEntry(fname='C:\\Windows\\Fonts\\complex_.ttf', name='Complex', style='normal', variant='normal', weight=400, stretch='normal', size='scalable')) = 10.05
2025-09-26 16:50:42,124 ; matplotlib.font_manager                                      ; DEBUG   ; findfont: score(FontEntry(fname='C:\\Windows\\Fonts\\BOOKOSI.TTF', name='Bookman Old Style', style='italic', variant='normal', weight=300, stretch='normal', size='scalable')) = 11.145
2025-09-26 16:50:42,124 ; matplotlib.font_manager                                      ; DEBUG   ; findfont: score(FontEntry(fname='C:\\Windows\\Fonts\\micross.ttf', name='Microsoft Sans Serif', style='normal', variant='normal', weight=400, stretch='normal', size='scalable')) = 10.05
2025-09-26 16:50:42,125 ; matplotlib.font_manager                                      ; DEBUG   ; findfont: score(FontEntry(fname='C:\\Windows\\Fonts\\MSUIGHUR.TTF', name='Microsoft Uighur', style='normal', variant='normal', weight=400, stretch='normal', size='scalable')) = 10.05
2025-09-26 16:50:42,126 ; matplotlib.font_manager                                      ; DEBUG   ; findfont: score(FontEntry(fname='C:\\Windows\\Fonts\\palabi.ttf', name='Palatino Linotype', style='italic', variant='normal', weight=700, stretch='normal', size='scalable')) = 11.335
2025-09-26 16:50:42,126 ; matplotlib.font_manager                                      ; DEBUG   ; findfont: score(FontEntry(fname='C:\\Windows\\Fonts\\italicc_.ttf', name='ItalicC', style='italic', variant='normal', weight=400, stretch='normal', size='scalable')) = 11.05
2025-09-26 16:50:42,126 ; matplotlib.font_manager                                      ; DEBUG   ; findfont: score(FontEntry(fname='C:\\Windows\\Fonts\\HARNGTON.TTF', name='Harrington', style='normal', variant='normal', weight=400, stretch='normal', size='scalable')) = 10.05
2025-09-26 16:50:42,127 ; matplotlib.font_manager                                      ; DEBUG   ; findfont: score(FontEntry(fname='C:\\Windows\\Fonts\\seguisym.ttf', name='Segoe UI Symbol', style='normal', variant='normal', weight=400, stretch='normal', size='scalable')) = 10.05
2025-09-26 16:50:42,127 ; matplotlib.font_manager                                      ; DEBUG   ; findfont: score(FontEntry(fname='C:\\Windows\\Fonts\\SansSerifCollection.ttf', name='Sans Serif Collection', style='normal', variant='normal', weight=400, stretch='normal', size='scalable')) = 10.05
2025-09-26 16:50:42,127 ; matplotlib.font_manager                                      ; DEBUG   ; findfont: score(FontEntry(fname='C:\\Windows\\Fonts\\PAPYRUS.TTF', name='Papyrus', style='normal', variant='normal', weight=400, stretch='normal', size='scalable')) = 10.05
2025-09-26 16:50:42,128 ; matplotlib.font_manager                                      ; DEBUG   ; findfont: score(FontEntry(fname='C:\\Windows\\Fonts\\BOD_BLAR.TTF', name='Bodoni MT', style='normal', variant='normal', weight=900, stretch='normal', size='scalable')) = 10.525
2025-09-26 16:50:42,128 ; matplotlib.font_manager                                      ; DEBUG   ; findfont: score(FontEntry(fname='C:\\Windows\\Fonts\\ROCC____.TTF', name='Rockwell Condensed', style='normal', variant='normal', weight=400, stretch='condensed', size='scalable')) = 10.25
2025-09-26 16:50:42,128 ; matplotlib.font_manager                                      ; DEBUG   ; findfont: score(FontEntry(fname='C:\\Windows\\Fonts\\GOUDOSI.TTF', name='Goudy Old Style', style='italic', variant='normal', weight=400, stretch='normal', size='scalable')) = 11.05
2025-09-26 16:50:42,129 ; matplotlib.font_manager                                      ; DEBUG   ; findfont: score(FontEntry(fname='C:\\Windows\\Fonts\\mvboli.ttf', name='MV Boli', style='normal', variant='normal', weight=400, stretch='normal', size='scalable')) = 10.05
2025-09-26 16:50:42,129 ; matplotlib.font_manager                                      ; DEBUG   ; findfont: score(FontEntry(fname='C:\\Windows\\Fonts\\FELIXTI.TTF', name='Felix Titling', style='normal', variant='normal', weight=400, stretch='normal', size='scalable')) = 10.05
2025-09-26 16:50:42,129 ; matplotlib.font_manager                                      ; DEBUG   ; findfont: score(FontEntry(fname='C:\\Windows\\Fonts\\HARLOWSI.TTF', name='Harlow Solid Italic', style='italic', variant='normal', weight=400, stretch='normal', size='scalable')) = 11.05
2025-09-26 16:50:42,130 ; matplotlib.font_manager                                      ; DEBUG   ; findfont: score(FontEntry(fname='C:\\Windows\\Fonts\\holomdl2.ttf', name='HoloLens MDL2 Assets', style='normal', variant='normal', weight=400, stretch='normal', size='scalable')) = 10.05
2025-09-26 16:50:42,130 ; matplotlib.font_manager                                      ; DEBUG   ; findfont: score(FontEntry(fname='C:\\Windows\\Fonts\\LTYPEBO.TTF', name='Lucida Sans Typewriter', style='oblique', variant='normal', weight=600, stretch='normal', size='scalable')) = 11.24
2025-09-26 16:50:42,131 ; matplotlib.font_manager                                      ; DEBUG   ; findfont: score(FontEntry(fname='C:\\Windows\\Fonts\\LHANDW.TTF', name='Lucida Handwriting', style='italic', variant='normal', weight=400, stretch='normal', size='scalable')) = 11.05
2025-09-26 16:50:42,131 ; matplotlib.font_manager                                      ; DEBUG   ; findfont: score(FontEntry(fname='C:\\Windows\\Fonts\\consolab.ttf', name='Consolas', style='normal', variant='normal', weight=700, stretch='normal', size='scalable')) = 10.335
2025-09-26 16:50:42,133 ; matplotlib.font_manager                                      ; DEBUG   ; findfont: score(FontEntry(fname='C:\\Windows\\Fonts\\isocpeur.ttf', name='ISOCPEUR', style='normal', variant='normal', weight=400, stretch='normal', size='scalable')) = 10.05
2025-09-26 16:50:42,133 ; matplotlib.font_manager                                      ; DEBUG   ; findfont: score(FontEntry(fname='C:\\Windows\\Fonts\\GILSANUB.TTF', name='Gill Sans Ultra Bold', style='normal', variant='normal', weight=400, stretch='normal', size='scalable')) = 10.05
2025-09-26 16:50:42,134 ; matplotlib.font_manager                                      ; DEBUG   ; findfont: score(FontEntry(fname='C:\\Windows\\Fonts\\swisscb.ttf', name='Swis721 Cn BT', style='normal', variant='normal', weight=700, stretch='condensed', size='scalable')) = 10.535
2025-09-26 16:50:42,134 ; matplotlib.font_manager                                      ; DEBUG   ; findfont: score(FontEntry(fname='C:\\Windows\\Fonts\\FRAHV.TTF', name='Franklin Gothic Heavy', style='normal', variant='normal', weight=400, stretch='normal', size='scalable')) = 10.05
2025-09-26 16:50:42,135 ; matplotlib.font_manager                                      ; DEBUG   ; findfont: score(FontEntry(fname='C:\\Windows\\Fonts\\STENCIL.TTF', name='Stencil', style='normal', variant='normal', weight=400, stretch='normal', size='scalable')) = 10.05
2025-09-26 16:50:42,135 ; matplotlib.font_manager                                      ; DEBUG   ; findfont: score(FontEntry(fname='C:\\Windows\\Fonts\\isoct3__.ttf', name='ISOCT3', style='normal', variant='normal', weight=400, stretch='normal', size='scalable')) = 10.05
2025-09-26 16:50:42,136 ; matplotlib.font_manager                                      ; DEBUG   ; findfont: score(FontEntry(fname='C:\\Windows\\Fonts\\FTLTLT.TTF', name='Footlight MT Light', style='normal', variant='normal', weight=300, stretch='normal', size='scalable')) = 10.145
2025-09-26 16:50:42,136 ; matplotlib.font_manager                                      ; DEBUG   ; findfont: score(FontEntry(fname='C:\\Windows\\Fonts\\ARIALUNI.ttf', name='Arial Unicode MS', style='normal', variant='normal', weight=400, stretch='normal', size='scalable')) = 10.05
2025-09-26 16:50:42,137 ; matplotlib.font_manager                                      ; DEBUG   ; findfont: score(FontEntry(fname='C:\\Windows\\Fonts\\ERASLGHT.TTF', name='Eras Light ITC', style='normal', variant='normal', weight=400, stretch='normal', size='scalable')) = 10.05
2025-09-26 16:50:42,137 ; matplotlib.font_manager                                      ; DEBUG   ; findfont: score(FontEntry(fname='C:\\Windows\\Fonts\\GOTHICI.TTF', name='Century Gothic', style='italic', variant='normal', weight=400, stretch='normal', size='scalable')) = 11.05
2025-09-26 16:50:42,137 ; matplotlib.font_manager                                      ; DEBUG   ; findfont: score(FontEntry(fname='C:\\Windows\\Fonts\\swissci.ttf', name='Swis721 Cn BT', style='italic', variant='normal', weight=400, stretch='condensed', size='scalable')) = 11.25
2025-09-26 16:50:42,138 ; matplotlib.font_manager                                      ; DEBUG   ; findfont: score(FontEntry(fname='C:\\Windows\\Fonts\\NirmalaS.ttf', name='Nirmala UI', style='normal', variant='normal', weight=350, stretch='normal', size='scalable')) = 10.0975
2025-09-26 16:50:42,138 ; matplotlib.font_manager                                      ; DEBUG   ; findfont: score(FontEntry(fname='C:\\Windows\\Fonts\\simsunb.ttf', name='SimSun-ExtB', style='normal', variant='normal', weight=400, stretch='normal', size='scalable')) = 10.05
2025-09-26 16:50:42,139 ; matplotlib.font_manager                                      ; DEBUG   ; findfont: score(FontEntry(fname='C:\\Windows\\Fonts\\Artifakt Element Thin.ttf', name='Artifakt Element', style='normal', variant='normal', weight=200, stretch='normal', size='scalable')) = 10.24
2025-09-26 16:50:42,139 ; matplotlib.font_manager                                      ; DEBUG   ; findfont: score(FontEntry(fname='C:\\Windows\\Fonts\\AGENCYR.TTF', name='Agency FB', style='normal', variant='normal', weight=400, stretch='normal', size='scalable')) = 10.05
2025-09-26 16:50:42,140 ; matplotlib.font_manager                                      ; DEBUG   ; findfont: score(FontEntry(fname='C:\\Windows\\Fonts\\constanb.ttf', name='Constantia', style='normal', variant='normal', weight=700, stretch='normal', size='scalable')) = 10.335
2025-09-26 16:50:42,140 ; matplotlib.font_manager                                      ; DEBUG   ; findfont: score(FontEntry(fname='C:\\Windows\\Fonts\\Artifakt Element Thin Italic.ttf', name='Artifakt Element', style='italic', variant='normal', weight=200, stretch='normal', size='scalable')) = 11.24
2025-09-26 16:50:42,140 ; matplotlib.font_manager                                      ; DEBUG   ; findfont: score(FontEntry(fname='C:\\Windows\\Fonts\\LBRITE.TTF', name='Lucida Bright', style='normal', variant='normal', weight=400, stretch='normal', size='scalable')) = 10.05
2025-09-26 16:50:42,141 ; matplotlib.font_manager                                      ; DEBUG   ; findfont: score(FontEntry(fname='C:\\Windows\\Fonts\\ebrimabd.ttf', name='Ebrima', style='normal', variant='normal', weight=700, stretch='normal', size='scalable')) = 10.335
2025-09-26 16:50:42,141 ; matplotlib.font_manager                                      ; DEBUG   ; findfont: score(FontEntry(fname='C:\\Windows\\Fonts\\MAGNETOB.TTF', name='Magneto', style='normal', variant='normal', weight=700, stretch='normal', size='scalable')) = 10.335
2025-09-26 16:50:42,141 ; matplotlib.font_manager                                      ; DEBUG   ; findfont: score(FontEntry(fname='C:\\Windows\\Fonts\\cityb___.ttf', name='CityBlueprint', style='normal', variant='normal', weight=400, stretch='normal', size='scalable')) = 10.05
2025-09-26 16:50:42,141 ; matplotlib.font_manager                                      ; DEBUG   ; findfont: score(FontEntry(fname='C:\\Windows\\Fonts\\ntailub.ttf', name='Microsoft New Tai Lue', style='normal', variant='normal', weight=700, stretch='normal', size='scalable')) = 10.335
2025-09-26 16:50:42,142 ; matplotlib.font_manager                                      ; DEBUG   ; findfont: score(FontEntry(fname='C:\\Windows\\Fonts\\framdit.ttf', name='Franklin Gothic Medium', style='italic', variant='normal', weight=400, stretch='normal', size='scalable')) = 11.05
2025-09-26 16:50:42,143 ; matplotlib.font_manager                                      ; DEBUG   ; findfont: score(FontEntry(fname='C:\\Windows\\Fonts\\trebucbi.ttf', name='Trebuchet MS', style='italic', variant='normal', weight=700, stretch='normal', size='scalable')) = 11.335
2025-09-26 16:50:42,143 ; matplotlib.font_manager                                      ; DEBUG   ; findfont: score(FontEntry(fname='C:\\Windows\\Fonts\\LATINWD.TTF', name='Wide Latin', style='normal', variant='normal', weight=400, stretch='expanded', size='scalable')) = 10.25
2025-09-26 16:50:42,143 ; matplotlib.font_manager                                      ; DEBUG   ; findfont: score(FontEntry(fname='C:\\Windows\\Fonts\\Candarali.ttf', name='Candara', style='italic', variant='normal', weight=400, stretch='normal', size='scalable')) = 11.05
2025-09-26 16:50:42,144 ; matplotlib.font_manager                                      ; DEBUG   ; findfont: score(FontEntry(fname='C:\\Windows\\Fonts\\IMPRISHA.TTF', name='Imprint MT Shadow', style='normal', variant='normal', weight=400, stretch='normal', size='scalable')) = 10.05
2025-09-26 16:50:42,144 ; matplotlib.font_manager                                      ; DEBUG   ; findfont: score(FontEntry(fname='C:\\Windows\\Fonts\\courbd.ttf', name='Courier New', style='normal', variant='normal', weight=700, stretch='normal', size='scalable')) = 10.335
2025-09-26 16:50:42,145 ; matplotlib.font_manager                                      ; DEBUG   ; findfont: score(FontEntry(fname='C:\\Windows\\Fonts\\ROCK.TTF', name='Rockwell', style='normal', variant='normal', weight=400, stretch='normal', size='scalable')) = 10.05
2025-09-26 16:50:42,145 ; matplotlib.font_manager                                      ; DEBUG   ; findfont: score(FontEntry(fname='C:\\Windows\\Fonts\\ERASMD.TTF', name='Eras Medium ITC', style='normal', variant='normal', weight=400, stretch='normal', size='scalable')) = 10.05
2025-09-26 16:50:42,146 ; matplotlib.font_manager                                      ; DEBUG   ; findfont: score(FontEntry(fname='C:\\Windows\\Fonts\\constanz.ttf', name='Constantia', style='italic', variant='normal', weight=700, stretch='normal', size='scalable')) = 11.335
2025-09-26 16:50:42,146 ; matplotlib.font_manager                                      ; DEBUG   ; findfont: score(FontEntry(fname='C:\\Windows\\Fonts\\REFSAN.TTF', name='MS Reference Sans Serif', style='normal', variant='normal', weight=400, stretch='normal', size='scalable')) = 10.05
2025-09-26 16:50:42,146 ; matplotlib.font_manager                                      ; DEBUG   ; findfont: score(FontEntry(fname='C:\\Windows\\Fonts\\BELLB.TTF', name='Bell MT', style='normal', variant='normal', weight=700, stretch='normal', size='scalable')) = 10.335
2025-09-26 16:50:42,147 ; matplotlib.font_manager                                      ; DEBUG   ; findfont: score(FontEntry(fname='C:\\Windows\\Fonts\\BOOKOSBI.TTF', name='Bookman Old Style', style='italic', variant='normal', weight=600, stretch='normal', size='scalable')) = 11.24
2025-09-26 16:50:42,147 ; matplotlib.font_manager                                      ; DEBUG   ; findfont: score(FontEntry(fname='C:\\Windows\\Fonts\\impact.ttf', name='Impact', style='normal', variant='normal', weight=400, stretch='normal', size='scalable')) = 10.05
2025-09-26 16:50:42,148 ; matplotlib.font_manager                                      ; DEBUG   ; findfont: score(FontEntry(fname='C:\\Windows\\Fonts\\simhei.ttf', name='SimHei', style='normal', variant='normal', weight=400, stretch='normal', size='scalable')) = 10.05
2025-09-26 16:50:42,148 ; matplotlib.font_manager                                      ; DEBUG   ; findfont: score(FontEntry(fname='C:\\Windows\\Fonts\\CENTURY.TTF', name='Century', style='normal', variant='normal', weight=400, stretch='normal', size='scalable')) = 10.05
2025-09-26 16:50:42,148 ; matplotlib.font_manager                                      ; DEBUG   ; findfont: score(FontEntry(fname='C:\\Windows\\Fonts\\PARCHM.TTF', name='Parchment', style='normal', variant='normal', weight=400, stretch='normal', size='scalable')) = 10.05
2025-09-26 16:50:42,149 ; matplotlib.font_manager                                      ; DEBUG   ; findfont: score(FontEntry(fname='C:\\Windows\\Fonts\\GOUDYSTO.TTF', name='Goudy Stout', style='normal', variant='normal', weight=400, stretch='normal', size='scalable')) = 10.05
2025-09-26 16:50:42,150 ; matplotlib.font_manager                                      ; DEBUG   ; findfont: score(FontEntry(fname='C:\\Windows\\Fonts\\swissbo.ttf', name='Swis721 BdOul BT', style='normal', variant='normal', weight=400, stretch='normal', size='scalable')) = 10.05
2025-09-26 16:50:42,151 ; matplotlib.font_manager                                      ; DEBUG   ; findfont: score(FontEntry(fname='C:\\Windows\\Fonts\\BOD_PSTC.TTF', name='Bodoni MT', style='normal', variant='normal', weight=300, stretch='normal', size='scalable')) = 10.145
2025-09-26 16:50:42,151 ; matplotlib.font_manager                                      ; DEBUG   ; findfont: score(FontEntry(fname='C:\\Windows\\Fonts\\BOD_BI.TTF', name='Bodoni MT', style='italic', variant='normal', weight=700, stretch='normal', size='scalable')) = 11.335
2025-09-26 16:50:42,154 ; matplotlib.font_manager                                      ; DEBUG   ; findfont: Matching sans\-serif:style=normal:variant=normal:weight=normal:stretch=normal:size=12.0 to DejaVu Sans ('c:\\Users\\jablonski\\AppData\\Local\\anaconda3\\Lib\\site-packages\\matplotlib\\mpl-data\\fonts\\ttf\\DejaVuSans.ttf') with score of 0.050000.
2025-09-26 16:50:42,263 ; matplotlib.backends.backend_pdf                              ; DEBUG   ; Assigning font /F1 = 'C:\\Users\\jablonski\\AppData\\Local\\anaconda3\\Lib\\site-packages\\matplotlib\\mpl-data\\fonts\\ttf\\DejaVuSans.ttf'
2025-09-26 16:50:42,983 ; matplotlib.backends.backend_pdf                              ; DEBUG   ; Embedding font C:\Users\jablonski\AppData\Local\anaconda3\Lib\site-packages\matplotlib\mpl-data\fonts\ttf\DejaVuSans.ttf.
2025-09-26 16:50:42,985 ; matplotlib.backends.backend_pdf                              ; DEBUG   ; Writing TrueType font.
2025-09-26 16:50:49,603 ; PT3S                                                         ; DEBUG   ; PT3S.Rm.pltHelperX: Start.
2025-09-26 16:50:49,603 ; PT3S                                                         ; DEBUG   ; PT3S.Rm.pltHelperX: bysecond: [0, 2, 4, 6, 8, 10, 12, 14, 16, 18, 20, 22, 24, 26, 28, 30, 32, 34, 36, 38, 40, 42, 44, 46, 48, 50, 52, 54, 56, 58, 60]
2025-09-26 16:50:49,603 ; PT3S                                                         ; DEBUG   ; PT3S.Rm.pltHelperX: byminute: None
2025-09-26 16:50:49,603 ; PT3S                                                         ; DEBUG   ; PT3S.Rm.pltHelperX: byhour: None
2025-09-26 16:50:49,603 ; PT3S                                                         ; DEBUG   ; PT3S.Rm.pltHelperX: dateFormat: %Hh:%Mm:%Ss
2025-09-26 16:50:49,603 ; PT3S                                                         ; DEBUG   ; PT3S.Rm.pltHelperX: yPos: 0
2025-09-26 16:50:49,603 ; PT3S                                                         ; DEBUG   ; PT3S.Rm.pltHelperX: ax.xaxis.set_major_locator ...
2025-09-26 16:50:49,603 ; PT3S                                                         ; DEBUG   ; PT3S.Rm.pltHelperX: ax.xaxis.set_major_formatter ...
2025-09-26 16:50:49,603 ; PT3S                                                         ; DEBUG   ; PT3S.Rm.pltHelperX: setp(ax.xaxis.get_majorticklabels() ...
2025-09-26 16:50:49,694 ; PT3S                                                         ; DEBUG   ; PT3S.Rm.pltHelperX: _Done.
PT3S.Rm.pltHelperX: _Done.
