2025-09-24 17:39:27,741 ; PT3S                                                         ; DEBUG   ; PT3S.dxAndMxHelperFcts.readDxAndMx: Start.
2025-09-24 17:39:27,743 ; PT3S                                                         ; DEBUG   ; Dx.__init__: Start.#########
2025-09-24 17:39:27,744 ; PT3S                                                         ; INFO    ; Dx.__init__: dbFile (abspath): c:\users\aUserName\3s\pt3s\PT3S\Examples\Example5.db3 exists readable ...
2025-09-24 17:39:27,956 ; PT3S                                                         ; DEBUG   ; Dx.__init__: tableNames: ['AB_DEF', 'AGSN', 'ALLG', 'ALLG_BZ', 'ANTP', 'ANTP_ROWS', 'ARRW', 'ATMO', 'AVOS', 'AVOS_ROWS', 'BENUTZER', 'BEVE', 'BEVE_BZ', 'BEWI', 'BEWI_BZ', 'BREF', 'BZAG', 'BZAG_BZ', 'CIRC', 'CONT', 'CRGL', 'DATENEBENE', 'DPGR', 'DPGR_BZ', 'DPGR_DPKT', 'DPKT', 'DPKT_BZ', 'DPRG', 'DPRG_BZ', 'DRNP', 'DTRO', 'DTRO_ROWD', 'EBES', 'EBES_BZ', 'ELEMENTQUERY', 'ETAM', 'ETAM_ROWS', 'ETAR', 'ETAR_ROWS', 'ETAU', 'ETAU_ROWS', 'FKNL', 'FKNL_BZ', 'FQPS', 'FQPS_BZ', 'FSTF', 'FWBZ', 'FWEA', 'FWEA_BZ', 'FWES', 'FWES_BZ', 'FWVB', 'FWVB_BZ', 'FWWU', 'FWWU_BZ', 'GEOMETRY_COLUMNS', 'GKMP', 'GMIX', 'GRAV', 'GTXT', 'GVWK', 'GVWK_BZ', 'HAUS', 'HYDR', 'HYDR_BZ', 'KLAP', 'KLAP_BZ', 'KNOT', 'KNOT_BZ', 'KOMK', 'KOMK_ROWS', 'KOMP', 'KOMP_BZ', 'LAYR', 'LFAL', 'LFAL_BZ', 'LFKT', 'LFKT_ROWT', 'LTGR', 'MAPG', 'MAPG_ROWS', 'MODELL', 'MREG', 'MREG_BZ', 'NRCV', 'NSCH', 'NSCH_BZ', 'OBEH', 'OBEH_BZ', 'OVAL', 'PARI', 'PARI_BZ', 'PARV', 'PARZ', 'PARZ_BZ', 'PGPR', 'PGRP', 'PGRP_BZ', 'PGRP_PUMP', 'PGRP_PUMP_BZ', 'PHI1', 'PHI1_ROWT', 'PHI2', 'PHI2_ROWS', 'PHIV', 'PHIV_ROWS', 'PHTR', 'PHTR_BZ', 'PLYG', 'POLY', 'PREG', 'PREG_BZ', 'PROZESSE', 'PUMD', 'PUMD_ROWT', 'PUMK', 'PUMK_ROWS', 'PUMP', 'PUMP_BZ', 'PVAR', 'PVAR_ROWT', 'PZON', 'PZVR', 'PZVR_BZ', 'QVAR', 'QVAR_ROWT', 'RADD', 'RADD_BZ', 'RART', 'RART_BZ', 'RCON', 'RCPL', 'RCPL_ROWT', 'RDIV', 'RDIV_BZ', 'RECT', 'REGP', 'REGV', 'REGV_BZ', 'RFKT', 'RFKT_BZ', 'RHYS', 'RHYS_BZ', 'RINT', 'RINT_BZ', 'RLSR', 'RLSR_BZ', 'RLVG', 'RLVG_BZ', 'RMES', 'RMES_BZ', 'RMES_DPTS', 'RMES_DPTS_BZ', 'RMMA', 'RMMA_BZ', 'RMUL', 'RMUL_BZ', 'ROHR', 'ROHR_BZ', 'ROHR_VRTX', 'RPFL', 'RPID', 'RPID_BZ', 'RPLAN', 'RPLAN_ROWS', 'RPT1', 'RPT1_BZ', 'RRCT', 'RSLW', 'RSLW_BZ', 'RSTE', 'RSTE_BZ', 'RSTN', 'RSTN_BZ', 'RTOT', 'RTOT_BZ', 'RUES', 'RUES_BZ', 'SIRGRAF', 'SIVE', 'SIVE_BZ', 'SOKO', 'SPLZ', 'SRAT', 'SRAT_ROWS', 'STOF', 'STOF_ROWS', 'STRASSE', 'STRO', 'STRO_BZ', 'SWVT', 'SWVT_ROWT', 'SYSTEMKONFIG', 'TEVT', 'TEVT_ROWT', 'TFKT', 'TFKT_ROWS', 'TIMD', 'TRFT', 'TRFT_ROWS', 'TRVA', 'UTMP', 'VARA_ROWS', 'VENT', 'VENT_BZ', 'VERB', 'VKNO', 'VRCT', 'WBLZ', 'WEVT', 'WEVT_ROWT', 'WIND', 'WIND_BZ', 'WTTR', 'WTTR_ROWT', 'ZEP1', 'ZEP1_ROWS', 'ZEP2', 'ZEP2_ROWS', 'VARA']
2025-09-24 17:39:27,956 ; PT3S                                                         ; DEBUG   ; Dx.__init__: viewNames: ['VARRW', 'VFWES', 'VFWVB', 'VGTXT', 'VKLAP', 'VKNOT', 'VOBEH', 'VPOLY', 'VPUMP', 'VRECT', 'VREGV', 'VROHR', 'VVENT', 'VIEW_MODELLE']
2025-09-24 17:39:28,004 ; PT3S                                                         ; DEBUG   ; Dx.__init__: pair-tables: pairType: _BZ:
2025-09-24 17:39:28,042 ; PT3S                                                         ; DEBUG   ; Dx.__init__: BV: ALLG         BVZ: ALLG_BZ      V: V_BVZ_ALLG      constructed with        1 rows and  44 cols.
2025-09-24 17:39:28,076 ; PT3S                                                         ; DEBUG   ; Dx.__init__: BV: BEVE         BVZ: BEVE_BZ      V: V_BVZ_BEVE      constructed with        1 rows and  76 cols.
2025-09-24 17:39:28,107 ; PT3S                                                         ; DEBUG   ; Dx.__init__: BV: BEWI         BVZ: BEWI_BZ      V: V_BVZ_BEWI      constructed with        1 rows and  75 cols.
2025-09-24 17:39:28,121 ; PT3S                                                         ; DEBUG   ; Dx.__init__: BV: BZAG         BVZ: BZAG_BZ      V: V_BVZ_BZAG      constructed with        1 rows and  26 cols.
2025-09-24 17:39:28,138 ; PT3S                                                         ; DEBUG   ; Dx.__init__: BV: DPGR         BVZ: DPGR_BZ      V: V_BVZ_DPGR      constructed with       14 rows and  32 cols.
2025-09-24 17:39:28,291 ; PT3S                                                         ; DEBUG   ; Dx.__init__: BV: DPKT         BVZ: DPKT_BZ      V: V_BVZ_DPKT      constructed with     2775 rows and  49 cols.
2025-09-24 17:39:28,306 ; PT3S                                                         ; DEBUG   ; Dx.__init__: BV: DPRG         BVZ: DPRG_BZ      V: V_BVZ_DPRG      constructed with        1 rows and  72 cols.
2025-09-24 17:39:28,325 ; PT3S                                                         ; DEBUG   ; Dx.__init__: BV: EBES         BVZ: EBES_BZ      V: V_BVZ_EBES      constructed with        2 rows and  30 cols.
2025-09-24 17:39:28,369 ; PT3S                                                         ; DEBUG   ; Dx.__init__: BV: FKNL         BVZ: FKNL_BZ      V: V_BVZ_FKNL      constructed with        1 rows and  69 cols.
2025-09-24 17:39:28,390 ; PT3S                                                         ; DEBUG   ; Dx.__init__: BV: FQPS         BVZ: FQPS_BZ      V: V_BVZ_FQPS      constructed with        1 rows and  71 cols.
2025-09-24 17:39:28,422 ; PT3S                                                         ; DEBUG   ; Dx.__init__: BV: FWEA         BVZ: FWEA_BZ      V: V_BVZ_FWEA      constructed with        1 rows and 134 cols.
2025-09-24 17:39:28,452 ; PT3S                                                         ; DEBUG   ; Dx.__init__: BV: FWES         BVZ: FWES_BZ      V: V_BVZ_FWES      constructed with        2 rows and  60 cols.
2025-09-24 17:39:28,510 ; PT3S                                                         ; DEBUG   ; Dx.__init__: BV: FWVB         BVZ: FWVB_BZ      V: V_BVZ_FWVB      constructed with      657 rows and  83 cols.
2025-09-24 17:39:28,544 ; PT3S                                                         ; DEBUG   ; Dx.__init__: BV: FWWU         BVZ: FWWU_BZ      V: V_BVZ_FWWU      constructed with        1 rows and  93 cols.
2025-09-24 17:39:28,571 ; PT3S                                                         ; DEBUG   ; Dx.__init__: BV: GVWK         BVZ: GVWK_BZ      V: V_BVZ_GVWK      constructed with        1 rows and  67 cols.
2025-09-24 17:39:28,589 ; PT3S                                                         ; DEBUG   ; Dx.__init__: BV: HYDR         BVZ: HYDR_BZ      V: V_BVZ_HYDR      constructed with        1 rows and  58 cols.
2025-09-24 17:39:28,605 ; PT3S                                                         ; DEBUG   ; Dx.__init__: BV: KLAP         BVZ: KLAP_BZ      V: V_BVZ_KLAP      constructed with        5 rows and  56 cols.
2025-09-24 17:39:28,701 ; PT3S                                                         ; DEBUG   ; Dx.__init__: BV: KNOT         BVZ: KNOT_BZ      V: V_BVZ_KNOT      constructed with     1562 rows and  65 cols.
2025-09-24 17:39:28,719 ; PT3S                                                         ; DEBUG   ; Dx.__init__: BV: KOMP         BVZ: KOMP_BZ      V: V_BVZ_KOMP      constructed with        1 rows and  80 cols.
2025-09-24 17:39:28,733 ; PT3S                                                         ; DEBUG   ; Dx.__init__: BV: LFAL         BVZ: LFAL_BZ      V: V_BVZ_LFAL      constructed with        1 rows and  25 cols.
2025-09-24 17:39:28,755 ; PT3S                                                         ; DEBUG   ; Dx.__init__: BV: MREG         BVZ: MREG_BZ      V: V_BVZ_MREG      constructed with        1 rows and  73 cols.
2025-09-24 17:39:28,802 ; PT3S                                                         ; DEBUG   ; Dx.__init__: BV: NSCH         BVZ: NSCH_BZ      V: V_BVZ_NSCH      constructed with     1672 rows and  33 cols.
2025-09-24 17:39:28,819 ; PT3S                                                         ; DEBUG   ; Dx.__init__: BV: OBEH         BVZ: OBEH_BZ      V: V_BVZ_OBEH      constructed with        1 rows and  62 cols.
2025-09-24 17:39:28,828 ; PT3S                                                         ; DEBUG   ; Dx.__init__: BV: PARI         BVZ: PARI_BZ      V: V_BVZ_PARI      constructed with        1 rows and  31 cols.
2025-09-24 17:39:28,840 ; PT3S                                                         ; DEBUG   ; Dx.__init__: BV: PARZ         BVZ: PARZ_BZ      V: V_BVZ_PARZ      constructed with        1 rows and  28 cols.
2025-09-24 17:39:28,852 ; PT3S                                                         ; DEBUG   ; Dx.__init__: BV: PGRP         BVZ: PGRP_BZ      V: V_BVZ_PGRP      constructed with        2 rows and  61 cols.
2025-09-24 17:39:28,860 ; PT3S                                                         ; DEBUG   ; Dx.__init__: BV: PGRP_PUMP    BVZ: PGRP_PUMP_BZ V: V_BVZ_PGRP_PUMP constructed with        2 rows and  26 cols.
2025-09-24 17:39:28,892 ; PT3S                                                         ; DEBUG   ; Dx.__init__: BV: PHTR         BVZ: PHTR_BZ      V: V_BVZ_PHTR      constructed with        1 rows and  65 cols.
2025-09-24 17:39:28,914 ; PT3S                                                         ; DEBUG   ; Dx.__init__: BV: PREG         BVZ: PREG_BZ      V: V_BVZ_PREG      constructed with        1 rows and  71 cols.
2025-09-24 17:39:28,942 ; PT3S                                                         ; DEBUG   ; Dx.__init__: BV: PUMP         BVZ: PUMP_BZ      V: V_BVZ_PUMP      constructed with        3 rows and 142 cols.
2025-09-24 17:39:28,942 ; PT3S                                                         ; DEBUG   ; Dx.__init__: BV: PZVR         BVZ: PZVR_BZ      V: V_BVZ_PZVR      constructed with        1 rows and  30 cols.
2025-09-24 17:39:28,971 ; PT3S                                                         ; DEBUG   ; Dx.__init__: BV: RADD         BVZ: RADD_BZ      V: V_BVZ_RADD      constructed with        2 rows and  42 cols.
2025-09-24 17:39:28,988 ; PT3S                                                         ; DEBUG   ; Dx.__init__: BV: RART         BVZ: RART_BZ      V: V_BVZ_RART      constructed with       11 rows and  35 cols.
2025-09-24 17:39:29,003 ; PT3S                                                         ; DEBUG   ; Dx.__init__: BV: RDIV         BVZ: RDIV_BZ      V: V_BVZ_RDIV      constructed with        1 rows and  56 cols.
2025-09-24 17:39:29,022 ; PT3S                                                         ; DEBUG   ; Dx.__init__: BV: REGV         BVZ: REGV_BZ      V: V_BVZ_REGV      constructed with        1 rows and  55 cols.
2025-09-24 17:39:29,040 ; PT3S                                                         ; DEBUG   ; Dx.__init__: BV: RFKT         BVZ: RFKT_BZ      V: V_BVZ_RFKT      constructed with        1 rows and  57 cols.
2025-09-24 17:39:29,054 ; PT3S                                                         ; DEBUG   ; Dx.__init__: BV: RHYS         BVZ: RHYS_BZ      V: V_BVZ_RHYS      constructed with        2 rows and  45 cols.
2025-09-24 17:39:29,073 ; PT3S                                                         ; DEBUG   ; Dx.__init__: BV: RINT         BVZ: RINT_BZ      V: V_BVZ_RINT      constructed with        1 rows and  56 cols.
2025-09-24 17:39:29,093 ; PT3S                                                         ; DEBUG   ; Dx.__init__: BV: RLSR         BVZ: RLSR_BZ      V: V_BVZ_RLSR      constructed with        1 rows and  54 cols.
2025-09-24 17:39:29,120 ; PT3S                                                         ; DEBUG   ; Dx.__init__: BV: RLVG         BVZ: RLVG_BZ      V: V_BVZ_RLVG      constructed with       14 rows and  42 cols.
2025-09-24 17:39:29,152 ; PT3S                                                         ; DEBUG   ; Dx.__init__: BV: RMES         BVZ: RMES_BZ      V: V_BVZ_RMES      constructed with       12 rows and  52 cols.
2025-09-24 17:39:29,159 ; PT3S                                                         ; DEBUG   ; Dx.__init__: BV: RMES_DPTS    BVZ: RMES_DPTS_BZ V: V_BVZ_RMES_DPTS constructed with       23 rows and  29 cols.
2025-09-24 17:39:29,186 ; PT3S                                                         ; DEBUG   ; Dx.__init__: BV: RMMA         BVZ: RMMA_BZ      V: V_BVZ_RMMA      constructed with        1 rows and  55 cols.
2025-09-24 17:39:29,202 ; PT3S                                                         ; DEBUG   ; Dx.__init__: BV: RMUL         BVZ: RMUL_BZ      V: V_BVZ_RMUL      constructed with        1 rows and  43 cols.
2025-09-24 17:39:29,310 ; PT3S                                                         ; DEBUG   ; Dx.__init__: BV: ROHR         BVZ: ROHR_BZ      V: V_BVZ_ROHR      constructed with     1675 rows and  74 cols.
2025-09-24 17:39:29,326 ; PT3S                                                         ; DEBUG   ; Dx.__init__: BV: RPID         BVZ: RPID_BZ      V: V_BVZ_RPID      constructed with        1 rows and  63 cols.
2025-09-24 17:39:29,345 ; PT3S                                                         ; DEBUG   ; Dx.__init__: BV: RPT1         BVZ: RPT1_BZ      V: V_BVZ_RPT1      constructed with        1 rows and  56 cols.
2025-09-24 17:39:29,376 ; PT3S                                                         ; DEBUG   ; Dx.__init__: BV: RSLW         BVZ: RSLW_BZ      V: V_BVZ_RSLW      constructed with       17 rows and  50 cols.
2025-09-24 17:39:29,402 ; PT3S                                                         ; DEBUG   ; Dx.__init__: BV: RSTE         BVZ: RSTE_BZ      V: V_BVZ_RSTE      constructed with        1 rows and 104 cols.
2025-09-24 17:39:29,439 ; PT3S                                                         ; DEBUG   ; Dx.__init__: BV: RSTN         BVZ: RSTN_BZ      V: V_BVZ_RSTN      constructed with       20 rows and  77 cols.
2025-09-24 17:39:29,452 ; PT3S                                                         ; DEBUG   ; Dx.__init__: BV: RTOT         BVZ: RTOT_BZ      V: V_BVZ_RTOT      constructed with        1 rows and  55 cols.
2025-09-24 17:39:29,488 ; PT3S                                                         ; DEBUG   ; Dx.__init__: BV: RUES         BVZ: RUES_BZ      V: V_BVZ_RUES      constructed with      104 rows and  43 cols.
2025-09-24 17:39:29,506 ; PT3S                                                         ; DEBUG   ; Dx.__init__: BV: SIVE         BVZ: SIVE_BZ      V: V_BVZ_SIVE      constructed with        1 rows and  70 cols.
2025-09-24 17:39:29,519 ; PT3S                                                         ; DEBUG   ; Dx.__init__: BV: STRO         BVZ: STRO_BZ      V: V_BVZ_STRO      constructed with        1 rows and  72 cols.
2025-09-24 17:39:29,570 ; PT3S                                                         ; DEBUG   ; Dx.__init__: BV: VENT         BVZ: VENT_BZ      V: V_BVZ_VENT      constructed with      119 rows and  69 cols.
2025-09-24 17:39:29,599 ; PT3S                                                         ; DEBUG   ; Dx.__init__: BV: WIND         BVZ: WIND_BZ      V: V_BVZ_WIND      constructed with        1 rows and  76 cols.
2025-09-24 17:39:29,599 ; PT3S                                                         ; DEBUG   ; Dx.__init__: pair-tables: pairType: _ROWS:
2025-09-24 17:39:29,615 ; PT3S                                                         ; DEBUG   ; Dx.__init__: BV: ANTP         BVZ: ANTP_ROWS    V: V_BVZ_ANTP      constructed with        1 rows and  43 cols.
2025-09-24 17:39:29,631 ; PT3S                                                         ; DEBUG   ; Dx.__init__: BV: AVOS         BVZ: AVOS_ROWS    V: V_BVZ_AVOS      constructed with        3 rows and  43 cols.
2025-09-24 17:39:29,647 ; PT3S                                                         ; DEBUG   ; Dx.__init__: BV: ETAM         BVZ: ETAM_ROWS    V: V_BVZ_ETAM      constructed with        7 rows and  43 cols.
2025-09-24 17:39:29,664 ; PT3S                                                         ; DEBUG   ; Dx.__init__: BV: ETAR         BVZ: ETAR_ROWS    V: V_BVZ_ETAR      constructed with        7 rows and  43 cols.
2025-09-24 17:39:29,678 ; PT3S                                                         ; DEBUG   ; Dx.__init__: BV: ETAU         BVZ: ETAU_ROWS    V: V_BVZ_ETAU      constructed with        7 rows and  43 cols.
2025-09-24 17:39:29,702 ; PT3S                                                         ; DEBUG   ; Dx.__init__: BV: KOMK         BVZ: KOMK_ROWS    V: V_BVZ_KOMK      constructed with        1 rows and  53 cols.
2025-09-24 17:39:29,723 ; PT3S                                                         ; DEBUG   ; Dx.__init__: BV: MAPG         BVZ: MAPG_ROWS    V: V_BVZ_MAPG      constructed with        1 rows and  60 cols.
2025-09-24 17:39:29,742 ; PT3S                                                         ; DEBUG   ; Dx.__init__: BV: PHI2         BVZ: PHI2_ROWS    V: V_BVZ_PHI2      constructed with        8 rows and  44 cols.
2025-09-24 17:39:29,757 ; PT3S                                                         ; DEBUG   ; Dx.__init__: BV: PHIV         BVZ: PHIV_ROWS    V: V_BVZ_PHIV      constructed with       18 rows and  43 cols.
2025-09-24 17:39:29,774 ; PT3S                                                         ; DEBUG   ; Dx.__init__: BV: PUMK         BVZ: PUMK_ROWS    V: V_BVZ_PUMK      constructed with       40 rows and  49 cols.
2025-09-24 17:39:29,915 ; PT3S                                                         ; DEBUG   ; Dx.__init__: BV: RPLAN        BVZ: RPLAN_ROWS   V: V_BVZ_RPLAN     constructed with        1 rows and  54 cols.
2025-09-24 17:39:29,935 ; PT3S                                                         ; DEBUG   ; Dx.__init__: BV: SRAT         BVZ: SRAT_ROWS    V: V_BVZ_SRAT      constructed with      203 rows and  44 cols.
2025-09-24 17:39:29,952 ; PT3S                                                         ; DEBUG   ; Dx.__init__: BV: STOF         BVZ: STOF_ROWS    V: V_BVZ_STOF      constructed with      201 rows and  47 cols.
2025-09-24 17:39:29,972 ; PT3S                                                         ; DEBUG   ; Dx.__init__: BV: TFKT         BVZ: TFKT_ROWS    V: V_BVZ_TFKT      constructed with      116 rows and  43 cols.
2025-09-24 17:39:29,991 ; PT3S                                                         ; DEBUG   ; Dx.__init__: BV: TRFT         BVZ: TRFT_ROWS    V: V_BVZ_TRFT      constructed with        2 rows and  43 cols.
2025-09-24 17:39:30,013 ; PT3S                                                         ; DEBUG   ; Dx.__init__: BV: VARA         BVZ: VARA_ROWS    V: V_BVZ_VARA      constructed with        8 rows and  63 cols.
2025-09-24 17:39:30,031 ; PT3S                                                         ; DEBUG   ; Dx.__init__: BV: ZEP1         BVZ: ZEP1_ROWS    V: V_BVZ_ZEP1      constructed with       45 rows and  46 cols.
2025-09-24 17:39:30,052 ; PT3S                                                         ; DEBUG   ; Dx.__init__: BV: ZEP2         BVZ: ZEP2_ROWS    V: V_BVZ_ZEP2      constructed with       79 rows and  48 cols.
2025-09-24 17:39:30,052 ; PT3S                                                         ; DEBUG   ; Dx.__init__: pair-tables: pairType: _ROWT:
2025-09-24 17:39:30,069 ; PT3S                                                         ; DEBUG   ; Dx.__init__: BV: LFKT         BVZ: LFKT_ROWT    V: V_BVZ_LFKT      constructed with       20 rows and  38 cols.
2025-09-24 17:39:30,088 ; PT3S                                                         ; DEBUG   ; Dx.__init__: BV: PHI1         BVZ: PHI1_ROWT    V: V_BVZ_PHI1      constructed with        4 rows and  38 cols.
2025-09-24 17:39:30,106 ; PT3S                                                         ; DEBUG   ; Dx.__init__: BV: PUMD         BVZ: PUMD_ROWT    V: V_BVZ_PUMD      constructed with        2 rows and  38 cols.
2025-09-24 17:39:30,108 ; PT3S                                                         ; DEBUG   ; Dx.__init__: BV: PVAR         BVZ: PVAR_ROWT    V: V_BVZ_PVAR      constructed with        1 rows and  38 cols.
2025-09-24 17:39:30,125 ; PT3S                                                         ; DEBUG   ; Dx.__init__: BV: QVAR         BVZ: QVAR_ROWT    V: V_BVZ_QVAR      constructed with        1 rows and  38 cols.
2025-09-24 17:39:30,144 ; PT3S                                                         ; DEBUG   ; PT3S.Dx.fHelperCONTetc: pairType ROWT: df RCPL hat keine Spalte ZEIT? Keine Sortierung nach Zeit.
2025-09-24 17:39:30,144 ; PT3S                                                         ; DEBUG   ; Dx.__init__: BV: RCPL         BVZ: RCPL_ROWT    V: V_BVZ_RCPL      constructed with        3 rows and  13 cols.
2025-09-24 17:39:30,165 ; PT3S                                                         ; DEBUG   ; Dx.__init__: BV: SWVT         BVZ: SWVT_ROWT    V: V_BVZ_SWVT      constructed with      316 rows and  38 cols.
2025-09-24 17:39:30,185 ; PT3S                                                         ; DEBUG   ; Dx.__init__: BV: TEVT         BVZ: TEVT_ROWT    V: V_BVZ_TEVT      constructed with        2 rows and  38 cols.
2025-09-24 17:39:30,203 ; PT3S                                                         ; DEBUG   ; Dx.__init__: BV: WEVT         BVZ: WEVT_ROWT    V: V_BVZ_WEVT      constructed with        1 rows and  38 cols.
2025-09-24 17:39:30,211 ; PT3S                                                         ; DEBUG   ; Dx.__init__: BV: WTTR         BVZ: WTTR_ROWT    V: V_BVZ_WTTR      constructed with        0 rows and  45 cols.
2025-09-24 17:39:30,211 ; PT3S                                                         ; DEBUG   ; Dx.__init__: pair-tables: pairType: _ROWD:
2025-09-24 17:39:30,237 ; PT3S                                                         ; DEBUG   ; Dx.__init__: BV: DTRO         BVZ: DTRO_ROWD    V: V_BVZ_DTRO      constructed with       75 rows and  55 cols.
2025-09-24 17:39:30,237 ; PT3S                                                         ; DEBUG   ; Dx.__init__: tables which are not pair-tables:
2025-09-24 17:39:30,241 ; PT3S                                                         ; DEBUG   ; Dx.__init__: table: AB_DEF           V: V_AB_DEF             constructed with        1 rows and  16 cols.
2025-09-24 17:39:30,252 ; PT3S                                                         ; DEBUG   ; Dx.__init__: table: AGSN             V: V_AGSN               constructed with        2 rows and  37 cols.
2025-09-24 17:39:30,259 ; PT3S                                                         ; DEBUG   ; Dx.__init__: table: ARRW             V: V_ARRW               constructed with        5 rows and  52 cols.
2025-09-24 17:39:30,269 ; PT3S                                                         ; DEBUG   ; Dx.__init__: table: ATMO             V: V_ATMO               constructed with        2 rows and  37 cols.
2025-09-24 17:39:30,271 ; PT3S                                                         ; DEBUG   ; Dx.__init__: table: BENUTZER         V: V_BENUTZER           constructed with        0 rows and  26 cols.
2025-09-24 17:39:30,283 ; PT3S                                                         ; DEBUG   ; Dx.__init__: table: BREF             V: V_BREF               constructed with        1 rows and  52 cols.
2025-09-24 17:39:30,299 ; PT3S                                                         ; DEBUG   ; Dx.__init__: table: CIRC             V: V_CIRC               constructed with        1 rows and  52 cols.
2025-09-24 17:39:30,310 ; PT3S                                                         ; DEBUG   ; Dx.__init__: table: CONT             V: V_CONT               constructed with       15 rows and  41 cols.
2025-09-24 17:39:30,339 ; PT3S                                                         ; DEBUG   ; Dx.__init__: table: CRGL             V: V_CRGL               constructed with      111 rows and  53 cols.
2025-09-24 17:39:30,340 ; PT3S                                                         ; DEBUG   ; Dx.__init__: table: DATENEBENE       V: V_DATENEBENE         constructed with        4 rows and  11 cols.
2025-09-24 17:39:30,371 ; PT3S                                                         ; DEBUG   ; Dx.__init__: table: DPGR_DPKT        V: V_DPGR_DPKT          constructed with     3234 rows and  34 cols.
2025-09-24 17:39:30,378 ; PT3S                                                         ; DEBUG   ; Dx.__init__: table: DRNP             V: V_DRNP               constructed with        2 rows and  38 cols.
2025-09-24 17:39:30,378 ; PT3S                                                         ; DEBUG   ; Dx.__init__: table: ELEMENTQUERY     V: V_ELEMENTQUERY       constructed with       57 rows and  36 cols.
2025-09-24 17:39:30,390 ; PT3S                                                         ; DEBUG   ; Dx.__init__: table: FSTF             V: V_FSTF               constructed with        2 rows and  51 cols.
2025-09-24 17:39:30,395 ; PT3S                                                         ; DEBUG   ; Dx.__init__: table: FWBZ             V: V_FWBZ               constructed with        2 rows and  40 cols.
2025-09-24 17:39:30,395 ; PT3S                                                         ; DEBUG   ; Dx.__init__: table: GEOMETRY_COLUMNS V: V_GEOMETRY_COLUMNS   constructed with       13 rows and   7 cols.
2025-09-24 17:39:30,409 ; PT3S                                                         ; DEBUG   ; Dx.__init__: table: GKMP             V: V_GKMP               constructed with        1 rows and  55 cols.
2025-09-24 17:39:30,419 ; PT3S                                                         ; DEBUG   ; Dx.__init__: table: GMIX             V: V_GMIX               constructed with        1 rows and  80 cols.
2025-09-24 17:39:30,425 ; PT3S                                                         ; DEBUG   ; Dx.__init__: table: GRAV             V: V_GRAV               constructed with        2 rows and  35 cols.
2025-09-24 17:39:30,458 ; PT3S                                                         ; DEBUG   ; Dx.__init__: table: GTXT             V: V_GTXT               constructed with      123 rows and  54 cols.
2025-09-24 17:39:30,469 ; PT3S                                                         ; DEBUG   ; Dx.__init__: table: HAUS             V: V_HAUS               constructed with        1 rows and  43 cols.
2025-09-24 17:39:30,473 ; PT3S                                                         ; DEBUG   ; Dx.__init__: table: LAYR             V: V_LAYR               constructed with       21 rows and  38 cols.
2025-09-24 17:39:30,483 ; PT3S                                                         ; DEBUG   ; Dx.__init__: table: LTGR             V: V_LTGR               constructed with        4 rows and  38 cols.
2025-09-24 17:39:30,485 ; PT3S                                                         ; DEBUG   ; Dx.__init__: table: MODELL           V: V_MODELL             constructed with        1 rows and  18 cols.
2025-09-24 17:39:30,536 ; PT3S                                                         ; DEBUG   ; Dx.__init__: table: NRCV             V: V_NRCV               constructed with      420 rows and  61 cols.
2025-09-24 17:39:30,546 ; PT3S                                                         ; DEBUG   ; Dx.__init__: table: OVAL             V: V_OVAL               constructed with        1 rows and  52 cols.
2025-09-24 17:39:30,553 ; PT3S                                                         ; DEBUG   ; Dx.__init__: table: PARV             V: V_PARV               constructed with        2 rows and  45 cols.
2025-09-24 17:39:30,553 ; PT3S                                                         ; DEBUG   ; Dx.__init__: table: PGPR             V: V_PGPR               constructed with        2 rows and  36 cols.
2025-09-24 17:39:30,571 ; PT3S                                                         ; DEBUG   ; Dx.__init__: table: PLYG             V: V_PLYG               constructed with        1 rows and  53 cols.
2025-09-24 17:39:30,600 ; PT3S                                                         ; DEBUG   ; Dx.__init__: table: POLY             V: V_POLY               constructed with       12 rows and  53 cols.
2025-09-24 17:39:30,610 ; PT3S                                                         ; DEBUG   ; Dx.__init__: table: PROZESSE         V: V_PROZESSE           constructed with        0 rows and  21 cols.
2025-09-24 17:39:30,619 ; PT3S                                                         ; DEBUG   ; Dx.__init__: table: PZON             V: V_PZON               constructed with       27 rows and  43 cols.
2025-09-24 17:39:30,619 ; PT3S                                                         ; DEBUG   ; Dx.__init__: table: RCON             V: V_RCON               constructed with        2 rows and  35 cols.
2025-09-24 17:39:30,641 ; PT3S                                                         ; DEBUG   ; Dx.__init__: table: RECT             V: V_RECT               constructed with        5 rows and  52 cols.
2025-09-24 17:39:30,645 ; PT3S                                                         ; DEBUG   ; Dx.__init__: table: REGP             V: V_REGP               constructed with        2 rows and  34 cols.
2025-09-24 17:39:30,652 ; PT3S                                                         ; DEBUG   ; Dx.__init__: table: ROHR_VRTX        V: V_ROHR_VRTX          constructed with        1 rows and  36 cols.
2025-09-24 17:39:30,652 ; PT3S                                                         ; DEBUG   ; Dx.__init__: table: RPFL             V: V_RPFL               constructed with        1 rows and  52 cols.
2025-09-24 17:39:30,675 ; PT3S                                                         ; DEBUG   ; Dx.__init__: table: RRCT             V: V_RRCT               constructed with        1 rows and  52 cols.
2025-09-24 17:39:30,688 ; PT3S                                                         ; DEBUG   ; Dx.__init__: table: SIRGRAF          V: V_SIRGRAF            constructed with        2 rows and  67 cols.
2025-09-24 17:39:30,704 ; PT3S                                                         ; DEBUG   ; Dx.__init__: table: SOKO             V: V_SOKO               constructed with       26 rows and  69 cols.
2025-09-24 17:39:30,716 ; PT3S                                                         ; DEBUG   ; Dx.__init__: table: SPLZ             V: V_SPLZ               constructed with       16 rows and  44 cols.
2025-09-24 17:39:30,719 ; PT3S                                                         ; DEBUG   ; Dx.__init__: table: STRASSE          V: V_STRASSE            constructed with        1 rows and  37 cols.
2025-09-24 17:39:30,719 ; PT3S                                                         ; DEBUG   ; Dx.__init__: table: SYSTEMKONFIG     V: V_SYSTEMKONFIG       constructed with        4 rows and   4 cols.
2025-09-24 17:39:30,733 ; PT3S                                                         ; DEBUG   ; Dx.__init__: table: TIMD             V: V_TIMD               constructed with        2 rows and  40 cols.
2025-09-24 17:39:30,742 ; PT3S                                                         ; DEBUG   ; Dx.__init__: table: TRVA             V: V_TRVA               constructed with        2 rows and  45 cols.
2025-09-24 17:39:30,752 ; PT3S                                                         ; DEBUG   ; Dx.__init__: table: UTMP             V: V_UTMP               constructed with        2 rows and  35 cols.
2025-09-24 17:39:30,752 ; PT3S                                                         ; DEBUG   ; Dx.__init__: table: VARA             V: V_VARA               constructed with        4 rows and  35 cols.
2025-09-24 17:39:30,770 ; PT3S                                                         ; DEBUG   ; Dx.__init__: table: VERB             V: V_VERB               constructed with        2 rows and  74 cols.
2025-09-24 17:39:30,806 ; PT3S                                                         ; DEBUG   ; Dx.__init__: table: VKNO             V: V_VKNO               constructed with      216 rows and  54 cols.
2025-09-24 17:39:30,806 ; PT3S                                                         ; DEBUG   ; Dx.__init__: table: VRCT             V: V_VRCT               constructed with        1 rows and  37 cols.
2025-09-24 17:39:30,819 ; PT3S                                                         ; DEBUG   ; Dx.__init__: table: WBLZ             V: V_WBLZ               constructed with       27 rows and  39 cols.
2025-09-24 17:39:30,819 ; PT3S                                                         ; DEBUG   ; Dx._dfLAYR: Start.
2025-09-24 17:39:30,819 ; PT3S                                                         ; DEBUG   ; PT3S.dxDecodeObjsData.Layr: Start.
2025-09-24 17:39:34,195 ; PT3S                                                         ; DEBUG   ; PT3S.dxDecodeObjsData.Layr: _Done.
2025-09-24 17:39:34,221 ; PT3S                                                         ; DEBUG   ; Dx._dfLAYR: _Done.
2025-09-24 17:39:34,221 ; PT3S                                                         ; DEBUG   ; Dx.__init__: expanding V_BVZ_ROHR with NAME_DTRO, DN, DI, DA, S, KT, PN, Am2, Vm3 ...
2025-09-24 17:39:34,270 ; PT3S                                                         ; DEBUG   ; Dx.__init__: expanding V_BVZ_ROHR: rows before: 1675 rows now: 1675
2025-09-24 17:39:34,270 ; PT3S                                                         ; DEBUG   ; Dx.__init__: V3_ROHR: expanding V_BVZ_ROHR with  NAME_LTGR, NAME_STRASSE, tk_i, NAME_i, tk_k, NAME_k ...
2025-09-24 17:39:34,311 ; PT3S                                                         ; DEBUG   ; Dx.__init__: V3_SWVT: expanding V_BVZ_SWVT ...
2025-09-24 17:39:34,311 ; PT3S                                                         ; DEBUG   ; Dx.__init__: vSWVT handA: ZEIT und/oder W sind Null?!: ZEIT: nan W: 0.0: Null-Wert(e) wird (werden) auf 0. gesetzt.
2025-09-24 17:39:34,311 ; PT3S                                                         ; DEBUG   ; Dx.__init__: vSWVT wDH_RD_A: ZEIT und/oder W sind Null?!: ZEIT: nan W: 4.199999809265137: Null-Wert(e) wird (werden) auf 0. gesetzt.
2025-09-24 17:39:34,311 ; PT3S                                                         ; DEBUG   ; Dx.__init__: vSWVT wNA: ZEIT und/oder W sind Null?!: ZEIT: nan W: 1525.0: Null-Wert(e) wird (werden) auf 0. gesetzt.
2025-09-24 17:39:34,311 ; PT3S                                                         ; DEBUG   ; Dx.__init__: vSWVT wDH_MD_A: ZEIT und/oder W sind Null?!: ZEIT: nan W: 6.980000019073486: Null-Wert(e) wird (werden) auf 0. gesetzt.
2025-09-24 17:39:34,311 ; PT3S                                                         ; DEBUG   ; Dx.__init__: vSWVT wNB: ZEIT und/oder W sind Null?!: ZEIT: nan W: 1255.0: Null-Wert(e) wird (werden) auf 0. gesetzt.
2025-09-24 17:39:34,316 ; PT3S                                                         ; DEBUG   ; Dx.__init__: vSWVT zLeck_RL: ZEIT und/oder W sind Null?!: ZEIT: nan W: 0.0: Null-Wert(e) wird (werden) auf 0. gesetzt.
2025-09-24 17:39:34,316 ; PT3S                                                         ; DEBUG   ; Dx.__init__: vSWVT wLast: ZEIT und/oder W sind Null?!: ZEIT: nan W: 0.9092400074005127: Null-Wert(e) wird (werden) auf 0. gesetzt.
2025-09-24 17:39:34,316 ; PT3S                                                         ; DEBUG   ; Dx.__init__: vSWVT zLeck3: ZEIT und/oder W sind Null?!: ZEIT: nan W: 0.0: Null-Wert(e) wird (werden) auf 0. gesetzt.
2025-09-24 17:39:34,316 ; PT3S                                                         ; DEBUG   ; Dx.__init__: vSWVT zLeckMenge: ZEIT und/oder W sind Null?!: ZEIT: nan W: 0.0: Null-Wert(e) wird (werden) auf 0. gesetzt.
2025-09-24 17:39:34,316 ; PT3S                                                         ; DEBUG   ; Dx.__init__: vSWVT wAutoA: ZEIT und/oder W sind Null?!: ZEIT: nan W: 1.0: Null-Wert(e) wird (werden) auf 0. gesetzt.
2025-09-24 17:39:34,316 ; PT3S                                                         ; DEBUG   ; Dx.__init__: vSWVT zLeck2: ZEIT und/oder W sind Null?!: ZEIT: nan W: 0.0: Null-Wert(e) wird (werden) auf 0. gesetzt.
2025-09-24 17:39:34,316 ; PT3S                                                         ; DEBUG   ; Dx.__init__: vSWVT handB: ZEIT und/oder W sind Null?!: ZEIT: nan W: 0.0: Null-Wert(e) wird (werden) auf 0. gesetzt.
2025-09-24 17:39:34,316 ; PT3S                                                         ; DEBUG   ; Dx.__init__: vSWVT wDH_BA_A: ZEIT und/oder W sind Null?!: ZEIT: nan W: 0.0: Null-Wert(e) wird (werden) auf 0. gesetzt.
2025-09-24 17:39:34,319 ; PT3S                                                         ; DEBUG   ; Dx.__init__: vSWVT zLeck_VL: ZEIT und/oder W sind Null?!: ZEIT: nan W: 0.0: Null-Wert(e) wird (werden) auf 0. gesetzt.
2025-09-24 17:39:34,319 ; PT3S                                                         ; DEBUG   ; Dx.__init__: vSWVT wAutoB: ZEIT und/oder W sind Null?!: ZEIT: nan W: 1849.0: Null-Wert(e) wird (werden) auf 0. gesetzt.
2025-09-24 17:39:34,319 ; PT3S                                                         ; DEBUG   ; Dx.__init__: vSWVT wTRSP: ZEIT und/oder W sind Null?!: ZEIT: nan W: 55.0: Null-Wert(e) wird (werden) auf 0. gesetzt.
2025-09-24 17:39:34,319 ; PT3S                                                         ; DEBUG   ; Dx.__init__: vSWVT zLeck1: ZEIT und/oder W sind Null?!: ZEIT: nan W: 0.0: Null-Wert(e) wird (werden) auf 0. gesetzt.
2025-09-24 17:39:34,321 ; PT3S                                                         ; DEBUG   ; Dx.__init__: V3_ROWT: combining ROWT_tables like V_BVZ_LFKT, V_BVZ_PVAR, ...
2025-09-24 17:39:34,348 ; PT3S                                                         ; DEBUG   ; Dx.__init__: V3_TFKT: ...
2025-09-24 17:39:34,354 ; PT3S                                                         ; DEBUG   ; Dx.__init__: V3_RSLW_SWVT: combining RSLW and SWVT ...
2025-09-24 17:39:34,371 ; PT3S                                                         ; DEBUG   ; Dx.__init__: V3_KNOT: expanding V_BVZ_KNOT with XKOR, YKOR, NAME_LFKT, NAME_PVAR, NAME_PZON,NAME_QVAR,NAME_UTMP,NAME_FSTF,NAME_FQPS ...
2025-09-24 17:39:34,419 ; PT3S                                                         ; DEBUG   ; Dx.__init__:  Converting and creating geometry with x, y coordinates for nodes successful
2025-09-24 17:39:34,494 ; PT3S                                                         ; DEBUG   ; Dx.__init__: V3_FWVB: expanding V_BVZ_FWVB with NAME_LFKT, NAME_ZEP1VL, NAME_ZEP1RL, NAME_TEVT, NAME_TRFT, tk_i, NAME_i, tk_k, NAME_k, ...
2025-09-24 17:39:34,539 ; PT3S                                                         ; DEBUG   ; Dx.__init__: V3_:ROHR,KNOT,FWVB: filterTemplateObjects ...
2025-09-24 17:39:34,539 ; PT3S                                                         ; DEBUG   ; Dx._filterTemplateObjects: Start.
2025-09-24 17:39:34,541 ; PT3S                                                         ; DEBUG   ; Dx._filterTemplateObjects: V3_KNOT: Zeilen vorher: 1562 Zeilen jetzt: 1559
2025-09-24 17:39:34,541 ; PT3S                                                         ; DEBUG   ; Dx._filterTemplateObjects: V3_ROHR: Zeilen vorher: 1672 Zeilen jetzt: 1672
2025-09-24 17:39:34,547 ; PT3S                                                         ; DEBUG   ; Dx._filterTemplateObjects: V3_FWVB: Zeilen vorher: 656 Zeilen jetzt: 656
2025-09-24 17:39:34,547 ; PT3S                                                         ; DEBUG   ; Dx._filterTemplateObjects: _Done.
2025-09-24 17:39:34,547 ; PT3S                                                         ; DEBUG   ; Dx.__init__: V3_VBEL: ...
2025-09-24 17:39:34,644 ; PT3S                                                         ; DEBUG   ; Dx.__init__: FWES final in V3_VBEL-View (2,301) ...
2025-09-24 17:39:34,669 ; PT3S                                                         ; DEBUG   ; Dx.__init__: FWVB final in V3_VBEL-View (656,324) ...
2025-09-24 17:39:34,721 ; PT3S                                                         ; DEBUG   ; Dx.__init__: KLAP final in V3_VBEL-View (5,297) ...
2025-09-24 17:39:34,810 ; PT3S                                                         ; DEBUG   ; Dx.__init__: PGRP final in V3_VBEL-View (2,302) ...
2025-09-24 17:39:34,893 ; PT3S                                                         ; DEBUG   ; Dx.__init__: PUMP final in V3_VBEL-View (3,383) ...
2025-09-24 17:39:34,908 ; PT3S                                                         ; DEBUG   ; Dx.__init__: REGV final in V3_VBEL-View (1,296) ...
2025-09-24 17:39:34,956 ; PT3S                                                         ; DEBUG   ; Dx.__init__: ROHR final in V3_VBEL-View (1672,324) ...
2025-09-24 17:39:35,020 ; PT3S                                                         ; DEBUG   ; Dx.__init__: VENT final in V3_VBEL-View (119,310) ...
2025-09-24 17:39:35,541 ; PT3S                                                         ; DEBUG   ; Dx.__init__: V3_DPKT ...
2025-09-24 17:39:35,607 ; PT3S                                                         ; DEBUG   ; Dx.__init__: V3_RKNOT ...
2025-09-24 17:39:35,671 ; PT3S                                                         ; DEBUG   ; Dx.__init__: V3_RRUES ...
2025-09-24 17:39:35,937 ; PT3S                                                         ; DEBUG   ; Dx.__init__: V3_RVBEL ...
2025-09-24 17:39:35,955 ; PT3S                                                         ; DEBUG   ; Dx.__init__: V3_RVBEL RUES-Verbindungen zur Quelle hin aufloesen ...
2025-09-24 17:39:36,096 ; PT3S                                                         ; DEBUG   ; Dx.__init__: _Done.#########
2025-09-24 17:39:36,106 ; PT3S                                                         ; DEBUG   ; PT3S.dxAndMxHelperFcts.readDxAndMx: detecting MX-Source for dx.dbFile (abspath) c:\users\jablonski\3s\pt3s\PT3S\Examples\Example5.db3 ...
2025-09-24 17:39:36,106 ; PT3S                                                         ; DEBUG   ; PT3S.dxAndMxHelperFcts.readDxAndMx: wDir from dbFile: .\WDExample5
2025-09-24 17:39:36,106 ; PT3S                                                         ; DEBUG   ; PT3S.dxAndMxHelperFcts.readDxAndMx: abspath of wDir from dbFile: c:\users\jablonski\3s\pt3s\PT3S\Examples\WDExample5
2025-09-24 17:39:36,106 ; PT3S                                                         ; DEBUG   ; PT3S.dxAndMxHelperFcts.readDxAndMx: wDirMx from abspath of wDir from dbFile: c:\users\jablonski\3s\pt3s\PT3S\Examples\WDExample5\B1\V0\BZ1
2025-09-24 17:39:36,110 ; PT3S                                                         ; DEBUG   ; PT3S.dxAndMxHelperFcts.readDxAndMx: mx1File: ..\PT3S\Examples\WDExample5\B1\V0\BZ1\M-1-0-1.1.MX1
2025-09-24 17:39:36,110 ; PT3S                                                         ; DEBUG   ; PT3S.dxAndMxHelperFcts.readDxAndMx: corresponding dbFileMxPkl-File: ..\PT3S\Examples\Example5-mx-_PT3S_Examples_WDExample5_B1_V0_BZ1_M_1_0_1_1_MX1.pkl
2025-09-24 17:39:36,110 ; PT3S                                                         ; INFO    ; PT3S.dxAndMxHelperFcts.readDxAndMx: 
+..\PT3S\Examples\Example5.db3 is newer than
+..\PT3S\Examples\WDExample5\B1\V0\BZ1\M-1-0-1.1.MX1:
+SIR 3S' dbFile is newer than SIR 3S' mx1File
+in this case the results are maybe dated or (worse) incompatible to the model
2025-09-24 17:39:45,770 ; PT3S                                                         ; INFO    ; PT3S.dxAndMxHelperFcts.readDxAndMx: Model is being recalculated using C:\3S\SIR 3S\SirCalc-90-14-02-12_Potsdam.fix1_x64\SirCalc.exe
2025-09-24 17:39:45,772 ; PT3S                                                         ; DEBUG   ; Mx.__init__: Start.#########
2025-09-24 17:39:45,772 ; PT3S                                                         ; DEBUG   ; Mx._initWithMx1: Start.
2025-09-24 17:39:45,772 ; PT3S                                                         ; DEBUG   ; Mx._parseMx1: Start.
2025-09-24 17:39:45,833 ; PT3S                                                         ; DEBUG   ; Mx._parseMx1: mx1File: c:\users\jablonski\3s\pt3s\PT3S\Examples\WDExample5\B1\V0\BZ1\M-1-0-1.1.MX1 mx1Df read. Shape: (2329, 22).
2025-09-24 17:39:45,836 ; PT3S                                                         ; DEBUG   ; Mx._parseMx1: mx1Df after some generated Columns: Shape: (2329, 27).
2025-09-24 17:39:45,836 ; PT3S                                                         ; DEBUG   ; Mx._parseMx1: _Done.
2025-09-24 17:39:45,836 ; PT3S                                                         ; DEBUG   ; Mx._parseMx2: Start.
2025-09-24 17:39:45,853 ; PT3S                                                         ; DEBUG   ; Mx._parseMx2: _Done.
2025-09-24 17:39:45,853 ; PT3S                                                         ; DEBUG   ; Mx._buildMxRecordStructUnpackFmtString: Start.
2025-09-24 17:39:45,854 ; PT3S                                                         ; DEBUG   ; Mx._buildMxRecordStructUnpackFmtString: Bytes per MX-Record=586704. Bytes Unpacked=586704 (making up 100.00 Bytes-%).
2025-09-24 17:39:45,854 ; PT3S                                                         ; DEBUG   ; Mx._buildMxRecordStructUnpackFmtString: mx1Df after generated Column: Shape: (2329, 28).
2025-09-24 17:39:45,854 ; PT3S                                                         ; DEBUG   ; Mx._buildMxRecordStructUnpackFmtString: _Done.
2025-09-24 17:39:45,854 ; PT3S                                                         ; DEBUG   ; Mx._buildMxRecordStructUnpackFmtStringPost: Start.
2025-09-24 17:39:45,922 ; PT3S                                                         ; DEBUG   ; Mx._buildMxRecordStructUnpackFmtStringPost: _Done.
2025-09-24 17:39:45,922 ; PT3S                                                         ; DEBUG   ; Mx._initWithMx1: _Done.
2025-09-24 17:39:45,922 ; PT3S                                                         ; DEBUG   ; Mx.__init__: mxsFile c:\users\jablonski\3s\pt3s\PT3S\Examples\WDExample5\B1\V0\BZ1\M-1-0-1.1.MXS exists _and is newer than mx1File c:\users\jablonski\3s\pt3s\PT3S\Examples\WDExample5\B1\V0\BZ1\M-1-0-1.1.MX1 _and NoMxsRead False:
2025-09-24 17:39:45,922 ; PT3S                                                         ; DEBUG   ; Mx.__init__: mxsFile is read.
2025-09-24 17:39:45,922 ; PT3S                                                         ; DEBUG   ; Mx.setResultsToMxsFile: Start.
2025-09-24 17:39:45,922 ; PT3S                                                         ; DEBUG   ; Mx.setResultsToMxsFile: Mxs: Implicit specified.
2025-09-24 17:39:45,922 ; PT3S                                                         ; DEBUG   ; Mx._handleMxsVecsFileDeletion: Start.
2025-09-24 17:39:45,922 ; PT3S                                                         ; DEBUG   ; Mx._handleMxsVecsFileDeletion: Delete H5Dump because Mxs c:\users\jablonski\3s\pt3s\PT3S\Examples\WDExample5\B1\V0\BZ1\M-1-0-1.1.MXS To Read is newer than H5Dump c:\users\jablonski\3s\pt3s\PT3S\Examples\WDExample5\B1\V0\BZ1\M-1-0-1.1.vec.h5 ...
2025-09-24 17:39:45,922 ; PT3S                                                         ; DEBUG   ; Mx._handleMxsVecsFileDeletion: _Done.
2025-09-24 17:39:45,922 ; PT3S                                                         ; DEBUG   ; Mx.setResultsToMxsFile: Mxs: c:\users\jablonski\3s\pt3s\PT3S\Examples\WDExample5\B1\V0\BZ1\M-1-0-1.1.MXS opening ...
2025-09-24 17:39:45,936 ; PT3S                                                         ; INFO    ; Mx.setResultsToMxsFile: Mxs: ..\PT3S\Examples\WDExample5\B1\V0\BZ1\M-1-0-1.1.MXS reading ...
2025-09-24 17:39:45,936 ; PT3S                                                         ; DEBUG   ; Mx._readMxsFile: Start.
2025-09-24 17:39:45,940 ; PT3S                                                         ; DEBUG   ; Mx._readMxsFileSingleRecord: CVERSO: SIR 3S 90-14-02-12 3S Consult, 30827 Garbsen - 24.09.2025 17:39 - M-1-0-1       .
2025-09-24 17:39:46,072 ; PT3S                                                         ; DEBUG   ; Mx._processToDfVecAggs: cSNAPSHOTTYPE STAT     processed to (empty) dfVecAggs with TIMESTAMPL: 2025-09-23 22:00:00+00:00
2025-09-24 17:39:46,072 ; PT3S                                                         ; DEBUG   ; Mx._readMxsFile: TimeNr.      1 read and processed finally=2025-09-23 22:00:00.000000+0000 Values (without TIMESTAMP): 2225 - Actual SNAPSHOTTYPE: STAT. - H5Dump: YES: key=/                   0 not in keys.
2025-09-24 17:39:46,072 ; PT3S                                                         ; DEBUG   ; Mx._readMxsFile: File finished: Records read=1. Last Time read=2025-09-23 22:00:00.000000+0000. MB read=0000.59.
2025-09-24 17:39:46,087 ; PT3S                                                         ; DEBUG   ; Mx._readMxsFile: df.shape(): (1, 2225).
2025-09-24 17:39:46,095 ; PT3S                                                         ; DEBUG   ; All cols of df (non-vector): ['ALLG~~~5613264333403896674~SNAPSHOTTYPE', 'ALLG~~~5613264333403896674~CVERSO', 'ALLG~~~5613264333403896674~EXSTAT', 'ALLG~~~5613264333403896674~KNOT_PHMIN', 'ALLG~~~5613264333403896674~MFVTHUV', 'ALLG~~~5613264333403896674~KNOT_PHMAX', 'ALLG~~~5613264333403896674~NFVHYUV', 'ALLG~~~5613264333403896674~NMELD', 'ALLG~~~5613264333403896674~TAV', 'ALLG~~~5613264333403896674~LINEPACKRATE', 'ALLG~~~5613264333403896674~JWARN', 'ALLG~~~5613264333403896674~KNOT_PHMIN_R', 'ALLG~~~5613264333403896674~ITERHY', 'SIML~~~5151766074450398225~ONLINE', 'ALLG~~~5613264333403896674~TVMINMAX', 'ALLG~~~5613264333403896674~FWVB_TVLMIN', 'ALLG~~~5613264333403896674~KNOT_PHMAX_U', 'ALLG~~~5613264333403896674~KNOT_PHMAX_V', 'ALLG~~~5613264333403896674~KNOT_PHMAX_R', 'SIML~~~5151766074450398225~CALCULATE', 'ALLG~~~5613264333403896674~PAV', 'ALLG~~~5613264333403896674~KNOT_PHMIN_V', 'ALLG~~~5613264333403896674~FWVB_DPHMIN', 'ALLG~~~5613264333403896674~LINEPACKGES', 'ALLG~~~5613264333403896674~NPGREST', 'ALLG~~~5613264333403896674~RHOAV', 'ALLG~~~5613264333403896674~NFVTHUV', 'ALLG~~~5613264333403896674~CPUTIME', 'ALLG~~~5613264333403896674~NFEHL', 'ALLG~~~5613264333403896674~NWARN', 'ALLG~~~5613264333403896674~USRTIME', 'ALLG~~~5613264333403896674~MFVHYUV', 'ALLG~~~5613264333403896674~KNOT_PHMIN_U', 'ALLG~~~5613264333403896674~LINEPACKGEOM', 'ALLG~~~5613264333403896674~NETZABN', 'ALLG~~~5613264333403896674~NETZABNEXITS', 'ALLG~~~5613264333403896674~NETZBEZ', 'KNOT~R-HWNE~~4795746381672176734~PH', 'ROHR~V-1112~V-1113~5501288899222658673~ACALC', 'KNOT~R-2608~~5016786696192534002~PH', 'VENT~R-A2~R-A~4824943414853565007~M', 'ROHR~V-3003~V-3002~5681085285793832581~A', 'ROHR~V-1101~V-1102~5004698181623766396~ACALC', 'ROHR~V-1906~V-1907~5356185598443709142~ACALC', 'RSLW~wNB~~4658075570394029953~SWVT', 'ROHR~V-1127-TS~V-1128~4994405235471537178~ACALC', 'ROHR~V-3006~V-PSRH-P~4862015583387753067~A', 'KNOT~R-2109~~4613066916045834302~PH', 'ROHR~V-1374~V-1406~5174520957372706403~ACALC', 'ROHR~V-1132~V-HWNE~4620633708297269176~ACALC', 'ROHR~V-3007 TS~V-3006~4690719489931701758~ACALC', 'ROHR~V-3006~V-PSRH-P~4862015583387753067~ACALC', 'ROHR~R-1110~R-1111~4705870204270598692~LINEPACK', 'ROHR~V-1632~V-1633~4839074590848573933~A', 'ROHR~V-1902~V-1903~5325585945443514133~ACALC', 'RSLW~wNA~~4991855568438544033~XA', 'ROHR~V-PSRH~V-3004~4632033058261251922~ACALC', 'ROHR~V-1130~V-1131~5289875694503308557~A', 'ROHR~V-1711-TS~V-1712~5593786789536483101~A', 'ROHR~V-1750~V-1751~5614614242767907756~A', 'KNOT~R-1581~~5079761266980445582~PH', 'ROHR~V-1312~V-1376~4688952679374095545~A', 'ROHR~V-1109~V-1110~5011033251103338015~A', 'KNOT~V-3009~~4907988789574075615~PH', 'FWVB~V-3109~R-3109~5460080315477344071~LFH', 'ROHR~V-LEIT~V-3101~5434502281293787536~A', 'ROHR~V-1123~V-1124~5243154599333747993~ACALC', 'ROHR~V-1608~V-1609~5112697000932233715~ACALC', 'ROHR~V-4101V~V-3009~4636165695439427252~ACALC', 'KNOT~V-2109~~5689268576824048593~PH', 'ROHR~R-3008~R-3007~5158013150991786892~LECKMENGE', 'ROHR~V-FREE~V-LEIT~5550218676411411031~A', 'ROHR~V-1712~V-1713~5375492160009047320~A', 'KNOT~R-FREI~~5650079607511343259~PH', 'ROHR~V-3101~V-PRES~5304322063335090418~ACALC', 'ROHR~V-1902~V-1903~5325585945443514133~A', 'KNOT~V-PSRH~~4684824283365167028~PH', 'ROHR~V-3103~V-3104~5025189718580480725~ACALC', 'ROHR~V-1117~V-1851~5623735919445655299~A', 'ROHR~V-3008~V-3007~5495210784952840476~A', 'RSLW~wDH_RD_A~~4622192786925004485~XA', 'ROHR~V-HKW3W~V-DSM~4765605026079309505~ACALC', 'ROHR~V-HKW1H~V-1300~4699001200328718258~ACALC', 'ROHR~V-3008~V-3007~5495210784952840476~LECKEINAUS', 'ROHR~R-3008~R-3007~5158013150991786892~LINEPACK', 'ROHR~R-1905~R-1906~5311481409516587480~LINEPACK', 'KNOT~V-3514~~4873348415381768552~PH', 'ROHR~V-1710~V-1711~5692855717570959557~ACALC', 'ROHR~V-1333 TS~V-1334~5756639220551747288~A', 'KNOT~V-DUEK1~~5714861433911376866~PH', 'ROHR~V-1750~V-1754 TS~4818530042735058701~ACALC', 'ROHR~V-1313~V-1314 TS~5763939304001966241~ACALC', 'FWVB~V-3109~R-3109~5460080315477344071~QMK', 'ROHR~V-1103~V-1104~5265171094395520536~A', 'ROHR~V-3107~V-3001~5148486295119096120~ACALC', 'KNOT~V-PSRH-P~~5523229010387687897~H', 'PUMP~R-A-SS~R-A-DS~5040653781471340703~RHO', 'KNOT~R-1834~~4925832234215032327~PH', 'KNOT~R-PSRH~~5387424823817475491~H', 'ROHR~V-1330~V-1331~5587079558231191666~A', 'FWVB~V-3109~R-3109~5460080315477344071~TK', 'KNOT~V-FREI~~4947005433749386437~PH', 'ROHR~R-1110~R-1111~4705870204270598692~LECKORT', 'RSLW~wTRSP~~5547011912763631199~XA', 'ROHR~V-1114~V-1115~4636129166649865932~A', 'RSLW~wNB~~4658075570394029953~SLWKON', 'ROHR~V-1331~V-1332~4869389739639114344~A', 'KNOT~V-DSM~~5321882407863086773~PH', 'ROHR~V-1120~V-1121~5106564430947788812~ACALC', 'ROHR~V-1128~V-1129~4978523418598950916~ACALC', 'KNOT~V-B~~5152316559510921719~H', 'PUMP~R-A-SS~R-A-DS~5040653781471340703~M', 'RSLW~wNB~~4658075570394029953~XA', 'ROHR~V-3008~V-3007~5495210784952840476~LINEPACKRATE', 'ROHR~V-1900~V-1901~5278328714636521640~ACALC', 'ROHR~V-1102~V-1103~5115828601611667556~ACALC', 'ROHR~V-1406~V-MC01~4730169442804257320~A', 'ROHR~V-1632~V-1633~4839074590848573933~ACALC', 'ROHR~V-1711-TS~V-1712~5593786789536483101~ACALC', 'KNOT~V-IHAF2~~5638140482738772885~PH', 'KLAP~R-DSM~V-DSM~4790996386894195877~PHI', 'ROHR~V-DUEK1~V-DUEK2~5274559558935888609~A', 'ROHR~V-1851~V-1118~5637242171612874192~A', 'ROHR~V-1332~V-1333~5641739904889950875~ACALC', 'VENT~R-A~R-A-SS~5365829655564610747~PHI', 'ROHR~V-3103~V-3104~5025189718580480725~A', 'KNOT~R-PSRH~~5387424823817475491~PH', 'ROHR~V-1116~V-1117~5143321590629696474~ACALC', 'FWVB~V-3109~R-3109~5460080315477344071~W', 'FWVB~V-3109~R-3109~5460080315477344071~DH', 'FWVB~V-3109~R-3109~5460080315477344071~PHIRL', 'KNOT~R-2121~~4627019122152528950~PH', 'FWVB~V-3109~R-3109~5460080315477344071~P1', 'ROHR~V-SUNG~V-3102~4695498570367787594~A', 'ROHR~V-1901~V-1902~5140182131177859644~ACALC', 'ROHR~V-1320~V-1321~5499730738870751316~A', 'ROHR~V-1905~V-1906~5678479042185086221~A', 'ROHR~V-3100~V-FREE~5224370164126613846~A', 'ROHR~V-3008~V-3007~5495210784952840476~LINEPACKGEOM', 'ROHR~V-1316a~V-1316~4697778009767687073~A', 'ROHR~V-1323~V-1324~5747098152360397402~ACALC', 'KNOT~R-1316~~5754407850858230452~PH', 'ROHR~V-3008~V-3007~5495210784952840476~LINEPACK', 'KNOT~R-HWNE~~4795746381672176734~T', 'VENT~R-B~R-B-SS~5670075662910774275~M', 'ROHR~V-HKW3S~V-1907~4931835416053043153~A', 'ROHR~V-1312~V-1313~5753018868790037079~ACALC', 'ROHR~V-1129~V-1130~5039202888104265482~A', 'KNOT~V-2608~~5496595718448995294~PH', 'KNOT~R-DUEK1~~4798590817162431543~PH', 'KNOT~V-B~~5152316559510921719~PH', 'ROHR~V-1324~V-1330~5618925165211384976~A', 'ROHR~V-1116~V-1117~5143321590629696474~A', 'ROHR~V-1750~V-1751~5614614242767907756~ACALC', 'ROHR~V-HKW1H~V-1300~4699001200328718258~A', 'ROHR~V-A2~V-HKW1M~5466846475079662007~A', 'ROHR~V-PSRH~V-3004~4632033058261251922~A', 'KNOT~R-3407~~5166162216000406348~PH', 'ROHR~V-1750~V-1754 TS~4818530042735058701~A', 'ROHR~V-1315~V-1316a~5429089131908356645~A', 'PUMP~R-A-SS~R-A-DS~5040653781471340703~ETA', 'VENT~R-B~R-B-SS~5670075662910774275~PHI', 'PUMP~R-B-SS~R-B-DS~4619979088006137294~QM', 'ROHR~V-1108~V-1109~4651372502066862154~A', 'ROHR~V-1104~V-1105~4973299378226362267~ACALC', 'ROHR~V-HWNE~V-1713~5610817424430152178~ACALC', 'KNOT~R-DUEK2~~4803365353705573537~PH', 'VENT~R-A1~R-A~5722799743087723768~M', 'ROHR~V-1633~V-1634~5503967825802235876~A', 'ROHR~V-MC01~V-1634~5661804503813042514~ACALC', 'WBLZ~WärmeblnzGes~~5640359224799009579~WES', 'KNOT~V-A1~~5011622445515665493~H', 'ROHR~V-1333 TS~V-1334~5756639220551747288~ACALC', 'FWVB~V-3109~R-3109~5460080315477344071~LFKT', 'ROHR~V-PRES TS~V-SUNG~5735010381020153263~A', 'ROHR~V-1712~V-1713~5375492160009047320~ACALC', 'ROHR~V-1751~V-1752~5372960776638190825~ACALC', 'ROHR~V-3105 TS~V-3106~5235651330632372835~ACALC', 'FWVB~V-3109~R-3109~5460080315477344071~PH1', 'KNOT~R-PSRH-P~~4915609493631133953~H', 'KNOT~R-DSM~~4797066872843105139~PH', 'ROHR~V-3106~V-3107~5268415700338371266~ACALC', 'ROHR~R-1110~R-1111~4705870204270598692~LINEPACKGEOM', 'FWVB~V-3109~R-3109~5460080315477344071~WSOLL', 'ROHR~V-1111~V-1112~5304090663095367260~ACALC', 'ROHR~V-3107~V-3001~5148486295119096120~A', 'ROHR~V-1125~V-1126~5169093625668678566~ACALC', 'ROHR~V-3011~V-3010~5166093413434353599~ACALC', 'VENT~V-A~V-A2~4674118055843447186~QM', 'KNOT~V-3407~~5135971168065784188~PH', 'ROHR~V-1106 TS~V-1107~4963361625532825216~ACALC', 'ROHR~V-A2~V-HKW1M~5466846475079662007~ACALC', 'ROHR~R-1110~R-1111~4705870204270598692~LECKMENGE', 'ROHR~V-1709~V-1753~4804291879577188061~ACALC', 'ROHR~V-3101~V-PRES~5304322063335090418~A', 'ROHR~V-1754~V-1756~5311064651419344796~ACALC', 'ROHR~V-1104~V-1105~4973299378226362267~A', 'ROHR~R-3008~R-3007~5158013150991786892~LINEPACKRATE', 'FWVB~V-3109~R-3109~5460080315477344071~PH2', 'ROHR~V-1901~V-1902~5140182131177859644~A', 'KNOT~V-1834~~4847692704153539303~PH', 'ROHR~V-1905~V-1906~5678479042185086221~LECKMENGE', 'ROHR~V-PRES TS~V-SUNG~5735010381020153263~ACALC', 'FWVB~V-3109~R-3109~5460080315477344071~MSOLL', 'FWVB~V-3109~R-3109~5460080315477344071~PH3', 'ROHR~V-1904~V-1905~5254005797806962981~ACALC', 'ROHR~V-1129~V-1130~5039202888104265482~ACALC', 'ROHR~V-1752~V-1753~5731136039135173076~A', 'KNOT~R-2227~~5602252267283504407~PH', 'ROHR~V-1127-TS~V-1128~4994405235471537178~A', 'FWVB~V-3109~R-3109~5460080315477344071~DPH', 'KNOT~R-1115~~5412369121320160721~PH', 'RSLW~wDH_MD_A~~5093705160009582980~XA', 'ROHR~V-1903~V-1904 TS~5039235153285894644~ACALC', 'ROHR~V-1103~V-1104~5265171094395520536~ACALC', 'ROHR~V-1375~V-1376~4975015463634228907~ACALC', 'KNOT~V-HWNE~~5670935278778854984~PH', 'KLAP~R-DSM~V-DSM~4790996386894195877~QM', 'ROHR~V-DSM~V-DUEK1~5559542470435022049~ACALC', 'ROHR~V-1122~V-1123~5031554568670795559~ACALC', 'ROHR~V-1120~V-1121~5106564430947788812~A', 'ROHR~V-HKW3W~V-DSM~4765605026079309505~A', 'ROHR~V-1119~V-1120~5414146693336048598~A', 'ROHR~V-1903~V-1904 TS~5039235153285894644~A', 'ROHR~V-1126~V-1127~5393452012725001763~A', 'ROHR~V-1300~V-1320~5252117185061719956~ACALC', 'RSLW~wNB~~4658075570394029953~WERCK', 'ROHR~V-3008~V-3007~5495210784952840476~LECKMENGE', 'ROHR~V-DUEK1~V-DUEK2~5274559558935888609~ACALC', 'ROHR~V-HKW1T~V-HKW1H~5011723007067669474~A', 'ROHR~V-1330~V-1331~5587079558231191666~ACALC', 'KNOT~A_DH_Beh~~5629781421313935891~T', 'FWVB~V-3109~R-3109~5460080315477344071~P3', 'FWVB~V-3109~R-3109~5460080315477344071~QM13', 'KNOT~V-2227~~4755541119586146843~PH', 'FWVB~V-3109~R-3109~5460080315477344071~QM31', 'ROHR~V-3105 TS~V-3106~5235651330632372835~A', 'ROHR~V-3007 TS~V-3006~4690719489931701758~A', 'FWVB~V-3109~R-3109~5460080315477344071~M', 'RMES~yUWM~~5008805081156446169~XA', 'ROHR~V-1124~V-1125~4808278577657060903~ACALC', 'ROHR~V-1608~V-1609~5112697000932233715~A', 'RSLW~wLast~~5741660563170722352~XA', 'KNOT~V-A2~~5746823048871363597~PH', 'ROHR~V-1300~V-1320~5252117185061719956~A', 'ROHR~V-1904~V-1905~5254005797806962981~A', 'PUMP~R-A-SS~R-A-DS~5040653781471340703~ETAW', 'FWVB~V-3109~R-3109~5460080315477344071~INDUV', 'ROHR~R-1905~R-1906~5311481409516587480~LINEPACKRATE', 'ROHR~R-3008~R-3007~5158013150991786892~LINEPACKGEOM', 'ROHR~V-3009~V-3008~5143225426566593906~ACALC', 'ROHR~V-1316~V-1900~5060990341264188908~ACALC', 'FWVB~V-3109~R-3109~5460080315477344071~QVAR', 'ROHR~V-1608~V-1745~5628767220537494203~ACALC', 'FWVB~V-3109~R-3109~5460080315477344071~TI', 'KNOT~R-3109~~5705925106120239580~PH', 'ROHR~V-3102~V-3103~4807273748930033747~A', 'ROHR~V-FREE~V-LEIT~5550218676411411031~ACALC', 'ROHR~V-3008~V-3007~5495210784952840476~LECKORT', 'RSLW~wNB~~4658075570394029953~W', 'ROHR~V-1710~V-1711~5692855717570959557~A', 'ROHR~V-1609~V-1631~5233178534154049737~A', 'KNOT~V-FREE~~5458440962311607900~PH', 'KNOT~V-HWNE~~5670935278778854984~T', 'ROHR~V-1751~V-1752~5372960776638190825~A', 'ROHR~V-1320~V-1321~5499730738870751316~ACALC', 'ROHR~V-1109~V-1110~5011033251103338015~ACALC', 'PUMP~R-A-SS~R-A-DS~5040653781471340703~DP', 'ROHR~V-1105~V-1106~5558621904229760270~A', 'KNOT~V-3707~~5598431116451407594~PH', 'KNOT~R-3707~~5553155126496008932~PH', 'ROHR~V-1905~V-1906~5678479042185086221~LINEPACK', 'ROHR~R-1110~R-1111~4705870204270598692~LINEPACKRATE', 'ROHR~V-3002~V-3001~5728297962091887832~A', 'ROHR~V-1608~V-1745~5628767220537494203~A', 'ROHR~V-1106 TS~V-1107~4963361625532825216~A', 'ROHR~V-1314~V-1315~5454821006842231745~A', 'ROHR~V-1744~V-1756~5420364618555536046~ACALC', 'KNOT~R-IHAF2~~5484966770615504710~PH', 'FWVB~V-3109~R-3109~5460080315477344071~TVMIN', 'KNOT~R-A2~~4676016747827978218~PH', 'ROHR~V-1374~V-1406~5174520957372706403~A', 'ROHR~V-1631~V-1632 TS~5389229970225116476~ACALC', 'ROHR~V-1323~V-1324~5747098152360397402~A', 'KNOT~R-3514~~5614181028758749810~PH', 'ROHR~V-1128~V-1129~4978523418598950916~A', 'RSLW~wNB~~4658075570394029953~WAKT', 'ROHR~V-1609~V-1631~5233178534154049737~ACALC', 'ROHR~V-1752~V-1753~5731136039135173076~ACALC', 'ROHR~V-4101V~V-3009~4636165695439427252~A', 'ROHR~V-3002~V-3001~5728297962091887832~ACALC', 'ROHR~V-1125~V-1126~5169093625668678566~A', 'ROHR~V-1905~V-1906~5678479042185086221~LINEPACKGEOM', 'ROHR~V-1332~V-1333~5641739904889950875~A', 'ROHR~V-1110~V-1111~5213993202286076270~A', 'ROHR~V-1113 TS~V-1114~5753206182977477252~ACALC', 'ROHR~V-1110~V-1111~5213993202286076270~LECKMENGE', 'ROHR~V-1321~V-1323~5746641877789334226~A', 'ROHR~V-1905~V-1906~5678479042185086221~ACALC', 'ROHR~V-1900~V-1901~5278328714636521640~A', 'ROHR~V-1105~V-1106~5558621904229760270~ACALC', 'ROHR~V-1744~V-1756~5420364618555536046~A', 'FWVB~V-3109~R-3109~5460080315477344071~DP', 'RSLW~wNB~~4658075570394029953~WRCK', 'ROHR~R-1905~R-1906~5311481409516587480~LECKORT', 'ROHR~V-HKW1M~V-1101~5245038666002980172~ACALC', 'PUMP~R-B-SS~R-B-DS~4619979088006137294~RHO', 'KNOT~V-DUEK2~~4845124711971292208~PH', 'KNOT~R-3009~~5758426381762586532~PH', 'FWVB~V-3109~R-3109~5460080315477344071~RHOK', 'KNOT~R-B~~5580659932269400552~T', 'ROHR~V-1121~V-1122~4698976595035875039~A', 'ROHR~V-1851~V-1118~5637242171612874192~ACALC', 'KNOT~V-2121~~4619016391084954904~H', 'KNOT~V-PSRH-P~~5523229010387687897~PH', 'ROHR~V-3009~V-3008~5143225426566593906~A', 'KNOT~A_DH_Beh~~5629781421313935891~PH', 'ROHR~V-1115 TS 16~V-1116~5071643676972366318~ACALC', 'ROHR~V-3104~V-3105~4783532371312344748~A', 'KNOT~V-3109~~5191455435867208827~PH', 'PUMP~R-B-SS~R-B-DS~4619979088006137294~M', 'ROHR~V-1113 TS~V-1114~5753206182977477252~A', 'RLVG~autoA~~4742316320267545359~XA', 'FWVB~V-3109~R-3109~5460080315477344071~QM', 'ROHR~V-1131~V-1132~5648119387078206156~A', 'FWVB~V-3109~R-3109~5460080315477344071~QMI', 'ROHR~V-1316a~V-1316~4697778009767687073~ACALC', 'ROHR~V-3003~V-3002~5681085285793832581~ACALC', 'ROHR~V-1110~V-1111~5213993202286076270~LINEPACKRATE', 'ROHR~V-1119~V-1120~5414146693336048598~ACALC', 'ROHR~V-3011~V-3010~5166093413434353599~A', 'ROHR~V-1334~V-3011~4938816508850774425~ACALC', 'KLAP~R-FREI~V-FREI~4806777794314296005~QM', 'KNOT~V-3008~~4756669223333463683~PH', 'ROHR~V-HWNE~V-1713~5610817424430152178~A', 'ROHR~V-3106~V-3107~5268415700338371266~A', 'ROHR~R-3008~R-3007~5158013150991786892~LECKEINAUS', 'KNOT~R-3121~~5259307178587893401~PH', 'ROHR~V-1709~V-1710~5507130628965289207~ACALC', 'ROHR~V-1375~V-1376~4975015463634228907~A', 'ROHR~V-1111~V-1112~5304090663095367260~A', 'ROHR~V-1312~V-1313~5753018868790037079~A', 'ROHR~V-A1~V-HKW1T~5412023469066050588~A', 'ROHR~V-1314~V-1315~5454821006842231745~ACALC', 'KNOT~R-PSRH-P~~4915609493631133953~PH', 'KNOT~R-2121~~4627019122152528950~H', 'ROHR~V-1334~V-3011~4938816508850774425~A', 'ROHR~R-3008~R-3007~5158013150991786892~LECKORT', 'RSLW~wAutoA~~4849866990207957614~XA', 'ROHR~V-1905~V-1906~5678479042185086221~LECKORT', 'RSLW~wDH_BA_A_RD~~5322890886142492590~XA', 'ROHR~V-1331~V-1332~4869389739639114344~ACALC', 'KNOT~R-PSRH~~5387424823817475491~T', 'ROHR~V-SUNG~V-3102~4695498570367787594~ACALC', 'RLVG~wDH_BA_A_MD~~4873987359791313088~XA', 'PUMP~R-B-SS~R-B-DS~4619979088006137294~ETA', 'KNOT~V-3121~~5096443864654419624~PH', 'ROHR~V-1130~V-1131~5289875694503308557~ACALC', 'ROHR~V-3010~V-4101H~5543675046994096609~ACALC', 'KNOT~V-2100~~5711700714210450446~PH', 'ROHR~V-1906~V-1907~5356185598443709142~A', 'ROHR~V-3010~V-4101H~5543675046994096609~A', 'PUMP~R-A-SS~R-A-DS~5040653781471340703~QM', 'KNOT~V-B~~5152316559510921719~T', 'ROHR~V-HKW1T~V-HKW1H~5011723007067669474~ACALC', 'ROHR~V-1131~V-1132~5648119387078206156~ACALC', 'RSLW~handA~~5194343043762135519~XA', 'PUMP~R-B-SS~R-B-DS~4619979088006137294~ETAW', 'ROHR~V-MC01~V-1634~5661804503813042514~A', 'RSLW~wNB~~4658075570394029953~WEAKT', 'ROHR~V-1257~V-1108~5562327329871667018~ACALC', 'ROHR~V-DSM~V-DUEK1~5559542470435022049~A', 'KNOT~R-2100~~5493516499270992191~PH', 'ROHR~V-HKW1M~V-1101~5245038666002980172~A', 'ROHR~V-1110~V-1111~5213993202286076270~LINEPACK', 'ROHR~V-DUEK2~V-3100~5394098685577633300~A', 'ROHR~V-1374~V-1375 TS~4799160082958818795~ACALC', 'ROHR~V-1110~V-1111~5213993202286076270~LINEPACKGEOM', 'ROHR~R-1905~R-1906~5311481409516587480~LECKEINAUS', 'ROHR~V-1112~V-1113~5501288899222658673~A', 'ROHR~V-1132~V-HWNE~4620633708297269176~A', 'RSLW~wNB~~4658075570394029953~WE', 'ROHR~V-LEIT~V-3101~5434502281293787536~ACALC', 'PUMP~R-B-SS~R-B-DS~4619979088006137294~DP', 'KNOT~V-1581~~5689263250219357827~PH', 'ROHR~V-1905~V-1906~5678479042185086221~LECKEINAUS', 'ROHR~V-3100~V-FREE~5224370164126613846~ACALC', 'KNOT~V-2121~~4619016391084954904~T', 'ROHR~V-1110~V-1111~5213993202286076270~LECKORT', 'ROHR~V-3004~V-3003~5650317390331089147~ACALC', 'ROHR~V-1118 TS~V-1119~5148216817431311962~A', 'ROHR~V-1905~V-1906~5678479042185086221~LINEPACKRATE', 'KNOT~V-1316~~5577763163226118030~PH', 'ROHR~V-1107~V-1257~4987612281867074046~A', 'KNOT~R-1616~~5125457200263754081~PH', 'RSLW~wNB~~4658075570394029953~LFKT', 'ROHR~V-1631~V-1632 TS~5389229970225116476~A', 'KNOT~V-PSRH~~4684824283365167028~H', 'FWVB~V-3109~R-3109~5460080315477344071~P2', 'ROHR~V-A1~V-HKW1T~5412023469066050588~ACALC', 'ROHR~V-1101~V-1102~5004698181623766396~A', 'ROHR~V-1107~V-1257~4987612281867074046~ACALC', 'ROHR~V-1709~V-1710~5507130628965289207~A', 'ROHR~V-3104~V-3105~4783532371312344748~ACALC', 'ROHR~V-1312~V-1376~4688952679374095545~ACALC', 'FWES~R-A1x~V-A1x~5237816858835684263~W', 'ROHR~V-1121~V-1122~4698976595035875039~ACALC', 'KNOT~R-B~~5580659932269400552~H', 'ROHR~V-1709~V-1753~4804291879577188061~A', 'KNOT~V-PSRH~~4684824283365167028~T', 'ROHR~V-1374~V-1375 TS~4799160082958818795~A', 'ROHR~V-DUEK2~V-3100~5394098685577633300~ACALC', 'KNOT~R-FREE~~4785269077486103927~PH', 'RSLW~handB~~4705080808435797677~XA', 'ROHR~V-3102~V-3103~4807273748930033747~ACALC', 'KLAP~R-FREI~V-FREI~4806777794314296005~PHI', 'ROHR~V-1108~V-1109~4651372502066862154~ACALC', 'ROHR~V-1316~V-1900~5060990341264188908~A', 'ROHR~R-1905~R-1906~5311481409516587480~LECKMENGE', 'KNOT~V-3206~~4761478618341136241~PH', 'ROHR~V-1126~V-1127~5393452012725001763~ACALC', 'ROHR~V-1124~V-1125~4808278577657060903~A', 'KNOT~R-A1~~4908454635447464414~H', 'ROHR~V-1324~V-1330~5618925165211384976~ACALC', 'ROHR~V-HKW3S~V-1907~4931835416053043153~ACALC', 'ROHR~V-1744~V-1745~5278721804229128144~ACALC', 'ROHR~V-1102~V-1103~5115828601611667556~A', 'ROHR~V-1406~V-MC01~4730169442804257320~ACALC', 'FWVB~V-3109~R-3109~5460080315477344071~IAKTIV', 'ROHR~V-1744~V-1745~5278721804229128144~A', 'KNOT~V-1616~~5333164254897120297~PH', 'ROHR~V-3008~V-3007~5495210784952840476~ACALC', 'KNOT~R-2121~~4627019122152528950~T', 'FWES~R-B1~V-B1~5175187672733343279~W', 'ROHR~R-1905~R-1906~5311481409516587480~LINEPACKGEOM', 'PUMP~R-B-SS~R-B-DS~4619979088006137294~N', 'ROHR~V-1633~V-1634~5503967825802235876~ACALC', 'WBLZ~WärmeblnzGes~~5640359224799009579~WVB', 'KNOT~A_DH_Beh~~5629781421313935891~RHO', 'KNOT~R-3206~~5486270226486517761~PH', 'KNOT~V-2121~~4619016391084954904~PH', 'ROHR~V-1115 TS 16~V-1116~5071643676972366318~A', 'ROHR~V-1117~V-1851~5623735919445655299~ACALC', 'ROHR~V-1114~V-1115~4636129166649865932~ACALC', 'FWVB~V-3109~R-3109~5460080315477344071~RHOI', 'FWVB~V-3109~R-3109~5460080315477344071~PHIVL', 'ROHR~R-1110~R-1111~4705870204270598692~LECKEINAUS', 'ROHR~V-1257~V-1108~5562327329871667018~A', 'ROHR~V-1123~V-1124~5243154599333747993~A', 'ROHR~V-1110~V-1111~5213993202286076270~ACALC', 'ROHR~V-1122~V-1123~5031554568670795559~A', 'ROHR~V-1110~V-1111~5213993202286076270~LECKEINAUS', 'RSLW~wAutoB~~4771725364091629759~XA', 'ROHR~V-1754~V-1756~5311064651419344796~A', 'ROHR~V-1321~V-1323~5746641877789334226~ACALC', 'ROHR~V-1118 TS~V-1119~5148216817431311962~ACALC', 'ROHR~V-1315~V-1316a~5429089131908356645~ACALC', 'KNOT~R-B~~5580659932269400552~PH', 'ROHR~V-3004~V-3003~5650317390331089147~A', 'PUMP~R-A-SS~R-A-DS~5040653781471340703~N', 'KNOT~V-1115~~5408181737627543521~PH', 'ROHR~V-1313~V-1314 TS~5763939304001966241~A', 'VENT~A_DH_Beh~A_DH_SS~5440202959886247659~QM', 'KNOT~R-3008~~5090254719185410590~PH', 'VENT~R-A~R-A-SS~5365829655564610747~PR', 'VENT~R-B~R-B-SS~5670075662910774275~PR', 'WBLZ~WärmeblnzGes~~5640359224799009579~WVERL', 'PGRP~R-B-SS~R-B1~5392313705862982701~W', 'PGRP~R-B-SS~R-B1~5392313705862982701~X', 'PGRP~R-B-SS~R-B1~5392313705862982701~RART', 'PGRP~R-B-SS~R-B1~5392313705862982701~IZSTPG', 'PGRP~R-B-SS~R-B1~5392313705862982701~IAKTIV', 'RSTN~KA-0121~~4629369982105973579~XE1', 'RSTN~KA-0121~~4629369982105973579~XE2', 'RLVG~autoB~~5013654033692161674~XA', 'VENT~V-B1~V-B~5209651982315015995~QM', 'RSTN~KA-0123~~5489308865477947120~XE1', 'RSTN~KA-0123~~5489308865477947120~XE2', 'RSTN~KA-0122~~5755870926168731188~XE2', 'VENT~V-A1x~V-A~4797023288382331438~QM', 'KNOT~V-A~~4623603109828523070~PH', 'KNOT~V-A~~4623603109828523070~T', 'KNOT~R-A~~5689777741147349735~PH', 'KNOT~R-A~~5689777741147349735~T', 'RSTN~KA-0125~~5500938718165747866~XE1', 'RSTN~KA-0125~~5500938718165747866~XE2', 'RSTN~KA-0126~~5231172097828093578~XE2', 'RSTN~KA-0127~~5681127109787396167~XE1', 'RSTN~KA-0127~~5681127109787396167~XE2', 'PGRP~R-A-SS~R-A1x~4744913295586066104~IAKTIV', 'PGRP~R-A-SS~R-A1x~4744913295586066104~IZSTPG', 'PGRP~R-A-SS~R-A1x~4744913295586066104~W', 'PGRP~R-A-SS~R-A1x~4744913295586066104~X', 'PGRP~R-A-SS~R-A1x~4744913295586066104~RART', 'RMES~DH_pRL~~4794537292702050897~XA', 'RMES~DH_pVL~~5466238509051062967~XA', 'RMES~DH_dp~~5148904734540941229~XA', 'RADD~DH_pM~~5424672340466153741~XA', 'RMES~yWA~~4984139245059309601~XA', 'RMES~yWB~~4816397132143716349~XA', 'VENT~V-A~V-A1~5515498456917658702~QM', 'PUMP~A_DH_SS~A_DH_DS~5076641703445351406~RHO', 'PUMP~A_DH_SS~A_DH_DS~5076641703445351406~M', 'PUMP~A_DH_SS~A_DH_DS~5076641703445351406~N', 'PUMP~A_DH_SS~A_DH_DS~5076641703445351406~ETA', 'PUMP~A_DH_SS~A_DH_DS~5076641703445351406~ETAW', 'PUMP~A_DH_SS~A_DH_DS~5076641703445351406~DP', 'REGV~R-A~A_DH_SS~5318646327833607495~QM', 'PUMP~A_DH_SS~A_DH_DS~5076641703445351406~QM', 'REGV~R-A~A_DH_SS~5318646327833607495~W', 'REGV~R-A~A_DH_SS~5318646327833607495~X', 'REGV~R-A~A_DH_SS~5318646327833607495~RART', 'RSTN~KA-0136~~5624469462977397989~XE1', 'RSTN~KA-0136~~5624469462977397989~XE2', 'RSTN~KA-0137~~4733303314330172771~XE1', 'RSTN~KA-0137~~4733303314330172771~XE2', 'RSTN~KA-0140~~5525351520754567842~XE2', 'RSTN~KA-0140~~5525351520754567842~XE1', 'REGV~R-A~A_DH_SS~5318646327833607495~PHI', 'RSLW~INST~~4790795763730584982~XA', 'RLVG~STAT~~5008855482379216777~XA', 'RSTN~KA-0150~~4880624068243338621~XE1', 'RSTN~KA-0150~~4880624068243338621~XE2', 'RSTN~KA-0156~~4650506974947570771~XE1', 'RSTN~KA-0156~~4650506974947570771~XE2', 'RSTN~KA-0157~~5639626549223879050~XE1', 'RSTN~KA-0157~~5639626549223879050~XE2', 'SWVT~wAutoB~~5637532099392751986~W', 'RLVG~SIM_STAT~~4726547013190527859~XA', 'RLVG~SIM_INST~~5571809484695941196~XA', 'RMES~Leckmenge~~5269602113508464920~XA', 'KNOT~V-1713~~5444471064559368547~DPH', 'KNOT~V-1131~~5074594183838392416~DPH', 'FWVB~V-1334~R-1334~5209801747782974747~PHIRL', 'FWVB~V-3004~R-3004~5173895806656464628~PHIRL', 'SWVT~handA~~4791958075034637588~W', 'SWVT~handB~~4716831806719265523~W', 'PGRP~R-A-SS~R-A1x~4744913295586066104~NPUMPSOLL', 'PGRP~R-B-SS~R-B1~5392313705862982701~NPUMPSOLL', 'FWVB~V-1334~R-1334~5209801747782974747~DP', 'FWVB~V-3004~R-3004~5173895806656464628~DP', 'VENT~R-1711-TS~R-1711~5219556173145291227~PHI', 'VENT~V-1711~V-1711-TS~5198697599443665009~PHI', 'VENT~V-1127~V-1127-TS~5749231425607379757~PHI', 'VENT~R-1127-TS~R-1127~5065367016209070561~PHI', 'VENT~V-1711~V-1711-TS~5198697599443665009~QM', 'VENT~R-1711-TS~R-1711~5219556173145291227~QM', 'VENT~V-1127~V-1127-TS~5749231425607379757~QM', 'VENT~R-1127-TS~R-1127~5065367016209070561~QM', 'KNOT~R-1127-TS~~5108944066977420269~PH', 'KNOT~V-1127-TS~~5591042313243578511~PH', 'KNOT~R-1127~~4997212611405491112~PH', 'KNOT~V-1127~~5258861183398215736~PH', 'KNOT~V-2115~~5700688157225193171~PH', 'KNOT~V-2115~~5700688157225193171~QM', 'ROHR~V-2114 TS~V-2115~5386649059936462519~QMAV', 'KNOT~R-2115~~4689802960562112269~PH', 'KNOT~R-2115~~4689802960562112269~QM', 'ROHR~R-2114 TS~R-2115~5532384114025097923~QMAV', 'KNOT~V-2201~~4890229373327012884~PH', 'ROHR~V-2200 TS~V-2201~5190313568370877639~QMAV', 'KNOT~V-2201~~4890229373327012884~QM', 'KNOT~R-2201~~4721984912513724184~PH', 'KNOT~R-2201~~4721984912513724184~QM', 'ROHR~R-2200 TS~R-2201~5461417690433809414~QMAV', 'KNOT~V-2108~~5434388914180684083~PH', 'ROHR~V-2103 TS~V-2108~4905261610055169276~QMAV', 'KNOT~V-2108~~5434388914180684083~QM', 'KNOT~R-2108~~5137034012688321639~PH', 'KNOT~R-2108~~5137034012688321639~QM', 'ROHR~R-2103 TS~R-2108~5355746807256734000~QMAV', 'KNOT~V-1921~~5272139492480408302~PH', 'ROHR~V-1920 TS~V-1921~5387564938079580848~QMAV', 'KNOT~V-1921~~5272139492480408302~QM', 'KNOT~R-1921~~5181672229813603617~PH', 'KNOT~R-1921~~5181672229813603617~QM', 'ROHR~R-1920 TS~R-1921~5137664207859471062~QMAV', 'KNOT~V-1644~~5581382032624837035~PH', 'ROHR~V-1643-TS~V-1644~5025072897747110287~QMAV', 'KNOT~V-1644~~5581382032624837035~QM', 'KNOT~R-1644~~4904413932100373895~PH', 'KNOT~R-1644~~4904413932100373895~QM', 'ROHR~R-1643-TS~R-1644~5634948917618624776~QMAV', 'KNOT~V-1613~~5407331422844699696~PH', 'ROHR~V-1612~V-1613~5457304778575919253~QMAV', 'KNOT~V-1613~~5407331422844699696~QM', 'KNOT~R-1613~~5749008044439849151~PH', 'KNOT~R-1613~~5749008044439849151~QM', 'ROHR~R-1612~R-1613~5518543472830371829~QMAV', 'KNOT~V-HKW3W~~5354506353376264688~PH', 'ROHR~V-HKW3T TS~V-HKW3W~5295316741917341563~QMAV', 'KNOT~V-HKW3W~~5354506353376264688~QM', 'KNOT~R-HKW3W~~5745920401303765269~PH', 'KNOT~R-HKW3W~~5745920401303765269~QM', 'ROHR~R-HKW3T TS~R-HKW3W~4996469873767852539~QMAV', 'KNOT~V-1903~~4974995785395396438~PH', 'ROHR~V-1903~V-1904 TS~5039235153285894644~QMAV', 'KNOT~V-1903~~4974995785395396438~QM', 'KNOT~R-1903~~5676922994863311686~PH', 'KNOT~R-1903~~5676922994863311686~QM', 'ROHR~R-1903~R-1904 TS~5410354588912795211~QMAV', 'KNOT~V-1128~~5414461524800054484~PH', 'ROHR~V-1127-TS~V-1128~4994405235471537178~QMAV', 'KNOT~V-1128~~5414461524800054484~QM', 'KNOT~R-1128~~5655036113604733349~PH', 'KNOT~R-1128~~5655036113604733349~QM', 'ROHR~R-1127-TS~R-1128~5648820589957167355~QMAV', 'KNOT~V-1712~~4871422842376415078~PH', 'ROHR~V-1711-TS~V-1712~5593786789536483101~QMAV', 'KNOT~V-1712~~4871422842376415078~QM', 'KNOT~R-1712~~5264696012606932013~PH', 'KNOT~R-1712~~5264696012606932013~QM', 'ROHR~R-1711-TS~R-1712~5191765650034605736~QMAV', 'KNOT~V-1750~~5567047119891889984~PH', 'ROHR~V-1750~V-1754 TS~4818530042735058701~QMAV', 'KNOT~V-1750~~5567047119891889984~QM', 'KNOT~R-1750~~5469494313303090622~PH', 'KNOT~R-1750~~5469494313303090622~QM', 'ROHR~R-1750~R-1754 TS~4646511922637207483~QMAV', 'KNOT~V-1704~~4738019548175334640~PH', 'ROHR~V-1703 TS~V-1704~4903902925447484964~QMAV', 'KNOT~V-1704~~4738019548175334640~QM', 'KNOT~R-1704~~4819698841004234148~PH', 'KNOT~R-1704~~4819698841004234148~QM', 'ROHR~R-1703 TS~R-1704~4871662123469659256~QMAV', 'KNOT~V-1707~~4646844463786618911~PH', 'ROHR~V-1122 TS~V-1707~5200924601073804208~QMAV', 'KNOT~V-1707~~4646844463786618911~QM', 'KNOT~R-1707~~4847155082847587195~PH', 'KNOT~R-1707~~4847155082847587195~QM', 'ROHR~R-1122 TS~R-1707~4860388993968820745~QMAV', 'KNOT~V-1721~~4695510289231929564~PH', 'ROHR~V-1720 TS~V-1721~5317785761360669770~QMAV', 'KNOT~V-1721~~4695510289231929564~QM', 'KNOT~R-1721~~5596135131971259935~PH', 'KNOT~R-1721~~5596135131971259935~QM', 'ROHR~R-1720 TS~R-1721~5556440667235966832~QMAV', 'KNOT~V-1374~~5053047766437794171~PH', 'ROHR~V-1374~V-1375 TS~4799160082958818795~QMAV', 'KNOT~V-1374~~5053047766437794171~QM', 'KNOT~R-1374~~4685115071242921296~PH', 'KNOT~R-1374~~4685115071242921296~QM', 'ROHR~R-1374~R-1375 TS~5038401689793381233~QMAV', 'KNOT~V-1431~~4884510430332871593~PH', 'ROHR~V-1304 TS~V-1431~5238020078283565354~QMAV', 'KNOT~V-1431~~4884510430332871593~QM', 'KNOT~R-1431~~4922361408800486405~PH', 'KNOT~R-1431~~4922361408800486405~QM', 'ROHR~R-1304 TS~R-1431~5739272236293058296~QMAV', 'KNOT~V-1372~~5267246667282084348~PH', 'ROHR~V-1371 TS~V-1372~5363697118788759935~QMAV', 'KNOT~V-1372~~5267246667282084348~QM', 'KNOT~R-1372~~4995361628455857162~PH', 'KNOT~R-1372~~4995361628455857162~QM', 'ROHR~R-1371 TS~R-1372~5033157550355745061~QMAV', 'ROHR~V-1308 TS~V-1372~5670456045272797772~QMAV', 'ROHR~R-1308 TS~R-1372~5492978573264817287~QMAV', 'KNOT~V-1404~~4790054445205263240~PH', 'ROHR~V-1403 TS~V-1404~5728314682393508635~QMAV', 'KNOT~V-1404~~4790054445205263240~QM', 'KNOT~R-1404~~5299371859723143610~PH', 'KNOT~R-1404~~5299371859723143610~QM', 'ROHR~R-1403 TS~R-1404~5470730155728541154~QMAV', 'KNOT~V-1114~~4732525992409597169~PH', 'ROHR~V-1113 TS~V-1114~5753206182977477252~QMAV', 'KNOT~V-1114~~4732525992409597169~QM', 'KNOT~R-1114~~5573246892777767083~PH', 'KNOT~R-1114~~5573246892777767083~QM', 'ROHR~R-1113 TS~R-1114~4867140607444302181~QMAV', 'KNOT~V-1700~~5417152761968039132~PH', 'ROHR~V-1117 TS~V-1700~4911452248194347682~QMAV', 'KNOT~V-1700~~5417152761968039132~QM', 'KNOT~R-1700~~5018588879754015367~PH', 'KNOT~R-1700~~5018588879754015367~QM', 'ROHR~R-1117 TS~R-1700~4714009975036689461~QMAV', 'KNOT~V-1600~~4848480926789900328~PH', 'ROHR~V-1115 TS~V-1600~5267184521173506342~QMAV', 'KNOT~V-1600~~4848480926789900328~QM', 'KNOT~R-1600~~5401423581524795109~PH', 'KNOT~R-1600~~5401423581524795109~QM', 'ROHR~R-1115 TS~R-1600~4758052259346742170~QMAV', 'KNOT~V-1631~~5442489876582764655~PH', 'ROHR~V-1631~V-1632 TS~5389229970225116476~QMAV', 'KNOT~V-1631~~5442489876582764655~QM', 'KNOT~R-1631~~5261331651889219534~PH', 'KNOT~R-1631~~5261331651889219534~QM', 'ROHR~R-1631~R-1632 TS~4618706760563289756~QMAV', 'ROHR~V-1580 TS~V-1581~4708691176680769486~QMAV', 'KNOT~V-1581~~5689263250219357827~QM', 'KNOT~R-1581~~5079761266980445582~QM', 'ROHR~R-1580 TS~R-1581~5310983240996962418~QMAV', 'ROHR~V-1127~V-1730 TS~5020755722311903262~QMAV', 'KNOT~V-1127~~5258861183398215736~QM', 'KNOT~R-1127~~4997212611405491112~QM', 'ROHR~R-1127~R-1730 TS~4973578855329213722~QMAV', 'KNOT~V-1729~~5426464899477977103~PH', 'ROHR~V-1708 TS~V-1729~5081038578949793714~QMAV', 'KNOT~V-1729~~5426464899477977103~QM', 'KNOT~R-1729~~5263869945498856501~PH', 'KNOT~R-1729~~5263869945498856501~QM', 'ROHR~R-1708 TS~R-1729~5544546283763282984~QMAV', 'KNOT~V-1119~~5128045753491799259~PH', 'ROHR~V-1118 TS~V-1119~5148216817431311962~QMAV', 'KNOT~V-1119~~5128045753491799259~QM', 'KNOT~R-1119~~5167980240270536670~PH', 'KNOT~R-1119~~5167980240270536670~QM', 'ROHR~R-1118 TS~R-1119~5414193920247468781~QMAV', 'KNOT~V-1350~~5551760012791490446~PH', 'ROHR~V-1334 TS~V-1350~5637569252610606982~QMAV', 'KNOT~V-1350~~5551760012791490446~QM', 'KNOT~R-1350~~5611297855047155145~PH', 'KNOT~R-1350~~5611297855047155145~QM', 'ROHR~R-1334 TS~R-1350~5226828265758714867~QMAV', 'KNOT~V-1313~~4938689558566496726~PH', 'ROHR~V-1313~V-1314 TS~5763939304001966241~QMAV', 'KNOT~V-1313~~4938689558566496726~QM', 'KNOT~R-1313~~4889531955466008443~PH', 'KNOT~R-1313~~4889531955466008443~QM', 'ROHR~R-1313~R-1314 TS~5260898018855122854~QMAV', 'KNOT~V-3201~~5106197396752101885~PH', 'ROHR~V-3200 TS~V-3201~5421381657520644354~QMAV', 'KNOT~V-3201~~5106197396752101885~QM', 'KNOT~R-3201~~5675703941309651920~PH', 'KNOT~R-3201~~5675703941309651920~QM', 'ROHR~R-3200 TS~R-3201~5153087174603294667~QMAV', 'KNOT~V-1511~~5409622605448415940~PH', 'ROHR~V-1510 TS~V-1511~5014415221218994866~QMAV', 'KNOT~V-1511~~5409622605448415940~QM', 'KNOT~R-1511~~5301233623236639278~PH', 'KNOT~R-1511~~5301233623236639278~QM', 'ROHR~R-1510 TS~R-1511~5247248618100187317~QMAV', 'KNOT~V-1116~~5419941292222858592~PH', 'ROHR~V-1115 TS 16~V-1116~5071643676972366318~QMAV', 'KNOT~V-1116~~5419941292222858592~QM', 'KNOT~R-1116~~5647889108378991775~PH', 'KNOT~R-1116~~5647889108378991775~QM', 'ROHR~R-1115 TS 16~R-1116~5339736284634509324~QMAV', 'KNOT~V-1308~~5525125717847968738~PH', 'ROHR~V-1307 TS~V-1308~4875326874014806461~QMAV', 'KNOT~V-1308~~5525125717847968738~QM', 'KNOT~R-1308~~5342533238398689744~PH', 'KNOT~R-1308~~5342533238398689744~QM', 'ROHR~R-1307 TS~R-1308~4943315723458259758~QMAV', 'ROHR~V-1308~V-1309 TS~5098811961066895622~QMAV', 'ROHR~R-1308~R-1309 TS~5315659946039400690~QMAV', 'KNOT~V-1334~~5489003886579673747~PH', 'ROHR~V-1333 TS~V-1334~5756639220551747288~QMAV', 'KNOT~V-1334~~5489003886579673747~QM', 'KNOT~R-1334~~5418650477785169659~PH', 'KNOT~R-1334~~5418650477785169659~QM', 'ROHR~R-1333 TS~R-1334~4829728156340590664~QMAV', 'KNOT~V-1252~~5170008414234980765~PH', 'ROHR~V-1252~V-1251 TS~4868475595485058025~QMAV', 'KNOT~V-1252~~5170008414234980765~QM', 'KNOT~R-1252~~5403107381441738948~PH', 'KNOT~R-1252~~5403107381441738948~QM', 'ROHR~R-1252~R-1251 TS~5641809861382620137~QMAV', 'KNOT~V-1152~~4690348330074566755~PH', 'ROHR~V-1104 TS~V-1152~4923834016757556264~QMAV', 'KNOT~V-1152~~4690348330074566755~QM', 'KNOT~R-1152~~5487202573874735450~PH', 'KNOT~R-1152~~5487202573874735450~QM', 'ROHR~R-1104 TS~R-1152~5346324330434700818~QMAV', 'KNOT~V-1107~~5199152025686144513~PH', 'ROHR~V-1106 TS~V-1107~4963361625532825216~QMAV', 'KNOT~V-1107~~5199152025686144513~QM', 'KNOT~R-1107~~5021262978190991376~PH', 'KNOT~R-1107~~5021262978190991376~QM', 'ROHR~R-1106 TS~R-1107~5481846008187497895~QMAV', 'KNOT~V-1400~~5088123443471304141~PH', 'ROHR~V-1302 TS~V-1400~5289364654905518147~QMAV', 'KNOT~V-1400~~5088123443471304141~QM', 'KNOT~R-1400~~4654024557357532860~PH', 'KNOT~R-1400~~4654024557357532860~QM', 'ROHR~R-1302 TS~R-1400~5371357654971098344~QMAV', 'KNOT~V-1510~~5689669695472257871~PH', 'ROHR~V-1509 TS~V-1510~5406345713344244847~QMAV', 'KNOT~V-1510~~5689669695472257871~QM', 'KNOT~R-1510~~5490136137787422029~PH', 'KNOT~R-1510~~5490136137787422029~QM', 'ROHR~R-1509 TS~R-1510~4960409840097926697~QMAV', 'KNOT~V-1301~~5544459400039206300~PH', 'ROHR~V-1192 TS~V-1301~5091510390990107589~QMAV', 'KNOT~V-1301~~5544459400039206300~QM', 'KNOT~R-1301~~5751079200784066907~PH', 'KNOT~R-1301~~5751079200784066907~QM', 'ROHR~R-1192 TS~R-1301~4620718319392983450~QMAV', 'KNOT~V-3006~~5357090769568023782~PH', 'ROHR~V-3007 TS~V-3006~4690719489931701758~QMAV', 'KNOT~V-3006~~5357090769568023782~QM', 'KNOT~R-3006~~4892601735259440959~PH', 'KNOT~R-3006~~4892601735259440959~QM', 'ROHR~R-3007 TS~R-3006~5146064216081330890~QMAV', 'KNOT~V-3612~~5029011449026239945~PH', 'ROHR~V-3612~V-3614 TS~4917761264527351898~QMAV', 'KNOT~V-3612~~5029011449026239945~QM', 'KNOT~R-3612~~4791094258511437156~PH', 'KNOT~R-3612~~4791094258511437156~QM', 'ROHR~R-3612~R-3614 TS~5494691587988343661~QMAV', 'KNOT~V-3106~~5487494706380924171~PH', 'ROHR~V-3105 TS~V-3106~5235651330632372835~QMAV', 'KNOT~V-3106~~5487494706380924171~QM', 'KNOT~R-3106~~5131521461722407199~PH', 'KNOT~R-3106~~5131521461722407199~QM', 'ROHR~R-3105 TS~R-3106~4952046582510297168~QMAV', 'KNOT~V-1506~~4856150400548314169~PH', 'ROHR~V-1505 TS~V-1506~4840408127551704779~QMAV', 'KNOT~V-1506~~4856150400548314169~QM', 'KNOT~R-1506~~4885321201240242000~PH', 'KNOT~R-1506~~4885321201240242000~QM', 'ROHR~R-1505 TS~R-1506~5115803720755409948~QMAV', 'KNOT~V-1537~~4690565085881743381~PH', 'ROHR~V-1244 TS~V-1537~5115235749140512923~QMAV', 'KNOT~V-1537~~4690565085881743381~QM', 'KNOT~R-1537~~5755714776698119294~PH', 'KNOT~R-1537~~5755714776698119294~QM', 'ROHR~R-1244 TS~R-1537~4659743674799219540~QMAV', 'KNOT~V-1513~~5427622692127003382~PH', 'ROHR~V-1511 TS~V-1513~5332520526459270138~QMAV', 'KNOT~V-1513~~5427622692127003382~QM', 'KNOT~R-1513~~5078316366978519124~PH', 'KNOT~R-1513~~5078316366978519124~QM', 'ROHR~R-1511 TS~R-1513~4700771062280102258~QMAV', 'KNOT~V-SUNG~~4795260837963917966~PH', 'ROHR~V-PRES TS~V-SUNG~5735010381020153263~QMAV', 'KNOT~V-SUNG~~4795260837963917966~QM', 'KNOT~R-SUNG~~5287160530089310885~PH', 'KNOT~R-SUNG~~5287160530089310885~QM', 'ROHR~R-PRES TS~R-SUNG~5617379178328838471~QMAV', 'VENT~R-2114 TS~R-2114~5355203940834444481~QM', 'VENT~R-2114 TS~R-2114~5355203940834444481~PHI', 'VENT~V-2114~V-2114 TS~5760193943997446212~PHI', 'VENT~V-2114~V-2114 TS~5760193943997446212~QM', 'VENT~R-2200 TS~R-2200~5021423632971352692~PHI', 'VENT~R-2200 TS~R-2200~5021423632971352692~QM', 'VENT~V-2200~V-2200 TS~5022085697592945806~PHI', 'VENT~V-2200~V-2200 TS~5022085697592945806~QM', 'VENT~R-2103 TS~R-2103~5672943554454243642~PHI', 'VENT~R-2103 TS~R-2103~5672943554454243642~QM', 'VENT~V-2103~V-2103 TS~5144379867722183691~PHI', 'VENT~V-2103~V-2103 TS~5144379867722183691~QM', 'VENT~R-1920 TS~R-1920~5014193280344475042~PHI', 'VENT~R-1920 TS~R-1920~5014193280344475042~QM', 'VENT~V-1920~V-1920 TS~5086348904423864485~PHI', 'VENT~V-1920~V-1920 TS~5086348904423864485~QM', 'VENT~R-1643-TS~R-1643~5122330381116554076~PHI', 'VENT~R-1643-TS~R-1643~5122330381116554076~QM', 'VENT~V-1643~V-1643-TS~4909233068370375538~PHI', 'VENT~V-1643~V-1643-TS~4909233068370375538~QM', 'VENT~R-1611-TS~R-1611~4825245818877378216~PHI', 'VENT~R-1611-TS~R-1611~4825245818877378216~QM', 'VENT~V-1611~V-1611-TS~5184255944583972283~PHI', 'VENT~V-1611~V-1611-TS~5184255944583972283~QM', 'VENT~R-HKW3T TS~R-HKW3T~5016252379448867392~PHI', 'VENT~R-HKW3T TS~R-HKW3T~5016252379448867392~QM', 'VENT~V-HKW3T~V-HKW3T TS~4748784982654846197~PHI', 'VENT~V-HKW3T~V-HKW3T TS~4748784982654846197~QM', 'VENT~R-1904 TS~R-1904~5366362236165649942~PHI', 'VENT~R-1904 TS~R-1904~5366362236165649942~QM', 'VENT~V-1904~V-1904 TS~4632877310537456802~PHI', 'VENT~V-1904~V-1904 TS~4632877310537456802~QM', 'KNOT~R-1711-TS~~5323968762378032594~PH', 'KNOT~V-1711-TS~~5039458859755370896~PH', 'KNOT~R-1904 TS~~4842730102705367601~PH', 'KNOT~V-1904 TS~~5655040573726646568~PH', 'KNOT~R-HKW3T TS~~5669867370098375565~PH', 'KNOT~V-HKW3T TS~~5626116904341429436~PH', 'KNOT~V-1611-TS~~5422905586690810426~PH', 'KNOT~R-1611-TS~~5266793177564809822~PH', 'KNOT~V-1643-TS~~5494856247482742405~PH', 'KNOT~R-1643-TS~~5111230035325075434~PH', 'KNOT~V-1920 TS~~5309672723662309909~PH', 'KNOT~R-1920 TS~~5744502134749730513~PH', 'KNOT~V-2103 TS~~5223009236639544169~PH', 'KNOT~R-2103 TS~~5000750797972609947~PH', 'KNOT~V-2200 TS~~5461269215591210616~PH', 'KNOT~R-2200 TS~~5602478336846299948~PH', 'KNOT~V-2114 TS~~5650863998811736068~PH', 'KNOT~R-2114 TS~~5442754363950538205~PH', 'VENT~V-1754~V-1754 TS~5108114724706997657~PHI', 'VENT~R-1754 TS~R-1754~4932464323984444866~PHI', 'VENT~V-1754~V-1754 TS~5108114724706997657~QM', 'VENT~R-1754 TS~R-1754~4932464323984444866~QM', 'KNOT~V-1754 TS~~4715091783184927746~PH', 'KNOT~R-1754 TS~~5204246723942290368~PH', 'VENT~V-1703~V-1703 TS~5636342328882569033~PHI', 'VENT~R-1703 TS~R-1703~5621411294583641869~PHI', 'VENT~V-1703~V-1703 TS~5636342328882569033~QM', 'VENT~R-1703 TS~R-1703~5621411294583641869~QM', 'KNOT~R-1703 TS~~5370443031556434012~PH', 'KNOT~V-1703 TS~~4714868577861995734~PH', 'VENT~R-1122 TS~R-1122~5262657954010749181~PHI', 'VENT~V-1122~V-1122 TS~5755273915817960808~PHI', 'VENT~R-1122 TS~R-1122~5262657954010749181~QM', 'VENT~V-1122~V-1122 TS~5755273915817960808~QM', 'KNOT~V-1122 TS~~4889196392122975229~PH', 'KNOT~R-1122 TS~~5656252266974241997~PH', 'VENT~V-1720~V-1720 TS~4625628972938432459~QM', 'VENT~R-1720 TS~R-1720~5267022734744502922~QM', 'VENT~V-1720~V-1720 TS~4625628972938432459~PHI', 'VENT~R-1720 TS~R-1720~5267022734744502922~PHI', 'KNOT~V-1720 TS~~4692267193522498556~PH', 'KNOT~R-1720 TS~~5482387136487338930~PH', 'VENT~R-1375 TS~R-1375~4891547935785634467~PHI', 'VENT~V-1375~V-1375 TS~5611193972839170516~PHI', 'VENT~R-1375 TS~R-1375~4891547935785634467~QM', 'VENT~V-1375~V-1375 TS~5611193972839170516~QM', 'KNOT~V-1375 TS~~5395195692820400032~PH', 'KNOT~R-1375 TS~~5382229606695086617~PH', 'VENT~R-1304 TS~R-1304~5318078967911877439~PHI', 'VENT~V-1304~V-1304 TS~5268785481984585309~PHI', 'VENT~R-1304 TS~R-1304~5318078967911877439~QM', 'VENT~V-1304~V-1304 TS~5268785481984585309~QM', 'KNOT~V-1304 TS~~4700769780016482462~PH', 'KNOT~R-1304 TS~~4933264814443564473~PH', 'VENT~R-1371 TS~R-1371~5552645075634240196~PHI', 'VENT~V-1371~V-1371 TS~5007721049268953552~PHI', 'VENT~R-1371 TS~R-1371~5552645075634240196~QM', 'VENT~V-1371~V-1371 TS~5007721049268953552~QM', 'KNOT~V-1371 TS~~5040685249222528828~PH', 'KNOT~R-1371 TS~~5204602656383901020~PH', 'VENT~R-1308 TS~R-1308~4770877336064503085~PHI', 'VENT~V-1308~V-1308 TS~5377687748016331599~PHI', 'VENT~R-1308 TS~R-1308~4770877336064503085~QM', 'VENT~V-1308~V-1308 TS~5377687748016331599~QM', 'KNOT~V-1308 TS~~5398837071191369601~PH', 'KNOT~R-1308 TS~~5267507971320228594~PH', 'VENT~R-1403 TS~R-1403~5221016205547585087~PHI', 'VENT~V-1403~V-1403 TS~5749751062642520976~PHI', 'VENT~R-1403 TS~R-1403~5221016205547585087~QM', 'VENT~V-1403~V-1403 TS~5749751062642520976~QM', 'KNOT~V-1403 TS~~5644335726065425693~PH', 'KNOT~R-1403 TS~~4655772110656291818~PH', 'VENT~R-1113 TS~R-1113~5134188920276509651~PHI', 'VENT~V-1113~V-1113 TS~4772186813165306084~PHI', 'VENT~R-1113 TS~R-1113~5134188920276509651~QM', 'VENT~V-1113~V-1113 TS~4772186813165306084~QM', 'KNOT~V-1113 TS~~5295662925240869173~PH', 'KNOT~R-1113 TS~~4952002424700948039~PH', 'VENT~R-1117 TS~R-1117~5393321617338660440~PHI', 'VENT~V-1117~V-1117 TS~5302538591475552989~PHI', 'VENT~R-1117 TS~R-1117~5393321617338660440~QM', 'VENT~V-1117~V-1117 TS~5302538591475552989~QM', 'KNOT~V-1117 TS~~5131624559118847737~PH', 'KNOT~R-1117 TS~~5458569235452269753~PH', 'VENT~R-1115 TS~R-1115~5078441577974480239~PHI', 'VENT~V-1115~V-1115 TS~5334762202641789748~PHI', 'VENT~R-1115 TS~R-1115~5078441577974480239~QM', 'VENT~V-1115~V-1115 TS~5334762202641789748~QM', 'KNOT~V-1115 TS~~5760728086343019905~PH', 'KNOT~R-1115 TS~~4822458321318982266~PH', 'VENT~R-1632 TS~R-1632~5653456267662192560~PHI', 'VENT~V-1632~V-1632 TS~5724986031806040607~PHI', 'VENT~R-1632 TS~R-1632~5653456267662192560~QM', 'VENT~V-1632~V-1632 TS~5724986031806040607~QM', 'KNOT~V-1632 TS~~4760570904552782538~PH', 'KNOT~R-1632 TS~~5736176394567220306~PH', 'VENT~R-1580 TS~R-1580~4834690407551933334~PHI', 'VENT~V-1580~V-1580 TS~5143007569910119480~PHI', 'VENT~R-1580 TS~R-1580~4834690407551933334~QM', 'VENT~V-1580~V-1580 TS~5143007569910119480~QM', 'KNOT~V-1580 TS~~4666686999950144786~PH', 'KNOT~R-1580 TS~~4871286163590237304~PH', 'VENT~R-1730 TS~R-1730~5161434510407687872~PHI', 'VENT~V-1730~V-1730 TS~5389356393000365590~PHI', 'VENT~R-1730 TS~R-1730~5161434510407687872~QM', 'VENT~V-1730~V-1730 TS~5389356393000365590~QM', 'KNOT~V-1730 TS~~5716582368539258909~PH', 'KNOT~R-1730 TS~~5047826313816278710~PH', 'VENT~R-1708 TS~R-1708~5368029909783340225~PHI', 'VENT~V-1708~V-1708 TS~4651475465207370821~PHI', 'VENT~R-1708 TS~R-1708~5368029909783340225~QM', 'VENT~V-1708~V-1708 TS~4651475465207370821~QM', 'KNOT~V-1708 TS~~4999488044591364568~PH', 'KNOT~R-1708 TS~~4937071198031701000~PH', 'VENT~R-1118 TS~R-1118~4860672584658800525~PHI', 'VENT~V-1118~V-1118 TS~5134978298374039447~PHI', 'VENT~R-1118 TS~R-1118~4860672584658800525~QM', 'VENT~V-1118~V-1118 TS~5134978298374039447~QM', 'KNOT~V-1118 TS~~4634224623057201220~PH', 'KNOT~R-1118 TS~~4877569976739867279~PH', 'VENT~R-1334 TS~R-1334~4724556615875151731~PHI', 'VENT~R-1334 TS~R-1334~4724556615875151731~QM', 'VENT~V-1334~V-1334 TS~5671439182552530721~PHI', 'VENT~V-1334~V-1334 TS~5671439182552530721~QM', 'KNOT~V-1334 TS~~4688754708619557811~PH', 'KNOT~R-1334 TS~~4837088795972015790~PH', 'VENT~R-1314 TS~R-1314~5695493589549147481~PHI', 'VENT~R-1314 TS~R-1314~5695493589549147481~QM', 'VENT~V-1314~V-1314 TS~5648659467315253789~PHI', 'VENT~V-1314~V-1314 TS~5648659467315253789~QM', 'KNOT~V-1314 TS~~4938678534306948119~PH', 'KNOT~R-1314 TS~~5543152403108374908~PH', 'VENT~R-3200 TS~R-3200~5586824511649782229~PHI', 'VENT~R-3200 TS~R-3200~5586824511649782229~QM', 'VENT~V-3200~V-3200 TS~4977302196262691970~PHI', 'VENT~V-3200~V-3200 TS~4977302196262691970~QM', 'KNOT~V-3200 TS~~4810773982469705556~PH', 'KNOT~R-3200 TS~~5564648889203192287~PH', 'VENT~R-1510 TS~R-1510~5403928062661758030~PHI', 'VENT~R-1510 TS~R-1510~5403928062661758030~QM', 'VENT~V-1510~V-1510 TS~4956000635150784120~PHI', 'VENT~V-1510~V-1510 TS~4956000635150784120~QM', 'KNOT~V-1510 TS~~4798956885858729953~PH', 'KNOT~R-1510 TS~~5518384311185361111~PH', 'KNOT~V-1115 TS 16~~4825698248521372919~PH', 'KNOT~R-1115 TS 16~~4821125984755216505~PH', 'VENT~R-1115 TS 16~R-1115~5352717721765583502~PHI', 'VENT~R-1115 TS 16~R-1115~5352717721765583502~QM', 'VENT~V-1115~V-1115 TS 16~4967759272256350857~PHI', 'VENT~V-1115~V-1115 TS 16~4967759272256350857~QM', 'VENT~R-1307 TS~R-1307~4959359833947915571~PHI', 'VENT~R-1307 TS~R-1307~4959359833947915571~QM', 'VENT~V-1307~V-1307 TS~4971857521283232600~PHI', 'VENT~V-1307~V-1307 TS~4971857521283232600~QM', 'KNOT~V-1307 TS~~5615048211634621618~PH', 'KNOT~R-1307 TS~~4878824023369561413~PH', 'VENT~R-1309 TS~R-1309~4979920036046083412~PHI', 'VENT~R-1309 TS~R-1309~4979920036046083412~QM', 'VENT~V-1309~V-1309 TS~4936651803022048599~PHI', 'VENT~V-1309~V-1309 TS~4936651803022048599~QM', 'KNOT~V-1309 TS~~5263180678376141268~PH', 'KNOT~R-1309 TS~~5253141828684778079~PH', 'VENT~R-1333 TS~R-1333~4846490422424081430~PHI', 'VENT~R-1333 TS~R-1333~4846490422424081430~QM', 'VENT~V-1333~V-1333 TS~5096712557447885228~PHI', 'VENT~V-1333~V-1333 TS~5096712557447885228~QM', 'KNOT~R-1333 TS~~5528724774248248311~PH', 'KNOT~V-1333 TS~~4803192704881544539~PH', 'VENT~R-1251 TS~R-1251~5399023270541434688~PHI', 'VENT~R-1251 TS~R-1251~5399023270541434688~QM', 'VENT~V-1251~V-1251 TS~5627165606590442989~PHI', 'VENT~V-1251~V-1251 TS~5627165606590442989~QM', 'KNOT~V-1251 TS~~5431316036269035309~PH', 'KNOT~R-1251 TS~~5303979032519205849~PH', 'VENT~R-1104 TS~R-1104~5486173139641020481~PHI', 'VENT~R-1104 TS~R-1104~5486173139641020481~QM', 'VENT~V-1104~V-1104 TS~4918271548164306665~PHI', 'VENT~V-1104~V-1104 TS~4918271548164306665~QM', 'KNOT~V-1104 TS~~5232332179122565338~PH', 'KNOT~R-1104 TS~~4651194005978887980~PH', 'VENT~R-1106 TS~R-1106~5200094991149567481~PHI', 'VENT~R-1106 TS~R-1106~5200094991149567481~QM', 'VENT~V-1106~V-1106 TS~4736937791717091836~PHI', 'VENT~V-1106~V-1106 TS~4736937791717091836~QM', 'VENT~R-1302 TS~R-1302~4941745543543360213~PHI', 'VENT~R-1302 TS~R-1302~4941745543543360213~QM', 'VENT~V-1302~V-1302 TS~4756898474349214964~PHI', 'VENT~V-1302~V-1302 TS~4756898474349214964~QM', 'VENT~R-1509 TS~R-1509~5426103948019692623~PHI', 'VENT~R-1509 TS~R-1509~5426103948019692623~QM', 'VENT~V-1509~V-1509 TS~4822676560945098485~PHI', 'VENT~V-1509~V-1509 TS~4822676560945098485~QM', 'KNOT~R-1106 TS~~5347824907156938659~PH', 'KNOT~V-1106 TS~~5357320101270682446~PH', 'KNOT~V-1302 TS~~5373686699870698431~PH', 'KNOT~R-1302 TS~~4958577241260086108~PH', 'KNOT~V-1509 TS~~4649587401239089097~PH', 'KNOT~R-1509 TS~~5651264148890299138~PH', 'VENT~R-1192 TS~R-1192~5132157583825727255~PHI', 'VENT~R-1192 TS~R-1192~5132157583825727255~QM', 'VENT~V-1192~V-1192 TS~5403478266793975666~PHI', 'VENT~V-1192~V-1192 TS~5403478266793975666~QM', 'KNOT~V-1192 TS~~5535193633788361478~PH', 'KNOT~R-1192 TS~~5289653888944065976~PH', 'VENT~R-3007 TS~R-3007~5193920684056460570~PHI', 'VENT~R-3007 TS~R-3007~5193920684056460570~QM', 'VENT~V-3007~V-3007 TS~4957426273739347428~PHI', 'VENT~V-3007~V-3007 TS~4957426273739347428~QM', 'KNOT~V-3007 TS~~5726199920504510375~PH', 'KNOT~R-3007 TS~~4678194193103891315~PH', 'VENT~R-3614 TS~R-3614~5357063556224143613~PHI', 'VENT~R-3614 TS~R-3614~5357063556224143613~QM', 'VENT~V-3614~V-3614 TS~5322152704070824767~PHI', 'VENT~V-3614~V-3614 TS~5322152704070824767~QM', 'KNOT~V-3614 TS~~5240516126680964219~PH', 'KNOT~R-3614 TS~~5727428549527888029~PH', 'VENT~R-3105 TS~R-3105~5741620681544204278~PHI', 'VENT~R-3105 TS~R-3105~5741620681544204278~QM', 'VENT~V-3105~V-3105 TS~5511781420253452267~PHI', 'VENT~V-3105~V-3105 TS~5511781420253452267~QM', 'KNOT~V-3105 TS~~5465377790656857485~PH', 'KNOT~R-3105 TS~~5315851593258150121~PH', 'VENT~R-1505 TS~R-1505~5349165743102387989~PHI', 'VENT~R-1505 TS~R-1505~5349165743102387989~QM', 'VENT~V-1505~V-1505 TS~5565658376405586292~PHI', 'VENT~V-1505~V-1505 TS~5565658376405586292~QM', 'KNOT~V-1505 TS~~4627006270620635842~PH', 'KNOT~R-1505 TS~~5034408169078498833~PH', 'VENT~R-1244 TS~R-1244~5357342008386276454~PHI', 'VENT~R-1244 TS~R-1244~5357342008386276454~QM', 'VENT~V-1244~V-1244 TS~4920261921264412444~PHI', 'VENT~V-1244~V-1244 TS~4920261921264412444~QM', 'KNOT~V-1244 TS~~4958239628575607122~PH', 'KNOT~R-1244 TS~~5190150164139722188~PH', 'VENT~R-1511 TS~R-1511~5296247899945385978~PHI', 'VENT~R-1511 TS~R-1511~5296247899945385978~QM', 'VENT~V-1511~V-1511 TS~5273997753630087625~PHI', 'VENT~V-1511~V-1511 TS~5273997753630087625~QM', 'KNOT~V-1511 TS~~5252686662859669178~PH', 'KNOT~R-1511 TS~~5614191905792604650~PH', 'VENT~R-PRES TS~R-PRES~5130633968829717396~PHI', 'VENT~R-PRES TS~R-PRES~5130633968829717396~QM', 'VENT~V-PRES~V-PRES TS~5156048357346454524~PHI', 'VENT~V-PRES~V-PRES TS~5156048357346454524~QM', 'KNOT~V-PRES TS~~5601895437753960986~PH', 'KNOT~R-PRES TS~~4737515641155254094~PH', 'VENT~R-1502 TS~R-1502~5524453012721100974~PHI', 'VENT~R-1502 TS~R-1502~5524453012721100974~QM', 'VENT~V-1502~V-1502 TS~4685259600121278291~PHI', 'VENT~V-1502~V-1502 TS~4685259600121278291~QM', 'KNOT~V-1502 TS~~4969231543931510259~PH', 'KNOT~R-1502 TS~~5147254168279984407~PH', 'VENT~R-3107 TS~R-3107~5651233135714136755~PHI', 'VENT~R-3107 TS~R-3107~5651233135714136755~QM', 'VENT~V-3107~V-3107 TS~4873903332865051213~PHI', 'VENT~V-3107~V-3107 TS~4873903332865051213~QM', 'KNOT~V-3107 TS~~5093248464207503110~PH', 'KNOT~R-3107 TS~~5267317611758867267~PH', 'VENT~R-3107 TS 25~R-3107~4801530531674439057~PHI', 'VENT~R-3107 TS 25~R-3107~4801530531674439057~QM', 'VENT~V-3107~V-3107 TS 25~5323073121528163819~PHI', 'VENT~V-3107~V-3107 TS 25~5323073121528163819~QM', 'KNOT~R-3107 TS 25~~5322477349772075450~PH', 'KNOT~V-3107 TS 25~~4748404786406964209~PH', 'VENT~R-3306 TS~R-3306~4907220424587485894~PHI', 'VENT~R-3306 TS~R-3306~4907220424587485894~QM', 'VENT~V-3306~V-3306 TS~5724431918466912875~PHI', 'VENT~V-3306~V-3306 TS~5724431918466912875~QM', 'KNOT~V-3306 TS~~5524372468946832093~PH', 'KNOT~R-3306 TS~~5733371532701512468~PH', 'VENT~R-3400 TS~R-3400~5562554288955600320~PHI', 'VENT~R-3400 TS~R-3400~5562554288955600320~QM', 'VENT~V-3400~V-3400 TS~5350437531075570921~PHI', 'VENT~V-3400~V-3400 TS~5350437531075570921~QM', 'KNOT~R-3400 TS~~5649673474297384806~PH', 'KNOT~V-3400 TS~~4993345350482955278~PH', 'KNOT~V-2114 TS~~5650863998811736068~QM', 'KNOT~R-2114 TS~~5442754363950538205~QM', 'KNOT~V-2200 TS~~5461269215591210616~QM', 'KNOT~R-2200 TS~~5602478336846299948~QM', 'KNOT~V-2103 TS~~5223009236639544169~QM', 'KNOT~R-2103 TS~~5000750797972609947~QM', 'KNOT~V-1920 TS~~5309672723662309909~QM', 'KNOT~R-1920 TS~~5744502134749730513~QM', 'KNOT~V-1643-TS~~5494856247482742405~QM', 'KNOT~R-1643-TS~~5111230035325075434~QM', 'KNOT~V-1611-TS~~5422905586690810426~QM', 'KNOT~R-1611-TS~~5266793177564809822~QM', 'KNOT~V-HKW3T TS~~5626116904341429436~QM', 'KNOT~R-HKW3T TS~~5669867370098375565~QM', 'KNOT~V-1904 TS~~5655040573726646568~QM', 'KNOT~R-1904 TS~~4842730102705367601~QM', 'KNOT~V-1127-TS~~5591042313243578511~QM', 'KNOT~R-1127-TS~~5108944066977420269~QM', 'KNOT~V-1711-TS~~5039458859755370896~QM', 'KNOT~R-1711-TS~~5323968762378032594~QM', 'KNOT~V-1754 TS~~4715091783184927746~QM', 'KNOT~R-1754 TS~~5204246723942290368~QM', 'KNOT~V-1703 TS~~4714868577861995734~QM', 'KNOT~R-1703 TS~~5370443031556434012~QM', 'KNOT~V-1122 TS~~4889196392122975229~QM', 'KNOT~R-1122 TS~~5656252266974241997~QM', 'KNOT~V-1720 TS~~4692267193522498556~QM', 'KNOT~R-1720 TS~~5482387136487338930~QM', 'KNOT~V-1375 TS~~5395195692820400032~QM', 'KNOT~R-1375 TS~~5382229606695086617~QM', 'KNOT~V-1304 TS~~4700769780016482462~QM', 'KNOT~R-1304 TS~~4933264814443564473~QM', 'KNOT~V-1308 TS~~5398837071191369601~QM', 'KNOT~R-1308 TS~~5267507971320228594~QM', 'KNOT~V-1371 TS~~5040685249222528828~QM', 'KNOT~R-1371 TS~~5204602656383901020~QM', 'KNOT~V-1113 TS~~5295662925240869173~QM', 'KNOT~R-1113 TS~~4952002424700948039~QM', 'KNOT~V-1403 TS~~5644335726065425693~QM', 'KNOT~R-1403 TS~~4655772110656291818~QM', 'KNOT~V-1115 TS~~5760728086343019905~QM', 'KNOT~R-1115 TS~~4822458321318982266~QM', 'KNOT~V-1117 TS~~5131624559118847737~QM', 'KNOT~R-1117 TS~~5458569235452269753~QM', 'KNOT~V-1632 TS~~4760570904552782538~QM', 'KNOT~R-1632 TS~~5736176394567220306~QM', 'KNOT~V-1118 TS~~4634224623057201220~QM', 'KNOT~R-1118 TS~~4877569976739867279~QM', 'KNOT~V-1580 TS~~4666686999950144786~QM', 'KNOT~R-1580 TS~~4871286163590237304~QM', 'KNOT~V-1708 TS~~4999488044591364568~QM', 'KNOT~R-1708 TS~~4937071198031701000~QM', 'KNOT~V-1730 TS~~5716582368539258909~QM', 'KNOT~R-1730 TS~~5047826313816278710~QM', 'KNOT~V-1314 TS~~4938678534306948119~QM', 'KNOT~R-1314 TS~~5543152403108374908~QM', 'KNOT~V-1334 TS~~4688754708619557811~QM', 'KNOT~R-1334 TS~~4837088795972015790~QM', 'KNOT~V-3200 TS~~4810773982469705556~QM', 'KNOT~R-3200 TS~~5564648889203192287~QM', 'KNOT~V-1115 TS 16~~4825698248521372919~QM', 'KNOT~R-1115 TS 16~~4821125984755216505~QM', 'KNOT~V-1510 TS~~4798956885858729953~QM', 'KNOT~R-1510 TS~~5518384311185361111~QM', 'KNOT~V-1307 TS~~5615048211634621618~QM', 'KNOT~R-1307 TS~~4878824023369561413~QM', 'KNOT~V-1309 TS~~5263180678376141268~QM', 'KNOT~R-1309 TS~~5253141828684778079~QM', 'KNOT~V-1333 TS~~4803192704881544539~QM', 'KNOT~R-1333 TS~~5528724774248248311~QM', 'KNOT~V-1104 TS~~5232332179122565338~QM', 'KNOT~R-1104 TS~~4651194005978887980~QM', 'KNOT~V-1106 TS~~5357320101270682446~QM', 'KNOT~R-1106 TS~~5347824907156938659~QM', 'KNOT~V-1251 TS~~5431316036269035309~QM', 'KNOT~R-1251 TS~~5303979032519205849~QM', 'KNOT~V-1302 TS~~5373686699870698431~QM', 'KNOT~R-1302 TS~~4958577241260086108~QM', 'KNOT~V-1509 TS~~4649587401239089097~QM', 'KNOT~R-1509 TS~~5651264148890299138~QM', 'KNOT~V-1192 TS~~5535193633788361478~QM', 'KNOT~R-1192 TS~~5289653888944065976~QM', 'KNOT~V-3007 TS~~5726199920504510375~QM', 'KNOT~R-3007 TS~~4678194193103891315~QM', 'KNOT~V-3105 TS~~5465377790656857485~QM', 'KNOT~R-3105 TS~~5315851593258150121~QM', 'KNOT~V-3614 TS~~5240516126680964219~QM', 'KNOT~R-3614 TS~~5727428549527888029~QM', 'KNOT~V-1244 TS~~4958239628575607122~QM', 'KNOT~R-1244 TS~~5190150164139722188~QM', 'KNOT~V-1505 TS~~4627006270620635842~QM', 'KNOT~R-1505 TS~~5034408169078498833~QM', 'KNOT~V-1511 TS~~5252686662859669178~QM', 'KNOT~R-1511 TS~~5614191905792604650~QM', 'KNOT~V-PRES TS~~5601895437753960986~QM', 'KNOT~R-PRES TS~~4737515641155254094~QM', 'KNOT~V-1502 TS~~4969231543931510259~QM', 'KNOT~R-1502 TS~~5147254168279984407~QM', 'KNOT~V-3107 TS~~5093248464207503110~QM', 'KNOT~R-3107 TS~~5267317611758867267~QM', 'KNOT~V-3107 TS 25~~4748404786406964209~QM', 'KNOT~R-3107 TS 25~~5322477349772075450~QM', 'KNOT~V-3306 TS~~5524372468946832093~QM', 'KNOT~R-3306 TS~~5733371532701512468~QM', 'KNOT~V-3400 TS~~4993345350482955278~QM', 'KNOT~R-3400 TS~~5649673474297384806~QM', 'KNOT~V-2114 TS~~5650863998811736068~DP', 'KNOT~V-2200 TS~~5461269215591210616~DP', 'KNOT~V-2103 TS~~5223009236639544169~DP', 'KNOT~V-1920 TS~~5309672723662309909~DP', 'KNOT~V-1611-TS~~5422905586690810426~DP', 'KNOT~V-1643-TS~~5494856247482742405~DP', 'KNOT~V-HKW3T TS~~5626116904341429436~DP', 'KNOT~V-1904 TS~~5655040573726646568~DP', 'KNOT~V-1127-TS~~5591042313243578511~DP', 'KNOT~V-1711-TS~~5039458859755370896~DP', 'KNOT~V-1122 TS~~4889196392122975229~DP', 'KNOT~V-1703 TS~~4714868577861995734~DP', 'KNOT~V-1720 TS~~4692267193522498556~DP', 'KNOT~V-1754 TS~~4715091783184927746~DP', 'KNOT~V-1113 TS~~5295662925240869173~DP', 'KNOT~V-1304 TS~~4700769780016482462~DP', 'KNOT~V-1308 TS~~5398837071191369601~DP', 'KNOT~V-1371 TS~~5040685249222528828~DP', 'KNOT~V-1375 TS~~5395195692820400032~DP', 'KNOT~V-1403 TS~~5644335726065425693~DP', 'KNOT~V-1115 TS~~5760728086343019905~DP', 'KNOT~V-1117 TS~~5131624559118847737~DP', 'KNOT~V-1632 TS~~4760570904552782538~DP', 'KNOT~V-1118 TS~~4634224623057201220~DP', 'KNOT~V-1580 TS~~4666686999950144786~DP', 'KNOT~V-1708 TS~~4999488044591364568~DP', 'KNOT~V-1730 TS~~5716582368539258909~DP', 'KNOT~V-1314 TS~~4938678534306948119~DP', 'KNOT~V-1334 TS~~4688754708619557811~DP', 'KNOT~V-3200 TS~~4810773982469705556~DP', 'KNOT~V-1115 TS 16~~4825698248521372919~DP', 'KNOT~V-1510 TS~~4798956885858729953~DP', 'KNOT~V-1307 TS~~5615048211634621618~DP', 'KNOT~V-1309 TS~~5263180678376141268~DP', 'KNOT~V-1333 TS~~4803192704881544539~DP', 'KNOT~V-1104 TS~~5232332179122565338~DP', 'KNOT~V-1106 TS~~5357320101270682446~DP', 'KNOT~V-1251 TS~~5431316036269035309~DP', 'KNOT~V-1302 TS~~5373686699870698431~DP', 'KNOT~V-1509 TS~~4649587401239089097~DP', 'KNOT~V-1192 TS~~5535193633788361478~DP', 'KNOT~V-3007 TS~~5726199920504510375~DP', 'KNOT~V-3105 TS~~5465377790656857485~DP', 'KNOT~V-3614 TS~~5240516126680964219~DP', 'KNOT~V-1244 TS~~4958239628575607122~DP', 'KNOT~V-1505 TS~~4627006270620635842~DP', 'KNOT~V-1511 TS~~5252686662859669178~DP', 'KNOT~V-PRES TS~~5601895437753960986~DP', 'KNOT~V-1502 TS~~4969231543931510259~DP', 'KNOT~V-3107 TS~~5093248464207503110~DP', 'KNOT~V-3107 TS 25~~4748404786406964209~DP', 'KNOT~V-3306 TS~~5524372468946832093~DP', 'KNOT~V-3400 TS~~4993345350482955278~DP', 'KNOT~V-2103~~4957087579441028336~DP', 'KNOT~V-HKW3T~~4998871319940598201~DP', 'KNOT~V-1904~~5682272575705488895~DP', 'KNOT~R-2114 TS~~5442754363950538205~DP', 'KNOT~R-2200 TS~~5602478336846299948~DP', 'KNOT~R-2103 TS~~5000750797972609947~DP', 'KNOT~R-1920 TS~~5744502134749730513~DP', 'KNOT~R-1611-TS~~5266793177564809822~DP', 'KNOT~R-1643-TS~~5111230035325075434~DP', 'KNOT~R-HKW3T TS~~5669867370098375565~DP', 'KNOT~R-1904 TS~~4842730102705367601~DP', 'KNOT~R-1127-TS~~5108944066977420269~DP', 'KNOT~R-1711-TS~~5323968762378032594~DP', 'KNOT~R-1122 TS~~5656252266974241997~DP', 'KNOT~R-1703 TS~~5370443031556434012~DP', 'KNOT~R-1720 TS~~5482387136487338930~DP', 'KNOT~R-1754 TS~~5204246723942290368~DP', 'KNOT~R-1113 TS~~4952002424700948039~DP', 'KNOT~R-1304 TS~~4933264814443564473~DP', 'KNOT~R-1308 TS~~5267507971320228594~DP', 'KNOT~R-1371 TS~~5204602656383901020~DP', 'KNOT~R-1375 TS~~5382229606695086617~DP', 'KNOT~R-1403 TS~~4655772110656291818~DP', 'KNOT~R-1115 TS~~4822458321318982266~DP', 'KNOT~R-1117 TS~~5458569235452269753~DP', 'KNOT~R-1632 TS~~5736176394567220306~DP', 'KNOT~R-1118 TS~~4877569976739867279~DP', 'KNOT~R-1580 TS~~4871286163590237304~DP', 'KNOT~R-1708 TS~~4937071198031701000~DP', 'KNOT~R-1730 TS~~5047826313816278710~DP', 'KNOT~R-1314 TS~~5543152403108374908~DP', 'KNOT~R-1334 TS~~4837088795972015790~DP', 'KNOT~R-3200 TS~~5564648889203192287~DP', 'KNOT~R-1115 TS 16~~4821125984755216505~DP', 'KNOT~R-1510 TS~~5518384311185361111~DP', 'KNOT~R-1307 TS~~4878824023369561413~DP', 'KNOT~R-1309 TS~~5253141828684778079~DP', 'KNOT~R-1333 TS~~5528724774248248311~DP', 'KNOT~R-1104 TS~~4651194005978887980~DP', 'KNOT~R-1106 TS~~5347824907156938659~DP', 'KNOT~R-1251 TS~~5303979032519205849~DP', 'KNOT~R-1302 TS~~4958577241260086108~DP', 'KNOT~R-1509 TS~~5651264148890299138~DP', 'KNOT~R-1192 TS~~5289653888944065976~DP', 'KNOT~R-3007 TS~~4678194193103891315~DP', 'KNOT~R-3105 TS~~5315851593258150121~DP', 'KNOT~R-3614 TS~~5727428549527888029~DP', 'KNOT~R-1244 TS~~5190150164139722188~DP', 'KNOT~R-1505 TS~~5034408169078498833~DP', 'KNOT~R-1511 TS~~5614191905792604650~DP', 'KNOT~R-PRES TS~~4737515641155254094~DP', 'KNOT~R-1502 TS~~5147254168279984407~DP', 'KNOT~R-3107 TS~~5267317611758867267~DP', 'KNOT~R-3107 TS 25~~5322477349772075450~DP', 'KNOT~R-3306 TS~~5733371532701512468~DP', 'KNOT~R-3400 TS~~5649673474297384806~DP', 'KNOT~R-2103~~4925394623358565552~DP', 'KNOT~R-HKW3T~~5233361229874136148~DP', 'KNOT~R-1904~~5167502772377138407~DP', 'KNOT~V-2103~~4957087579441028336~PH', 'KNOT~V-HKW3T~~4998871319940598201~PH', 'KNOT~V-1904~~5682272575705488895~PH', 'KNOT~R-2103~~4925394623358565552~PH', 'KNOT~R-HKW3T~~5233361229874136148~PH', 'KNOT~R-1904~~5167502772377138407~PH', 'KNOT~V-2114 TS~~5650863998811736068~PH_EIN', 'KNOT~V-2200 TS~~5461269215591210616~PH_EIN', 'KNOT~V-2103 TS~~5223009236639544169~PH_EIN', 'KNOT~V-1920 TS~~5309672723662309909~PH_EIN', 'KNOT~V-1611-TS~~5422905586690810426~PH_EIN', 'KNOT~V-1643-TS~~5494856247482742405~PH_EIN', 'KNOT~V-HKW3T TS~~5626116904341429436~PH_EIN', 'KNOT~V-1904 TS~~5655040573726646568~PH_EIN', 'KNOT~V-1127-TS~~5591042313243578511~PH_EIN', 'KNOT~V-1711-TS~~5039458859755370896~PH_EIN', 'KNOT~V-1122 TS~~4889196392122975229~PH_EIN', 'KNOT~V-1703 TS~~4714868577861995734~PH_EIN', 'KNOT~V-1720 TS~~4692267193522498556~PH_EIN', 'KNOT~V-1754 TS~~4715091783184927746~PH_EIN', 'KNOT~V-1113 TS~~5295662925240869173~PH_EIN', 'KNOT~V-1304 TS~~4700769780016482462~PH_EIN', 'KNOT~V-1308 TS~~5398837071191369601~PH_EIN', 'KNOT~V-1371 TS~~5040685249222528828~PH_EIN', 'KNOT~V-1375 TS~~5395195692820400032~PH_EIN', 'KNOT~V-1403 TS~~5644335726065425693~PH_EIN', 'KNOT~V-1115 TS~~5760728086343019905~PH_EIN', 'KNOT~V-1117 TS~~5131624559118847737~PH_EIN', 'KNOT~V-1632 TS~~4760570904552782538~PH_EIN', 'KNOT~V-1118 TS~~4634224623057201220~PH_EIN', 'KNOT~V-1580 TS~~4666686999950144786~PH_EIN', 'KNOT~V-1708 TS~~4999488044591364568~PH_EIN', 'KNOT~V-1730 TS~~5716582368539258909~PH_EIN', 'KNOT~V-1314 TS~~4938678534306948119~PH_EIN', 'KNOT~V-1334 TS~~4688754708619557811~PH_EIN', 'KNOT~V-3200 TS~~4810773982469705556~PH_EIN', 'KNOT~V-1115 TS 16~~4825698248521372919~PH_EIN', 'KNOT~V-1510 TS~~4798956885858729953~PH_EIN', 'KNOT~V-1307 TS~~5615048211634621618~PH_EIN', 'KNOT~V-1309 TS~~5263180678376141268~PH_EIN', 'KNOT~V-1333 TS~~4803192704881544539~PH_EIN', 'KNOT~V-1104 TS~~5232332179122565338~PH_EIN', 'KNOT~V-1106 TS~~5357320101270682446~PH_EIN', 'KNOT~V-1251 TS~~5431316036269035309~PH_EIN', 'KNOT~V-1302 TS~~5373686699870698431~PH_EIN', 'KNOT~V-1509 TS~~4649587401239089097~PH_EIN', 'KNOT~V-1192 TS~~5535193633788361478~PH_EIN', 'KNOT~V-3007 TS~~5726199920504510375~PH_EIN', 'KNOT~V-3105 TS~~5465377790656857485~PH_EIN', 'KNOT~V-3614 TS~~5240516126680964219~PH_EIN', 'KNOT~V-1244 TS~~4958239628575607122~PH_EIN', 'KNOT~V-1505 TS~~4627006270620635842~PH_EIN', 'KNOT~V-1511 TS~~5252686662859669178~PH_EIN', 'KNOT~V-PRES TS~~5601895437753960986~PH_EIN', 'KNOT~V-1502 TS~~4969231543931510259~PH_EIN', 'KNOT~V-3107 TS~~5093248464207503110~PH_EIN', 'KNOT~V-3107 TS 25~~4748404786406964209~PH_EIN', 'KNOT~V-3306 TS~~5524372468946832093~PH_EIN', 'KNOT~V-3400 TS~~4993345350482955278~PH_EIN', 'KNOT~V-2103~~4957087579441028336~PH_EIN', 'KNOT~V-HKW3T~~4998871319940598201~PH_EIN', 'KNOT~V-1904~~5682272575705488895~PH_EIN', 'KNOT~R-2114 TS~~5442754363950538205~PH_EIN', 'KNOT~R-2200 TS~~5602478336846299948~PH_EIN', 'KNOT~R-2103 TS~~5000750797972609947~PH_EIN', 'KNOT~R-1920 TS~~5744502134749730513~PH_EIN', 'KNOT~R-1611-TS~~5266793177564809822~PH_EIN', 'KNOT~R-1643-TS~~5111230035325075434~PH_EIN', 'KNOT~R-HKW3T TS~~5669867370098375565~PH_EIN', 'KNOT~R-1904 TS~~4842730102705367601~PH_EIN', 'KNOT~R-1127-TS~~5108944066977420269~PH_EIN', 'KNOT~R-1711-TS~~5323968762378032594~PH_EIN', 'KNOT~R-1122 TS~~5656252266974241997~PH_EIN', 'KNOT~R-1703 TS~~5370443031556434012~PH_EIN', 'KNOT~R-1720 TS~~5482387136487338930~PH_EIN', 'KNOT~R-1754 TS~~5204246723942290368~PH_EIN', 'KNOT~R-1113 TS~~4952002424700948039~PH_EIN', 'KNOT~R-1304 TS~~4933264814443564473~PH_EIN', 'KNOT~R-1308 TS~~5267507971320228594~PH_EIN', 'KNOT~R-1371 TS~~5204602656383901020~PH_EIN', 'KNOT~R-1375 TS~~5382229606695086617~PH_EIN', 'KNOT~R-1403 TS~~4655772110656291818~PH_EIN', 'KNOT~R-1115 TS~~4822458321318982266~PH_EIN', 'KNOT~R-1117 TS~~5458569235452269753~PH_EIN', 'KNOT~R-1632 TS~~5736176394567220306~PH_EIN', 'KNOT~R-1118 TS~~4877569976739867279~PH_EIN', 'KNOT~R-1580 TS~~4871286163590237304~PH_EIN', 'KNOT~R-1708 TS~~4937071198031701000~PH_EIN', 'KNOT~R-1730 TS~~5047826313816278710~PH_EIN', 'KNOT~R-1314 TS~~5543152403108374908~PH_EIN', 'KNOT~R-1334 TS~~4837088795972015790~PH_EIN', 'KNOT~R-3200 TS~~5564648889203192287~PH_EIN', 'KNOT~R-1115 TS 16~~4821125984755216505~PH_EIN', 'KNOT~R-1510 TS~~5518384311185361111~PH_EIN', 'KNOT~R-1307 TS~~4878824023369561413~PH_EIN', 'KNOT~R-1309 TS~~5253141828684778079~PH_EIN', 'KNOT~R-1333 TS~~5528724774248248311~PH_EIN', 'KNOT~R-1104 TS~~4651194005978887980~PH_EIN', 'KNOT~R-1106 TS~~5347824907156938659~PH_EIN', 'KNOT~R-1251 TS~~5303979032519205849~PH_EIN', 'KNOT~R-1302 TS~~4958577241260086108~PH_EIN', 'KNOT~R-1509 TS~~5651264148890299138~PH_EIN', 'KNOT~R-1192 TS~~5289653888944065976~PH_EIN', 'KNOT~R-3007 TS~~4678194193103891315~PH_EIN', 'KNOT~R-3105 TS~~5315851593258150121~PH_EIN', 'KNOT~R-3614 TS~~5727428549527888029~PH_EIN', 'KNOT~R-1244 TS~~5190150164139722188~PH_EIN', 'KNOT~R-1505 TS~~5034408169078498833~PH_EIN', 'KNOT~R-1511 TS~~5614191905792604650~PH_EIN', 'KNOT~R-PRES TS~~4737515641155254094~PH_EIN', 'KNOT~R-1502 TS~~5147254168279984407~PH_EIN', 'KNOT~R-3107 TS~~5267317611758867267~PH_EIN', 'KNOT~R-3107 TS 25~~5322477349772075450~PH_EIN', 'KNOT~R-3306 TS~~5733371532701512468~PH_EIN', 'KNOT~R-3400 TS~~5649673474297384806~PH_EIN', 'KNOT~R-2103~~4925394623358565552~PH_EIN', 'KNOT~R-HKW3T~~5233361229874136148~PH_EIN', 'KNOT~R-1904~~5167502772377138407~PH_EIN', 'KNOT~V-2103~~4957087579441028336~QM', 'KNOT~V-HKW3T~~4998871319940598201~QM', 'KNOT~V-1904~~5682272575705488895~QM', 'KNOT~R-2103~~4925394623358565552~QM', 'KNOT~R-HKW3T~~5233361229874136148~QM', 'KNOT~R-1904~~5167502772377138407~QM', 'VENT~V-2114~V-2114 TS~5760193943997446212~AUF', 'VENT~V-2200~V-2200 TS~5022085697592945806~AUF', 'VENT~V-2103~V-2103 TS~5144379867722183691~AUF', 'VENT~V-1920~V-1920 TS~5086348904423864485~AUF', 'VENT~V-1611~V-1611-TS~5184255944583972283~AUF', 'VENT~V-1643~V-1643-TS~4909233068370375538~AUF', 'VENT~V-HKW3T~V-HKW3T TS~4748784982654846197~AUF', 'VENT~V-1904~V-1904 TS~4632877310537456802~AUF', 'VENT~V-1127~V-1127-TS~5749231425607379757~AUF', 'VENT~V-1711~V-1711-TS~5198697599443665009~AUF', 'VENT~V-1122~V-1122 TS~5755273915817960808~AUF', 'VENT~V-1703~V-1703 TS~5636342328882569033~AUF', 'VENT~V-1720~V-1720 TS~4625628972938432459~AUF', 'VENT~V-1754~V-1754 TS~5108114724706997657~AUF', 'VENT~V-1113~V-1113 TS~4772186813165306084~AUF', 'VENT~V-1304~V-1304 TS~5268785481984585309~AUF', 'VENT~V-1308~V-1308 TS~5377687748016331599~AUF', 'VENT~V-1371~V-1371 TS~5007721049268953552~AUF', 'VENT~V-1375~V-1375 TS~5611193972839170516~AUF', 'VENT~V-1403~V-1403 TS~5749751062642520976~AUF', 'VENT~V-1115~V-1115 TS~5334762202641789748~AUF', 'VENT~V-1117~V-1117 TS~5302538591475552989~AUF', 'VENT~V-1632~V-1632 TS~5724986031806040607~AUF', 'VENT~V-1118~V-1118 TS~5134978298374039447~AUF', 'VENT~V-1580~V-1580 TS~5143007569910119480~AUF', 'VENT~V-1708~V-1708 TS~4651475465207370821~AUF', 'VENT~V-1730~V-1730 TS~5389356393000365590~AUF', 'VENT~V-1314~V-1314 TS~5648659467315253789~AUF', 'VENT~V-1334~V-1334 TS~5671439182552530721~AUF', 'VENT~V-3200~V-3200 TS~4977302196262691970~AUF', 'VENT~V-1115~V-1115 TS 16~4967759272256350857~AUF', 'VENT~V-1510~V-1510 TS~4956000635150784120~AUF', 'VENT~V-1307~V-1307 TS~4971857521283232600~AUF', 'VENT~V-1309~V-1309 TS~4936651803022048599~AUF', 'VENT~V-1333~V-1333 TS~5096712557447885228~AUF', 'VENT~V-1104~V-1104 TS~4918271548164306665~AUF', 'VENT~V-1106~V-1106 TS~4736937791717091836~AUF', 'VENT~V-1251~V-1251 TS~5627165606590442989~AUF', 'VENT~V-1302~V-1302 TS~4756898474349214964~AUF', 'VENT~V-1509~V-1509 TS~4822676560945098485~AUF', 'VENT~V-1192~V-1192 TS~5403478266793975666~AUF', 'VENT~V-3007~V-3007 TS~4957426273739347428~AUF', 'VENT~V-3105~V-3105 TS~5511781420253452267~AUF', 'VENT~V-3614~V-3614 TS~5322152704070824767~AUF', 'VENT~V-1244~V-1244 TS~4920261921264412444~AUF', 'VENT~V-1505~V-1505 TS~5565658376405586292~AUF', 'VENT~V-1511~V-1511 TS~5273997753630087625~AUF', 'VENT~V-PRES~V-PRES TS~5156048357346454524~AUF', 'VENT~V-1502~V-1502 TS~4685259600121278291~AUF', 'VENT~V-3107~V-3107 TS~4873903332865051213~AUF', 'VENT~V-3107~V-3107 TS 25~5323073121528163819~AUF', 'VENT~V-3306~V-3306 TS~5724431918466912875~AUF', 'VENT~V-3400~V-3400 TS~5350437531075570921~AUF', 'VENT~R-2114 TS~R-2114~5355203940834444481~AUF', 'VENT~R-2200 TS~R-2200~5021423632971352692~AUF', 'VENT~R-2103 TS~R-2103~5672943554454243642~AUF', 'VENT~R-1920 TS~R-1920~5014193280344475042~AUF', 'VENT~R-1611-TS~R-1611~4825245818877378216~AUF', 'VENT~R-1643-TS~R-1643~5122330381116554076~AUF', 'VENT~R-HKW3T TS~R-HKW3T~5016252379448867392~AUF', 'VENT~R-1904 TS~R-1904~5366362236165649942~AUF', 'VENT~R-1127-TS~R-1127~5065367016209070561~AUF', 'VENT~R-1711-TS~R-1711~5219556173145291227~AUF', 'VENT~R-1122 TS~R-1122~5262657954010749181~AUF', 'VENT~R-1703 TS~R-1703~5621411294583641869~AUF', 'VENT~R-1720 TS~R-1720~5267022734744502922~AUF', 'VENT~R-1754 TS~R-1754~4932464323984444866~AUF', 'VENT~R-1113 TS~R-1113~5134188920276509651~AUF', 'VENT~R-1304 TS~R-1304~5318078967911877439~AUF', 'VENT~R-1308 TS~R-1308~4770877336064503085~AUF', 'VENT~R-1371 TS~R-1371~5552645075634240196~AUF', 'VENT~R-1375 TS~R-1375~4891547935785634467~AUF', 'VENT~R-1403 TS~R-1403~5221016205547585087~AUF', 'VENT~R-1115 TS~R-1115~5078441577974480239~AUF', 'VENT~R-1117 TS~R-1117~5393321617338660440~AUF', 'VENT~R-1632 TS~R-1632~5653456267662192560~AUF', 'VENT~R-1118 TS~R-1118~4860672584658800525~AUF', 'VENT~R-1580 TS~R-1580~4834690407551933334~AUF', 'VENT~R-1708 TS~R-1708~5368029909783340225~AUF', 'VENT~R-1730 TS~R-1730~5161434510407687872~AUF', 'VENT~R-1314 TS~R-1314~5695493589549147481~AUF', 'VENT~R-1334 TS~R-1334~4724556615875151731~AUF', 'VENT~R-3200 TS~R-3200~5586824511649782229~AUF', 'VENT~R-1115 TS 16~R-1115~5352717721765583502~AUF', 'VENT~R-1510 TS~R-1510~5403928062661758030~AUF', 'VENT~R-1307 TS~R-1307~4959359833947915571~AUF', 'VENT~R-1309 TS~R-1309~4979920036046083412~AUF', 'VENT~R-1333 TS~R-1333~4846490422424081430~AUF', 'VENT~R-1104 TS~R-1104~5486173139641020481~AUF', 'VENT~R-1106 TS~R-1106~5200094991149567481~AUF', 'VENT~R-1251 TS~R-1251~5399023270541434688~AUF', 'VENT~R-1302 TS~R-1302~4941745543543360213~AUF', 'VENT~R-1509 TS~R-1509~5426103948019692623~AUF', 'VENT~R-1192 TS~R-1192~5132157583825727255~AUF', 'VENT~R-3007 TS~R-3007~5193920684056460570~AUF', 'VENT~R-3105 TS~R-3105~5741620681544204278~AUF', 'VENT~R-3614 TS~R-3614~5357063556224143613~AUF', 'VENT~R-1244 TS~R-1244~5357342008386276454~AUF', 'VENT~R-1505 TS~R-1505~5349165743102387989~AUF', 'VENT~R-1511 TS~R-1511~5296247899945385978~AUF', 'VENT~R-PRES TS~R-PRES~5130633968829717396~AUF', 'VENT~R-1502 TS~R-1502~5524453012721100974~AUF', 'VENT~R-3107 TS~R-3107~5651233135714136755~AUF', 'VENT~R-3107 TS 25~R-3107~4801530531674439057~AUF', 'VENT~R-3306 TS~R-3306~4907220424587485894~AUF', 'VENT~R-3400 TS~R-3400~5562554288955600320~AUF', 'VENT~V-2114~V-2114 TS~5760193943997446212~AUFZU', 'VENT~V-2200~V-2200 TS~5022085697592945806~AUFZU', 'VENT~V-2103~V-2103 TS~5144379867722183691~AUFZU', 'VENT~V-1920~V-1920 TS~5086348904423864485~AUFZU', 'VENT~V-1611~V-1611-TS~5184255944583972283~AUFZU', 'VENT~V-1643~V-1643-TS~4909233068370375538~AUFZU', 'VENT~V-HKW3T~V-HKW3T TS~4748784982654846197~AUFZU', 'VENT~V-1904~V-1904 TS~4632877310537456802~AUFZU', 'VENT~V-1127~V-1127-TS~5749231425607379757~AUFZU', 'VENT~V-1711~V-1711-TS~5198697599443665009~AUFZU', 'VENT~V-1122~V-1122 TS~5755273915817960808~AUFZU', 'VENT~V-1703~V-1703 TS~5636342328882569033~AUFZU', 'VENT~V-1720~V-1720 TS~4625628972938432459~AUFZU', 'VENT~V-1754~V-1754 TS~5108114724706997657~AUFZU', 'VENT~V-1113~V-1113 TS~4772186813165306084~AUFZU', 'VENT~V-1304~V-1304 TS~5268785481984585309~AUFZU', 'VENT~V-1308~V-1308 TS~5377687748016331599~AUFZU', 'VENT~V-1371~V-1371 TS~5007721049268953552~AUFZU', 'VENT~V-1375~V-1375 TS~5611193972839170516~AUFZU', 'VENT~V-1403~V-1403 TS~5749751062642520976~AUFZU', 'VENT~V-1115~V-1115 TS~5334762202641789748~AUFZU', 'VENT~V-1117~V-1117 TS~5302538591475552989~AUFZU', 'VENT~V-1632~V-1632 TS~5724986031806040607~AUFZU', 'VENT~V-1118~V-1118 TS~5134978298374039447~AUFZU', 'VENT~V-1580~V-1580 TS~5143007569910119480~AUFZU', 'VENT~V-1708~V-1708 TS~4651475465207370821~AUFZU', 'VENT~V-1730~V-1730 TS~5389356393000365590~AUFZU', 'VENT~V-1314~V-1314 TS~5648659467315253789~AUFZU', 'VENT~V-1334~V-1334 TS~5671439182552530721~AUFZU', 'VENT~V-3200~V-3200 TS~4977302196262691970~AUFZU', 'VENT~V-1115~V-1115 TS 16~4967759272256350857~AUFZU', 'VENT~V-1510~V-1510 TS~4956000635150784120~AUFZU', 'VENT~V-1307~V-1307 TS~4971857521283232600~AUFZU', 'VENT~V-1309~V-1309 TS~4936651803022048599~AUFZU', 'VENT~V-1333~V-1333 TS~5096712557447885228~AUFZU', 'VENT~V-1104~V-1104 TS~4918271548164306665~AUFZU', 'VENT~V-1106~V-1106 TS~4736937791717091836~AUFZU', 'VENT~V-1251~V-1251 TS~5627165606590442989~AUFZU', 'VENT~V-1302~V-1302 TS~4756898474349214964~AUFZU', 'VENT~V-1509~V-1509 TS~4822676560945098485~AUFZU', 'VENT~V-1192~V-1192 TS~5403478266793975666~AUFZU', 'VENT~V-3007~V-3007 TS~4957426273739347428~AUFZU', 'VENT~V-3105~V-3105 TS~5511781420253452267~AUFZU', 'VENT~V-3614~V-3614 TS~5322152704070824767~AUFZU', 'VENT~V-1244~V-1244 TS~4920261921264412444~AUFZU', 'VENT~V-1505~V-1505 TS~5565658376405586292~AUFZU', 'VENT~V-1511~V-1511 TS~5273997753630087625~AUFZU', 'VENT~V-PRES~V-PRES TS~5156048357346454524~AUFZU', 'VENT~V-1502~V-1502 TS~4685259600121278291~AUFZU', 'VENT~V-3107~V-3107 TS~4873903332865051213~AUFZU', 'VENT~V-3107~V-3107 TS 25~5323073121528163819~AUFZU', 'VENT~V-3306~V-3306 TS~5724431918466912875~AUFZU', 'VENT~V-3400~V-3400 TS~5350437531075570921~AUFZU', 'VENT~R-2114 TS~R-2114~5355203940834444481~AUFZU', 'VENT~R-2200 TS~R-2200~5021423632971352692~AUFZU', 'VENT~R-2103 TS~R-2103~5672943554454243642~AUFZU', 'VENT~R-1920 TS~R-1920~5014193280344475042~AUFZU', 'VENT~R-1611-TS~R-1611~4825245818877378216~AUFZU', 'VENT~R-1643-TS~R-1643~5122330381116554076~AUFZU', 'VENT~R-HKW3T TS~R-HKW3T~5016252379448867392~AUFZU', 'VENT~R-1904 TS~R-1904~5366362236165649942~AUFZU', 'VENT~R-1127-TS~R-1127~5065367016209070561~AUFZU', 'VENT~R-1711-TS~R-1711~5219556173145291227~AUFZU', 'VENT~R-1122 TS~R-1122~5262657954010749181~AUFZU', 'VENT~R-1703 TS~R-1703~5621411294583641869~AUFZU', 'VENT~R-1720 TS~R-1720~5267022734744502922~AUFZU', 'VENT~R-1754 TS~R-1754~4932464323984444866~AUFZU', 'VENT~R-1113 TS~R-1113~5134188920276509651~AUFZU', 'VENT~R-1304 TS~R-1304~5318078967911877439~AUFZU', 'VENT~R-1308 TS~R-1308~4770877336064503085~AUFZU', 'VENT~R-1371 TS~R-1371~5552645075634240196~AUFZU', 'VENT~R-1375 TS~R-1375~4891547935785634467~AUFZU', 'VENT~R-1403 TS~R-1403~5221016205547585087~AUFZU', 'VENT~R-1115 TS~R-1115~5078441577974480239~AUFZU', 'VENT~R-1117 TS~R-1117~5393321617338660440~AUFZU', 'VENT~R-1632 TS~R-1632~5653456267662192560~AUFZU', 'VENT~R-1118 TS~R-1118~4860672584658800525~AUFZU', 'VENT~R-1580 TS~R-1580~4834690407551933334~AUFZU', 'VENT~R-1708 TS~R-1708~5368029909783340225~AUFZU', 'VENT~R-1730 TS~R-1730~5161434510407687872~AUFZU', 'VENT~R-1314 TS~R-1314~5695493589549147481~AUFZU', 'VENT~R-1334 TS~R-1334~4724556615875151731~AUFZU', 'VENT~R-3200 TS~R-3200~5586824511649782229~AUFZU', 'VENT~R-1115 TS 16~R-1115~5352717721765583502~AUFZU', 'VENT~R-1510 TS~R-1510~5403928062661758030~AUFZU', 'VENT~R-1307 TS~R-1307~4959359833947915571~AUFZU', 'VENT~R-1309 TS~R-1309~4979920036046083412~AUFZU', 'VENT~R-1333 TS~R-1333~4846490422424081430~AUFZU', 'VENT~R-1104 TS~R-1104~5486173139641020481~AUFZU', 'VENT~R-1106 TS~R-1106~5200094991149567481~AUFZU', 'VENT~R-1251 TS~R-1251~5399023270541434688~AUFZU', 'VENT~R-1302 TS~R-1302~4941745543543360213~AUFZU', 'VENT~R-1509 TS~R-1509~5426103948019692623~AUFZU', 'VENT~R-1192 TS~R-1192~5132157583825727255~AUFZU', 'VENT~R-3007 TS~R-3007~5193920684056460570~AUFZU', 'VENT~R-3105 TS~R-3105~5741620681544204278~AUFZU', 'VENT~R-3614 TS~R-3614~5357063556224143613~AUFZU', 'VENT~R-1244 TS~R-1244~5357342008386276454~AUFZU', 'VENT~R-1505 TS~R-1505~5349165743102387989~AUFZU', 'VENT~R-1511 TS~R-1511~5296247899945385978~AUFZU', 'VENT~R-PRES TS~R-PRES~5130633968829717396~AUFZU', 'VENT~R-1502 TS~R-1502~5524453012721100974~AUFZU', 'VENT~R-3107 TS~R-3107~5651233135714136755~AUFZU', 'VENT~R-3107 TS 25~R-3107~4801530531674439057~AUFZU', 'VENT~R-3306 TS~R-3306~4907220424587485894~AUFZU', 'VENT~R-3400 TS~R-3400~5562554288955600320~AUFZU', 'VENT~V-2114~V-2114 TS~5760193943997446212~OEFFNET', 'VENT~V-2200~V-2200 TS~5022085697592945806~OEFFNET', 'VENT~V-2103~V-2103 TS~5144379867722183691~OEFFNET', 'VENT~V-1920~V-1920 TS~5086348904423864485~OEFFNET', 'VENT~V-1611~V-1611-TS~5184255944583972283~OEFFNET', 'VENT~V-1643~V-1643-TS~4909233068370375538~OEFFNET', 'VENT~V-HKW3T~V-HKW3T TS~4748784982654846197~OEFFNET', 'VENT~V-1904~V-1904 TS~4632877310537456802~OEFFNET', 'VENT~V-1127~V-1127-TS~5749231425607379757~OEFFNET', 'VENT~V-1711~V-1711-TS~5198697599443665009~OEFFNET', 'VENT~V-1122~V-1122 TS~5755273915817960808~OEFFNET', 'VENT~V-1703~V-1703 TS~5636342328882569033~OEFFNET', 'VENT~V-1720~V-1720 TS~4625628972938432459~OEFFNET', 'VENT~V-1754~V-1754 TS~5108114724706997657~OEFFNET', 'VENT~V-1113~V-1113 TS~4772186813165306084~OEFFNET', 'VENT~V-1304~V-1304 TS~5268785481984585309~OEFFNET', 'VENT~V-1308~V-1308 TS~5377687748016331599~OEFFNET', 'VENT~V-1371~V-1371 TS~5007721049268953552~OEFFNET', 'VENT~V-1375~V-1375 TS~5611193972839170516~OEFFNET', 'VENT~V-1403~V-1403 TS~5749751062642520976~OEFFNET', 'VENT~V-1115~V-1115 TS~5334762202641789748~OEFFNET', 'VENT~V-1117~V-1117 TS~5302538591475552989~OEFFNET', 'VENT~V-1632~V-1632 TS~5724986031806040607~OEFFNET', 'VENT~V-1118~V-1118 TS~5134978298374039447~OEFFNET', 'VENT~V-1580~V-1580 TS~5143007569910119480~OEFFNET', 'VENT~V-1708~V-1708 TS~4651475465207370821~OEFFNET', 'VENT~V-1730~V-1730 TS~5389356393000365590~OEFFNET', 'VENT~V-1314~V-1314 TS~5648659467315253789~OEFFNET', 'VENT~V-1334~V-1334 TS~5671439182552530721~OEFFNET', 'VENT~V-3200~V-3200 TS~4977302196262691970~OEFFNET', 'VENT~V-1115~V-1115 TS 16~4967759272256350857~OEFFNET', 'VENT~V-1510~V-1510 TS~4956000635150784120~OEFFNET', 'VENT~V-1307~V-1307 TS~4971857521283232600~OEFFNET', 'VENT~V-1309~V-1309 TS~4936651803022048599~OEFFNET', 'VENT~V-1333~V-1333 TS~5096712557447885228~OEFFNET', 'VENT~V-1104~V-1104 TS~4918271548164306665~OEFFNET', 'VENT~V-1106~V-1106 TS~4736937791717091836~OEFFNET', 'VENT~V-1251~V-1251 TS~5627165606590442989~OEFFNET', 'VENT~V-1302~V-1302 TS~4756898474349214964~OEFFNET', 'VENT~V-1509~V-1509 TS~4822676560945098485~OEFFNET', 'VENT~V-1192~V-1192 TS~5403478266793975666~OEFFNET', 'VENT~V-3007~V-3007 TS~4957426273739347428~OEFFNET', 'VENT~V-3105~V-3105 TS~5511781420253452267~OEFFNET', 'VENT~V-3614~V-3614 TS~5322152704070824767~OEFFNET', 'VENT~V-1244~V-1244 TS~4920261921264412444~OEFFNET', 'VENT~V-1505~V-1505 TS~5565658376405586292~OEFFNET', 'VENT~V-1511~V-1511 TS~5273997753630087625~OEFFNET', 'VENT~V-PRES~V-PRES TS~5156048357346454524~OEFFNET', 'VENT~V-1502~V-1502 TS~4685259600121278291~OEFFNET', 'VENT~V-3107~V-3107 TS~4873903332865051213~OEFFNET', 'VENT~V-3107~V-3107 TS 25~5323073121528163819~OEFFNET', 'VENT~V-3306~V-3306 TS~5724431918466912875~OEFFNET', 'VENT~V-3400~V-3400 TS~5350437531075570921~OEFFNET', 'VENT~R-2114 TS~R-2114~5355203940834444481~OEFFNET', 'VENT~R-2200 TS~R-2200~5021423632971352692~OEFFNET', 'VENT~R-2103 TS~R-2103~5672943554454243642~OEFFNET', 'VENT~R-1920 TS~R-1920~5014193280344475042~OEFFNET', 'VENT~R-1611-TS~R-1611~4825245818877378216~OEFFNET', 'VENT~R-1643-TS~R-1643~5122330381116554076~OEFFNET', 'VENT~R-HKW3T TS~R-HKW3T~5016252379448867392~OEFFNET', 'VENT~R-1904 TS~R-1904~5366362236165649942~OEFFNET', 'VENT~R-1127-TS~R-1127~5065367016209070561~OEFFNET', 'VENT~R-1711-TS~R-1711~5219556173145291227~OEFFNET', 'VENT~R-1122 TS~R-1122~5262657954010749181~OEFFNET', 'VENT~R-1703 TS~R-1703~5621411294583641869~OEFFNET', 'VENT~R-1720 TS~R-1720~5267022734744502922~OEFFNET', 'VENT~R-1754 TS~R-1754~4932464323984444866~OEFFNET', 'VENT~R-1113 TS~R-1113~5134188920276509651~OEFFNET', 'VENT~R-1304 TS~R-1304~5318078967911877439~OEFFNET', 'VENT~R-1308 TS~R-1308~4770877336064503085~OEFFNET', 'VENT~R-1371 TS~R-1371~5552645075634240196~OEFFNET', 'VENT~R-1375 TS~R-1375~4891547935785634467~OEFFNET', 'VENT~R-1403 TS~R-1403~5221016205547585087~OEFFNET', 'VENT~R-1115 TS~R-1115~5078441577974480239~OEFFNET', 'VENT~R-1117 TS~R-1117~5393321617338660440~OEFFNET', 'VENT~R-1632 TS~R-1632~5653456267662192560~OEFFNET', 'VENT~R-1118 TS~R-1118~4860672584658800525~OEFFNET', 'VENT~R-1580 TS~R-1580~4834690407551933334~OEFFNET', 'VENT~R-1708 TS~R-1708~5368029909783340225~OEFFNET', 'VENT~R-1730 TS~R-1730~5161434510407687872~OEFFNET', 'VENT~R-1314 TS~R-1314~5695493589549147481~OEFFNET', 'VENT~R-1334 TS~R-1334~4724556615875151731~OEFFNET', 'VENT~R-3200 TS~R-3200~5586824511649782229~OEFFNET', 'VENT~R-1115 TS 16~R-1115~5352717721765583502~OEFFNET', 'VENT~R-1510 TS~R-1510~5403928062661758030~OEFFNET', 'VENT~R-1307 TS~R-1307~4959359833947915571~OEFFNET', 'VENT~R-1309 TS~R-1309~4979920036046083412~OEFFNET', 'VENT~R-1333 TS~R-1333~4846490422424081430~OEFFNET', 'VENT~R-1104 TS~R-1104~5486173139641020481~OEFFNET', 'VENT~R-1106 TS~R-1106~5200094991149567481~OEFFNET', 'VENT~R-1251 TS~R-1251~5399023270541434688~OEFFNET', 'VENT~R-1302 TS~R-1302~4941745543543360213~OEFFNET', 'VENT~R-1509 TS~R-1509~5426103948019692623~OEFFNET', 'VENT~R-1192 TS~R-1192~5132157583825727255~OEFFNET', 'VENT~R-3007 TS~R-3007~5193920684056460570~OEFFNET', 'VENT~R-3105 TS~R-3105~5741620681544204278~OEFFNET', 'VENT~R-3614 TS~R-3614~5357063556224143613~OEFFNET', 'VENT~R-1244 TS~R-1244~5357342008386276454~OEFFNET', 'VENT~R-1505 TS~R-1505~5349165743102387989~OEFFNET', 'VENT~R-1511 TS~R-1511~5296247899945385978~OEFFNET', 'VENT~R-PRES TS~R-PRES~5130633968829717396~OEFFNET', 'VENT~R-1502 TS~R-1502~5524453012721100974~OEFFNET', 'VENT~R-3107 TS~R-3107~5651233135714136755~OEFFNET', 'VENT~R-3107 TS 25~R-3107~4801530531674439057~OEFFNET', 'VENT~R-3306 TS~R-3306~4907220424587485894~OEFFNET', 'VENT~R-3400 TS~R-3400~5562554288955600320~OEFFNET', 'VENT~V-2114~V-2114 TS~5760193943997446212~SCHLIESST', 'VENT~V-2200~V-2200 TS~5022085697592945806~SCHLIESST', 'VENT~V-2103~V-2103 TS~5144379867722183691~SCHLIESST', 'VENT~V-1920~V-1920 TS~5086348904423864485~SCHLIESST', 'VENT~V-1611~V-1611-TS~5184255944583972283~SCHLIESST', 'VENT~V-1643~V-1643-TS~4909233068370375538~SCHLIESST', 'VENT~V-HKW3T~V-HKW3T TS~4748784982654846197~SCHLIESST', 'VENT~V-1904~V-1904 TS~4632877310537456802~SCHLIESST', 'VENT~V-1127~V-1127-TS~5749231425607379757~SCHLIESST', 'VENT~V-1711~V-1711-TS~5198697599443665009~SCHLIESST', 'VENT~V-1122~V-1122 TS~5755273915817960808~SCHLIESST', 'VENT~V-1703~V-1703 TS~5636342328882569033~SCHLIESST', 'VENT~V-1720~V-1720 TS~4625628972938432459~SCHLIESST', 'VENT~V-1754~V-1754 TS~5108114724706997657~SCHLIESST', 'VENT~V-1113~V-1113 TS~4772186813165306084~SCHLIESST', 'VENT~V-1304~V-1304 TS~5268785481984585309~SCHLIESST', 'VENT~V-1308~V-1308 TS~5377687748016331599~SCHLIESST', 'VENT~V-1371~V-1371 TS~5007721049268953552~SCHLIESST', 'VENT~V-1375~V-1375 TS~5611193972839170516~SCHLIESST', 'VENT~V-1403~V-1403 TS~5749751062642520976~SCHLIESST', 'VENT~V-1115~V-1115 TS~5334762202641789748~SCHLIESST', 'VENT~V-1117~V-1117 TS~5302538591475552989~SCHLIESST', 'VENT~V-1632~V-1632 TS~5724986031806040607~SCHLIESST', 'VENT~V-1118~V-1118 TS~5134978298374039447~SCHLIESST', 'VENT~V-1580~V-1580 TS~5143007569910119480~SCHLIESST', 'VENT~V-1708~V-1708 TS~4651475465207370821~SCHLIESST', 'VENT~V-1730~V-1730 TS~5389356393000365590~SCHLIESST', 'VENT~V-1314~V-1314 TS~5648659467315253789~SCHLIESST', 'VENT~V-1334~V-1334 TS~5671439182552530721~SCHLIESST', 'VENT~V-3200~V-3200 TS~4977302196262691970~SCHLIESST', 'VENT~V-1115~V-1115 TS 16~4967759272256350857~SCHLIESST', 'VENT~V-1510~V-1510 TS~4956000635150784120~SCHLIESST', 'VENT~V-1307~V-1307 TS~4971857521283232600~SCHLIESST', 'VENT~V-1309~V-1309 TS~4936651803022048599~SCHLIESST', 'VENT~V-1333~V-1333 TS~5096712557447885228~SCHLIESST', 'VENT~V-1104~V-1104 TS~4918271548164306665~SCHLIESST', 'VENT~V-1106~V-1106 TS~4736937791717091836~SCHLIESST', 'VENT~V-1251~V-1251 TS~5627165606590442989~SCHLIESST', 'VENT~V-1302~V-1302 TS~4756898474349214964~SCHLIESST', 'VENT~V-1509~V-1509 TS~4822676560945098485~SCHLIESST', 'VENT~V-1192~V-1192 TS~5403478266793975666~SCHLIESST', 'VENT~V-3007~V-3007 TS~4957426273739347428~SCHLIESST', 'VENT~V-3105~V-3105 TS~5511781420253452267~SCHLIESST', 'VENT~V-3614~V-3614 TS~5322152704070824767~SCHLIESST', 'VENT~V-1244~V-1244 TS~4920261921264412444~SCHLIESST', 'VENT~V-1505~V-1505 TS~5565658376405586292~SCHLIESST', 'VENT~V-1511~V-1511 TS~5273997753630087625~SCHLIESST', 'VENT~V-PRES~V-PRES TS~5156048357346454524~SCHLIESST', 'VENT~V-1502~V-1502 TS~4685259600121278291~SCHLIESST', 'VENT~V-3107~V-3107 TS~4873903332865051213~SCHLIESST', 'VENT~V-3107~V-3107 TS 25~5323073121528163819~SCHLIESST', 'VENT~V-3306~V-3306 TS~5724431918466912875~SCHLIESST', 'VENT~V-3400~V-3400 TS~5350437531075570921~SCHLIESST', 'VENT~R-2114 TS~R-2114~5355203940834444481~SCHLIESST', 'VENT~R-2200 TS~R-2200~5021423632971352692~SCHLIESST', 'VENT~R-2103 TS~R-2103~5672943554454243642~SCHLIESST', 'VENT~R-1920 TS~R-1920~5014193280344475042~SCHLIESST', 'VENT~R-1611-TS~R-1611~4825245818877378216~SCHLIESST', 'VENT~R-1643-TS~R-1643~5122330381116554076~SCHLIESST', 'VENT~R-HKW3T TS~R-HKW3T~5016252379448867392~SCHLIESST', 'VENT~R-1904 TS~R-1904~5366362236165649942~SCHLIESST', 'VENT~R-1127-TS~R-1127~5065367016209070561~SCHLIESST', 'VENT~R-1711-TS~R-1711~5219556173145291227~SCHLIESST', 'VENT~R-1122 TS~R-1122~5262657954010749181~SCHLIESST', 'VENT~R-1703 TS~R-1703~5621411294583641869~SCHLIESST', 'VENT~R-1720 TS~R-1720~5267022734744502922~SCHLIESST', 'VENT~R-1754 TS~R-1754~4932464323984444866~SCHLIESST', 'VENT~R-1113 TS~R-1113~5134188920276509651~SCHLIESST', 'VENT~R-1304 TS~R-1304~5318078967911877439~SCHLIESST', 'VENT~R-1308 TS~R-1308~4770877336064503085~SCHLIESST', 'VENT~R-1371 TS~R-1371~5552645075634240196~SCHLIESST', 'VENT~R-1375 TS~R-1375~4891547935785634467~SCHLIESST', 'VENT~R-1403 TS~R-1403~5221016205547585087~SCHLIESST', 'VENT~R-1115 TS~R-1115~5078441577974480239~SCHLIESST', 'VENT~R-1117 TS~R-1117~5393321617338660440~SCHLIESST', 'VENT~R-1632 TS~R-1632~5653456267662192560~SCHLIESST', 'VENT~R-1118 TS~R-1118~4860672584658800525~SCHLIESST', 'VENT~R-1580 TS~R-1580~4834690407551933334~SCHLIESST', 'VENT~R-1708 TS~R-1708~5368029909783340225~SCHLIESST', 'VENT~R-1730 TS~R-1730~5161434510407687872~SCHLIESST', 'VENT~R-1314 TS~R-1314~5695493589549147481~SCHLIESST', 'VENT~R-1334 TS~R-1334~4724556615875151731~SCHLIESST', 'VENT~R-3200 TS~R-3200~5586824511649782229~SCHLIESST', 'VENT~R-1115 TS 16~R-1115~5352717721765583502~SCHLIESST', 'VENT~R-1510 TS~R-1510~5403928062661758030~SCHLIESST', 'VENT~R-1307 TS~R-1307~4959359833947915571~SCHLIESST', 'VENT~R-1309 TS~R-1309~4979920036046083412~SCHLIESST', 'VENT~R-1333 TS~R-1333~4846490422424081430~SCHLIESST', 'VENT~R-1104 TS~R-1104~5486173139641020481~SCHLIESST', 'VENT~R-1106 TS~R-1106~5200094991149567481~SCHLIESST', 'VENT~R-1251 TS~R-1251~5399023270541434688~SCHLIESST', 'VENT~R-1302 TS~R-1302~4941745543543360213~SCHLIESST', 'VENT~R-1509 TS~R-1509~5426103948019692623~SCHLIESST', 'VENT~R-1192 TS~R-1192~5132157583825727255~SCHLIESST', 'VENT~R-3007 TS~R-3007~5193920684056460570~SCHLIESST', 'VENT~R-3105 TS~R-3105~5741620681544204278~SCHLIESST', 'VENT~R-3614 TS~R-3614~5357063556224143613~SCHLIESST', 'VENT~R-1244 TS~R-1244~5357342008386276454~SCHLIESST', 'VENT~R-1505 TS~R-1505~5349165743102387989~SCHLIESST', 'VENT~R-1511 TS~R-1511~5296247899945385978~SCHLIESST', 'VENT~R-PRES TS~R-PRES~5130633968829717396~SCHLIESST', 'VENT~R-1502 TS~R-1502~5524453012721100974~SCHLIESST', 'VENT~R-3107 TS~R-3107~5651233135714136755~SCHLIESST', 'VENT~R-3107 TS 25~R-3107~4801530531674439057~SCHLIESST', 'VENT~R-3306 TS~R-3306~4907220424587485894~SCHLIESST', 'VENT~R-3400 TS~R-3400~5562554288955600320~SCHLIESST', 'VENT~V-2114~V-2114 TS~5760193943997446212~V', 'VENT~V-2200~V-2200 TS~5022085697592945806~V', 'VENT~V-2103~V-2103 TS~5144379867722183691~V', 'VENT~V-1920~V-1920 TS~5086348904423864485~V', 'VENT~V-1611~V-1611-TS~5184255944583972283~V', 'VENT~V-1643~V-1643-TS~4909233068370375538~V', 'VENT~V-HKW3T~V-HKW3T TS~4748784982654846197~V', 'VENT~V-1904~V-1904 TS~4632877310537456802~V', 'VENT~V-1127~V-1127-TS~5749231425607379757~V', 'VENT~V-1711~V-1711-TS~5198697599443665009~V', 'VENT~V-1122~V-1122 TS~5755273915817960808~V', 'VENT~V-1703~V-1703 TS~5636342328882569033~V', 'VENT~V-1720~V-1720 TS~4625628972938432459~V', 'VENT~V-1754~V-1754 TS~5108114724706997657~V', 'VENT~V-1113~V-1113 TS~4772186813165306084~V', 'VENT~V-1304~V-1304 TS~5268785481984585309~V', 'VENT~V-1308~V-1308 TS~5377687748016331599~V', 'VENT~V-1371~V-1371 TS~5007721049268953552~V', 'VENT~V-1375~V-1375 TS~5611193972839170516~V', 'VENT~V-1403~V-1403 TS~5749751062642520976~V', 'VENT~V-1115~V-1115 TS~5334762202641789748~V', 'VENT~V-1117~V-1117 TS~5302538591475552989~V', 'VENT~V-1632~V-1632 TS~5724986031806040607~V', 'VENT~V-1118~V-1118 TS~5134978298374039447~V', 'VENT~V-1580~V-1580 TS~5143007569910119480~V', 'VENT~V-1708~V-1708 TS~4651475465207370821~V', 'VENT~V-1730~V-1730 TS~5389356393000365590~V', 'VENT~V-1314~V-1314 TS~5648659467315253789~V', 'VENT~V-1334~V-1334 TS~5671439182552530721~V', 'VENT~V-3200~V-3200 TS~4977302196262691970~V', 'VENT~V-1115~V-1115 TS 16~4967759272256350857~V', 'VENT~V-1510~V-1510 TS~4956000635150784120~V', 'VENT~V-1307~V-1307 TS~4971857521283232600~V', 'VENT~V-1309~V-1309 TS~4936651803022048599~V', 'VENT~V-1333~V-1333 TS~5096712557447885228~V', 'VENT~V-1104~V-1104 TS~4918271548164306665~V', 'VENT~V-1106~V-1106 TS~4736937791717091836~V', 'VENT~V-1251~V-1251 TS~5627165606590442989~V', 'VENT~V-1302~V-1302 TS~4756898474349214964~V', 'VENT~V-1509~V-1509 TS~4822676560945098485~V', 'VENT~V-1192~V-1192 TS~5403478266793975666~V', 'VENT~V-3007~V-3007 TS~4957426273739347428~V', 'VENT~V-3105~V-3105 TS~5511781420253452267~V', 'VENT~V-3614~V-3614 TS~5322152704070824767~V', 'VENT~V-1244~V-1244 TS~4920261921264412444~V', 'VENT~V-1505~V-1505 TS~5565658376405586292~V', 'VENT~V-1511~V-1511 TS~5273997753630087625~V', 'VENT~V-PRES~V-PRES TS~5156048357346454524~V', 'VENT~V-1502~V-1502 TS~4685259600121278291~V', 'VENT~V-3107~V-3107 TS~4873903332865051213~V', 'VENT~V-3107~V-3107 TS 25~5323073121528163819~V', 'VENT~V-3306~V-3306 TS~5724431918466912875~V', 'VENT~V-3400~V-3400 TS~5350437531075570921~V', 'VENT~R-2114 TS~R-2114~5355203940834444481~V', 'VENT~R-2200 TS~R-2200~5021423632971352692~V', 'VENT~R-2103 TS~R-2103~5672943554454243642~V', 'VENT~R-1920 TS~R-1920~5014193280344475042~V', 'VENT~R-1611-TS~R-1611~4825245818877378216~V', 'VENT~R-1643-TS~R-1643~5122330381116554076~V', 'VENT~R-HKW3T TS~R-HKW3T~5016252379448867392~V', 'VENT~R-1904 TS~R-1904~5366362236165649942~V', 'VENT~R-1127-TS~R-1127~5065367016209070561~V', 'VENT~R-1711-TS~R-1711~5219556173145291227~V', 'VENT~R-1122 TS~R-1122~5262657954010749181~V', 'VENT~R-1703 TS~R-1703~5621411294583641869~V', 'VENT~R-1720 TS~R-1720~5267022734744502922~V', 'VENT~R-1754 TS~R-1754~4932464323984444866~V', 'VENT~R-1113 TS~R-1113~5134188920276509651~V', 'VENT~R-1304 TS~R-1304~5318078967911877439~V', 'VENT~R-1308 TS~R-1308~4770877336064503085~V', 'VENT~R-1371 TS~R-1371~5552645075634240196~V', 'VENT~R-1375 TS~R-1375~4891547935785634467~V', 'VENT~R-1403 TS~R-1403~5221016205547585087~V', 'VENT~R-1115 TS~R-1115~5078441577974480239~V', 'VENT~R-1117 TS~R-1117~5393321617338660440~V', 'VENT~R-1632 TS~R-1632~5653456267662192560~V', 'VENT~R-1118 TS~R-1118~4860672584658800525~V', 'VENT~R-1580 TS~R-1580~4834690407551933334~V', 'VENT~R-1708 TS~R-1708~5368029909783340225~V', 'VENT~R-1730 TS~R-1730~5161434510407687872~V', 'VENT~R-1314 TS~R-1314~5695493589549147481~V', 'VENT~R-1334 TS~R-1334~4724556615875151731~V', 'VENT~R-3200 TS~R-3200~5586824511649782229~V', 'VENT~R-1115 TS 16~R-1115~5352717721765583502~V', 'VENT~R-1510 TS~R-1510~5403928062661758030~V', 'VENT~R-1307 TS~R-1307~4959359833947915571~V', 'VENT~R-1309 TS~R-1309~4979920036046083412~V', 'VENT~R-1333 TS~R-1333~4846490422424081430~V', 'VENT~R-1104 TS~R-1104~5486173139641020481~V', 'VENT~R-1106 TS~R-1106~5200094991149567481~V', 'VENT~R-1251 TS~R-1251~5399023270541434688~V', 'VENT~R-1302 TS~R-1302~4941745543543360213~V', 'VENT~R-1509 TS~R-1509~5426103948019692623~V', 'VENT~R-1192 TS~R-1192~5132157583825727255~V', 'VENT~R-3007 TS~R-3007~5193920684056460570~V', 'VENT~R-3105 TS~R-3105~5741620681544204278~V', 'VENT~R-3614 TS~R-3614~5357063556224143613~V', 'VENT~R-1244 TS~R-1244~5357342008386276454~V', 'VENT~R-1505 TS~R-1505~5349165743102387989~V', 'VENT~R-1511 TS~R-1511~5296247899945385978~V', 'VENT~R-PRES TS~R-PRES~5130633968829717396~V', 'VENT~R-1502 TS~R-1502~5524453012721100974~V', 'VENT~R-3107 TS~R-3107~5651233135714136755~V', 'VENT~R-3107 TS 25~R-3107~4801530531674439057~V', 'VENT~R-3306 TS~R-3306~4907220424587485894~V', 'VENT~R-3400 TS~R-3400~5562554288955600320~V', 'VENT~V-2114~V-2114 TS~5760193943997446212~ZU', 'VENT~V-2200~V-2200 TS~5022085697592945806~ZU', 'VENT~V-2103~V-2103 TS~5144379867722183691~ZU', 'VENT~V-1920~V-1920 TS~5086348904423864485~ZU', 'VENT~V-1611~V-1611-TS~5184255944583972283~ZU', 'VENT~V-1643~V-1643-TS~4909233068370375538~ZU', 'VENT~V-HKW3T~V-HKW3T TS~4748784982654846197~ZU', 'VENT~V-1904~V-1904 TS~4632877310537456802~ZU', 'VENT~V-1127~V-1127-TS~5749231425607379757~ZU', 'VENT~V-1711~V-1711-TS~5198697599443665009~ZU', 'VENT~V-1122~V-1122 TS~5755273915817960808~ZU', 'VENT~V-1703~V-1703 TS~5636342328882569033~ZU', 'VENT~V-1720~V-1720 TS~4625628972938432459~ZU', 'VENT~V-1754~V-1754 TS~5108114724706997657~ZU', 'VENT~V-1113~V-1113 TS~4772186813165306084~ZU', 'VENT~V-1304~V-1304 TS~5268785481984585309~ZU', 'VENT~V-1308~V-1308 TS~5377687748016331599~ZU', 'VENT~V-1371~V-1371 TS~5007721049268953552~ZU', 'VENT~V-1375~V-1375 TS~5611193972839170516~ZU', 'VENT~V-1403~V-1403 TS~5749751062642520976~ZU', 'VENT~V-1115~V-1115 TS~5334762202641789748~ZU', 'VENT~V-1117~V-1117 TS~5302538591475552989~ZU', 'VENT~V-1632~V-1632 TS~5724986031806040607~ZU', 'VENT~V-1118~V-1118 TS~5134978298374039447~ZU', 'VENT~V-1580~V-1580 TS~5143007569910119480~ZU', 'VENT~V-1708~V-1708 TS~4651475465207370821~ZU', 'VENT~V-1730~V-1730 TS~5389356393000365590~ZU', 'VENT~V-1314~V-1314 TS~5648659467315253789~ZU', 'VENT~V-1334~V-1334 TS~5671439182552530721~ZU', 'VENT~V-3200~V-3200 TS~4977302196262691970~ZU', 'VENT~V-1115~V-1115 TS 16~4967759272256350857~ZU', 'VENT~V-1510~V-1510 TS~4956000635150784120~ZU', 'VENT~V-1307~V-1307 TS~4971857521283232600~ZU', 'VENT~V-1309~V-1309 TS~4936651803022048599~ZU', 'VENT~V-1333~V-1333 TS~5096712557447885228~ZU', 'VENT~V-1104~V-1104 TS~4918271548164306665~ZU', 'VENT~V-1106~V-1106 TS~4736937791717091836~ZU', 'VENT~V-1251~V-1251 TS~5627165606590442989~ZU', 'VENT~V-1302~V-1302 TS~4756898474349214964~ZU', 'VENT~V-1509~V-1509 TS~4822676560945098485~ZU', 'VENT~V-1192~V-1192 TS~5403478266793975666~ZU', 'VENT~V-3007~V-3007 TS~4957426273739347428~ZU', 'VENT~V-3105~V-3105 TS~5511781420253452267~ZU', 'VENT~V-3614~V-3614 TS~5322152704070824767~ZU', 'VENT~V-1244~V-1244 TS~4920261921264412444~ZU', 'VENT~V-1505~V-1505 TS~5565658376405586292~ZU', 'VENT~V-1511~V-1511 TS~5273997753630087625~ZU', 'VENT~V-PRES~V-PRES TS~5156048357346454524~ZU', 'VENT~V-1502~V-1502 TS~4685259600121278291~ZU', 'VENT~V-3107~V-3107 TS~4873903332865051213~ZU', 'VENT~V-3107~V-3107 TS 25~5323073121528163819~ZU', 'VENT~V-3306~V-3306 TS~5724431918466912875~ZU', 'VENT~V-3400~V-3400 TS~5350437531075570921~ZU', 'VENT~R-2114 TS~R-2114~5355203940834444481~ZU', 'VENT~R-2200 TS~R-2200~5021423632971352692~ZU', 'VENT~R-2103 TS~R-2103~5672943554454243642~ZU', 'VENT~R-1920 TS~R-1920~5014193280344475042~ZU', 'VENT~R-1611-TS~R-1611~4825245818877378216~ZU', 'VENT~R-1643-TS~R-1643~5122330381116554076~ZU', 'VENT~R-HKW3T TS~R-HKW3T~5016252379448867392~ZU', 'VENT~R-1904 TS~R-1904~5366362236165649942~ZU', 'VENT~R-1127-TS~R-1127~5065367016209070561~ZU', 'VENT~R-1711-TS~R-1711~5219556173145291227~ZU', 'VENT~R-1122 TS~R-1122~5262657954010749181~ZU', 'VENT~R-1703 TS~R-1703~5621411294583641869~ZU', 'VENT~R-1720 TS~R-1720~5267022734744502922~ZU', 'VENT~R-1754 TS~R-1754~4932464323984444866~ZU', 'VENT~R-1113 TS~R-1113~5134188920276509651~ZU', 'VENT~R-1304 TS~R-1304~5318078967911877439~ZU', 'VENT~R-1308 TS~R-1308~4770877336064503085~ZU', 'VENT~R-1371 TS~R-1371~5552645075634240196~ZU', 'VENT~R-1375 TS~R-1375~4891547935785634467~ZU', 'VENT~R-1403 TS~R-1403~5221016205547585087~ZU', 'VENT~R-1115 TS~R-1115~5078441577974480239~ZU', 'VENT~R-1117 TS~R-1117~5393321617338660440~ZU', 'VENT~R-1632 TS~R-1632~5653456267662192560~ZU', 'VENT~R-1118 TS~R-1118~4860672584658800525~ZU', 'VENT~R-1580 TS~R-1580~4834690407551933334~ZU', 'VENT~R-1708 TS~R-1708~5368029909783340225~ZU', 'VENT~R-1730 TS~R-1730~5161434510407687872~ZU', 'VENT~R-1314 TS~R-1314~5695493589549147481~ZU', 'VENT~R-1334 TS~R-1334~4724556615875151731~ZU', 'VENT~R-3200 TS~R-3200~5586824511649782229~ZU', 'VENT~R-1115 TS 16~R-1115~5352717721765583502~ZU', 'VENT~R-1510 TS~R-1510~5403928062661758030~ZU', 'VENT~R-1307 TS~R-1307~4959359833947915571~ZU', 'VENT~R-1309 TS~R-1309~4979920036046083412~ZU', 'VENT~R-1333 TS~R-1333~4846490422424081430~ZU', 'VENT~R-1104 TS~R-1104~5486173139641020481~ZU', 'VENT~R-1106 TS~R-1106~5200094991149567481~ZU', 'VENT~R-1251 TS~R-1251~5399023270541434688~ZU', 'VENT~R-1302 TS~R-1302~4941745543543360213~ZU', 'VENT~R-1509 TS~R-1509~5426103948019692623~ZU', 'VENT~R-1192 TS~R-1192~5132157583825727255~ZU', 'VENT~R-3007 TS~R-3007~5193920684056460570~ZU', 'VENT~R-3105 TS~R-3105~5741620681544204278~ZU', 'VENT~R-3614 TS~R-3614~5357063556224143613~ZU', 'VENT~R-1244 TS~R-1244~5357342008386276454~ZU', 'VENT~R-1505 TS~R-1505~5349165743102387989~ZU', 'VENT~R-1511 TS~R-1511~5296247899945385978~ZU', 'VENT~R-PRES TS~R-PRES~5130633968829717396~ZU', 'VENT~R-1502 TS~R-1502~5524453012721100974~ZU', 'VENT~R-3107 TS~R-3107~5651233135714136755~ZU', 'VENT~R-3107 TS 25~R-3107~4801530531674439057~ZU', 'VENT~R-3306 TS~R-3306~4907220424587485894~ZU', 'VENT~R-3400 TS~R-3400~5562554288955600320~ZU', 'VENT~V-2114~V-2114 TS~5760193943997446212~LAEUFT', 'VENT~V-2200~V-2200 TS~5022085697592945806~LAEUFT', 'VENT~V-2103~V-2103 TS~5144379867722183691~LAEUFT', 'VENT~V-1920~V-1920 TS~5086348904423864485~LAEUFT', 'VENT~V-1611~V-1611-TS~5184255944583972283~LAEUFT', 'VENT~V-1643~V-1643-TS~4909233068370375538~LAEUFT', 'VENT~V-HKW3T~V-HKW3T TS~4748784982654846197~LAEUFT', 'VENT~V-1904~V-1904 TS~4632877310537456802~LAEUFT', 'VENT~V-1127~V-1127-TS~5749231425607379757~LAEUFT', 'VENT~V-1711~V-1711-TS~5198697599443665009~LAEUFT', 'VENT~V-1122~V-1122 TS~5755273915817960808~LAEUFT', 'VENT~V-1703~V-1703 TS~5636342328882569033~LAEUFT', 'VENT~V-1720~V-1720 TS~4625628972938432459~LAEUFT', 'VENT~V-1754~V-1754 TS~5108114724706997657~LAEUFT', 'VENT~V-1113~V-1113 TS~4772186813165306084~LAEUFT', 'VENT~V-1304~V-1304 TS~5268785481984585309~LAEUFT', 'VENT~V-1308~V-1308 TS~5377687748016331599~LAEUFT', 'VENT~V-1371~V-1371 TS~5007721049268953552~LAEUFT', 'VENT~V-1375~V-1375 TS~5611193972839170516~LAEUFT', 'VENT~V-1403~V-1403 TS~5749751062642520976~LAEUFT', 'VENT~V-1115~V-1115 TS~5334762202641789748~LAEUFT', 'VENT~V-1117~V-1117 TS~5302538591475552989~LAEUFT', 'VENT~V-1632~V-1632 TS~5724986031806040607~LAEUFT', 'VENT~V-1118~V-1118 TS~5134978298374039447~LAEUFT', 'VENT~V-1580~V-1580 TS~5143007569910119480~LAEUFT', 'VENT~V-1708~V-1708 TS~4651475465207370821~LAEUFT', 'VENT~V-1730~V-1730 TS~5389356393000365590~LAEUFT', 'VENT~V-1314~V-1314 TS~5648659467315253789~LAEUFT', 'VENT~V-1334~V-1334 TS~5671439182552530721~LAEUFT', 'VENT~V-3200~V-3200 TS~4977302196262691970~LAEUFT', 'VENT~V-1115~V-1115 TS 16~4967759272256350857~LAEUFT', 'VENT~V-1510~V-1510 TS~4956000635150784120~LAEUFT', 'VENT~V-1307~V-1307 TS~4971857521283232600~LAEUFT', 'VENT~V-1309~V-1309 TS~4936651803022048599~LAEUFT', 'VENT~V-1333~V-1333 TS~5096712557447885228~LAEUFT', 'VENT~V-1104~V-1104 TS~4918271548164306665~LAEUFT', 'VENT~V-1106~V-1106 TS~4736937791717091836~LAEUFT', 'VENT~V-1251~V-1251 TS~5627165606590442989~LAEUFT', 'VENT~V-1302~V-1302 TS~4756898474349214964~LAEUFT', 'VENT~V-1509~V-1509 TS~4822676560945098485~LAEUFT', 'VENT~V-1192~V-1192 TS~5403478266793975666~LAEUFT', 'VENT~V-3007~V-3007 TS~4957426273739347428~LAEUFT', 'VENT~V-3105~V-3105 TS~5511781420253452267~LAEUFT', 'VENT~V-3614~V-3614 TS~5322152704070824767~LAEUFT', 'VENT~V-1244~V-1244 TS~4920261921264412444~LAEUFT', 'VENT~V-1505~V-1505 TS~5565658376405586292~LAEUFT', 'VENT~V-1511~V-1511 TS~5273997753630087625~LAEUFT', 'VENT~V-PRES~V-PRES TS~5156048357346454524~LAEUFT', 'VENT~V-1502~V-1502 TS~4685259600121278291~LAEUFT', 'VENT~V-3107~V-3107 TS~4873903332865051213~LAEUFT', 'VENT~V-3107~V-3107 TS 25~5323073121528163819~LAEUFT', 'VENT~V-3306~V-3306 TS~5724431918466912875~LAEUFT', 'VENT~V-3400~V-3400 TS~5350437531075570921~LAEUFT', 'VENT~R-2114 TS~R-2114~5355203940834444481~LAEUFT', 'VENT~R-2200 TS~R-2200~5021423632971352692~LAEUFT', 'VENT~R-2103 TS~R-2103~5672943554454243642~LAEUFT', 'VENT~R-1920 TS~R-1920~5014193280344475042~LAEUFT', 'VENT~R-1611-TS~R-1611~4825245818877378216~LAEUFT', 'VENT~R-1643-TS~R-1643~5122330381116554076~LAEUFT', 'VENT~R-HKW3T TS~R-HKW3T~5016252379448867392~LAEUFT', 'VENT~R-1904 TS~R-1904~5366362236165649942~LAEUFT', 'VENT~R-1127-TS~R-1127~5065367016209070561~LAEUFT', 'VENT~R-1711-TS~R-1711~5219556173145291227~LAEUFT', 'VENT~R-1122 TS~R-1122~5262657954010749181~LAEUFT', 'VENT~R-1703 TS~R-1703~5621411294583641869~LAEUFT', 'VENT~R-1720 TS~R-1720~5267022734744502922~LAEUFT', 'VENT~R-1754 TS~R-1754~4932464323984444866~LAEUFT', 'VENT~R-1113 TS~R-1113~5134188920276509651~LAEUFT', 'VENT~R-1304 TS~R-1304~5318078967911877439~LAEUFT', 'VENT~R-1308 TS~R-1308~4770877336064503085~LAEUFT', 'VENT~R-1371 TS~R-1371~5552645075634240196~LAEUFT', 'VENT~R-1375 TS~R-1375~4891547935785634467~LAEUFT', 'VENT~R-1403 TS~R-1403~5221016205547585087~LAEUFT', 'VENT~R-1115 TS~R-1115~5078441577974480239~LAEUFT', 'VENT~R-1117 TS~R-1117~5393321617338660440~LAEUFT', 'VENT~R-1632 TS~R-1632~5653456267662192560~LAEUFT', 'VENT~R-1118 TS~R-1118~4860672584658800525~LAEUFT', 'VENT~R-1580 TS~R-1580~4834690407551933334~LAEUFT', 'VENT~R-1708 TS~R-1708~5368029909783340225~LAEUFT', 'VENT~R-1730 TS~R-1730~5161434510407687872~LAEUFT', 'VENT~R-1314 TS~R-1314~5695493589549147481~LAEUFT', 'VENT~R-1334 TS~R-1334~4724556615875151731~LAEUFT', 'VENT~R-3200 TS~R-3200~5586824511649782229~LAEUFT', 'VENT~R-1115 TS 16~R-1115~5352717721765583502~LAEUFT', 'VENT~R-1510 TS~R-1510~5403928062661758030~LAEUFT', 'VENT~R-1307 TS~R-1307~4959359833947915571~LAEUFT', 'VENT~R-1309 TS~R-1309~4979920036046083412~LAEUFT', 'VENT~R-1333 TS~R-1333~4846490422424081430~LAEUFT', 'VENT~R-1104 TS~R-1104~5486173139641020481~LAEUFT', 'VENT~R-1106 TS~R-1106~5200094991149567481~LAEUFT', 'VENT~R-1251 TS~R-1251~5399023270541434688~LAEUFT', 'VENT~R-1302 TS~R-1302~4941745543543360213~LAEUFT', 'VENT~R-1509 TS~R-1509~5426103948019692623~LAEUFT', 'VENT~R-1192 TS~R-1192~5132157583825727255~LAEUFT', 'VENT~R-3007 TS~R-3007~5193920684056460570~LAEUFT', 'VENT~R-3105 TS~R-3105~5741620681544204278~LAEUFT', 'VENT~R-3614 TS~R-3614~5357063556224143613~LAEUFT', 'VENT~R-1244 TS~R-1244~5357342008386276454~LAEUFT', 'VENT~R-1505 TS~R-1505~5349165743102387989~LAEUFT', 'VENT~R-1511 TS~R-1511~5296247899945385978~LAEUFT', 'VENT~R-PRES TS~R-PRES~5130633968829717396~LAEUFT', 'VENT~R-1502 TS~R-1502~5524453012721100974~LAEUFT', 'VENT~R-3107 TS~R-3107~5651233135714136755~LAEUFT', 'VENT~R-3107 TS 25~R-3107~4801530531674439057~LAEUFT', 'VENT~R-3306 TS~R-3306~4907220424587485894~LAEUFT', 'VENT~R-3400 TS~R-3400~5562554288955600320~LAEUFT', 'RLVG~KA-0142~~4694635591162963688~XE1', 'RLVG~KA-0142~~4694635591162963688~XA', 'RLVG~KA-0142~~4694635591162963688~XE2', 'RSTN~KA-0160~~5478195820337003050~XE2']
2025-09-24 17:39:46,095 ; PT3S                                                         ; DEBUG   ; Mx._readMxsFile: _Done.
2025-09-24 17:39:46,095 ; PT3S                                                         ; DEBUG   ; Mx.setResultsToMxsFile: Mxs: c:\users\jablonski\3s\pt3s\PT3S\Examples\WDExample5\B1\V0\BZ1\M-1-0-1.1.MXS: Assigned.     df Shape: (1, 2225).
2025-09-24 17:39:46,095 ; PT3S                                                         ; DEBUG   ; Mx.setResultsToMxsFile: RESULT after c:\users\jablonski\3s\pt3s\PT3S\Examples\WDExample5\B1\V0\BZ1\M-1-0-1.1.MXS: df Shape: (1, 2225) First Time: 2025-09-23 22:00:00+00:00 Last Time: 2025-09-23 22:00:00+00:00.
2025-09-24 17:39:46,107 ; PT3S                                                         ; DEBUG   ; Mx.setResultsToMxsFile: _Done.
2025-09-24 17:39:46,107 ; PT3S                                                         ; DEBUG   ; Mx.__init__: _Done.#########
2025-09-24 17:39:46,107 ; PT3S                                                         ; DEBUG   ; PT3S.dxAndMxHelperFcts.readDxAndMx: MX read ok so far.
2025-09-24 17:39:46,107 ; PT3S                                                         ; DEBUG   ; PT3S.dxAndMxHelperFcts.processMxVectorResults: Start.
2025-09-24 17:39:46,107 ; PT3S                                                         ; DEBUG   ; PT3S.dxAndMxHelperFcts.processMxVectorResults: _Done.
2025-09-24 17:39:46,107 ; PT3S                                                         ; DEBUG   ; dxWithMx.__init__: Start.
2025-09-24 17:39:46,107 ; PT3S                                                         ; DEBUG   ; PT3S.dxDecodeObjsData.Wblz: Start.
2025-09-24 17:39:46,107 ; PT3S                                                         ; DEBUG   ; PT3S.dxDecodeObjsData.Wblz: no WBLZs available ...
2025-09-24 17:39:46,107 ; PT3S                                                         ; DEBUG   ; PT3S.dxDecodeObjsData.Wblz: _Done.
2025-09-24 17:39:46,107 ; PT3S                                                         ; DEBUG   ; PT3S.dxDecodeObjsData.Agsn: Start.
2025-09-24 17:39:46,545 ; PT3S                                                         ; DEBUG   ; PT3S.dxDecodeObjsData.Agsn: _Done.
2025-09-24 17:39:46,555 ; PT3S                                                         ; INFO    ; dxWithMx.__init__: Example5: processing dx and mx ...
2025-09-24 17:39:46,555 ; PT3S                                                         ; DEBUG   ; Dx.MxSync: Start.
2025-09-24 17:39:46,703 ; PT3S                                                         ; DEBUG   ; Dx.MxSync: _Done.
2025-09-24 17:39:46,722 ; PT3S                                                         ; DEBUG   ; Dx.MxAdd: Start.
2025-09-24 17:39:46,722 ; PT3S                                                         ; DEBUG   ; Dx.MxAdd: dfName: V3_KNOT: read Results:
2025-09-24 17:39:46,739 ; PT3S                                                         ; DEBUG   ; All cols of ^KNOT: [('STAT', 'KNOT~*~*~*~BCIND', Timestamp('2025-09-23 22:00:00'), Timestamp('2025-09-23 22:00:00')), ('STAT', 'KNOT~*~*~*~DP', Timestamp('2025-09-23 22:00:00'), Timestamp('2025-09-23 22:00:00')), ('STAT', 'KNOT~*~*~*~DPH', Timestamp('2025-09-23 22:00:00'), Timestamp('2025-09-23 22:00:00')), ('STAT', 'KNOT~*~*~*~ESQUELLSP', Timestamp('2025-09-23 22:00:00'), Timestamp('2025-09-23 22:00:00')), ('STAT', 'KNOT~*~*~*~H', Timestamp('2025-09-23 22:00:00'), Timestamp('2025-09-23 22:00:00')), ('STAT', 'KNOT~*~*~*~HMAX_INST', Timestamp('2025-09-23 22:00:00'), Timestamp('2025-09-23 22:00:00')), ('STAT', 'KNOT~*~*~*~HMIN_INST', Timestamp('2025-09-23 22:00:00'), Timestamp('2025-09-23 22:00:00')), ('STAT', 'KNOT~*~*~*~IAKTIV', Timestamp('2025-09-23 22:00:00'), Timestamp('2025-09-23 22:00:00')), ('STAT', 'KNOT~*~*~*~P', Timestamp('2025-09-23 22:00:00'), Timestamp('2025-09-23 22:00:00')), ('STAT', 'KNOT~*~*~*~PDAMPF', Timestamp('2025-09-23 22:00:00'), Timestamp('2025-09-23 22:00:00')), ('STAT', 'KNOT~*~*~*~PH', Timestamp('2025-09-23 22:00:00'), Timestamp('2025-09-23 22:00:00')), ('STAT', 'KNOT~*~*~*~PH_EIN', Timestamp('2025-09-23 22:00:00'), Timestamp('2025-09-23 22:00:00')), ('STAT', 'KNOT~*~*~*~PH_MIN', Timestamp('2025-09-23 22:00:00'), Timestamp('2025-09-23 22:00:00')), ('STAT', 'KNOT~*~*~*~PMAX_INST', Timestamp('2025-09-23 22:00:00'), Timestamp('2025-09-23 22:00:00')), ('STAT', 'KNOT~*~*~*~PMIN_INST', Timestamp('2025-09-23 22:00:00'), Timestamp('2025-09-23 22:00:00')), ('STAT', 'KNOT~*~*~*~QM', Timestamp('2025-09-23 22:00:00'), Timestamp('2025-09-23 22:00:00')), ('STAT', 'KNOT~*~*~*~RHO', Timestamp('2025-09-23 22:00:00'), Timestamp('2025-09-23 22:00:00')), ('STAT', 'KNOT~*~*~*~T', Timestamp('2025-09-23 22:00:00'), Timestamp('2025-09-23 22:00:00')), ('STAT', 'KNOT~*~*~*~TTR', Timestamp('2025-09-23 22:00:00'), Timestamp('2025-09-23 22:00:00')), ('STAT', 'KNOT~*~*~*~VOLD', Timestamp('2025-09-23 22:00:00'), Timestamp('2025-09-23 22:00:00'))]
2025-09-24 17:39:46,746 ; PT3S                                                         ; DEBUG   ; Dx.MxAdd: dfName: V3_ROHR: read Results:
2025-09-24 17:39:46,760 ; PT3S                                                         ; DEBUG   ; All cols of ^ROHR~: [('STAT', 'ROHR~*~*~*~ETAAV', Timestamp('2025-09-23 22:00:00'), Timestamp('2025-09-23 22:00:00')), ('STAT', 'ROHR~*~*~*~IAKTIV', Timestamp('2025-09-23 22:00:00'), Timestamp('2025-09-23 22:00:00')), ('STAT', 'ROHR~*~*~*~IRTRENN', Timestamp('2025-09-23 22:00:00'), Timestamp('2025-09-23 22:00:00')), ('STAT', 'ROHR~*~*~*~JV', Timestamp('2025-09-23 22:00:00'), Timestamp('2025-09-23 22:00:00')), ('STAT', 'ROHR~*~*~*~LAMBDA', Timestamp('2025-09-23 22:00:00'), Timestamp('2025-09-23 22:00:00')), ('STAT', 'ROHR~*~*~*~LECKEINAUS', Timestamp('2025-09-23 22:00:00'), Timestamp('2025-09-23 22:00:00')), ('STAT', 'ROHR~*~*~*~LECKMENGE', Timestamp('2025-09-23 22:00:00'), Timestamp('2025-09-23 22:00:00')), ('STAT', 'ROHR~*~*~*~LECKORT', Timestamp('2025-09-23 22:00:00'), Timestamp('2025-09-23 22:00:00')), ('STAT', 'ROHR~*~*~*~PDAMPF', Timestamp('2025-09-23 22:00:00'), Timestamp('2025-09-23 22:00:00')), ('STAT', 'ROHR~*~*~*~PHR', Timestamp('2025-09-23 22:00:00'), Timestamp('2025-09-23 22:00:00')), ('STAT', 'ROHR~*~*~*~PMIN', Timestamp('2025-09-23 22:00:00'), Timestamp('2025-09-23 22:00:00')), ('STAT', 'ROHR~*~*~*~QI2', Timestamp('2025-09-23 22:00:00'), Timestamp('2025-09-23 22:00:00')), ('STAT', 'ROHR~*~*~*~QK2', Timestamp('2025-09-23 22:00:00'), Timestamp('2025-09-23 22:00:00')), ('STAT', 'ROHR~*~*~*~QMAV', Timestamp('2025-09-23 22:00:00'), Timestamp('2025-09-23 22:00:00')), ('STAT', 'ROHR~*~*~*~QMI', Timestamp('2025-09-23 22:00:00'), Timestamp('2025-09-23 22:00:00')), ('STAT', 'ROHR~*~*~*~QMK', Timestamp('2025-09-23 22:00:00'), Timestamp('2025-09-23 22:00:00')), ('STAT', 'ROHR~*~*~*~RHOAV', Timestamp('2025-09-23 22:00:00'), Timestamp('2025-09-23 22:00:00')), ('STAT', 'ROHR~*~*~*~VAV', Timestamp('2025-09-23 22:00:00'), Timestamp('2025-09-23 22:00:00')), ('STAT', 'ROHR~*~*~*~VI', Timestamp('2025-09-23 22:00:00'), Timestamp('2025-09-23 22:00:00')), ('STAT', 'ROHR~*~*~*~VK', Timestamp('2025-09-23 22:00:00'), Timestamp('2025-09-23 22:00:00')), ('STAT', 'ROHR~*~*~*~VOLDA', Timestamp('2025-09-23 22:00:00'), Timestamp('2025-09-23 22:00:00')), ('STAT', 'ROHR~*~*~*~WVL', Timestamp('2025-09-23 22:00:00'), Timestamp('2025-09-23 22:00:00'))]
2025-09-24 17:39:46,763 ; PT3S                                                         ; DEBUG   ; Dx.MxAdd: dfName: V3_FWVB: read Results:
2025-09-24 17:39:46,769 ; PT3S                                                         ; DEBUG   ; All cols of ^FWVB: [('STAT', 'FWVB~*~*~*~DP', Timestamp('2025-09-23 22:00:00'), Timestamp('2025-09-23 22:00:00')), ('STAT', 'FWVB~*~*~*~IAKTIV', Timestamp('2025-09-23 22:00:00'), Timestamp('2025-09-23 22:00:00')), ('STAT', 'FWVB~*~*~*~INDUV', Timestamp('2025-09-23 22:00:00'), Timestamp('2025-09-23 22:00:00')), ('STAT', 'FWVB~*~*~*~PHIRL', Timestamp('2025-09-23 22:00:00'), Timestamp('2025-09-23 22:00:00')), ('STAT', 'FWVB~*~*~*~PHIVL', Timestamp('2025-09-23 22:00:00'), Timestamp('2025-09-23 22:00:00')), ('STAT', 'FWVB~*~*~*~QM', Timestamp('2025-09-23 22:00:00'), Timestamp('2025-09-23 22:00:00')), ('STAT', 'FWVB~*~*~*~W', Timestamp('2025-09-23 22:00:00'), Timestamp('2025-09-23 22:00:00')), ('STAT', 'FWVB~*~*~*~WSOLL', Timestamp('2025-09-23 22:00:00'), Timestamp('2025-09-23 22:00:00'))]
2025-09-24 17:39:46,771 ; PT3S                                                         ; DEBUG   ; Dx.MxAdd: dfName: V3_ROHR: addNodeData:
2025-09-24 17:39:46,784 ; PT3S                                                         ; DEBUG   ; Dx.MxAdd: dfName: V3_FWVB: addNodeData:
2025-09-24 17:39:46,786 ; PT3S                                                         ; DEBUG   ; Mx.getVecAggsResultsForAttributeType: Start.
2025-09-24 17:39:46,786 ; PT3S                                                         ; DEBUG   ; Mx.getVecAggsResultsForAttributeType: Sir3sIDsMatching: ['FWES~*~*~*~QM', 'FWVB~*~*~*~QM', 'KLAP~*~*~*~QM', 'KNOT~*~*~*~QM', 'PUMP~*~*~*~QM', 'REGV~*~*~*~QM', 'ROHR~*~*~*~QMAV', 'VENT~*~*~*~QM']
2025-09-24 17:39:46,786 ; PT3S                                                         ; DEBUG   ; Mx.getVecAggsResultsForAttributeType: choosen Name of 'common' ATTR: QM.
2025-09-24 17:39:46,824 ; PT3S                                                         ; DEBUG   ; Mx.getVecAggsResultsForAttributeType: _Done.
2025-09-24 17:39:46,845 ; PT3S                                                         ; DEBUG   ; Dx.MxAdd: Exception: Line: 1655: <class 'KeyError'>: 'OBEH': Edge-Type OBEH: adding Vec-Results for ~QMA{0,1}V{0,1}$ failed (maybe because not available in mx).
2025-09-24 17:39:46,845 ; PT3S                                                         ; DEBUG   ; Dx.MxAdd: Exception: Line: 1655: <class 'KeyError'>: 'PGRP': Edge-Type PGRP: adding Vec-Results for ~QMA{0,1}V{0,1}$ failed (maybe because not available in mx).
2025-09-24 17:39:46,886 ; PT3S                                                         ; DEBUG   ; Mx.getVecAggsResultsForAttributeType: Start.
2025-09-24 17:39:46,886 ; PT3S                                                         ; DEBUG   ; Mx.getVecAggsResultsForAttributeType: Sir3sIDsMatching: []
2025-09-24 17:39:46,886 ; PT3S                                                         ; DEBUG   ; Mx.getVecAggsResultsForAttributeType: _Done.
2025-09-24 17:39:46,886 ; PT3S                                                         ; DEBUG   ; Dx.MxAdd: Exception: Line: 1655: <class 'KeyError'>: 'FWES': Edge-Type FWES: adding Vec-Results for ~MA{0,1}V{0,1}$ failed (maybe because not available in mx).
2025-09-24 17:39:46,886 ; PT3S                                                         ; DEBUG   ; Dx.MxAdd: Exception: Line: 1655: <class 'KeyError'>: 'FWVB': Edge-Type FWVB: adding Vec-Results for ~MA{0,1}V{0,1}$ failed (maybe because not available in mx).
2025-09-24 17:39:46,886 ; PT3S                                                         ; DEBUG   ; Dx.MxAdd: Exception: Line: 1655: <class 'KeyError'>: 'KLAP': Edge-Type KLAP: adding Vec-Results for ~MA{0,1}V{0,1}$ failed (maybe because not available in mx).
2025-09-24 17:39:46,886 ; PT3S                                                         ; DEBUG   ; Dx.MxAdd: Exception: Line: 1655: <class 'KeyError'>: 'OBEH': Edge-Type OBEH: adding Vec-Results for ~MA{0,1}V{0,1}$ failed (maybe because not available in mx).
2025-09-24 17:39:46,886 ; PT3S                                                         ; DEBUG   ; Dx.MxAdd: Exception: Line: 1655: <class 'KeyError'>: 'PGRP': Edge-Type PGRP: adding Vec-Results for ~MA{0,1}V{0,1}$ failed (maybe because not available in mx).
2025-09-24 17:39:46,886 ; PT3S                                                         ; DEBUG   ; Dx.MxAdd: Exception: Line: 1655: <class 'KeyError'>: 'PUMP': Edge-Type PUMP: adding Vec-Results for ~MA{0,1}V{0,1}$ failed (maybe because not available in mx).
2025-09-24 17:39:46,886 ; PT3S                                                         ; DEBUG   ; Dx.MxAdd: Exception: Line: 1655: <class 'KeyError'>: 'REGV': Edge-Type REGV: adding Vec-Results for ~MA{0,1}V{0,1}$ failed (maybe because not available in mx).
2025-09-24 17:39:46,886 ; PT3S                                                         ; DEBUG   ; Dx.MxAdd: Exception: Line: 1655: <class 'KeyError'>: 'ROHR': Edge-Type ROHR: adding Vec-Results for ~MA{0,1}V{0,1}$ failed (maybe because not available in mx).
2025-09-24 17:39:46,886 ; PT3S                                                         ; DEBUG   ; Dx.MxAdd: Exception: Line: 1655: <class 'KeyError'>: 'VENT': Edge-Type VENT: adding Vec-Results for ~MA{0,1}V{0,1}$ failed (maybe because not available in mx).
2025-09-24 17:39:46,986 ; PT3S                                                         ; DEBUG   ; Dx.MxAdd: _Done.
2025-09-24 17:39:46,986 ; PT3S                                                         ; DEBUG   ; dxWithMx._V3_ROHR: Start.
2025-09-24 17:39:47,022 ; PT3S                                                         ; DEBUG   ; dxWithMx._V3_ROHR: Constructing of V3_ROHR['QMAVAbs'] ok so far.
2025-09-24 17:39:47,045 ; PT3S                                                         ; DEBUG   ; dxWithMx._V3_ROHR: Constructing of V3_ROHR['VAVAbs'] ok so far.
2025-09-24 17:39:47,075 ; PT3S                                                         ; DEBUG   ; dxWithMx._V3_ROHR: Constructing of V3_ROHR['PHRAbs'] ok so far.
2025-09-24 17:39:47,108 ; PT3S                                                         ; DEBUG   ; dxWithMx._V3_ROHR: Constructing of V3_ROHR['JVAbs'] ok so far.
2025-09-24 17:39:47,108 ; PT3S                                                         ; DEBUG   ; dxWithMx._V3_ROHR: Exception: Line: 334: <class 'KeyError'>: ('STAT', 'ROHR~*~*~*~MAV', Timestamp('2025-09-23 22:00:00'), Timestamp('2025-09-23 22:00:00'))
2025-09-24 17:39:47,108 ; PT3S                                                         ; DEBUG   ; dxWithMx._V3_ROHR: Constructing col MAV=STAT ROHR~*~*~*~MAV in V3_ROHR failed.
2025-09-24 17:39:47,108 ; PT3S                                                         ; DEBUG   ; dxWithMx._V3_ROHR: Constructing of V3_ROHR['LAMBDA'] ok so far.
2025-09-24 17:39:47,108 ; PT3S                                                         ; DEBUG   ; dxWithMx._V3_ROHR: _Done.
2025-09-24 17:39:47,108 ; PT3S                                                         ; DEBUG   ; dxWithMx._V3_KNOT: Start.
2025-09-24 17:39:47,108 ; PT3S                                                         ; DEBUG   ; All cols of df_V3_KNOT['pk', 'fkDE', 'rk', 'tk', 'NAME', 'KTYP', 'XKOR', 'YKOR', 'ZKOR', 'QM_EIN', 'LFAKT', 'fkPZON', 'fkFSTF', 'fkUTMP', 'fkFQPS', 'fkCONT', 'fk2LKNOT', 'BESCHREIBUNG', 'GEOMWKB', 'DELETED', 'SELECT1', 'IDREFERENZ', 'KENNUNG', 'IPLANUNG', 'KVR', 'DRAKONZ', 'pk_BZ', 'fkDE_BZ', 'fk', 'fkPVAR', 'fkQVAR', 'fkLFKT', 'PH_EIN', 'TM', 'TE', 'PH_MIN', 'GRAF', 'MId', 'MText', 'Basis', 'Variante', 'BZ', 'Geaendert', 'Erstellt', 'pk_VMBZ', 'fkBASIS', 'fkVARIANTE', 'fkBZ', 'MZ', 'MT', 'pk_CONT', 'fkDE_CONT', 'rk_CONT', 'tk_CONT', 'ID_CONT', 'NAME_CONT', 'IDPARENT_CONT', 'rkPARENT_CONT', 'LFDNR_CONT', 'GRAF_CONT', 'FONT_CONT', 'GEOM_CONT', 'DELETED_CONT', 'SELECT1_CONT', 'IDREFERENZ_CONT', 'GEOMWKB_converted', 'pk_VKNO', 'fkDE_VKNO', 'rk_VKNO', 'fkKNOT_VKNO', 'fkCONT_VKNO', 'SHOWNAME_VKNO', 'POSNAME_VKNO', 'POINTINSERTX_VKNO', 'POINTINSERTY_VKNO', 'SYMBOLFACT_VKNO', 'DISPLAYMODE_VKNO', 'DELETED_VKNO', 'SELECT1_VKNO', 'MId_VKNO', 'MText_VKNO', 'Basis_VKNO', 'Variante_VKNO', 'BZ_VKNO', 'Geaendert_VKNO', 'Erstellt_VKNO', 'pk_VMBASIS_VKNO', 'fkBASIS_VKNO', 'fkVARIANTE_VKNO', 'fkBZ_VKNO', 'MZ_VKNO', 'MT_VKNO', 'MId_VMVARIANTE_VKNO', 'MText_VMVARIANTE_VKNO', 'Basis_VMVARIANTE_VKNO', 'Variante_VMVARIANTE_VKNO', 'BZ_VMVARIANTE_VKNO', 'Geaendert_VMVARIANTE_VKNO', 'Erstellt_VMVARIANTE_VKNO', 'pk_VMVARIANTE_VKNO', 'fkBASIS_VMVARIANTE_VKNO', 'fkVARIANTE_VMVARIANTE_VKNO', 'fkBZ_VMVARIANTE_VKNO', 'MZ_VMVARIANTE_VKNO', 'MT_VMVARIANTE_VKNO', 'pk_CONT_VKNO', 'fkDE_CONT_VKNO', 'rk_CONT_VKNO', 'tk_CONT_VKNO', 'ID_CONT_VKNO', 'NAME_CONT_VKNO', 'IDPARENT_CONT_VKNO', 'rkPARENT_CONT_VKNO', 'LFDNR_CONT_VKNO', 'GRAF_CONT_VKNO', 'FONT_CONT_VKNO', 'GEOM_CONT_VKNO', 'DELETED_CONT_VKNO', 'SELECT1_CONT_VKNO', 'IDREFERENZ_CONT_VKNO', 'NAME_LFKT', 'NAME_PVAR', 'NAME_PZON', 'NAME_QVAR', 'NAME_UTMP', 'NAME_FSTF', 'NAME_FQPS', 'mx2Idx', ('STAT', 'KNOT~*~*~*~BCIND', Timestamp('2025-09-23 22:00:00'), Timestamp('2025-09-23 22:00:00')), ('STAT', 'KNOT~*~*~*~DP', Timestamp('2025-09-23 22:00:00'), Timestamp('2025-09-23 22:00:00')), ('STAT', 'KNOT~*~*~*~DPH', Timestamp('2025-09-23 22:00:00'), Timestamp('2025-09-23 22:00:00')), ('STAT', 'KNOT~*~*~*~ESQUELLSP', Timestamp('2025-09-23 22:00:00'), Timestamp('2025-09-23 22:00:00')), ('STAT', 'KNOT~*~*~*~H', Timestamp('2025-09-23 22:00:00'), Timestamp('2025-09-23 22:00:00')), ('STAT', 'KNOT~*~*~*~HMAX_INST', Timestamp('2025-09-23 22:00:00'), Timestamp('2025-09-23 22:00:00')), ('STAT', 'KNOT~*~*~*~HMIN_INST', Timestamp('2025-09-23 22:00:00'), Timestamp('2025-09-23 22:00:00')), ('STAT', 'KNOT~*~*~*~IAKTIV', Timestamp('2025-09-23 22:00:00'), Timestamp('2025-09-23 22:00:00')), ('STAT', 'KNOT~*~*~*~P', Timestamp('2025-09-23 22:00:00'), Timestamp('2025-09-23 22:00:00')), ('STAT', 'KNOT~*~*~*~PDAMPF', Timestamp('2025-09-23 22:00:00'), Timestamp('2025-09-23 22:00:00')), ('STAT', 'KNOT~*~*~*~PH', Timestamp('2025-09-23 22:00:00'), Timestamp('2025-09-23 22:00:00')), ('STAT', 'KNOT~*~*~*~PH_EIN', Timestamp('2025-09-23 22:00:00'), Timestamp('2025-09-23 22:00:00')), ('STAT', 'KNOT~*~*~*~PH_MIN', Timestamp('2025-09-23 22:00:00'), Timestamp('2025-09-23 22:00:00')), ('STAT', 'KNOT~*~*~*~PMAX_INST', Timestamp('2025-09-23 22:00:00'), Timestamp('2025-09-23 22:00:00')), ('STAT', 'KNOT~*~*~*~PMIN_INST', Timestamp('2025-09-23 22:00:00'), Timestamp('2025-09-23 22:00:00')), ('STAT', 'KNOT~*~*~*~QM', Timestamp('2025-09-23 22:00:00'), Timestamp('2025-09-23 22:00:00')), ('STAT', 'KNOT~*~*~*~RHO', Timestamp('2025-09-23 22:00:00'), Timestamp('2025-09-23 22:00:00')), ('STAT', 'KNOT~*~*~*~T', Timestamp('2025-09-23 22:00:00'), Timestamp('2025-09-23 22:00:00')), ('STAT', 'KNOT~*~*~*~TTR', Timestamp('2025-09-23 22:00:00'), Timestamp('2025-09-23 22:00:00')), ('STAT', 'KNOT~*~*~*~VOLD', Timestamp('2025-09-23 22:00:00'), Timestamp('2025-09-23 22:00:00'))]
2025-09-24 17:39:47,108 ; PT3S                                                         ; DEBUG   ; dxWithMx._V3_KNOT: Constructing of V3_KNOT['PH'] ok so far.
2025-09-24 17:39:47,108 ; PT3S                                                         ; DEBUG   ; dxWithMx._V3_KNOT: Constructing of V3_KNOT['QM'] ok so far.
2025-09-24 17:39:47,108 ; PT3S                                                         ; DEBUG   ; qs: True
2025-09-24 17:39:47,108 ; PT3S                                                         ; DEBUG   ; dxWithMx._V3_KNOT: Constructing of V3_KNOT['srcvector'] ok so far.
2025-09-24 17:39:47,118 ; PT3S                                                         ; DEBUG   ; dxWithMx._V3_KNOT: Constructing of V3_KNOT['T'] ok so far.
2025-09-24 17:39:47,119 ; PT3S                                                         ; DEBUG   ; dxWithMx._V3_KNOT: Exception: Line: 800: <class 'KeyError'>: ('STAT', 'KNOT~*~*~*~M', Timestamp('2025-09-23 22:00:00'), Timestamp('2025-09-23 22:00:00'))
2025-09-24 17:39:47,119 ; PT3S                                                         ; DEBUG   ; dxWithMx._V3_KNOT: Constructing col M in V3_KNOT failed.
2025-09-24 17:39:47,119 ; PT3S                                                         ; DEBUG   ; dxWithMx._V3_KNOT: Constructing of V3_KNOT['TTR'] ok so far.
2025-09-24 17:39:47,208 ; PT3S                                                         ; DEBUG   ; Cols of df_V3_KNOT: ['pk', 'fkDE', 'rk', 'tk', 'NAME', 'KTYP', 'XKOR', 'YKOR', 'ZKOR', 'QM_EIN', 'LFAKT', 'fkPZON', 'fkFSTF', 'fkUTMP', 'fkFQPS', 'fkCONT', 'fk2LKNOT', 'BESCHREIBUNG', 'GEOMWKB', 'DELETED', 'SELECT1', 'IDREFERENZ', 'KENNUNG', 'IPLANUNG', 'KVR', 'DRAKONZ', 'pk_BZ', 'fkDE_BZ', 'fk', 'fkPVAR', 'fkQVAR', 'fkLFKT', 'PH_EIN', 'TM', 'TE', 'PH_MIN', 'GRAF', 'MId', 'MText', 'Basis', 'Variante', 'BZ', 'Geaendert', 'Erstellt', 'pk_VMBZ', 'fkBASIS', 'fkVARIANTE', 'fkBZ', 'MZ', 'MT', 'pk_CONT', 'fkDE_CONT', 'rk_CONT', 'tk_CONT', 'ID_CONT', 'NAME_CONT', 'IDPARENT_CONT', 'rkPARENT_CONT', 'LFDNR_CONT', 'GRAF_CONT', 'FONT_CONT', 'GEOM_CONT', 'DELETED_CONT', 'SELECT1_CONT', 'IDREFERENZ_CONT', 'GEOMWKB_converted', 'pk_VKNO', 'fkDE_VKNO', 'rk_VKNO', 'fkKNOT_VKNO', 'fkCONT_VKNO', 'SHOWNAME_VKNO', 'POSNAME_VKNO', 'POINTINSERTX_VKNO', 'POINTINSERTY_VKNO', 'SYMBOLFACT_VKNO', 'DISPLAYMODE_VKNO', 'DELETED_VKNO', 'SELECT1_VKNO', 'MId_VKNO', 'MText_VKNO', 'Basis_VKNO', 'Variante_VKNO', 'BZ_VKNO', 'Geaendert_VKNO', 'Erstellt_VKNO', 'pk_VMBASIS_VKNO', 'fkBASIS_VKNO', 'fkVARIANTE_VKNO', 'fkBZ_VKNO', 'MZ_VKNO', 'MT_VKNO', 'MId_VMVARIANTE_VKNO', 'MText_VMVARIANTE_VKNO', 'Basis_VMVARIANTE_VKNO', 'Variante_VMVARIANTE_VKNO', 'BZ_VMVARIANTE_VKNO', 'Geaendert_VMVARIANTE_VKNO', 'Erstellt_VMVARIANTE_VKNO', 'pk_VMVARIANTE_VKNO', 'fkBASIS_VMVARIANTE_VKNO', 'fkVARIANTE_VMVARIANTE_VKNO', 'fkBZ_VMVARIANTE_VKNO', 'MZ_VMVARIANTE_VKNO', 'MT_VMVARIANTE_VKNO', 'pk_CONT_VKNO', 'fkDE_CONT_VKNO', 'rk_CONT_VKNO', 'tk_CONT_VKNO', 'ID_CONT_VKNO', 'NAME_CONT_VKNO', 'IDPARENT_CONT_VKNO', 'rkPARENT_CONT_VKNO', 'LFDNR_CONT_VKNO', 'GRAF_CONT_VKNO', 'FONT_CONT_VKNO', 'GEOM_CONT_VKNO', 'DELETED_CONT_VKNO', 'SELECT1_CONT_VKNO', 'IDREFERENZ_CONT_VKNO', 'NAME_LFKT', 'NAME_PVAR', 'NAME_PZON', 'NAME_QVAR', 'NAME_UTMP', 'NAME_FSTF', 'NAME_FQPS', 'mx2Idx', 'PH', 'QM', 'srcvector', 'T', 'TTR', '_merge', 'dPH']
2025-09-24 17:39:47,208 ; PT3S                                                         ; DEBUG   ; dxWithMx._V3_KNOT: Constructing of V3_KNOT[dPH] ok so far.
2025-09-24 17:39:47,208 ; PT3S                                                         ; DEBUG   ; dxWithMx._V3_KNOT: _Done.
2025-09-24 17:39:47,208 ; PT3S                                                         ; DEBUG   ; dxWithMx._V3_VBEL: Start.
2025-09-24 17:39:47,219 ; PT3S                                                         ; DEBUG   ; dxWithMx._V3_VBEL: Constructing of V3_VBEL['QM'] ok so far.
2025-09-24 17:39:47,220 ; PT3S                                                         ; DEBUG   ; dxWithMx._V3_VBEL: Exception: Line: 944: <class 'KeyError'>: "('STAT', 'M', Timestamp('2025-09-23 22:00:00'), Timestamp('2025-09-23 22:00:00'))"
2025-09-24 17:39:47,220 ; PT3S                                                         ; DEBUG   ; dxWithMx._V3_VBEL: Constructing col M in V3_VBEL failed.
2025-09-24 17:39:47,220 ; PT3S                                                         ; DEBUG   ; dxWithMx._V3_VBEL: Constructing of V3_VBEL['PH_i'] ok so far.
2025-09-24 17:39:47,221 ; PT3S                                                         ; DEBUG   ; dxWithMx._V3_VBEL: Constructing of V3_VBEL['PH_k'] ok so far.
2025-09-24 17:39:47,222 ; PT3S                                                         ; DEBUG   ; dxWithMx._V3_VBEL: Constructing of V3_VBEL['T_i'] ok so far.
2025-09-24 17:39:47,222 ; PT3S                                                         ; DEBUG   ; dxWithMx._V3_VBEL: Constructing of V3_VBEL['T_k'] ok so far.
2025-09-24 17:39:47,222 ; PT3S                                                         ; DEBUG   ; dxWithMx._V3_VBEL: Constructing of V3_VBEL['H_i'] ok so far.
2025-09-24 17:39:47,222 ; PT3S                                                         ; DEBUG   ; dxWithMx._V3_VBEL: Constructing of V3_VBEL['H_k'] ok so far.
2025-09-24 17:39:47,222 ; PT3S                                                         ; DEBUG   ; dxWithMx._V3_VBEL: Constructing of V3_VBEL['RHO_i'] ok so far.
2025-09-24 17:39:47,222 ; PT3S                                                         ; DEBUG   ; dxWithMx._V3_VBEL: Constructing of V3_VBEL['RHO_k'] ok so far.
2025-09-24 17:39:47,222 ; PT3S                                                         ; DEBUG   ; dxWithMx._V3_VBEL: Constructing of V3_VBEL['mlc_i'] ok so far.
2025-09-24 17:39:47,222 ; PT3S                                                         ; DEBUG   ; dxWithMx._V3_VBEL: Constructing of V3_VBEL['mlc_k'] ok so far.
2025-09-24 17:39:47,222 ; PT3S                                                         ; DEBUG   ; dxWithMx._V3_VBEL: _Done.
2025-09-24 17:39:47,222 ; PT3S                                                         ; DEBUG   ; dxWithMx._V3_FWVB: Start.
2025-09-24 17:39:47,222 ; PT3S                                                         ; DEBUG   ; dxWithMx._V3_FWVB: Constructing of V3_FWVB['W'] ok so far.
2025-09-24 17:39:47,222 ; PT3S                                                         ; DEBUG   ; dxWithMx._V3_FWVB: Constructing of V3_FWVB['QM'] ok so far.
2025-09-24 17:39:47,234 ; PT3S                                                         ; DEBUG   ; dxWithMx._V3_FWVB: Constructing of V3_FWVB['PH_i'] ok so far.
2025-09-24 17:39:47,235 ; PT3S                                                         ; DEBUG   ; dxWithMx._V3_FWVB: Constructing of V3_FWVB['PH_k'] ok so far.
2025-09-24 17:39:47,235 ; PT3S                                                         ; DEBUG   ; dxWithMx._V3_FWVB: Constructing of V3_FWVB['T_i'] ok so far.
2025-09-24 17:39:47,236 ; PT3S                                                         ; DEBUG   ; dxWithMx._V3_FWVB: Constructing of V3_FWVB['T_k'] ok so far.
2025-09-24 17:39:47,236 ; PT3S                                                         ; DEBUG   ; dxWithMx._V3_FWVB: _Done.
2025-09-24 17:39:47,236 ; PT3S                                                         ; DEBUG   ; dxWithMx._V3_ROHRVEC: Start.
2025-09-24 17:39:47,562 ; PT3S                                                         ; DEBUG   ; dxWithMx._V3_ROHRVEC: _Done.
2025-09-24 17:39:47,563 ; PT3S                                                         ; DEBUG   ; dxWithMx.__init__: Constructing of V3_ROHRVEC ok so far.
2025-09-24 17:39:47,564 ; PT3S                                                         ; DEBUG   ; dxWithMx.__init__: Adding MX-Results to V3_WBLZ: no such results.
2025-09-24 17:39:47,564 ; PT3S                                                         ; DEBUG   ; dxWithMx._gdfs: Start.
2025-09-24 17:39:47,565 ; PT3S                                                         ; DEBUG   ; dxWithMx._gdfs: crs reading failed.
2025-09-24 17:39:47,570 ; PT3S                                                         ; DEBUG   ; dxWithMx._gdfs: Constructing of gdfs ok so far.
2025-09-24 17:39:47,570 ; PT3S                                                         ; DEBUG   ; dxWithMx._gdfs: _Done.
2025-09-24 17:39:47,570 ; PT3S                                                         ; DEBUG   ; dxWithMx._G: Start.
2025-09-24 17:39:48,468 ; PT3S                                                         ; DEBUG   ; dxWithMx._G: Constructing NetworkX Graph G ok so far.
2025-09-24 17:39:48,475 ; PT3S                                                         ; DEBUG   ; dxWithMx._G: Constructing NetworkX Graph G nodeposDct ok so far.
2025-09-24 17:39:48,475 ; PT3S                                                         ; DEBUG   ; dxWithMx._G: _Done.
2025-09-24 17:39:48,486 ; PT3S                                                         ; DEBUG   ; dxWithMx._GSig: Start.
2025-09-24 17:39:48,522 ; PT3S                                                         ; DEBUG   ; dxWithMx._GSig: Constructing NetworkX Graph GSig ok so far.
2025-09-24 17:39:48,522 ; PT3S                                                         ; DEBUG   ; dxWithMx._GSig: _Done.
2025-09-24 17:39:48,522 ; PT3S                                                         ; DEBUG   ; dxWithMx._V3_AGSN: Start.
2025-09-24 17:39:48,572 ; PT3S                                                         ; DEBUG   ; dxWithMx._V3_AGSN: dfAGSN.columns.to_list(): zugeh. Sachspalten _n angelegt: ['ZKOR_n', 'BESCHREIBUNG_n', 'KVR_n']
2025-09-24 17:39:48,572 ; PT3S                                                         ; DEBUG   ; dxWithMx._V3_AGSN: dfAGSN.columns.to_list(): zugeh. Ergspalten _n angelegt: ["('STAT', 'KNOT~*~*~*~PH', Timestamp('2025-09-23 22:00:00'), Timestamp('2025-09-23 22:00:00'))_n", "('STAT', 'KNOT~*~*~*~H', Timestamp('2025-09-23 22:00:00'), Timestamp('2025-09-23 22:00:00'))_n", "('STAT', 'KNOT~*~*~*~T', Timestamp('2025-09-23 22:00:00'), Timestamp('2025-09-23 22:00:00'))_n", "('STAT', 'KNOT~*~*~*~RHO', Timestamp('2025-09-23 22:00:00'), Timestamp('2025-09-23 22:00:00'))_n", 'PH_n', 'T_n', 'H_n', 'RHO_n', 'mlc_n']
2025-09-24 17:39:50,820 ; PT3S                                                         ; DEBUG   ; dxWithMx._V3_AGSN: dfAGSN.columns.to_list(): zugeh. Ergspalten mlc _n angelegt: ["('STAT', 'mlc', Timestamp('2025-09-23 22:00:00'), Timestamp('2025-09-23 22:00:00'))_n"]
2025-09-24 17:39:50,986 ; PT3S                                                         ; DEBUG   ; dxWithMx._V3_AGSN: tuple-cols:
2025-09-24 17:39:50,986 ; PT3S                                                         ; DEBUG   ; dxWithMx._V3_AGSN: str-cols:
2025-09-24 17:39:50,986 ; PT3S                                                         ; DEBUG   ; dxWithMx._V3_AGSN: Pos
2025-09-24 17:39:50,986 ; PT3S                                                         ; DEBUG   ; dxWithMx._V3_AGSN: pk
2025-09-24 17:39:50,986 ; PT3S                                                         ; DEBUG   ; dxWithMx._V3_AGSN: tk
2025-09-24 17:39:50,986 ; PT3S                                                         ; DEBUG   ; dxWithMx._V3_AGSN: LFDNR
2025-09-24 17:39:50,986 ; PT3S                                                         ; DEBUG   ; dxWithMx._V3_AGSN: NAME
2025-09-24 17:39:50,986 ; PT3S                                                         ; DEBUG   ; dxWithMx._V3_AGSN: XL
2025-09-24 17:39:50,986 ; PT3S                                                         ; DEBUG   ; dxWithMx._V3_AGSN: compNr
2025-09-24 17:39:50,986 ; PT3S                                                         ; DEBUG   ; dxWithMx._V3_AGSN: nextNODE
2025-09-24 17:39:50,986 ; PT3S                                                         ; DEBUG   ; dxWithMx._V3_AGSN: OBJTYPE
2025-09-24 17:39:50,986 ; PT3S                                                         ; DEBUG   ; dxWithMx._V3_AGSN: OBJID
2025-09-24 17:39:50,986 ; PT3S                                                         ; DEBUG   ; dxWithMx._V3_AGSN: L
2025-09-24 17:39:50,986 ; PT3S                                                         ; DEBUG   ; dxWithMx._V3_AGSN: DN
2025-09-24 17:39:50,986 ; PT3S                                                         ; DEBUG   ; dxWithMx._V3_AGSN: Am2
2025-09-24 17:39:50,986 ; PT3S                                                         ; DEBUG   ; dxWithMx._V3_AGSN: Vm3
2025-09-24 17:39:50,986 ; PT3S                                                         ; DEBUG   ; dxWithMx._V3_AGSN: NAME_CONT
2025-09-24 17:39:50,986 ; PT3S                                                         ; DEBUG   ; dxWithMx._V3_AGSN: NAME_i
2025-09-24 17:39:50,986 ; PT3S                                                         ; DEBUG   ; dxWithMx._V3_AGSN: NAME_k
2025-09-24 17:39:50,986 ; PT3S                                                         ; DEBUG   ; dxWithMx._V3_AGSN: ZKOR_n
2025-09-24 17:39:50,986 ; PT3S                                                         ; DEBUG   ; dxWithMx._V3_AGSN: BESCHREIBUNG_n
2025-09-24 17:39:50,986 ; PT3S                                                         ; DEBUG   ; dxWithMx._V3_AGSN: KVR_n
2025-09-24 17:39:50,986 ; PT3S                                                         ; DEBUG   ; dxWithMx._V3_AGSN: LSum
2025-09-24 17:39:50,986 ; PT3S                                                         ; DEBUG   ; dxWithMx._V3_AGSN: direction
2025-09-24 17:39:50,986 ; PT3S                                                         ; DEBUG   ; dxWithMx._V3_AGSN: ('STAT', 'QM', Timestamp('2025-09-23 22:00:00'), Timestamp('2025-09-23 22:00:00'))
2025-09-24 17:39:50,986 ; PT3S                                                         ; DEBUG   ; dxWithMx._V3_AGSN: QM
2025-09-24 17:39:50,986 ; PT3S                                                         ; DEBUG   ; dxWithMx._V3_AGSN: ('STAT', 'KNOT~*~*~*~PH', Timestamp('2025-09-23 22:00:00'), Timestamp('2025-09-23 22:00:00'))_n
2025-09-24 17:39:50,986 ; PT3S                                                         ; DEBUG   ; dxWithMx._V3_AGSN: ('STAT', 'KNOT~*~*~*~H', Timestamp('2025-09-23 22:00:00'), Timestamp('2025-09-23 22:00:00'))_n
2025-09-24 17:39:50,986 ; PT3S                                                         ; DEBUG   ; dxWithMx._V3_AGSN: ('STAT', 'KNOT~*~*~*~T', Timestamp('2025-09-23 22:00:00'), Timestamp('2025-09-23 22:00:00'))_n
2025-09-24 17:39:50,986 ; PT3S                                                         ; DEBUG   ; dxWithMx._V3_AGSN: ('STAT', 'KNOT~*~*~*~RHO', Timestamp('2025-09-23 22:00:00'), Timestamp('2025-09-23 22:00:00'))_n
2025-09-24 17:39:50,986 ; PT3S                                                         ; DEBUG   ; dxWithMx._V3_AGSN: PH_n
2025-09-24 17:39:50,986 ; PT3S                                                         ; DEBUG   ; dxWithMx._V3_AGSN: T_n
2025-09-24 17:39:50,986 ; PT3S                                                         ; DEBUG   ; dxWithMx._V3_AGSN: H_n
2025-09-24 17:39:50,986 ; PT3S                                                         ; DEBUG   ; dxWithMx._V3_AGSN: RHO_n
2025-09-24 17:39:50,986 ; PT3S                                                         ; DEBUG   ; dxWithMx._V3_AGSN: mlc_n
2025-09-24 17:39:50,986 ; PT3S                                                         ; DEBUG   ; dxWithMx._V3_AGSN: ('STAT', 'mlc', Timestamp('2025-09-23 22:00:00'), Timestamp('2025-09-23 22:00:00'))_n
2025-09-24 17:39:50,986 ; PT3S                                                         ; DEBUG   ; dxWithMx._V3_AGSN: _Done.
2025-09-24 17:39:50,986 ; PT3S                                                         ; DEBUG   ; dxWithMx._V3_AGSNVEC: Start.
2025-09-24 17:39:50,986 ; PT3S                                                         ; DEBUG   ; dxWithMx._V3_AGSNVEC: self.V3_ROHRVEC: tuple-cols:
2025-09-24 17:39:50,986 ; PT3S                                                         ; DEBUG   ; dxWithMx._V3_AGSNVEC: ('STAT', 'ROHR~*~*~*~ETAAV', Timestamp('2025-09-23 22:00:00'), Timestamp('2025-09-23 22:00:00'))
2025-09-24 17:39:50,986 ; PT3S                                                         ; DEBUG   ; dxWithMx._V3_AGSNVEC: ('STAT', 'ROHR~*~*~*~IAKTIV', Timestamp('2025-09-23 22:00:00'), Timestamp('2025-09-23 22:00:00'))
2025-09-24 17:39:50,986 ; PT3S                                                         ; DEBUG   ; dxWithMx._V3_AGSNVEC: ('STAT', 'ROHR~*~*~*~IRTRENN', Timestamp('2025-09-23 22:00:00'), Timestamp('2025-09-23 22:00:00'))
2025-09-24 17:39:50,986 ; PT3S                                                         ; DEBUG   ; dxWithMx._V3_AGSNVEC: ('STAT', 'ROHR~*~*~*~JV', Timestamp('2025-09-23 22:00:00'), Timestamp('2025-09-23 22:00:00'))
2025-09-24 17:39:50,986 ; PT3S                                                         ; DEBUG   ; dxWithMx._V3_AGSNVEC: ('STAT', 'ROHR~*~*~*~LAMBDA', Timestamp('2025-09-23 22:00:00'), Timestamp('2025-09-23 22:00:00'))
2025-09-24 17:39:50,986 ; PT3S                                                         ; DEBUG   ; dxWithMx._V3_AGSNVEC: ('STAT', 'ROHR~*~*~*~LECKEINAUS', Timestamp('2025-09-23 22:00:00'), Timestamp('2025-09-23 22:00:00'))
2025-09-24 17:39:50,986 ; PT3S                                                         ; DEBUG   ; dxWithMx._V3_AGSNVEC: ('STAT', 'ROHR~*~*~*~LECKMENGE', Timestamp('2025-09-23 22:00:00'), Timestamp('2025-09-23 22:00:00'))
2025-09-24 17:39:50,986 ; PT3S                                                         ; DEBUG   ; dxWithMx._V3_AGSNVEC: ('STAT', 'ROHR~*~*~*~LECKORT', Timestamp('2025-09-23 22:00:00'), Timestamp('2025-09-23 22:00:00'))
2025-09-24 17:39:50,986 ; PT3S                                                         ; DEBUG   ; dxWithMx._V3_AGSNVEC: ('STAT', 'ROHR~*~*~*~PDAMPF', Timestamp('2025-09-23 22:00:00'), Timestamp('2025-09-23 22:00:00'))
2025-09-24 17:39:50,986 ; PT3S                                                         ; DEBUG   ; dxWithMx._V3_AGSNVEC: ('STAT', 'ROHR~*~*~*~PHR', Timestamp('2025-09-23 22:00:00'), Timestamp('2025-09-23 22:00:00'))
2025-09-24 17:39:50,986 ; PT3S                                                         ; DEBUG   ; dxWithMx._V3_AGSNVEC: ('STAT', 'ROHR~*~*~*~PMIN', Timestamp('2025-09-23 22:00:00'), Timestamp('2025-09-23 22:00:00'))
2025-09-24 17:39:50,986 ; PT3S                                                         ; DEBUG   ; dxWithMx._V3_AGSNVEC: ('STAT', 'ROHR~*~*~*~QI2', Timestamp('2025-09-23 22:00:00'), Timestamp('2025-09-23 22:00:00'))
2025-09-24 17:39:50,986 ; PT3S                                                         ; DEBUG   ; dxWithMx._V3_AGSNVEC: ('STAT', 'ROHR~*~*~*~QK2', Timestamp('2025-09-23 22:00:00'), Timestamp('2025-09-23 22:00:00'))
2025-09-24 17:39:50,986 ; PT3S                                                         ; DEBUG   ; dxWithMx._V3_AGSNVEC: ('STAT', 'ROHR~*~*~*~QMAV', Timestamp('2025-09-23 22:00:00'), Timestamp('2025-09-23 22:00:00'))
2025-09-24 17:39:50,986 ; PT3S                                                         ; DEBUG   ; dxWithMx._V3_AGSNVEC: ('STAT', 'ROHR~*~*~*~QMI', Timestamp('2025-09-23 22:00:00'), Timestamp('2025-09-23 22:00:00'))
2025-09-24 17:39:50,986 ; PT3S                                                         ; DEBUG   ; dxWithMx._V3_AGSNVEC: ('STAT', 'ROHR~*~*~*~QMK', Timestamp('2025-09-23 22:00:00'), Timestamp('2025-09-23 22:00:00'))
2025-09-24 17:39:50,986 ; PT3S                                                         ; DEBUG   ; dxWithMx._V3_AGSNVEC: ('STAT', 'ROHR~*~*~*~RHOAV', Timestamp('2025-09-23 22:00:00'), Timestamp('2025-09-23 22:00:00'))
2025-09-24 17:39:50,986 ; PT3S                                                         ; DEBUG   ; dxWithMx._V3_AGSNVEC: ('STAT', 'ROHR~*~*~*~VAV', Timestamp('2025-09-23 22:00:00'), Timestamp('2025-09-23 22:00:00'))
2025-09-24 17:39:50,986 ; PT3S                                                         ; DEBUG   ; dxWithMx._V3_AGSNVEC: ('STAT', 'ROHR~*~*~*~VI', Timestamp('2025-09-23 22:00:00'), Timestamp('2025-09-23 22:00:00'))
2025-09-24 17:39:50,986 ; PT3S                                                         ; DEBUG   ; dxWithMx._V3_AGSNVEC: ('STAT', 'ROHR~*~*~*~VK', Timestamp('2025-09-23 22:00:00'), Timestamp('2025-09-23 22:00:00'))
2025-09-24 17:39:50,986 ; PT3S                                                         ; DEBUG   ; dxWithMx._V3_AGSNVEC: ('STAT', 'ROHR~*~*~*~VOLDA', Timestamp('2025-09-23 22:00:00'), Timestamp('2025-09-23 22:00:00'))
2025-09-24 17:39:50,986 ; PT3S                                                         ; DEBUG   ; dxWithMx._V3_AGSNVEC: ('STAT', 'ROHR~*~*~*~WVL', Timestamp('2025-09-23 22:00:00'), Timestamp('2025-09-23 22:00:00'))
2025-09-24 17:39:50,986 ; PT3S                                                         ; DEBUG   ; dxWithMx._V3_AGSNVEC: ('STAT', 'ROHR~*~*~*~MVEC', Timestamp('2025-09-23 22:00:00'), Timestamp('2025-09-23 22:00:00'))
2025-09-24 17:39:50,986 ; PT3S                                                         ; DEBUG   ; dxWithMx._V3_AGSNVEC: ('STAT', 'ROHR~*~*~*~PVEC', Timestamp('2025-09-23 22:00:00'), Timestamp('2025-09-23 22:00:00'))
2025-09-24 17:39:50,986 ; PT3S                                                         ; DEBUG   ; dxWithMx._V3_AGSNVEC: ('STAT', 'ROHR~*~*~*~PVECMAX_INST', Timestamp('2025-09-23 22:00:00'), Timestamp('2025-09-23 22:00:00'))
2025-09-24 17:39:50,986 ; PT3S                                                         ; DEBUG   ; dxWithMx._V3_AGSNVEC: ('STAT', 'ROHR~*~*~*~PVECMIN_INST', Timestamp('2025-09-23 22:00:00'), Timestamp('2025-09-23 22:00:00'))
2025-09-24 17:39:50,986 ; PT3S                                                         ; DEBUG   ; dxWithMx._V3_AGSNVEC: ('STAT', 'ROHR~*~*~*~RHOVEC', Timestamp('2025-09-23 22:00:00'), Timestamp('2025-09-23 22:00:00'))
2025-09-24 17:39:50,986 ; PT3S                                                         ; DEBUG   ; dxWithMx._V3_AGSNVEC: ('STAT', 'ROHR~*~*~*~TVEC', Timestamp('2025-09-23 22:00:00'), Timestamp('2025-09-23 22:00:00'))
2025-09-24 17:39:50,986 ; PT3S                                                         ; DEBUG   ; dxWithMx._V3_AGSNVEC: ('STAT', 'manPVEC', Timestamp('2025-09-23 22:00:00'), Timestamp('2025-09-23 22:00:00'))
2025-09-24 17:39:50,986 ; PT3S                                                         ; DEBUG   ; dxWithMx._V3_AGSNVEC: ('STAT', 'mlcPVEC', Timestamp('2025-09-23 22:00:00'), Timestamp('2025-09-23 22:00:00'))
2025-09-24 17:39:50,986 ; PT3S                                                         ; DEBUG   ; dxWithMx._V3_AGSNVEC: ('STAT', 'barBzgPVEC', Timestamp('2025-09-23 22:00:00'), Timestamp('2025-09-23 22:00:00'))
2025-09-24 17:39:50,986 ; PT3S                                                         ; DEBUG   ; dxWithMx._V3_AGSNVEC: ('STAT', 'manPVECMAX_INST', Timestamp('2025-09-23 22:00:00'), Timestamp('2025-09-23 22:00:00'))
2025-09-24 17:39:50,986 ; PT3S                                                         ; DEBUG   ; dxWithMx._V3_AGSNVEC: ('STAT', 'mlcPVECMAX_INST', Timestamp('2025-09-23 22:00:00'), Timestamp('2025-09-23 22:00:00'))
2025-09-24 17:39:50,986 ; PT3S                                                         ; DEBUG   ; dxWithMx._V3_AGSNVEC: ('STAT', 'barBzgPVECMAX_INST', Timestamp('2025-09-23 22:00:00'), Timestamp('2025-09-23 22:00:00'))
2025-09-24 17:39:50,986 ; PT3S                                                         ; DEBUG   ; dxWithMx._V3_AGSNVEC: ('STAT', 'manPVECMIN_INST', Timestamp('2025-09-23 22:00:00'), Timestamp('2025-09-23 22:00:00'))
2025-09-24 17:39:50,986 ; PT3S                                                         ; DEBUG   ; dxWithMx._V3_AGSNVEC: ('STAT', 'mlcPVECMIN_INST', Timestamp('2025-09-23 22:00:00'), Timestamp('2025-09-23 22:00:00'))
2025-09-24 17:39:50,986 ; PT3S                                                         ; DEBUG   ; dxWithMx._V3_AGSNVEC: ('STAT', 'barBzgPVECMIN_INST', Timestamp('2025-09-23 22:00:00'), Timestamp('2025-09-23 22:00:00'))
2025-09-24 17:39:50,986 ; PT3S                                                         ; DEBUG   ; dxWithMx._V3_AGSNVEC: ('STAT', 'QMVEC', Timestamp('2025-09-23 22:00:00'), Timestamp('2025-09-23 22:00:00'))
2025-09-24 17:39:50,986 ; PT3S                                                         ; DEBUG   ; dxWithMx._V3_AGSNVEC: ('STAT', 'tMVEC', Timestamp('2025-09-23 22:00:00'), Timestamp('2025-09-23 22:00:00'))
2025-09-24 17:39:50,986 ; PT3S                                                         ; DEBUG   ; dxWithMx._V3_AGSNVEC: self.V3_ROHRVEC: str-cols:
2025-09-24 17:39:50,986 ; PT3S                                                         ; DEBUG   ; dxWithMx._V3_AGSNVEC: pk
2025-09-24 17:39:50,986 ; PT3S                                                         ; DEBUG   ; dxWithMx._V3_AGSNVEC: fkDE
2025-09-24 17:39:50,986 ; PT3S                                                         ; DEBUG   ; dxWithMx._V3_AGSNVEC: rk
2025-09-24 17:39:50,986 ; PT3S                                                         ; DEBUG   ; dxWithMx._V3_AGSNVEC: tk
2025-09-24 17:39:50,986 ; PT3S                                                         ; DEBUG   ; dxWithMx._V3_AGSNVEC: fkKI
2025-09-24 17:39:50,986 ; PT3S                                                         ; DEBUG   ; dxWithMx._V3_AGSNVEC: fkKK
2025-09-24 17:39:50,986 ; PT3S                                                         ; DEBUG   ; dxWithMx._V3_AGSNVEC: fkDTRO_ROWD
2025-09-24 17:39:50,986 ; PT3S                                                         ; DEBUG   ; dxWithMx._V3_AGSNVEC: fkLTGR
2025-09-24 17:39:50,986 ; PT3S                                                         ; DEBUG   ; dxWithMx._V3_AGSNVEC: fkSTRASSE
2025-09-24 17:39:50,986 ; PT3S                                                         ; DEBUG   ; dxWithMx._V3_AGSNVEC: L
2025-09-24 17:39:50,986 ; PT3S                                                         ; DEBUG   ; dxWithMx._V3_AGSNVEC: LZU
2025-09-24 17:39:50,986 ; PT3S                                                         ; DEBUG   ; dxWithMx._V3_AGSNVEC: RAU
2025-09-24 17:39:50,986 ; PT3S                                                         ; DEBUG   ; dxWithMx._V3_AGSNVEC: JLAMBS
2025-09-24 17:39:50,986 ; PT3S                                                         ; DEBUG   ; dxWithMx._V3_AGSNVEC: LAMBDA0
2025-09-24 17:39:50,986 ; PT3S                                                         ; DEBUG   ; dxWithMx._V3_AGSNVEC: ZEIN
2025-09-24 17:39:50,986 ; PT3S                                                         ; DEBUG   ; dxWithMx._V3_AGSNVEC: ZAUS
2025-09-24 17:39:50,986 ; PT3S                                                         ; DEBUG   ; dxWithMx._V3_AGSNVEC: ZUML
2025-09-24 17:39:50,986 ; PT3S                                                         ; DEBUG   ; dxWithMx._V3_AGSNVEC: ASOLL
2025-09-24 17:39:50,986 ; PT3S                                                         ; DEBUG   ; dxWithMx._V3_AGSNVEC: INDSCHALL
2025-09-24 17:39:50,986 ; PT3S                                                         ; DEBUG   ; dxWithMx._V3_AGSNVEC: BAUJAHR
2025-09-24 17:39:50,986 ; PT3S                                                         ; DEBUG   ; dxWithMx._V3_AGSNVEC: HAL
2025-09-24 17:39:50,986 ; PT3S                                                         ; DEBUG   ; dxWithMx._V3_AGSNVEC: fkCONT
2025-09-24 17:39:51,001 ; PT3S                                                         ; DEBUG   ; dxWithMx._V3_AGSNVEC: fk2LROHR
2025-09-24 17:39:51,001 ; PT3S                                                         ; DEBUG   ; dxWithMx._V3_AGSNVEC: BESCHREIBUNG
2025-09-24 17:39:51,001 ; PT3S                                                         ; DEBUG   ; dxWithMx._V3_AGSNVEC: GEOMWKB
2025-09-24 17:39:51,001 ; PT3S                                                         ; DEBUG   ; dxWithMx._V3_AGSNVEC: DELETED
2025-09-24 17:39:51,002 ; PT3S                                                         ; DEBUG   ; dxWithMx._V3_AGSNVEC: SELECT1
2025-09-24 17:39:51,002 ; PT3S                                                         ; DEBUG   ; dxWithMx._V3_AGSNVEC: IDREFERENZ
2025-09-24 17:39:51,002 ; PT3S                                                         ; DEBUG   ; dxWithMx._V3_AGSNVEC: KENNUNG
2025-09-24 17:39:51,002 ; PT3S                                                         ; DEBUG   ; dxWithMx._V3_AGSNVEC: IPLANUNG
2025-09-24 17:39:51,002 ; PT3S                                                         ; DEBUG   ; dxWithMx._V3_AGSNVEC: KVR
2025-09-24 17:39:51,002 ; PT3S                                                         ; DEBUG   ; dxWithMx._V3_AGSNVEC: pk_BZ
2025-09-24 17:39:51,002 ; PT3S                                                         ; DEBUG   ; dxWithMx._V3_AGSNVEC: fkDE_BZ
2025-09-24 17:39:51,002 ; PT3S                                                         ; DEBUG   ; dxWithMx._V3_AGSNVEC: fk
2025-09-24 17:39:51,003 ; PT3S                                                         ; DEBUG   ; dxWithMx._V3_AGSNVEC: QSVB
2025-09-24 17:39:51,003 ; PT3S                                                         ; DEBUG   ; dxWithMx._V3_AGSNVEC: IRTRENN
2025-09-24 17:39:51,003 ; PT3S                                                         ; DEBUG   ; dxWithMx._V3_AGSNVEC: LECKSTATUS
2025-09-24 17:39:51,003 ; PT3S                                                         ; DEBUG   ; dxWithMx._V3_AGSNVEC: LECKSTART
2025-09-24 17:39:51,003 ; PT3S                                                         ; DEBUG   ; dxWithMx._V3_AGSNVEC: LECKEND
2025-09-24 17:39:51,003 ; PT3S                                                         ; DEBUG   ; dxWithMx._V3_AGSNVEC: LECKORT
2025-09-24 17:39:51,003 ; PT3S                                                         ; DEBUG   ; dxWithMx._V3_AGSNVEC: LECKMENGE
2025-09-24 17:39:51,003 ; PT3S                                                         ; DEBUG   ; dxWithMx._V3_AGSNVEC: IMPTNZ
2025-09-24 17:39:51,003 ; PT3S                                                         ; DEBUG   ; dxWithMx._V3_AGSNVEC: ZVLIMPTNZ
2025-09-24 17:39:51,003 ; PT3S                                                         ; DEBUG   ; dxWithMx._V3_AGSNVEC: KANTENZV
2025-09-24 17:39:51,003 ; PT3S                                                         ; DEBUG   ; dxWithMx._V3_AGSNVEC: GEOM
2025-09-24 17:39:51,003 ; PT3S                                                         ; DEBUG   ; dxWithMx._V3_AGSNVEC: GRAF
2025-09-24 17:39:51,005 ; PT3S                                                         ; DEBUG   ; dxWithMx._V3_AGSNVEC: MId
2025-09-24 17:39:51,005 ; PT3S                                                         ; DEBUG   ; dxWithMx._V3_AGSNVEC: MText
2025-09-24 17:39:51,005 ; PT3S                                                         ; DEBUG   ; dxWithMx._V3_AGSNVEC: Basis
2025-09-24 17:39:51,005 ; PT3S                                                         ; DEBUG   ; dxWithMx._V3_AGSNVEC: Variante
2025-09-24 17:39:51,005 ; PT3S                                                         ; DEBUG   ; dxWithMx._V3_AGSNVEC: BZ
2025-09-24 17:39:51,005 ; PT3S                                                         ; DEBUG   ; dxWithMx._V3_AGSNVEC: Geaendert
2025-09-24 17:39:51,005 ; PT3S                                                         ; DEBUG   ; dxWithMx._V3_AGSNVEC: Erstellt
2025-09-24 17:39:51,005 ; PT3S                                                         ; DEBUG   ; dxWithMx._V3_AGSNVEC: pk_VMBZ
2025-09-24 17:39:51,005 ; PT3S                                                         ; DEBUG   ; dxWithMx._V3_AGSNVEC: fkBASIS
2025-09-24 17:39:51,005 ; PT3S                                                         ; DEBUG   ; dxWithMx._V3_AGSNVEC: fkVARIANTE
2025-09-24 17:39:51,005 ; PT3S                                                         ; DEBUG   ; dxWithMx._V3_AGSNVEC: fkBZ
2025-09-24 17:39:51,005 ; PT3S                                                         ; DEBUG   ; dxWithMx._V3_AGSNVEC: MZ
2025-09-24 17:39:51,005 ; PT3S                                                         ; DEBUG   ; dxWithMx._V3_AGSNVEC: MT
2025-09-24 17:39:51,005 ; PT3S                                                         ; DEBUG   ; dxWithMx._V3_AGSNVEC: pk_CONT
2025-09-24 17:39:51,005 ; PT3S                                                         ; DEBUG   ; dxWithMx._V3_AGSNVEC: fkDE_CONT
2025-09-24 17:39:51,005 ; PT3S                                                         ; DEBUG   ; dxWithMx._V3_AGSNVEC: rk_CONT
2025-09-24 17:39:51,005 ; PT3S                                                         ; DEBUG   ; dxWithMx._V3_AGSNVEC: tk_CONT
2025-09-24 17:39:51,005 ; PT3S                                                         ; DEBUG   ; dxWithMx._V3_AGSNVEC: ID_CONT
2025-09-24 17:39:51,005 ; PT3S                                                         ; DEBUG   ; dxWithMx._V3_AGSNVEC: NAME_CONT
2025-09-24 17:39:51,005 ; PT3S                                                         ; DEBUG   ; dxWithMx._V3_AGSNVEC: IDPARENT_CONT
2025-09-24 17:39:51,005 ; PT3S                                                         ; DEBUG   ; dxWithMx._V3_AGSNVEC: rkPARENT_CONT
2025-09-24 17:39:51,005 ; PT3S                                                         ; DEBUG   ; dxWithMx._V3_AGSNVEC: LFDNR_CONT
2025-09-24 17:39:51,005 ; PT3S                                                         ; DEBUG   ; dxWithMx._V3_AGSNVEC: GRAF_CONT
2025-09-24 17:39:51,005 ; PT3S                                                         ; DEBUG   ; dxWithMx._V3_AGSNVEC: FONT_CONT
2025-09-24 17:39:51,005 ; PT3S                                                         ; DEBUG   ; dxWithMx._V3_AGSNVEC: GEOM_CONT
2025-09-24 17:39:51,005 ; PT3S                                                         ; DEBUG   ; dxWithMx._V3_AGSNVEC: DELETED_CONT
2025-09-24 17:39:51,005 ; PT3S                                                         ; DEBUG   ; dxWithMx._V3_AGSNVEC: SELECT1_CONT
2025-09-24 17:39:51,005 ; PT3S                                                         ; DEBUG   ; dxWithMx._V3_AGSNVEC: IDREFERENZ_CONT
2025-09-24 17:39:51,005 ; PT3S                                                         ; DEBUG   ; dxWithMx._V3_AGSNVEC: NAME_DTRO
2025-09-24 17:39:51,005 ; PT3S                                                         ; DEBUG   ; dxWithMx._V3_AGSNVEC: DN
2025-09-24 17:39:51,005 ; PT3S                                                         ; DEBUG   ; dxWithMx._V3_AGSNVEC: DI
2025-09-24 17:39:51,005 ; PT3S                                                         ; DEBUG   ; dxWithMx._V3_AGSNVEC: DA
2025-09-24 17:39:51,005 ; PT3S                                                         ; DEBUG   ; dxWithMx._V3_AGSNVEC: S
2025-09-24 17:39:51,005 ; PT3S                                                         ; DEBUG   ; dxWithMx._V3_AGSNVEC: KT
2025-09-24 17:39:51,005 ; PT3S                                                         ; DEBUG   ; dxWithMx._V3_AGSNVEC: PN
2025-09-24 17:39:51,005 ; PT3S                                                         ; DEBUG   ; dxWithMx._V3_AGSNVEC: Am2
2025-09-24 17:39:51,005 ; PT3S                                                         ; DEBUG   ; dxWithMx._V3_AGSNVEC: Vm3
2025-09-24 17:39:51,005 ; PT3S                                                         ; DEBUG   ; dxWithMx._V3_AGSNVEC: NAME_LTGR
2025-09-24 17:39:51,005 ; PT3S                                                         ; DEBUG   ; dxWithMx._V3_AGSNVEC: NAME_STRASSE
2025-09-24 17:39:51,005 ; PT3S                                                         ; DEBUG   ; dxWithMx._V3_AGSNVEC: tk_i
2025-09-24 17:39:51,005 ; PT3S                                                         ; DEBUG   ; dxWithMx._V3_AGSNVEC: NAME_i
2025-09-24 17:39:51,005 ; PT3S                                                         ; DEBUG   ; dxWithMx._V3_AGSNVEC: tk_k
2025-09-24 17:39:51,005 ; PT3S                                                         ; DEBUG   ; dxWithMx._V3_AGSNVEC: NAME_k
2025-09-24 17:39:51,005 ; PT3S                                                         ; DEBUG   ; dxWithMx._V3_AGSNVEC: mx2NofPts
2025-09-24 17:39:51,005 ; PT3S                                                         ; DEBUG   ; dxWithMx._V3_AGSNVEC: dL
2025-09-24 17:39:51,005 ; PT3S                                                         ; DEBUG   ; dxWithMx._V3_AGSNVEC: mx2Idx
2025-09-24 17:39:51,005 ; PT3S                                                         ; DEBUG   ; dxWithMx._V3_AGSNVEC: ('STAT', 'KNOT~*~*~*~PH', Timestamp('2025-09-23 22:00:00'), Timestamp('2025-09-23 22:00:00'))_i
2025-09-24 17:39:51,005 ; PT3S                                                         ; DEBUG   ; dxWithMx._V3_AGSNVEC: ('STAT', 'KNOT~*~*~*~H', Timestamp('2025-09-23 22:00:00'), Timestamp('2025-09-23 22:00:00'))_i
2025-09-24 17:39:51,005 ; PT3S                                                         ; DEBUG   ; dxWithMx._V3_AGSNVEC: ('STAT', 'KNOT~*~*~*~T', Timestamp('2025-09-23 22:00:00'), Timestamp('2025-09-23 22:00:00'))_i
2025-09-24 17:39:51,005 ; PT3S                                                         ; DEBUG   ; dxWithMx._V3_AGSNVEC: ('STAT', 'KNOT~*~*~*~RHO', Timestamp('2025-09-23 22:00:00'), Timestamp('2025-09-23 22:00:00'))_i
2025-09-24 17:39:51,005 ; PT3S                                                         ; DEBUG   ; dxWithMx._V3_AGSNVEC: ('STAT', 'KNOT~*~*~*~PH', Timestamp('2025-09-23 22:00:00'), Timestamp('2025-09-23 22:00:00'))_k
2025-09-24 17:39:51,005 ; PT3S                                                         ; DEBUG   ; dxWithMx._V3_AGSNVEC: ('STAT', 'KNOT~*~*~*~H', Timestamp('2025-09-23 22:00:00'), Timestamp('2025-09-23 22:00:00'))_k
2025-09-24 17:39:51,005 ; PT3S                                                         ; DEBUG   ; dxWithMx._V3_AGSNVEC: ('STAT', 'KNOT~*~*~*~T', Timestamp('2025-09-23 22:00:00'), Timestamp('2025-09-23 22:00:00'))_k
2025-09-24 17:39:51,005 ; PT3S                                                         ; DEBUG   ; dxWithMx._V3_AGSNVEC: ('STAT', 'KNOT~*~*~*~RHO', Timestamp('2025-09-23 22:00:00'), Timestamp('2025-09-23 22:00:00'))_k
2025-09-24 17:39:51,005 ; PT3S                                                         ; DEBUG   ; dxWithMx._V3_AGSNVEC: QMAVAbs
2025-09-24 17:39:51,005 ; PT3S                                                         ; DEBUG   ; dxWithMx._V3_AGSNVEC: VAVAbs
2025-09-24 17:39:51,005 ; PT3S                                                         ; DEBUG   ; dxWithMx._V3_AGSNVEC: PHRAbs
2025-09-24 17:39:51,005 ; PT3S                                                         ; DEBUG   ; dxWithMx._V3_AGSNVEC: JVAbs
2025-09-24 17:39:51,005 ; PT3S                                                         ; DEBUG   ; dxWithMx._V3_AGSNVEC: LAMBDA
2025-09-24 17:39:51,005 ; PT3S                                                         ; DEBUG   ; dxWithMx._V3_AGSNVEC: IptIdx
2025-09-24 17:39:51,005 ; PT3S                                                         ; DEBUG   ; dxWithMx._V3_AGSNVEC: SVEC
2025-09-24 17:39:51,005 ; PT3S                                                         ; DEBUG   ; dxWithMx._V3_AGSNVEC: SVECRev
2025-09-24 17:39:51,005 ; PT3S                                                         ; DEBUG   ; dxWithMx._V3_AGSNVEC: IptIdxAsNo
2025-09-24 17:39:51,005 ; PT3S                                                         ; DEBUG   ; dxWithMx._V3_AGSNVEC: IptIdxAsNoRev
2025-09-24 17:39:51,005 ; PT3S                                                         ; DEBUG   ; dxWithMx._V3_AGSNVEC: ZVEC
2025-09-24 17:39:51,669 ; PT3S                                                         ; DEBUG   ; dxWithMx._V3_AGSNVEC_mapExistingColWithVecResults: Start.
2025-09-24 17:39:51,669 ; PT3S                                                         ; DEBUG   ; mapping PH_n with ('STAT', 'manPVEC', Timestamp('2025-09-23 22:00:00'), Timestamp('2025-09-23 22:00:00'))
2025-09-24 17:39:51,712 ; PT3S                                                         ; DEBUG   ; dxWithMx._V3_AGSNVEC_mapExistingColWithVecResults: _Done.
2025-09-24 17:39:51,712 ; PT3S                                                         ; DEBUG   ; dxWithMx._V3_AGSNVEC_mapExistingColWithVecResults: Start.
2025-09-24 17:39:51,712 ; PT3S                                                         ; DEBUG   ; mapping mlc_n with ('STAT', 'mlcPVEC', Timestamp('2025-09-23 22:00:00'), Timestamp('2025-09-23 22:00:00'))
2025-09-24 17:39:51,746 ; PT3S                                                         ; DEBUG   ; dxWithMx._V3_AGSNVEC_mapExistingColWithVecResults: _Done.
2025-09-24 17:39:51,746 ; PT3S                                                         ; DEBUG   ; dxWithMx._V3_AGSNVEC_mapExistingColWithVecResults: Start.
2025-09-24 17:39:51,746 ; PT3S                                                         ; DEBUG   ; mapping H_n with ('STAT', 'barBzgPVEC', Timestamp('2025-09-23 22:00:00'), Timestamp('2025-09-23 22:00:00'))
2025-09-24 17:39:51,771 ; PT3S                                                         ; DEBUG   ; dxWithMx._V3_AGSNVEC_mapExistingColWithVecResults: _Done.
2025-09-24 17:39:51,771 ; PT3S                                                         ; DEBUG   ; dxWithMx._V3_AGSNVEC_mapExistingColWithVecResults: Start.
2025-09-24 17:39:51,771 ; PT3S                                                         ; DEBUG   ; mapping T_n with ('STAT', 'ROHR~*~*~*~TVEC', Timestamp('2025-09-23 22:00:00'), Timestamp('2025-09-23 22:00:00'))
2025-09-24 17:39:51,813 ; PT3S                                                         ; DEBUG   ; dxWithMx._V3_AGSNVEC_mapExistingColWithVecResults: _Done.
2025-09-24 17:39:51,813 ; PT3S                                                         ; DEBUG   ; dxWithMx._V3_AGSNVEC: IDQM=5.0 (t/h). tMVEC wird verwendet fuer das Mapping in VBEL-QM.
2025-09-24 17:39:51,813 ; PT3S                                                         ; DEBUG   ; dxWithMx._V3_AGSNVEC_mapExistingColWithVecResults: Start.
2025-09-24 17:39:51,813 ; PT3S                                                         ; DEBUG   ; mapping QM with ('STAT', 'tMVEC', Timestamp('2025-09-23 22:00:00'), Timestamp('2025-09-23 22:00:00'))
2025-09-24 17:39:51,845 ; PT3S                                                         ; DEBUG   ; dxWithMx._V3_AGSNVEC_mapExistingColWithVecResults: _Done.
2025-09-24 17:39:51,854 ; PT3S                                                         ; DEBUG   ; dxWithMx._V3_AGSNVEC: tuple-cols vor min, max, end:
2025-09-24 17:39:51,854 ; PT3S                                                         ; DEBUG   ; dxWithMx._V3_AGSNVEC: ('STAT', 'ROHR~*~*~*~ETAAV', Timestamp('2025-09-23 22:00:00'), Timestamp('2025-09-23 22:00:00'))
2025-09-24 17:39:51,854 ; PT3S                                                         ; DEBUG   ; dxWithMx._V3_AGSNVEC: ('STAT', 'ROHR~*~*~*~IAKTIV', Timestamp('2025-09-23 22:00:00'), Timestamp('2025-09-23 22:00:00'))
2025-09-24 17:39:51,854 ; PT3S                                                         ; DEBUG   ; dxWithMx._V3_AGSNVEC: ('STAT', 'ROHR~*~*~*~IRTRENN', Timestamp('2025-09-23 22:00:00'), Timestamp('2025-09-23 22:00:00'))
2025-09-24 17:39:51,854 ; PT3S                                                         ; DEBUG   ; dxWithMx._V3_AGSNVEC: ('STAT', 'ROHR~*~*~*~JV', Timestamp('2025-09-23 22:00:00'), Timestamp('2025-09-23 22:00:00'))
2025-09-24 17:39:51,854 ; PT3S                                                         ; DEBUG   ; dxWithMx._V3_AGSNVEC: ('STAT', 'ROHR~*~*~*~LAMBDA', Timestamp('2025-09-23 22:00:00'), Timestamp('2025-09-23 22:00:00'))
2025-09-24 17:39:51,855 ; PT3S                                                         ; DEBUG   ; dxWithMx._V3_AGSNVEC: ('STAT', 'ROHR~*~*~*~LECKEINAUS', Timestamp('2025-09-23 22:00:00'), Timestamp('2025-09-23 22:00:00'))
2025-09-24 17:39:51,855 ; PT3S                                                         ; DEBUG   ; dxWithMx._V3_AGSNVEC: ('STAT', 'ROHR~*~*~*~LECKMENGE', Timestamp('2025-09-23 22:00:00'), Timestamp('2025-09-23 22:00:00'))
2025-09-24 17:39:51,855 ; PT3S                                                         ; DEBUG   ; dxWithMx._V3_AGSNVEC: ('STAT', 'ROHR~*~*~*~LECKORT', Timestamp('2025-09-23 22:00:00'), Timestamp('2025-09-23 22:00:00'))
2025-09-24 17:39:51,855 ; PT3S                                                         ; DEBUG   ; dxWithMx._V3_AGSNVEC: ('STAT', 'ROHR~*~*~*~PDAMPF', Timestamp('2025-09-23 22:00:00'), Timestamp('2025-09-23 22:00:00'))
2025-09-24 17:39:51,855 ; PT3S                                                         ; DEBUG   ; dxWithMx._V3_AGSNVEC: ('STAT', 'ROHR~*~*~*~PHR', Timestamp('2025-09-23 22:00:00'), Timestamp('2025-09-23 22:00:00'))
2025-09-24 17:39:51,855 ; PT3S                                                         ; DEBUG   ; dxWithMx._V3_AGSNVEC: ('STAT', 'ROHR~*~*~*~PMIN', Timestamp('2025-09-23 22:00:00'), Timestamp('2025-09-23 22:00:00'))
2025-09-24 17:39:51,855 ; PT3S                                                         ; DEBUG   ; dxWithMx._V3_AGSNVEC: ('STAT', 'ROHR~*~*~*~QI2', Timestamp('2025-09-23 22:00:00'), Timestamp('2025-09-23 22:00:00'))
2025-09-24 17:39:51,855 ; PT3S                                                         ; DEBUG   ; dxWithMx._V3_AGSNVEC: ('STAT', 'ROHR~*~*~*~QK2', Timestamp('2025-09-23 22:00:00'), Timestamp('2025-09-23 22:00:00'))
2025-09-24 17:39:51,855 ; PT3S                                                         ; DEBUG   ; dxWithMx._V3_AGSNVEC: ('STAT', 'ROHR~*~*~*~QMAV', Timestamp('2025-09-23 22:00:00'), Timestamp('2025-09-23 22:00:00'))
2025-09-24 17:39:51,856 ; PT3S                                                         ; DEBUG   ; dxWithMx._V3_AGSNVEC: ('STAT', 'ROHR~*~*~*~QMI', Timestamp('2025-09-23 22:00:00'), Timestamp('2025-09-23 22:00:00'))
2025-09-24 17:39:51,856 ; PT3S                                                         ; DEBUG   ; dxWithMx._V3_AGSNVEC: ('STAT', 'ROHR~*~*~*~QMK', Timestamp('2025-09-23 22:00:00'), Timestamp('2025-09-23 22:00:00'))
2025-09-24 17:39:51,856 ; PT3S                                                         ; DEBUG   ; dxWithMx._V3_AGSNVEC: ('STAT', 'ROHR~*~*~*~RHOAV', Timestamp('2025-09-23 22:00:00'), Timestamp('2025-09-23 22:00:00'))
2025-09-24 17:39:51,856 ; PT3S                                                         ; DEBUG   ; dxWithMx._V3_AGSNVEC: ('STAT', 'ROHR~*~*~*~VAV', Timestamp('2025-09-23 22:00:00'), Timestamp('2025-09-23 22:00:00'))
2025-09-24 17:39:51,856 ; PT3S                                                         ; DEBUG   ; dxWithMx._V3_AGSNVEC: ('STAT', 'ROHR~*~*~*~VI', Timestamp('2025-09-23 22:00:00'), Timestamp('2025-09-23 22:00:00'))
2025-09-24 17:39:51,856 ; PT3S                                                         ; DEBUG   ; dxWithMx._V3_AGSNVEC: ('STAT', 'ROHR~*~*~*~VK', Timestamp('2025-09-23 22:00:00'), Timestamp('2025-09-23 22:00:00'))
2025-09-24 17:39:51,856 ; PT3S                                                         ; DEBUG   ; dxWithMx._V3_AGSNVEC: ('STAT', 'ROHR~*~*~*~VOLDA', Timestamp('2025-09-23 22:00:00'), Timestamp('2025-09-23 22:00:00'))
2025-09-24 17:39:51,856 ; PT3S                                                         ; DEBUG   ; dxWithMx._V3_AGSNVEC: ('STAT', 'ROHR~*~*~*~WVL', Timestamp('2025-09-23 22:00:00'), Timestamp('2025-09-23 22:00:00'))
2025-09-24 17:39:51,856 ; PT3S                                                         ; DEBUG   ; dxWithMx._V3_AGSNVEC: ('STAT', 'ROHR~*~*~*~MVEC', Timestamp('2025-09-23 22:00:00'), Timestamp('2025-09-23 22:00:00'))
2025-09-24 17:39:51,857 ; PT3S                                                         ; DEBUG   ; dxWithMx._V3_AGSNVEC: ('STAT', 'ROHR~*~*~*~PVEC', Timestamp('2025-09-23 22:00:00'), Timestamp('2025-09-23 22:00:00'))
2025-09-24 17:39:51,857 ; PT3S                                                         ; DEBUG   ; dxWithMx._V3_AGSNVEC: ('STAT', 'ROHR~*~*~*~PVECMAX_INST', Timestamp('2025-09-23 22:00:00'), Timestamp('2025-09-23 22:00:00'))
2025-09-24 17:39:51,857 ; PT3S                                                         ; DEBUG   ; dxWithMx._V3_AGSNVEC: ('STAT', 'ROHR~*~*~*~PVECMIN_INST', Timestamp('2025-09-23 22:00:00'), Timestamp('2025-09-23 22:00:00'))
2025-09-24 17:39:51,857 ; PT3S                                                         ; DEBUG   ; dxWithMx._V3_AGSNVEC: ('STAT', 'ROHR~*~*~*~RHOVEC', Timestamp('2025-09-23 22:00:00'), Timestamp('2025-09-23 22:00:00'))
2025-09-24 17:39:51,857 ; PT3S                                                         ; DEBUG   ; dxWithMx._V3_AGSNVEC: ('STAT', 'ROHR~*~*~*~TVEC', Timestamp('2025-09-23 22:00:00'), Timestamp('2025-09-23 22:00:00'))
2025-09-24 17:39:51,857 ; PT3S                                                         ; DEBUG   ; dxWithMx._V3_AGSNVEC: ('STAT', 'manPVEC', Timestamp('2025-09-23 22:00:00'), Timestamp('2025-09-23 22:00:00'))
2025-09-24 17:39:51,857 ; PT3S                                                         ; DEBUG   ; dxWithMx._V3_AGSNVEC: ('STAT', 'mlcPVEC', Timestamp('2025-09-23 22:00:00'), Timestamp('2025-09-23 22:00:00'))
2025-09-24 17:39:51,857 ; PT3S                                                         ; DEBUG   ; dxWithMx._V3_AGSNVEC: ('STAT', 'barBzgPVEC', Timestamp('2025-09-23 22:00:00'), Timestamp('2025-09-23 22:00:00'))
2025-09-24 17:39:51,857 ; PT3S                                                         ; DEBUG   ; dxWithMx._V3_AGSNVEC: ('STAT', 'manPVECMAX_INST', Timestamp('2025-09-23 22:00:00'), Timestamp('2025-09-23 22:00:00'))
2025-09-24 17:39:51,858 ; PT3S                                                         ; DEBUG   ; dxWithMx._V3_AGSNVEC: ('STAT', 'mlcPVECMAX_INST', Timestamp('2025-09-23 22:00:00'), Timestamp('2025-09-23 22:00:00'))
2025-09-24 17:39:51,858 ; PT3S                                                         ; DEBUG   ; dxWithMx._V3_AGSNVEC: ('STAT', 'barBzgPVECMAX_INST', Timestamp('2025-09-23 22:00:00'), Timestamp('2025-09-23 22:00:00'))
2025-09-24 17:39:51,858 ; PT3S                                                         ; DEBUG   ; dxWithMx._V3_AGSNVEC: ('STAT', 'manPVECMIN_INST', Timestamp('2025-09-23 22:00:00'), Timestamp('2025-09-23 22:00:00'))
2025-09-24 17:39:51,858 ; PT3S                                                         ; DEBUG   ; dxWithMx._V3_AGSNVEC: ('STAT', 'mlcPVECMIN_INST', Timestamp('2025-09-23 22:00:00'), Timestamp('2025-09-23 22:00:00'))
2025-09-24 17:39:51,858 ; PT3S                                                         ; DEBUG   ; dxWithMx._V3_AGSNVEC: ('STAT', 'barBzgPVECMIN_INST', Timestamp('2025-09-23 22:00:00'), Timestamp('2025-09-23 22:00:00'))
2025-09-24 17:39:51,858 ; PT3S                                                         ; DEBUG   ; dxWithMx._V3_AGSNVEC: ('STAT', 'QMVEC', Timestamp('2025-09-23 22:00:00'), Timestamp('2025-09-23 22:00:00'))
2025-09-24 17:39:51,858 ; PT3S                                                         ; DEBUG   ; dxWithMx._V3_AGSNVEC: ('STAT', 'tMVEC', Timestamp('2025-09-23 22:00:00'), Timestamp('2025-09-23 22:00:00'))
2025-09-24 17:39:51,858 ; PT3S                                                         ; DEBUG   ; dxWithMx._V3_AGSNVEC: str-cols vor min, max, end:
2025-09-24 17:39:51,859 ; PT3S                                                         ; DEBUG   ; dxWithMx._V3_AGSNVEC: Pos
2025-09-24 17:39:51,859 ; PT3S                                                         ; DEBUG   ; dxWithMx._V3_AGSNVEC: pk
2025-09-24 17:39:51,859 ; PT3S                                                         ; DEBUG   ; dxWithMx._V3_AGSNVEC: tk
2025-09-24 17:39:51,859 ; PT3S                                                         ; DEBUG   ; dxWithMx._V3_AGSNVEC: LFDNR
2025-09-24 17:39:51,859 ; PT3S                                                         ; DEBUG   ; dxWithMx._V3_AGSNVEC: NAME
2025-09-24 17:39:51,859 ; PT3S                                                         ; DEBUG   ; dxWithMx._V3_AGSNVEC: XL
2025-09-24 17:39:51,859 ; PT3S                                                         ; DEBUG   ; dxWithMx._V3_AGSNVEC: compNr
2025-09-24 17:39:51,859 ; PT3S                                                         ; DEBUG   ; dxWithMx._V3_AGSNVEC: nextNODE
2025-09-24 17:39:51,859 ; PT3S                                                         ; DEBUG   ; dxWithMx._V3_AGSNVEC: OBJTYPE
2025-09-24 17:39:51,859 ; PT3S                                                         ; DEBUG   ; dxWithMx._V3_AGSNVEC: OBJID
2025-09-24 17:39:51,860 ; PT3S                                                         ; DEBUG   ; dxWithMx._V3_AGSNVEC: L
2025-09-24 17:39:51,860 ; PT3S                                                         ; DEBUG   ; dxWithMx._V3_AGSNVEC: DN
2025-09-24 17:39:51,860 ; PT3S                                                         ; DEBUG   ; dxWithMx._V3_AGSNVEC: Am2
2025-09-24 17:39:51,860 ; PT3S                                                         ; DEBUG   ; dxWithMx._V3_AGSNVEC: Vm3
2025-09-24 17:39:51,860 ; PT3S                                                         ; DEBUG   ; dxWithMx._V3_AGSNVEC: NAME_CONT
2025-09-24 17:39:51,860 ; PT3S                                                         ; DEBUG   ; dxWithMx._V3_AGSNVEC: NAME_i
2025-09-24 17:39:51,860 ; PT3S                                                         ; DEBUG   ; dxWithMx._V3_AGSNVEC: NAME_k
2025-09-24 17:39:51,860 ; PT3S                                                         ; DEBUG   ; dxWithMx._V3_AGSNVEC: ZKOR_n
2025-09-24 17:39:51,860 ; PT3S                                                         ; DEBUG   ; dxWithMx._V3_AGSNVEC: BESCHREIBUNG_n
2025-09-24 17:39:51,860 ; PT3S                                                         ; DEBUG   ; dxWithMx._V3_AGSNVEC: KVR_n
2025-09-24 17:39:51,861 ; PT3S                                                         ; DEBUG   ; dxWithMx._V3_AGSNVEC: LSum
2025-09-24 17:39:51,861 ; PT3S                                                         ; DEBUG   ; dxWithMx._V3_AGSNVEC: direction
2025-09-24 17:39:51,861 ; PT3S                                                         ; DEBUG   ; dxWithMx._V3_AGSNVEC: ('STAT', 'QM', Timestamp('2025-09-23 22:00:00'), Timestamp('2025-09-23 22:00:00'))
2025-09-24 17:39:51,861 ; PT3S                                                         ; DEBUG   ; dxWithMx._V3_AGSNVEC: QM
2025-09-24 17:39:51,861 ; PT3S                                                         ; DEBUG   ; dxWithMx._V3_AGSNVEC: ('STAT', 'KNOT~*~*~*~PH', Timestamp('2025-09-23 22:00:00'), Timestamp('2025-09-23 22:00:00'))_n
2025-09-24 17:39:51,861 ; PT3S                                                         ; DEBUG   ; dxWithMx._V3_AGSNVEC: ('STAT', 'KNOT~*~*~*~H', Timestamp('2025-09-23 22:00:00'), Timestamp('2025-09-23 22:00:00'))_n
2025-09-24 17:39:51,861 ; PT3S                                                         ; DEBUG   ; dxWithMx._V3_AGSNVEC: ('STAT', 'KNOT~*~*~*~T', Timestamp('2025-09-23 22:00:00'), Timestamp('2025-09-23 22:00:00'))_n
2025-09-24 17:39:51,861 ; PT3S                                                         ; DEBUG   ; dxWithMx._V3_AGSNVEC: ('STAT', 'KNOT~*~*~*~RHO', Timestamp('2025-09-23 22:00:00'), Timestamp('2025-09-23 22:00:00'))_n
2025-09-24 17:39:51,861 ; PT3S                                                         ; DEBUG   ; dxWithMx._V3_AGSNVEC: PH_n
2025-09-24 17:39:51,861 ; PT3S                                                         ; DEBUG   ; dxWithMx._V3_AGSNVEC: T_n
2025-09-24 17:39:51,862 ; PT3S                                                         ; DEBUG   ; dxWithMx._V3_AGSNVEC: H_n
2025-09-24 17:39:51,862 ; PT3S                                                         ; DEBUG   ; dxWithMx._V3_AGSNVEC: RHO_n
2025-09-24 17:39:51,862 ; PT3S                                                         ; DEBUG   ; dxWithMx._V3_AGSNVEC: mlc_n
2025-09-24 17:39:51,862 ; PT3S                                                         ; DEBUG   ; dxWithMx._V3_AGSNVEC: ('STAT', 'mlc', Timestamp('2025-09-23 22:00:00'), Timestamp('2025-09-23 22:00:00'))_n
2025-09-24 17:39:51,862 ; PT3S                                                         ; DEBUG   ; dxWithMx._V3_AGSNVEC: pk_ROHRVEC
2025-09-24 17:39:51,862 ; PT3S                                                         ; DEBUG   ; dxWithMx._V3_AGSNVEC: fkDE
2025-09-24 17:39:51,862 ; PT3S                                                         ; DEBUG   ; dxWithMx._V3_AGSNVEC: rk
2025-09-24 17:39:51,862 ; PT3S                                                         ; DEBUG   ; dxWithMx._V3_AGSNVEC: tk_ROHRVEC
2025-09-24 17:39:51,862 ; PT3S                                                         ; DEBUG   ; dxWithMx._V3_AGSNVEC: fkKI
2025-09-24 17:39:51,862 ; PT3S                                                         ; DEBUG   ; dxWithMx._V3_AGSNVEC: fkKK
2025-09-24 17:39:51,863 ; PT3S                                                         ; DEBUG   ; dxWithMx._V3_AGSNVEC: fkDTRO_ROWD
2025-09-24 17:39:51,863 ; PT3S                                                         ; DEBUG   ; dxWithMx._V3_AGSNVEC: fkLTGR
2025-09-24 17:39:51,863 ; PT3S                                                         ; DEBUG   ; dxWithMx._V3_AGSNVEC: fkSTRASSE
2025-09-24 17:39:51,863 ; PT3S                                                         ; DEBUG   ; dxWithMx._V3_AGSNVEC: L_ROHRVEC
2025-09-24 17:39:51,863 ; PT3S                                                         ; DEBUG   ; dxWithMx._V3_AGSNVEC: LZU
2025-09-24 17:39:51,863 ; PT3S                                                         ; DEBUG   ; dxWithMx._V3_AGSNVEC: RAU
2025-09-24 17:39:51,863 ; PT3S                                                         ; DEBUG   ; dxWithMx._V3_AGSNVEC: JLAMBS
2025-09-24 17:39:51,863 ; PT3S                                                         ; DEBUG   ; dxWithMx._V3_AGSNVEC: LAMBDA0
2025-09-24 17:39:51,863 ; PT3S                                                         ; DEBUG   ; dxWithMx._V3_AGSNVEC: ZEIN
2025-09-24 17:39:51,863 ; PT3S                                                         ; DEBUG   ; dxWithMx._V3_AGSNVEC: ZAUS
2025-09-24 17:39:51,864 ; PT3S                                                         ; DEBUG   ; dxWithMx._V3_AGSNVEC: ZUML
2025-09-24 17:39:51,864 ; PT3S                                                         ; DEBUG   ; dxWithMx._V3_AGSNVEC: ASOLL
2025-09-24 17:39:51,864 ; PT3S                                                         ; DEBUG   ; dxWithMx._V3_AGSNVEC: INDSCHALL
2025-09-24 17:39:51,864 ; PT3S                                                         ; DEBUG   ; dxWithMx._V3_AGSNVEC: BAUJAHR
2025-09-24 17:39:51,864 ; PT3S                                                         ; DEBUG   ; dxWithMx._V3_AGSNVEC: HAL
2025-09-24 17:39:51,864 ; PT3S                                                         ; DEBUG   ; dxWithMx._V3_AGSNVEC: fkCONT
2025-09-24 17:39:51,864 ; PT3S                                                         ; DEBUG   ; dxWithMx._V3_AGSNVEC: fk2LROHR
2025-09-24 17:39:51,864 ; PT3S                                                         ; DEBUG   ; dxWithMx._V3_AGSNVEC: BESCHREIBUNG
2025-09-24 17:39:51,864 ; PT3S                                                         ; DEBUG   ; dxWithMx._V3_AGSNVEC: GEOMWKB
2025-09-24 17:39:51,864 ; PT3S                                                         ; DEBUG   ; dxWithMx._V3_AGSNVEC: DELETED
2025-09-24 17:39:51,865 ; PT3S                                                         ; DEBUG   ; dxWithMx._V3_AGSNVEC: SELECT1
2025-09-24 17:39:51,865 ; PT3S                                                         ; DEBUG   ; dxWithMx._V3_AGSNVEC: IDREFERENZ
2025-09-24 17:39:51,865 ; PT3S                                                         ; DEBUG   ; dxWithMx._V3_AGSNVEC: KENNUNG
2025-09-24 17:39:51,865 ; PT3S                                                         ; DEBUG   ; dxWithMx._V3_AGSNVEC: IPLANUNG
2025-09-24 17:39:51,865 ; PT3S                                                         ; DEBUG   ; dxWithMx._V3_AGSNVEC: KVR
2025-09-24 17:39:51,865 ; PT3S                                                         ; DEBUG   ; dxWithMx._V3_AGSNVEC: pk_BZ
2025-09-24 17:39:51,865 ; PT3S                                                         ; DEBUG   ; dxWithMx._V3_AGSNVEC: fkDE_BZ
2025-09-24 17:39:51,865 ; PT3S                                                         ; DEBUG   ; dxWithMx._V3_AGSNVEC: fk
2025-09-24 17:39:51,865 ; PT3S                                                         ; DEBUG   ; dxWithMx._V3_AGSNVEC: QSVB
2025-09-24 17:39:51,865 ; PT3S                                                         ; DEBUG   ; dxWithMx._V3_AGSNVEC: IRTRENN
2025-09-24 17:39:51,866 ; PT3S                                                         ; DEBUG   ; dxWithMx._V3_AGSNVEC: LECKSTATUS
2025-09-24 17:39:51,866 ; PT3S                                                         ; DEBUG   ; dxWithMx._V3_AGSNVEC: LECKSTART
2025-09-24 17:39:51,866 ; PT3S                                                         ; DEBUG   ; dxWithMx._V3_AGSNVEC: LECKEND
2025-09-24 17:39:51,866 ; PT3S                                                         ; DEBUG   ; dxWithMx._V3_AGSNVEC: LECKORT
2025-09-24 17:39:51,866 ; PT3S                                                         ; DEBUG   ; dxWithMx._V3_AGSNVEC: LECKMENGE
2025-09-24 17:39:51,866 ; PT3S                                                         ; DEBUG   ; dxWithMx._V3_AGSNVEC: IMPTNZ
2025-09-24 17:39:51,866 ; PT3S                                                         ; DEBUG   ; dxWithMx._V3_AGSNVEC: ZVLIMPTNZ
2025-09-24 17:39:51,866 ; PT3S                                                         ; DEBUG   ; dxWithMx._V3_AGSNVEC: KANTENZV
2025-09-24 17:39:51,866 ; PT3S                                                         ; DEBUG   ; dxWithMx._V3_AGSNVEC: GEOM
2025-09-24 17:39:51,866 ; PT3S                                                         ; DEBUG   ; dxWithMx._V3_AGSNVEC: GRAF
2025-09-24 17:39:51,867 ; PT3S                                                         ; DEBUG   ; dxWithMx._V3_AGSNVEC: MId
2025-09-24 17:39:51,867 ; PT3S                                                         ; DEBUG   ; dxWithMx._V3_AGSNVEC: MText
2025-09-24 17:39:51,867 ; PT3S                                                         ; DEBUG   ; dxWithMx._V3_AGSNVEC: Basis
2025-09-24 17:39:51,867 ; PT3S                                                         ; DEBUG   ; dxWithMx._V3_AGSNVEC: Variante
2025-09-24 17:39:51,867 ; PT3S                                                         ; DEBUG   ; dxWithMx._V3_AGSNVEC: BZ
2025-09-24 17:39:51,867 ; PT3S                                                         ; DEBUG   ; dxWithMx._V3_AGSNVEC: Geaendert
2025-09-24 17:39:51,867 ; PT3S                                                         ; DEBUG   ; dxWithMx._V3_AGSNVEC: Erstellt
2025-09-24 17:39:51,867 ; PT3S                                                         ; DEBUG   ; dxWithMx._V3_AGSNVEC: pk_VMBZ
2025-09-24 17:39:51,867 ; PT3S                                                         ; DEBUG   ; dxWithMx._V3_AGSNVEC: fkBASIS
2025-09-24 17:39:51,867 ; PT3S                                                         ; DEBUG   ; dxWithMx._V3_AGSNVEC: fkVARIANTE
2025-09-24 17:39:51,867 ; PT3S                                                         ; DEBUG   ; dxWithMx._V3_AGSNVEC: fkBZ
2025-09-24 17:39:51,867 ; PT3S                                                         ; DEBUG   ; dxWithMx._V3_AGSNVEC: MZ
2025-09-24 17:39:51,869 ; PT3S                                                         ; DEBUG   ; dxWithMx._V3_AGSNVEC: MT
2025-09-24 17:39:51,869 ; PT3S                                                         ; DEBUG   ; dxWithMx._V3_AGSNVEC: pk_CONT
2025-09-24 17:39:51,869 ; PT3S                                                         ; DEBUG   ; dxWithMx._V3_AGSNVEC: fkDE_CONT
2025-09-24 17:39:51,869 ; PT3S                                                         ; DEBUG   ; dxWithMx._V3_AGSNVEC: rk_CONT
2025-09-24 17:39:51,869 ; PT3S                                                         ; DEBUG   ; dxWithMx._V3_AGSNVEC: tk_CONT
2025-09-24 17:39:51,869 ; PT3S                                                         ; DEBUG   ; dxWithMx._V3_AGSNVEC: ID_CONT
2025-09-24 17:39:51,869 ; PT3S                                                         ; DEBUG   ; dxWithMx._V3_AGSNVEC: NAME_CONT_ROHRVEC
2025-09-24 17:39:51,869 ; PT3S                                                         ; DEBUG   ; dxWithMx._V3_AGSNVEC: IDPARENT_CONT
2025-09-24 17:39:51,869 ; PT3S                                                         ; DEBUG   ; dxWithMx._V3_AGSNVEC: rkPARENT_CONT
2025-09-24 17:39:51,869 ; PT3S                                                         ; DEBUG   ; dxWithMx._V3_AGSNVEC: LFDNR_CONT
2025-09-24 17:39:51,869 ; PT3S                                                         ; DEBUG   ; dxWithMx._V3_AGSNVEC: GRAF_CONT
2025-09-24 17:39:51,869 ; PT3S                                                         ; DEBUG   ; dxWithMx._V3_AGSNVEC: FONT_CONT
2025-09-24 17:39:51,869 ; PT3S                                                         ; DEBUG   ; dxWithMx._V3_AGSNVEC: GEOM_CONT
2025-09-24 17:39:51,869 ; PT3S                                                         ; DEBUG   ; dxWithMx._V3_AGSNVEC: DELETED_CONT
2025-09-24 17:39:51,869 ; PT3S                                                         ; DEBUG   ; dxWithMx._V3_AGSNVEC: SELECT1_CONT
2025-09-24 17:39:51,869 ; PT3S                                                         ; DEBUG   ; dxWithMx._V3_AGSNVEC: IDREFERENZ_CONT
2025-09-24 17:39:51,869 ; PT3S                                                         ; DEBUG   ; dxWithMx._V3_AGSNVEC: NAME_DTRO
2025-09-24 17:39:51,869 ; PT3S                                                         ; DEBUG   ; dxWithMx._V3_AGSNVEC: DN_ROHRVEC
2025-09-24 17:39:51,869 ; PT3S                                                         ; DEBUG   ; dxWithMx._V3_AGSNVEC: DI
2025-09-24 17:39:51,869 ; PT3S                                                         ; DEBUG   ; dxWithMx._V3_AGSNVEC: DA
2025-09-24 17:39:51,869 ; PT3S                                                         ; DEBUG   ; dxWithMx._V3_AGSNVEC: S
2025-09-24 17:39:51,869 ; PT3S                                                         ; DEBUG   ; dxWithMx._V3_AGSNVEC: KT
2025-09-24 17:39:51,869 ; PT3S                                                         ; DEBUG   ; dxWithMx._V3_AGSNVEC: PN
2025-09-24 17:39:51,869 ; PT3S                                                         ; DEBUG   ; dxWithMx._V3_AGSNVEC: Am2_ROHRVEC
2025-09-24 17:39:51,869 ; PT3S                                                         ; DEBUG   ; dxWithMx._V3_AGSNVEC: Vm3_ROHRVEC
2025-09-24 17:39:51,869 ; PT3S                                                         ; DEBUG   ; dxWithMx._V3_AGSNVEC: NAME_LTGR
2025-09-24 17:39:51,869 ; PT3S                                                         ; DEBUG   ; dxWithMx._V3_AGSNVEC: NAME_STRASSE
2025-09-24 17:39:51,869 ; PT3S                                                         ; DEBUG   ; dxWithMx._V3_AGSNVEC: tk_i
2025-09-24 17:39:51,869 ; PT3S                                                         ; DEBUG   ; dxWithMx._V3_AGSNVEC: NAME_i_ROHRVEC
2025-09-24 17:39:51,869 ; PT3S                                                         ; DEBUG   ; dxWithMx._V3_AGSNVEC: tk_k
2025-09-24 17:39:51,869 ; PT3S                                                         ; DEBUG   ; dxWithMx._V3_AGSNVEC: NAME_k_ROHRVEC
2025-09-24 17:39:51,869 ; PT3S                                                         ; DEBUG   ; dxWithMx._V3_AGSNVEC: mx2NofPts
2025-09-24 17:39:51,869 ; PT3S                                                         ; DEBUG   ; dxWithMx._V3_AGSNVEC: dL
2025-09-24 17:39:51,869 ; PT3S                                                         ; DEBUG   ; dxWithMx._V3_AGSNVEC: mx2Idx
2025-09-24 17:39:51,869 ; PT3S                                                         ; DEBUG   ; dxWithMx._V3_AGSNVEC: ('STAT', 'KNOT~*~*~*~PH', Timestamp('2025-09-23 22:00:00'), Timestamp('2025-09-23 22:00:00'))_i
2025-09-24 17:39:51,869 ; PT3S                                                         ; DEBUG   ; dxWithMx._V3_AGSNVEC: ('STAT', 'KNOT~*~*~*~H', Timestamp('2025-09-23 22:00:00'), Timestamp('2025-09-23 22:00:00'))_i
2025-09-24 17:39:51,869 ; PT3S                                                         ; DEBUG   ; dxWithMx._V3_AGSNVEC: ('STAT', 'KNOT~*~*~*~T', Timestamp('2025-09-23 22:00:00'), Timestamp('2025-09-23 22:00:00'))_i
2025-09-24 17:39:51,869 ; PT3S                                                         ; DEBUG   ; dxWithMx._V3_AGSNVEC: ('STAT', 'KNOT~*~*~*~RHO', Timestamp('2025-09-23 22:00:00'), Timestamp('2025-09-23 22:00:00'))_i
2025-09-24 17:39:51,869 ; PT3S                                                         ; DEBUG   ; dxWithMx._V3_AGSNVEC: ('STAT', 'KNOT~*~*~*~PH', Timestamp('2025-09-23 22:00:00'), Timestamp('2025-09-23 22:00:00'))_k
2025-09-24 17:39:51,869 ; PT3S                                                         ; DEBUG   ; dxWithMx._V3_AGSNVEC: ('STAT', 'KNOT~*~*~*~H', Timestamp('2025-09-23 22:00:00'), Timestamp('2025-09-23 22:00:00'))_k
2025-09-24 17:39:51,869 ; PT3S                                                         ; DEBUG   ; dxWithMx._V3_AGSNVEC: ('STAT', 'KNOT~*~*~*~T', Timestamp('2025-09-23 22:00:00'), Timestamp('2025-09-23 22:00:00'))_k
2025-09-24 17:39:51,869 ; PT3S                                                         ; DEBUG   ; dxWithMx._V3_AGSNVEC: ('STAT', 'KNOT~*~*~*~RHO', Timestamp('2025-09-23 22:00:00'), Timestamp('2025-09-23 22:00:00'))_k
2025-09-24 17:39:51,869 ; PT3S                                                         ; DEBUG   ; dxWithMx._V3_AGSNVEC: QMAVAbs
2025-09-24 17:39:51,869 ; PT3S                                                         ; DEBUG   ; dxWithMx._V3_AGSNVEC: VAVAbs
2025-09-24 17:39:51,869 ; PT3S                                                         ; DEBUG   ; dxWithMx._V3_AGSNVEC: PHRAbs
2025-09-24 17:39:51,869 ; PT3S                                                         ; DEBUG   ; dxWithMx._V3_AGSNVEC: JVAbs
2025-09-24 17:39:51,869 ; PT3S                                                         ; DEBUG   ; dxWithMx._V3_AGSNVEC: LAMBDA
2025-09-24 17:39:51,869 ; PT3S                                                         ; DEBUG   ; dxWithMx._V3_AGSNVEC: IptIdx
2025-09-24 17:39:51,869 ; PT3S                                                         ; DEBUG   ; dxWithMx._V3_AGSNVEC: SVEC
2025-09-24 17:39:51,869 ; PT3S                                                         ; DEBUG   ; dxWithMx._V3_AGSNVEC: IptIdxAsNo
2025-09-24 17:39:51,869 ; PT3S                                                         ; DEBUG   ; dxWithMx._V3_AGSNVEC: ZVEC
2025-09-24 17:39:51,869 ; PT3S                                                         ; DEBUG   ; dxWithMx._V3_AGSNVEC_addNewCols: Start.
2025-09-24 17:39:51,869 ; PT3S                                                         ; DEBUG   ; dxWithMx._V3_AGSNVEC_addNewCols: Exception: Line: 2186: <class 'KeyError'>: "None of [Index(['('TMIN', 'KNOT~*~*~*~T', Timestamp('2025-09-23 22:00:00'), Timestamp('2025-09-23 22:00:00'))_n', ('TMIN', 'ROHR~*~*~*~TVEC', 2025-09-23 22:00:00, 2025-09-23 22:00:00)], dtype='object')] are in the [columns]"
2025-09-24 17:39:51,869 ; PT3S                                                         ; DEBUG   ; dxWithMx._V3_AGSNVEC_addNewCols: colNameNewFlat:T_n_min: Spaltenpaare NCHT extrahiert:
2025-09-24 17:39:51,869 ; PT3S                                                         ; DEBUG   ; dxWithMx._V3_AGSNVEC_addNewCols: referencing ('TMIN', 'KNOT~*~*~*~T', Timestamp('2025-09-23 22:00:00'), Timestamp('2025-09-23 22:00:00'))_n and ('TMIN', 'ROHR~*~*~*~TVEC', Timestamp('2025-09-23 22:00:00'), Timestamp('2025-09-23 22:00:00')) FAILED
2025-09-24 17:39:51,869 ; PT3S                                                         ; DEBUG   ; dxWithMx._V3_AGSNVEC_addNewCols: Exception: Line: 2186: <class 'KeyError'>: "None of [Index(['('TMAX', 'KNOT~*~*~*~T', Timestamp('2025-09-23 22:00:00'), Timestamp('2025-09-23 22:00:00'))_n', ('TMAX', 'ROHR~*~*~*~TVEC', 2025-09-23 22:00:00, 2025-09-23 22:00:00)], dtype='object')] are in the [columns]"
2025-09-24 17:39:51,869 ; PT3S                                                         ; DEBUG   ; dxWithMx._V3_AGSNVEC_addNewCols: colNameNewFlat:T_n_max: Spaltenpaare NCHT extrahiert:
2025-09-24 17:39:51,869 ; PT3S                                                         ; DEBUG   ; dxWithMx._V3_AGSNVEC_addNewCols: referencing ('TMAX', 'KNOT~*~*~*~T', Timestamp('2025-09-23 22:00:00'), Timestamp('2025-09-23 22:00:00'))_n and ('TMAX', 'ROHR~*~*~*~TVEC', Timestamp('2025-09-23 22:00:00'), Timestamp('2025-09-23 22:00:00')) FAILED
2025-09-24 17:39:51,869 ; PT3S                                                         ; DEBUG   ; dxWithMx._V3_AGSNVEC_addNewCols: Exception: Line: 2186: <class 'KeyError'>: "None of [Index(['('TIME', 'KNOT~*~*~*~T', Timestamp('2025-09-23 22:00:00'), Timestamp('2025-09-23 22:00:00'))_n', ('TIME', 'ROHR~*~*~*~TVEC', 2025-09-23 22:00:00, 2025-09-23 22:00:00)], dtype='object')] are in the [columns]"
2025-09-24 17:39:51,869 ; PT3S                                                         ; DEBUG   ; dxWithMx._V3_AGSNVEC_addNewCols: colNameNewFlat:T_n_end: Spaltenpaare NCHT extrahiert:
2025-09-24 17:39:51,869 ; PT3S                                                         ; DEBUG   ; dxWithMx._V3_AGSNVEC_addNewCols: referencing ('TIME', 'KNOT~*~*~*~T', Timestamp('2025-09-23 22:00:00'), Timestamp('2025-09-23 22:00:00'))_n and ('TIME', 'ROHR~*~*~*~TVEC', Timestamp('2025-09-23 22:00:00'), Timestamp('2025-09-23 22:00:00')) FAILED
2025-09-24 17:39:51,869 ; PT3S                                                         ; DEBUG   ; dxWithMx._V3_AGSNVEC_addNewCols: Exception: Line: 2186: <class 'KeyError'>: "None of [Index(['('TMIN', 'KNOT~*~*~*~PH', Timestamp('2025-09-23 22:00:00'), Timestamp('2025-09-23 22:00:00'))_n', ('TMIN', 'manPVEC', 2025-09-23 22:00:00, 2025-09-23 22:00:00)], dtype='object')] are in the [columns]"
2025-09-24 17:39:51,869 ; PT3S                                                         ; DEBUG   ; dxWithMx._V3_AGSNVEC_addNewCols: colNameNewFlat:PH_n_min: Spaltenpaare NCHT extrahiert:
2025-09-24 17:39:51,869 ; PT3S                                                         ; DEBUG   ; dxWithMx._V3_AGSNVEC_addNewCols: referencing ('TMIN', 'KNOT~*~*~*~PH', Timestamp('2025-09-23 22:00:00'), Timestamp('2025-09-23 22:00:00'))_n and ('TMIN', 'manPVEC', Timestamp('2025-09-23 22:00:00'), Timestamp('2025-09-23 22:00:00')) FAILED
2025-09-24 17:39:51,869 ; PT3S                                                         ; DEBUG   ; dxWithMx._V3_AGSNVEC_addNewCols: Exception: Line: 2186: <class 'KeyError'>: "None of [Index(['('TMAX', 'KNOT~*~*~*~PH', Timestamp('2025-09-23 22:00:00'), Timestamp('2025-09-23 22:00:00'))_n', ('TMAX', 'manPVEC', 2025-09-23 22:00:00, 2025-09-23 22:00:00)], dtype='object')] are in the [columns]"
2025-09-24 17:39:51,869 ; PT3S                                                         ; DEBUG   ; dxWithMx._V3_AGSNVEC_addNewCols: colNameNewFlat:PH_n_max: Spaltenpaare NCHT extrahiert:
2025-09-24 17:39:51,869 ; PT3S                                                         ; DEBUG   ; dxWithMx._V3_AGSNVEC_addNewCols: referencing ('TMAX', 'KNOT~*~*~*~PH', Timestamp('2025-09-23 22:00:00'), Timestamp('2025-09-23 22:00:00'))_n and ('TMAX', 'manPVEC', Timestamp('2025-09-23 22:00:00'), Timestamp('2025-09-23 22:00:00')) FAILED
2025-09-24 17:39:51,869 ; PT3S                                                         ; DEBUG   ; dxWithMx._V3_AGSNVEC_addNewCols: Exception: Line: 2186: <class 'KeyError'>: "None of [Index(['('TIME', 'KNOT~*~*~*~PH', Timestamp('2025-09-23 22:00:00'), Timestamp('2025-09-23 22:00:00'))_n', ('TIME', 'manPVEC', 2025-09-23 22:00:00, 2025-09-23 22:00:00)], dtype='object')] are in the [columns]"
2025-09-24 17:39:51,869 ; PT3S                                                         ; DEBUG   ; dxWithMx._V3_AGSNVEC_addNewCols: colNameNewFlat:PH_n_end: Spaltenpaare NCHT extrahiert:
2025-09-24 17:39:51,869 ; PT3S                                                         ; DEBUG   ; dxWithMx._V3_AGSNVEC_addNewCols: referencing ('TIME', 'KNOT~*~*~*~PH', Timestamp('2025-09-23 22:00:00'), Timestamp('2025-09-23 22:00:00'))_n and ('TIME', 'manPVEC', Timestamp('2025-09-23 22:00:00'), Timestamp('2025-09-23 22:00:00')) FAILED
2025-09-24 17:39:51,869 ; PT3S                                                         ; DEBUG   ; dxWithMx._V3_AGSNVEC_addNewCols: Exception: Line: 2186: <class 'KeyError'>: "None of [Index(['('TMIN', 'mlc', Timestamp('2025-09-23 22:00:00'), Timestamp('2025-09-23 22:00:00'))_n', ('TMIN', 'mlcPVEC', 2025-09-23 22:00:00, 2025-09-23 22:00:00)], dtype='object')] are in the [columns]"
2025-09-24 17:39:51,869 ; PT3S                                                         ; DEBUG   ; dxWithMx._V3_AGSNVEC_addNewCols: colNameNewFlat:mlc_n_min: Spaltenpaare NCHT extrahiert:
2025-09-24 17:39:51,869 ; PT3S                                                         ; DEBUG   ; dxWithMx._V3_AGSNVEC_addNewCols: referencing ('TMIN', 'mlc', Timestamp('2025-09-23 22:00:00'), Timestamp('2025-09-23 22:00:00'))_n and ('TMIN', 'mlcPVEC', Timestamp('2025-09-23 22:00:00'), Timestamp('2025-09-23 22:00:00')) FAILED
2025-09-24 17:39:51,869 ; PT3S                                                         ; DEBUG   ; dxWithMx._V3_AGSNVEC_addNewCols: Exception: Line: 2186: <class 'KeyError'>: "None of [Index(['('TMAX', 'mlc', Timestamp('2025-09-23 22:00:00'), Timestamp('2025-09-23 22:00:00'))_n', ('TMAX', 'mlcPVEC', 2025-09-23 22:00:00, 2025-09-23 22:00:00)], dtype='object')] are in the [columns]"
2025-09-24 17:39:51,869 ; PT3S                                                         ; DEBUG   ; dxWithMx._V3_AGSNVEC_addNewCols: colNameNewFlat:mlc_n_max: Spaltenpaare NCHT extrahiert:
2025-09-24 17:39:51,869 ; PT3S                                                         ; DEBUG   ; dxWithMx._V3_AGSNVEC_addNewCols: referencing ('TMAX', 'mlc', Timestamp('2025-09-23 22:00:00'), Timestamp('2025-09-23 22:00:00'))_n and ('TMAX', 'mlcPVEC', Timestamp('2025-09-23 22:00:00'), Timestamp('2025-09-23 22:00:00')) FAILED
2025-09-24 17:39:51,869 ; PT3S                                                         ; DEBUG   ; dxWithMx._V3_AGSNVEC_addNewCols: Exception: Line: 2186: <class 'KeyError'>: "None of [Index(['('TIME', 'mlc', Timestamp('2025-09-23 22:00:00'), Timestamp('2025-09-23 22:00:00'))_n', ('TIME', 'mlcPVEC', 2025-09-23 22:00:00, 2025-09-23 22:00:00)], dtype='object')] are in the [columns]"
2025-09-24 17:39:51,869 ; PT3S                                                         ; DEBUG   ; dxWithMx._V3_AGSNVEC_addNewCols: colNameNewFlat:mlc_n_end: Spaltenpaare NCHT extrahiert:
2025-09-24 17:39:51,869 ; PT3S                                                         ; DEBUG   ; dxWithMx._V3_AGSNVEC_addNewCols: referencing ('TIME', 'mlc', Timestamp('2025-09-23 22:00:00'), Timestamp('2025-09-23 22:00:00'))_n and ('TIME', 'mlcPVEC', Timestamp('2025-09-23 22:00:00'), Timestamp('2025-09-23 22:00:00')) FAILED
2025-09-24 17:39:51,884 ; PT3S                                                         ; DEBUG   ; dxWithMx._V3_AGSNVEC_addNewCols: Exception: Line: 2186: <class 'KeyError'>: "None of [Index(['('TMIN', 'H', Timestamp('2025-09-23 22:00:00'), Timestamp('2025-09-23 22:00:00'))_n', ('TMIN', 'barBzgPVEC', 2025-09-23 22:00:00, 2025-09-23 22:00:00)], dtype='object')] are in the [columns]"
2025-09-24 17:39:51,884 ; PT3S                                                         ; DEBUG   ; dxWithMx._V3_AGSNVEC_addNewCols: colNameNewFlat:H_n_min: Spaltenpaare NCHT extrahiert:
2025-09-24 17:39:51,885 ; PT3S                                                         ; DEBUG   ; dxWithMx._V3_AGSNVEC_addNewCols: referencing ('TMIN', 'H', Timestamp('2025-09-23 22:00:00'), Timestamp('2025-09-23 22:00:00'))_n and ('TMIN', 'barBzgPVEC', Timestamp('2025-09-23 22:00:00'), Timestamp('2025-09-23 22:00:00')) FAILED
2025-09-24 17:39:51,886 ; PT3S                                                         ; DEBUG   ; dxWithMx._V3_AGSNVEC_addNewCols: Exception: Line: 2186: <class 'KeyError'>: "None of [Index(['('TMAX', 'H', Timestamp('2025-09-23 22:00:00'), Timestamp('2025-09-23 22:00:00'))_n', ('TMAX', 'barBzgPVEC', 2025-09-23 22:00:00, 2025-09-23 22:00:00)], dtype='object')] are in the [columns]"
2025-09-24 17:39:51,886 ; PT3S                                                         ; DEBUG   ; dxWithMx._V3_AGSNVEC_addNewCols: colNameNewFlat:H_n_max: Spaltenpaare NCHT extrahiert:
2025-09-24 17:39:51,886 ; PT3S                                                         ; DEBUG   ; dxWithMx._V3_AGSNVEC_addNewCols: referencing ('TMAX', 'H', Timestamp('2025-09-23 22:00:00'), Timestamp('2025-09-23 22:00:00'))_n and ('TMAX', 'barBzgPVEC', Timestamp('2025-09-23 22:00:00'), Timestamp('2025-09-23 22:00:00')) FAILED
2025-09-24 17:39:51,886 ; PT3S                                                         ; DEBUG   ; dxWithMx._V3_AGSNVEC_addNewCols: Exception: Line: 2186: <class 'KeyError'>: "None of [Index(['('TIME', 'H', Timestamp('2025-09-23 22:00:00'), Timestamp('2025-09-23 22:00:00'))_n', ('TIME', 'barBzgPVEC', 2025-09-23 22:00:00, 2025-09-23 22:00:00)], dtype='object')] are in the [columns]"
2025-09-24 17:39:51,886 ; PT3S                                                         ; DEBUG   ; dxWithMx._V3_AGSNVEC_addNewCols: colNameNewFlat:H_n_end: Spaltenpaare NCHT extrahiert:
2025-09-24 17:39:51,886 ; PT3S                                                         ; DEBUG   ; dxWithMx._V3_AGSNVEC_addNewCols: referencing ('TIME', 'H', Timestamp('2025-09-23 22:00:00'), Timestamp('2025-09-23 22:00:00'))_n and ('TIME', 'barBzgPVEC', Timestamp('2025-09-23 22:00:00'), Timestamp('2025-09-23 22:00:00')) FAILED
2025-09-24 17:39:51,886 ; PT3S                                                         ; DEBUG   ; dxWithMx._V3_AGSNVEC_addNewCols: Exception: Line: 2186: <class 'KeyError'>: "None of [Index(['('TMIN', 'QM', Timestamp('2025-09-23 22:00:00'), Timestamp('2025-09-23 22:00:00'))', ('TMIN', 'tMVEC', 2025-09-23 22:00:00, 2025-09-23 22:00:00)], dtype='object')] are in the [columns]"
2025-09-24 17:39:51,886 ; PT3S                                                         ; DEBUG   ; dxWithMx._V3_AGSNVEC_addNewCols: colNameNewFlat:QM_min: Spaltenpaare NCHT extrahiert:
2025-09-24 17:39:51,886 ; PT3S                                                         ; DEBUG   ; dxWithMx._V3_AGSNVEC_addNewCols: referencing ('TMIN', 'QM', Timestamp('2025-09-23 22:00:00'), Timestamp('2025-09-23 22:00:00')) and ('TMIN', 'tMVEC', Timestamp('2025-09-23 22:00:00'), Timestamp('2025-09-23 22:00:00')) FAILED
2025-09-24 17:39:51,886 ; PT3S                                                         ; DEBUG   ; dxWithMx._V3_AGSNVEC_addNewCols: Exception: Line: 2186: <class 'KeyError'>: "None of [Index(['('TMAX', 'QM', Timestamp('2025-09-23 22:00:00'), Timestamp('2025-09-23 22:00:00'))', ('TMAX', 'tMVEC', 2025-09-23 22:00:00, 2025-09-23 22:00:00)], dtype='object')] are in the [columns]"
2025-09-24 17:39:51,886 ; PT3S                                                         ; DEBUG   ; dxWithMx._V3_AGSNVEC_addNewCols: colNameNewFlat:QM_max: Spaltenpaare NCHT extrahiert:
2025-09-24 17:39:51,886 ; PT3S                                                         ; DEBUG   ; dxWithMx._V3_AGSNVEC_addNewCols: referencing ('TMAX', 'QM', Timestamp('2025-09-23 22:00:00'), Timestamp('2025-09-23 22:00:00')) and ('TMAX', 'tMVEC', Timestamp('2025-09-23 22:00:00'), Timestamp('2025-09-23 22:00:00')) FAILED
2025-09-24 17:39:51,886 ; PT3S                                                         ; DEBUG   ; dxWithMx._V3_AGSNVEC_addNewCols: Exception: Line: 2186: <class 'KeyError'>: "None of [Index(['('TIME', 'QM', Timestamp('2025-09-23 22:00:00'), Timestamp('2025-09-23 22:00:00'))', ('TIME', 'tMVEC', 2025-09-23 22:00:00, 2025-09-23 22:00:00)], dtype='object')] are in the [columns]"
2025-09-24 17:39:51,886 ; PT3S                                                         ; DEBUG   ; dxWithMx._V3_AGSNVEC_addNewCols: colNameNewFlat:QM_end: Spaltenpaare NCHT extrahiert:
2025-09-24 17:39:51,886 ; PT3S                                                         ; DEBUG   ; dxWithMx._V3_AGSNVEC_addNewCols: referencing ('TIME', 'QM', Timestamp('2025-09-23 22:00:00'), Timestamp('2025-09-23 22:00:00')) and ('TIME', 'tMVEC', Timestamp('2025-09-23 22:00:00'), Timestamp('2025-09-23 22:00:00')) FAILED
2025-09-24 17:39:51,886 ; PT3S                                                         ; DEBUG   ; dxWithMx._V3_AGSNVEC_addNewCols: _Done.
2025-09-24 17:39:51,886 ; PT3S                                                         ; DEBUG   ; dxWithMx._V3_AGSNVEC: Starting to filter columns based on timestamps.
2025-09-24 17:39:51,886 ; PT3S                                                         ; DEBUG   ; dxWithMx._V3_AGSNVEC: Unique timestamps sorted: []
2025-09-24 17:39:51,886 ; PT3S                                                         ; DEBUG   ; dxWithMx._V3_AGSNVEC: tuple-cols:
2025-09-24 17:39:51,886 ; PT3S                                                         ; DEBUG   ; dxWithMx._V3_AGSNVEC: ('STAT', 'ROHR~*~*~*~ETAAV', Timestamp('2025-09-23 22:00:00'), Timestamp('2025-09-23 22:00:00'))
2025-09-24 17:39:51,886 ; PT3S                                                         ; DEBUG   ; dxWithMx._V3_AGSNVEC: ('STAT', 'ROHR~*~*~*~IAKTIV', Timestamp('2025-09-23 22:00:00'), Timestamp('2025-09-23 22:00:00'))
2025-09-24 17:39:51,886 ; PT3S                                                         ; DEBUG   ; dxWithMx._V3_AGSNVEC: ('STAT', 'ROHR~*~*~*~IRTRENN', Timestamp('2025-09-23 22:00:00'), Timestamp('2025-09-23 22:00:00'))
2025-09-24 17:39:51,886 ; PT3S                                                         ; DEBUG   ; dxWithMx._V3_AGSNVEC: ('STAT', 'ROHR~*~*~*~JV', Timestamp('2025-09-23 22:00:00'), Timestamp('2025-09-23 22:00:00'))
2025-09-24 17:39:51,886 ; PT3S                                                         ; DEBUG   ; dxWithMx._V3_AGSNVEC: ('STAT', 'ROHR~*~*~*~LAMBDA', Timestamp('2025-09-23 22:00:00'), Timestamp('2025-09-23 22:00:00'))
2025-09-24 17:39:51,886 ; PT3S                                                         ; DEBUG   ; dxWithMx._V3_AGSNVEC: ('STAT', 'ROHR~*~*~*~LECKEINAUS', Timestamp('2025-09-23 22:00:00'), Timestamp('2025-09-23 22:00:00'))
2025-09-24 17:39:51,886 ; PT3S                                                         ; DEBUG   ; dxWithMx._V3_AGSNVEC: ('STAT', 'ROHR~*~*~*~LECKMENGE', Timestamp('2025-09-23 22:00:00'), Timestamp('2025-09-23 22:00:00'))
2025-09-24 17:39:51,886 ; PT3S                                                         ; DEBUG   ; dxWithMx._V3_AGSNVEC: ('STAT', 'ROHR~*~*~*~LECKORT', Timestamp('2025-09-23 22:00:00'), Timestamp('2025-09-23 22:00:00'))
2025-09-24 17:39:51,886 ; PT3S                                                         ; DEBUG   ; dxWithMx._V3_AGSNVEC: ('STAT', 'ROHR~*~*~*~PDAMPF', Timestamp('2025-09-23 22:00:00'), Timestamp('2025-09-23 22:00:00'))
2025-09-24 17:39:51,886 ; PT3S                                                         ; DEBUG   ; dxWithMx._V3_AGSNVEC: ('STAT', 'ROHR~*~*~*~PHR', Timestamp('2025-09-23 22:00:00'), Timestamp('2025-09-23 22:00:00'))
2025-09-24 17:39:51,886 ; PT3S                                                         ; DEBUG   ; dxWithMx._V3_AGSNVEC: ('STAT', 'ROHR~*~*~*~PMIN', Timestamp('2025-09-23 22:00:00'), Timestamp('2025-09-23 22:00:00'))
2025-09-24 17:39:51,886 ; PT3S                                                         ; DEBUG   ; dxWithMx._V3_AGSNVEC: ('STAT', 'ROHR~*~*~*~QI2', Timestamp('2025-09-23 22:00:00'), Timestamp('2025-09-23 22:00:00'))
2025-09-24 17:39:51,886 ; PT3S                                                         ; DEBUG   ; dxWithMx._V3_AGSNVEC: ('STAT', 'ROHR~*~*~*~QK2', Timestamp('2025-09-23 22:00:00'), Timestamp('2025-09-23 22:00:00'))
2025-09-24 17:39:51,886 ; PT3S                                                         ; DEBUG   ; dxWithMx._V3_AGSNVEC: ('STAT', 'ROHR~*~*~*~QMAV', Timestamp('2025-09-23 22:00:00'), Timestamp('2025-09-23 22:00:00'))
2025-09-24 17:39:51,886 ; PT3S                                                         ; DEBUG   ; dxWithMx._V3_AGSNVEC: ('STAT', 'ROHR~*~*~*~QMI', Timestamp('2025-09-23 22:00:00'), Timestamp('2025-09-23 22:00:00'))
2025-09-24 17:39:51,886 ; PT3S                                                         ; DEBUG   ; dxWithMx._V3_AGSNVEC: ('STAT', 'ROHR~*~*~*~QMK', Timestamp('2025-09-23 22:00:00'), Timestamp('2025-09-23 22:00:00'))
2025-09-24 17:39:51,886 ; PT3S                                                         ; DEBUG   ; dxWithMx._V3_AGSNVEC: ('STAT', 'ROHR~*~*~*~RHOAV', Timestamp('2025-09-23 22:00:00'), Timestamp('2025-09-23 22:00:00'))
2025-09-24 17:39:51,886 ; PT3S                                                         ; DEBUG   ; dxWithMx._V3_AGSNVEC: ('STAT', 'ROHR~*~*~*~VAV', Timestamp('2025-09-23 22:00:00'), Timestamp('2025-09-23 22:00:00'))
2025-09-24 17:39:51,886 ; PT3S                                                         ; DEBUG   ; dxWithMx._V3_AGSNVEC: ('STAT', 'ROHR~*~*~*~VI', Timestamp('2025-09-23 22:00:00'), Timestamp('2025-09-23 22:00:00'))
2025-09-24 17:39:51,886 ; PT3S                                                         ; DEBUG   ; dxWithMx._V3_AGSNVEC: ('STAT', 'ROHR~*~*~*~VK', Timestamp('2025-09-23 22:00:00'), Timestamp('2025-09-23 22:00:00'))
2025-09-24 17:39:51,886 ; PT3S                                                         ; DEBUG   ; dxWithMx._V3_AGSNVEC: ('STAT', 'ROHR~*~*~*~VOLDA', Timestamp('2025-09-23 22:00:00'), Timestamp('2025-09-23 22:00:00'))
2025-09-24 17:39:51,886 ; PT3S                                                         ; DEBUG   ; dxWithMx._V3_AGSNVEC: ('STAT', 'ROHR~*~*~*~WVL', Timestamp('2025-09-23 22:00:00'), Timestamp('2025-09-23 22:00:00'))
2025-09-24 17:39:51,886 ; PT3S                                                         ; DEBUG   ; dxWithMx._V3_AGSNVEC: ('STAT', 'ROHR~*~*~*~MVEC', Timestamp('2025-09-23 22:00:00'), Timestamp('2025-09-23 22:00:00'))
2025-09-24 17:39:51,886 ; PT3S                                                         ; DEBUG   ; dxWithMx._V3_AGSNVEC: ('STAT', 'ROHR~*~*~*~PVEC', Timestamp('2025-09-23 22:00:00'), Timestamp('2025-09-23 22:00:00'))
2025-09-24 17:39:51,886 ; PT3S                                                         ; DEBUG   ; dxWithMx._V3_AGSNVEC: ('STAT', 'ROHR~*~*~*~PVECMAX_INST', Timestamp('2025-09-23 22:00:00'), Timestamp('2025-09-23 22:00:00'))
2025-09-24 17:39:51,886 ; PT3S                                                         ; DEBUG   ; dxWithMx._V3_AGSNVEC: ('STAT', 'ROHR~*~*~*~PVECMIN_INST', Timestamp('2025-09-23 22:00:00'), Timestamp('2025-09-23 22:00:00'))
2025-09-24 17:39:51,895 ; PT3S                                                         ; DEBUG   ; dxWithMx._V3_AGSNVEC: ('STAT', 'ROHR~*~*~*~RHOVEC', Timestamp('2025-09-23 22:00:00'), Timestamp('2025-09-23 22:00:00'))
2025-09-24 17:39:51,895 ; PT3S                                                         ; DEBUG   ; dxWithMx._V3_AGSNVEC: ('STAT', 'ROHR~*~*~*~TVEC', Timestamp('2025-09-23 22:00:00'), Timestamp('2025-09-23 22:00:00'))
2025-09-24 17:39:51,895 ; PT3S                                                         ; DEBUG   ; dxWithMx._V3_AGSNVEC: ('STAT', 'manPVEC', Timestamp('2025-09-23 22:00:00'), Timestamp('2025-09-23 22:00:00'))
2025-09-24 17:39:51,895 ; PT3S                                                         ; DEBUG   ; dxWithMx._V3_AGSNVEC: ('STAT', 'mlcPVEC', Timestamp('2025-09-23 22:00:00'), Timestamp('2025-09-23 22:00:00'))
2025-09-24 17:39:51,895 ; PT3S                                                         ; DEBUG   ; dxWithMx._V3_AGSNVEC: ('STAT', 'barBzgPVEC', Timestamp('2025-09-23 22:00:00'), Timestamp('2025-09-23 22:00:00'))
2025-09-24 17:39:51,895 ; PT3S                                                         ; DEBUG   ; dxWithMx._V3_AGSNVEC: ('STAT', 'manPVECMAX_INST', Timestamp('2025-09-23 22:00:00'), Timestamp('2025-09-23 22:00:00'))
2025-09-24 17:39:51,895 ; PT3S                                                         ; DEBUG   ; dxWithMx._V3_AGSNVEC: ('STAT', 'mlcPVECMAX_INST', Timestamp('2025-09-23 22:00:00'), Timestamp('2025-09-23 22:00:00'))
2025-09-24 17:39:51,895 ; PT3S                                                         ; DEBUG   ; dxWithMx._V3_AGSNVEC: ('STAT', 'barBzgPVECMAX_INST', Timestamp('2025-09-23 22:00:00'), Timestamp('2025-09-23 22:00:00'))
2025-09-24 17:39:51,895 ; PT3S                                                         ; DEBUG   ; dxWithMx._V3_AGSNVEC: ('STAT', 'manPVECMIN_INST', Timestamp('2025-09-23 22:00:00'), Timestamp('2025-09-23 22:00:00'))
2025-09-24 17:39:51,895 ; PT3S                                                         ; DEBUG   ; dxWithMx._V3_AGSNVEC: ('STAT', 'mlcPVECMIN_INST', Timestamp('2025-09-23 22:00:00'), Timestamp('2025-09-23 22:00:00'))
2025-09-24 17:39:51,895 ; PT3S                                                         ; DEBUG   ; dxWithMx._V3_AGSNVEC: ('STAT', 'barBzgPVECMIN_INST', Timestamp('2025-09-23 22:00:00'), Timestamp('2025-09-23 22:00:00'))
2025-09-24 17:39:51,895 ; PT3S                                                         ; DEBUG   ; dxWithMx._V3_AGSNVEC: ('STAT', 'QMVEC', Timestamp('2025-09-23 22:00:00'), Timestamp('2025-09-23 22:00:00'))
2025-09-24 17:39:51,895 ; PT3S                                                         ; DEBUG   ; dxWithMx._V3_AGSNVEC: ('STAT', 'tMVEC', Timestamp('2025-09-23 22:00:00'), Timestamp('2025-09-23 22:00:00'))
2025-09-24 17:39:51,895 ; PT3S                                                         ; DEBUG   ; dxWithMx._V3_AGSNVEC: str-cols:
2025-09-24 17:39:51,895 ; PT3S                                                         ; DEBUG   ; dxWithMx._V3_AGSNVEC: Pos
2025-09-24 17:39:51,895 ; PT3S                                                         ; DEBUG   ; dxWithMx._V3_AGSNVEC: pk
2025-09-24 17:39:51,895 ; PT3S                                                         ; DEBUG   ; dxWithMx._V3_AGSNVEC: tk
2025-09-24 17:39:51,895 ; PT3S                                                         ; DEBUG   ; dxWithMx._V3_AGSNVEC: LFDNR
2025-09-24 17:39:51,895 ; PT3S                                                         ; DEBUG   ; dxWithMx._V3_AGSNVEC: NAME
2025-09-24 17:39:51,895 ; PT3S                                                         ; DEBUG   ; dxWithMx._V3_AGSNVEC: XL
2025-09-24 17:39:51,895 ; PT3S                                                         ; DEBUG   ; dxWithMx._V3_AGSNVEC: compNr
2025-09-24 17:39:51,895 ; PT3S                                                         ; DEBUG   ; dxWithMx._V3_AGSNVEC: nextNODE
2025-09-24 17:39:51,895 ; PT3S                                                         ; DEBUG   ; dxWithMx._V3_AGSNVEC: OBJTYPE
2025-09-24 17:39:51,895 ; PT3S                                                         ; DEBUG   ; dxWithMx._V3_AGSNVEC: OBJID
2025-09-24 17:39:51,895 ; PT3S                                                         ; DEBUG   ; dxWithMx._V3_AGSNVEC: L
2025-09-24 17:39:51,895 ; PT3S                                                         ; DEBUG   ; dxWithMx._V3_AGSNVEC: DN
2025-09-24 17:39:51,895 ; PT3S                                                         ; DEBUG   ; dxWithMx._V3_AGSNVEC: Am2
2025-09-24 17:39:51,895 ; PT3S                                                         ; DEBUG   ; dxWithMx._V3_AGSNVEC: Vm3
2025-09-24 17:39:51,895 ; PT3S                                                         ; DEBUG   ; dxWithMx._V3_AGSNVEC: NAME_CONT
2025-09-24 17:39:51,895 ; PT3S                                                         ; DEBUG   ; dxWithMx._V3_AGSNVEC: NAME_i
2025-09-24 17:39:51,895 ; PT3S                                                         ; DEBUG   ; dxWithMx._V3_AGSNVEC: NAME_k
2025-09-24 17:39:51,895 ; PT3S                                                         ; DEBUG   ; dxWithMx._V3_AGSNVEC: ZKOR_n
2025-09-24 17:39:51,895 ; PT3S                                                         ; DEBUG   ; dxWithMx._V3_AGSNVEC: BESCHREIBUNG_n
2025-09-24 17:39:51,895 ; PT3S                                                         ; DEBUG   ; dxWithMx._V3_AGSNVEC: KVR_n
2025-09-24 17:39:51,895 ; PT3S                                                         ; DEBUG   ; dxWithMx._V3_AGSNVEC: LSum
2025-09-24 17:39:51,895 ; PT3S                                                         ; DEBUG   ; dxWithMx._V3_AGSNVEC: direction
2025-09-24 17:39:51,895 ; PT3S                                                         ; DEBUG   ; dxWithMx._V3_AGSNVEC: ('STAT', 'QM', Timestamp('2025-09-23 22:00:00'), Timestamp('2025-09-23 22:00:00'))
2025-09-24 17:39:51,895 ; PT3S                                                         ; DEBUG   ; dxWithMx._V3_AGSNVEC: QM
2025-09-24 17:39:51,895 ; PT3S                                                         ; DEBUG   ; dxWithMx._V3_AGSNVEC: ('STAT', 'KNOT~*~*~*~PH', Timestamp('2025-09-23 22:00:00'), Timestamp('2025-09-23 22:00:00'))_n
2025-09-24 17:39:51,895 ; PT3S                                                         ; DEBUG   ; dxWithMx._V3_AGSNVEC: ('STAT', 'KNOT~*~*~*~H', Timestamp('2025-09-23 22:00:00'), Timestamp('2025-09-23 22:00:00'))_n
2025-09-24 17:39:51,895 ; PT3S                                                         ; DEBUG   ; dxWithMx._V3_AGSNVEC: ('STAT', 'KNOT~*~*~*~T', Timestamp('2025-09-23 22:00:00'), Timestamp('2025-09-23 22:00:00'))_n
2025-09-24 17:39:51,895 ; PT3S                                                         ; DEBUG   ; dxWithMx._V3_AGSNVEC: ('STAT', 'KNOT~*~*~*~RHO', Timestamp('2025-09-23 22:00:00'), Timestamp('2025-09-23 22:00:00'))_n
2025-09-24 17:39:51,895 ; PT3S                                                         ; DEBUG   ; dxWithMx._V3_AGSNVEC: PH_n
2025-09-24 17:39:51,895 ; PT3S                                                         ; DEBUG   ; dxWithMx._V3_AGSNVEC: T_n
2025-09-24 17:39:51,895 ; PT3S                                                         ; DEBUG   ; dxWithMx._V3_AGSNVEC: H_n
2025-09-24 17:39:51,895 ; PT3S                                                         ; DEBUG   ; dxWithMx._V3_AGSNVEC: RHO_n
2025-09-24 17:39:51,895 ; PT3S                                                         ; DEBUG   ; dxWithMx._V3_AGSNVEC: mlc_n
2025-09-24 17:39:51,895 ; PT3S                                                         ; DEBUG   ; dxWithMx._V3_AGSNVEC: ('STAT', 'mlc', Timestamp('2025-09-23 22:00:00'), Timestamp('2025-09-23 22:00:00'))_n
2025-09-24 17:39:51,895 ; PT3S                                                         ; DEBUG   ; dxWithMx._V3_AGSNVEC: pk_ROHRVEC
2025-09-24 17:39:51,895 ; PT3S                                                         ; DEBUG   ; dxWithMx._V3_AGSNVEC: fkDE
2025-09-24 17:39:51,895 ; PT3S                                                         ; DEBUG   ; dxWithMx._V3_AGSNVEC: rk
2025-09-24 17:39:51,895 ; PT3S                                                         ; DEBUG   ; dxWithMx._V3_AGSNVEC: tk_ROHRVEC
2025-09-24 17:39:51,895 ; PT3S                                                         ; DEBUG   ; dxWithMx._V3_AGSNVEC: fkKI
2025-09-24 17:39:51,895 ; PT3S                                                         ; DEBUG   ; dxWithMx._V3_AGSNVEC: fkKK
2025-09-24 17:39:51,895 ; PT3S                                                         ; DEBUG   ; dxWithMx._V3_AGSNVEC: fkDTRO_ROWD
2025-09-24 17:39:51,895 ; PT3S                                                         ; DEBUG   ; dxWithMx._V3_AGSNVEC: fkLTGR
2025-09-24 17:39:51,895 ; PT3S                                                         ; DEBUG   ; dxWithMx._V3_AGSNVEC: fkSTRASSE
2025-09-24 17:39:51,901 ; PT3S                                                         ; DEBUG   ; dxWithMx._V3_AGSNVEC: L_ROHRVEC
2025-09-24 17:39:51,901 ; PT3S                                                         ; DEBUG   ; dxWithMx._V3_AGSNVEC: LZU
2025-09-24 17:39:51,901 ; PT3S                                                         ; DEBUG   ; dxWithMx._V3_AGSNVEC: RAU
2025-09-24 17:39:51,901 ; PT3S                                                         ; DEBUG   ; dxWithMx._V3_AGSNVEC: JLAMBS
2025-09-24 17:39:51,901 ; PT3S                                                         ; DEBUG   ; dxWithMx._V3_AGSNVEC: LAMBDA0
2025-09-24 17:39:51,901 ; PT3S                                                         ; DEBUG   ; dxWithMx._V3_AGSNVEC: ZEIN
2025-09-24 17:39:51,901 ; PT3S                                                         ; DEBUG   ; dxWithMx._V3_AGSNVEC: ZAUS
2025-09-24 17:39:51,902 ; PT3S                                                         ; DEBUG   ; dxWithMx._V3_AGSNVEC: ZUML
2025-09-24 17:39:51,902 ; PT3S                                                         ; DEBUG   ; dxWithMx._V3_AGSNVEC: ASOLL
2025-09-24 17:39:51,902 ; PT3S                                                         ; DEBUG   ; dxWithMx._V3_AGSNVEC: INDSCHALL
2025-09-24 17:39:51,902 ; PT3S                                                         ; DEBUG   ; dxWithMx._V3_AGSNVEC: BAUJAHR
2025-09-24 17:39:51,902 ; PT3S                                                         ; DEBUG   ; dxWithMx._V3_AGSNVEC: HAL
2025-09-24 17:39:51,902 ; PT3S                                                         ; DEBUG   ; dxWithMx._V3_AGSNVEC: fkCONT
2025-09-24 17:39:51,902 ; PT3S                                                         ; DEBUG   ; dxWithMx._V3_AGSNVEC: fk2LROHR
2025-09-24 17:39:51,903 ; PT3S                                                         ; DEBUG   ; dxWithMx._V3_AGSNVEC: BESCHREIBUNG
2025-09-24 17:39:51,903 ; PT3S                                                         ; DEBUG   ; dxWithMx._V3_AGSNVEC: GEOMWKB
2025-09-24 17:39:51,903 ; PT3S                                                         ; DEBUG   ; dxWithMx._V3_AGSNVEC: DELETED
2025-09-24 17:39:51,903 ; PT3S                                                         ; DEBUG   ; dxWithMx._V3_AGSNVEC: SELECT1
2025-09-24 17:39:51,903 ; PT3S                                                         ; DEBUG   ; dxWithMx._V3_AGSNVEC: IDREFERENZ
2025-09-24 17:39:51,903 ; PT3S                                                         ; DEBUG   ; dxWithMx._V3_AGSNVEC: KENNUNG
2025-09-24 17:39:51,903 ; PT3S                                                         ; DEBUG   ; dxWithMx._V3_AGSNVEC: IPLANUNG
2025-09-24 17:39:51,903 ; PT3S                                                         ; DEBUG   ; dxWithMx._V3_AGSNVEC: KVR
2025-09-24 17:39:51,903 ; PT3S                                                         ; DEBUG   ; dxWithMx._V3_AGSNVEC: pk_BZ
2025-09-24 17:39:51,903 ; PT3S                                                         ; DEBUG   ; dxWithMx._V3_AGSNVEC: fkDE_BZ
2025-09-24 17:39:51,903 ; PT3S                                                         ; DEBUG   ; dxWithMx._V3_AGSNVEC: fk
2025-09-24 17:39:51,903 ; PT3S                                                         ; DEBUG   ; dxWithMx._V3_AGSNVEC: QSVB
2025-09-24 17:39:51,903 ; PT3S                                                         ; DEBUG   ; dxWithMx._V3_AGSNVEC: IRTRENN
2025-09-24 17:39:51,905 ; PT3S                                                         ; DEBUG   ; dxWithMx._V3_AGSNVEC: LECKSTATUS
2025-09-24 17:39:51,905 ; PT3S                                                         ; DEBUG   ; dxWithMx._V3_AGSNVEC: LECKSTART
2025-09-24 17:39:51,905 ; PT3S                                                         ; DEBUG   ; dxWithMx._V3_AGSNVEC: LECKEND
2025-09-24 17:39:51,905 ; PT3S                                                         ; DEBUG   ; dxWithMx._V3_AGSNVEC: LECKORT
2025-09-24 17:39:51,905 ; PT3S                                                         ; DEBUG   ; dxWithMx._V3_AGSNVEC: LECKMENGE
2025-09-24 17:39:51,905 ; PT3S                                                         ; DEBUG   ; dxWithMx._V3_AGSNVEC: IMPTNZ
2025-09-24 17:39:51,905 ; PT3S                                                         ; DEBUG   ; dxWithMx._V3_AGSNVEC: ZVLIMPTNZ
2025-09-24 17:39:51,905 ; PT3S                                                         ; DEBUG   ; dxWithMx._V3_AGSNVEC: KANTENZV
2025-09-24 17:39:51,905 ; PT3S                                                         ; DEBUG   ; dxWithMx._V3_AGSNVEC: GEOM
2025-09-24 17:39:51,905 ; PT3S                                                         ; DEBUG   ; dxWithMx._V3_AGSNVEC: GRAF
2025-09-24 17:39:51,905 ; PT3S                                                         ; DEBUG   ; dxWithMx._V3_AGSNVEC: MId
2025-09-24 17:39:51,905 ; PT3S                                                         ; DEBUG   ; dxWithMx._V3_AGSNVEC: MText
2025-09-24 17:39:51,905 ; PT3S                                                         ; DEBUG   ; dxWithMx._V3_AGSNVEC: Basis
2025-09-24 17:39:51,905 ; PT3S                                                         ; DEBUG   ; dxWithMx._V3_AGSNVEC: Variante
2025-09-24 17:39:51,905 ; PT3S                                                         ; DEBUG   ; dxWithMx._V3_AGSNVEC: BZ
2025-09-24 17:39:51,905 ; PT3S                                                         ; DEBUG   ; dxWithMx._V3_AGSNVEC: Geaendert
2025-09-24 17:39:51,905 ; PT3S                                                         ; DEBUG   ; dxWithMx._V3_AGSNVEC: Erstellt
2025-09-24 17:39:51,905 ; PT3S                                                         ; DEBUG   ; dxWithMx._V3_AGSNVEC: pk_VMBZ
2025-09-24 17:39:51,905 ; PT3S                                                         ; DEBUG   ; dxWithMx._V3_AGSNVEC: fkBASIS
2025-09-24 17:39:51,905 ; PT3S                                                         ; DEBUG   ; dxWithMx._V3_AGSNVEC: fkVARIANTE
2025-09-24 17:39:51,905 ; PT3S                                                         ; DEBUG   ; dxWithMx._V3_AGSNVEC: fkBZ
2025-09-24 17:39:51,905 ; PT3S                                                         ; DEBUG   ; dxWithMx._V3_AGSNVEC: MZ
2025-09-24 17:39:51,905 ; PT3S                                                         ; DEBUG   ; dxWithMx._V3_AGSNVEC: MT
2025-09-24 17:39:51,905 ; PT3S                                                         ; DEBUG   ; dxWithMx._V3_AGSNVEC: pk_CONT
2025-09-24 17:39:51,905 ; PT3S                                                         ; DEBUG   ; dxWithMx._V3_AGSNVEC: fkDE_CONT
2025-09-24 17:39:51,905 ; PT3S                                                         ; DEBUG   ; dxWithMx._V3_AGSNVEC: rk_CONT
2025-09-24 17:39:51,905 ; PT3S                                                         ; DEBUG   ; dxWithMx._V3_AGSNVEC: tk_CONT
2025-09-24 17:39:51,905 ; PT3S                                                         ; DEBUG   ; dxWithMx._V3_AGSNVEC: ID_CONT
2025-09-24 17:39:51,905 ; PT3S                                                         ; DEBUG   ; dxWithMx._V3_AGSNVEC: NAME_CONT_ROHRVEC
2025-09-24 17:39:51,905 ; PT3S                                                         ; DEBUG   ; dxWithMx._V3_AGSNVEC: IDPARENT_CONT
2025-09-24 17:39:51,905 ; PT3S                                                         ; DEBUG   ; dxWithMx._V3_AGSNVEC: rkPARENT_CONT
2025-09-24 17:39:51,905 ; PT3S                                                         ; DEBUG   ; dxWithMx._V3_AGSNVEC: LFDNR_CONT
2025-09-24 17:39:51,905 ; PT3S                                                         ; DEBUG   ; dxWithMx._V3_AGSNVEC: GRAF_CONT
2025-09-24 17:39:51,905 ; PT3S                                                         ; DEBUG   ; dxWithMx._V3_AGSNVEC: FONT_CONT
2025-09-24 17:39:51,905 ; PT3S                                                         ; DEBUG   ; dxWithMx._V3_AGSNVEC: GEOM_CONT
2025-09-24 17:39:51,905 ; PT3S                                                         ; DEBUG   ; dxWithMx._V3_AGSNVEC: DELETED_CONT
2025-09-24 17:39:51,905 ; PT3S                                                         ; DEBUG   ; dxWithMx._V3_AGSNVEC: SELECT1_CONT
2025-09-24 17:39:51,905 ; PT3S                                                         ; DEBUG   ; dxWithMx._V3_AGSNVEC: IDREFERENZ_CONT
2025-09-24 17:39:51,905 ; PT3S                                                         ; DEBUG   ; dxWithMx._V3_AGSNVEC: NAME_DTRO
2025-09-24 17:39:51,905 ; PT3S                                                         ; DEBUG   ; dxWithMx._V3_AGSNVEC: DN_ROHRVEC
2025-09-24 17:39:51,905 ; PT3S                                                         ; DEBUG   ; dxWithMx._V3_AGSNVEC: DI
2025-09-24 17:39:51,905 ; PT3S                                                         ; DEBUG   ; dxWithMx._V3_AGSNVEC: DA
2025-09-24 17:39:51,905 ; PT3S                                                         ; DEBUG   ; dxWithMx._V3_AGSNVEC: S
2025-09-24 17:39:51,905 ; PT3S                                                         ; DEBUG   ; dxWithMx._V3_AGSNVEC: KT
2025-09-24 17:39:51,905 ; PT3S                                                         ; DEBUG   ; dxWithMx._V3_AGSNVEC: PN
2025-09-24 17:39:51,905 ; PT3S                                                         ; DEBUG   ; dxWithMx._V3_AGSNVEC: Am2_ROHRVEC
2025-09-24 17:39:51,905 ; PT3S                                                         ; DEBUG   ; dxWithMx._V3_AGSNVEC: Vm3_ROHRVEC
2025-09-24 17:39:51,905 ; PT3S                                                         ; DEBUG   ; dxWithMx._V3_AGSNVEC: NAME_LTGR
2025-09-24 17:39:51,905 ; PT3S                                                         ; DEBUG   ; dxWithMx._V3_AGSNVEC: NAME_STRASSE
2025-09-24 17:39:51,905 ; PT3S                                                         ; DEBUG   ; dxWithMx._V3_AGSNVEC: tk_i
2025-09-24 17:39:51,912 ; PT3S                                                         ; DEBUG   ; dxWithMx._V3_AGSNVEC: NAME_i_ROHRVEC
2025-09-24 17:39:51,912 ; PT3S                                                         ; DEBUG   ; dxWithMx._V3_AGSNVEC: tk_k
2025-09-24 17:39:51,912 ; PT3S                                                         ; DEBUG   ; dxWithMx._V3_AGSNVEC: NAME_k_ROHRVEC
2025-09-24 17:39:51,912 ; PT3S                                                         ; DEBUG   ; dxWithMx._V3_AGSNVEC: mx2NofPts
2025-09-24 17:39:51,912 ; PT3S                                                         ; DEBUG   ; dxWithMx._V3_AGSNVEC: dL
2025-09-24 17:39:51,912 ; PT3S                                                         ; DEBUG   ; dxWithMx._V3_AGSNVEC: mx2Idx
2025-09-24 17:39:51,913 ; PT3S                                                         ; DEBUG   ; dxWithMx._V3_AGSNVEC: ('STAT', 'KNOT~*~*~*~PH', Timestamp('2025-09-23 22:00:00'), Timestamp('2025-09-23 22:00:00'))_i
2025-09-24 17:39:51,913 ; PT3S                                                         ; DEBUG   ; dxWithMx._V3_AGSNVEC: ('STAT', 'KNOT~*~*~*~H', Timestamp('2025-09-23 22:00:00'), Timestamp('2025-09-23 22:00:00'))_i
2025-09-24 17:39:51,913 ; PT3S                                                         ; DEBUG   ; dxWithMx._V3_AGSNVEC: ('STAT', 'KNOT~*~*~*~T', Timestamp('2025-09-23 22:00:00'), Timestamp('2025-09-23 22:00:00'))_i
2025-09-24 17:39:51,913 ; PT3S                                                         ; DEBUG   ; dxWithMx._V3_AGSNVEC: ('STAT', 'KNOT~*~*~*~RHO', Timestamp('2025-09-23 22:00:00'), Timestamp('2025-09-23 22:00:00'))_i
2025-09-24 17:39:51,913 ; PT3S                                                         ; DEBUG   ; dxWithMx._V3_AGSNVEC: ('STAT', 'KNOT~*~*~*~PH', Timestamp('2025-09-23 22:00:00'), Timestamp('2025-09-23 22:00:00'))_k
2025-09-24 17:39:51,913 ; PT3S                                                         ; DEBUG   ; dxWithMx._V3_AGSNVEC: ('STAT', 'KNOT~*~*~*~H', Timestamp('2025-09-23 22:00:00'), Timestamp('2025-09-23 22:00:00'))_k
2025-09-24 17:39:51,913 ; PT3S                                                         ; DEBUG   ; dxWithMx._V3_AGSNVEC: ('STAT', 'KNOT~*~*~*~T', Timestamp('2025-09-23 22:00:00'), Timestamp('2025-09-23 22:00:00'))_k
2025-09-24 17:39:51,913 ; PT3S                                                         ; DEBUG   ; dxWithMx._V3_AGSNVEC: ('STAT', 'KNOT~*~*~*~RHO', Timestamp('2025-09-23 22:00:00'), Timestamp('2025-09-23 22:00:00'))_k
2025-09-24 17:39:51,913 ; PT3S                                                         ; DEBUG   ; dxWithMx._V3_AGSNVEC: QMAVAbs
2025-09-24 17:39:51,913 ; PT3S                                                         ; DEBUG   ; dxWithMx._V3_AGSNVEC: VAVAbs
2025-09-24 17:39:51,913 ; PT3S                                                         ; DEBUG   ; dxWithMx._V3_AGSNVEC: PHRAbs
2025-09-24 17:39:51,913 ; PT3S                                                         ; DEBUG   ; dxWithMx._V3_AGSNVEC: JVAbs
2025-09-24 17:39:51,913 ; PT3S                                                         ; DEBUG   ; dxWithMx._V3_AGSNVEC: LAMBDA
2025-09-24 17:39:51,913 ; PT3S                                                         ; DEBUG   ; dxWithMx._V3_AGSNVEC: IptIdx
2025-09-24 17:39:51,913 ; PT3S                                                         ; DEBUG   ; dxWithMx._V3_AGSNVEC: SVEC
2025-09-24 17:39:51,913 ; PT3S                                                         ; DEBUG   ; dxWithMx._V3_AGSNVEC: IptIdxAsNo
2025-09-24 17:39:51,913 ; PT3S                                                         ; DEBUG   ; dxWithMx._V3_AGSNVEC: ZVEC
2025-09-24 17:39:51,913 ; PT3S                                                         ; DEBUG   ; dxWithMx._V3_AGSNVEC: _Done.
2025-09-24 17:39:51,913 ; PT3S                                                         ; DEBUG   ; dxWithMx.__init__: _Done.
2025-09-24 17:39:51,913 ; PT3S                                                         ; DEBUG   ; PT3S.dxAndMxHelperFcts.readDxAndMx: _Done.
2025-09-24 17:39:52,913 ; matplotlib.pyplot                                            ; DEBUG   ; Loaded backend module://matplotlib_inline.backend_inline version unknown.
2025-09-24 17:39:52,920 ; matplotlib.pyplot                                            ; DEBUG   ; Loaded backend module://matplotlib_inline.backend_inline version unknown.
2025-09-24 17:39:52,926 ; matplotlib.font_manager                                      ; DEBUG   ; findfont: Matching sans\-serif:style=normal:variant=normal:weight=normal:stretch=normal:size=10.0.
2025-09-24 17:39:52,927 ; matplotlib.font_manager                                      ; DEBUG   ; findfont: score(FontEntry(fname='c:\\Users\\jablonski\\AppData\\Local\\anaconda3\\Lib\\site-packages\\matplotlib\\mpl-data\\fonts\\ttf\\cmsy10.ttf', name='cmsy10', style='normal', variant='normal', weight=400, stretch='normal', size='scalable')) = 10.05
2025-09-24 17:39:52,928 ; matplotlib.font_manager                                      ; DEBUG   ; findfont: score(FontEntry(fname='c:\\Users\\jablonski\\AppData\\Local\\anaconda3\\Lib\\site-packages\\matplotlib\\mpl-data\\fonts\\ttf\\STIXGeneralBolIta.ttf', name='STIXGeneral', style='italic', variant='normal', weight=700, stretch='normal', size='scalable')) = 11.335
2025-09-24 17:39:52,928 ; matplotlib.font_manager                                      ; DEBUG   ; findfont: score(FontEntry(fname='c:\\Users\\jablonski\\AppData\\Local\\anaconda3\\Lib\\site-packages\\matplotlib\\mpl-data\\fonts\\ttf\\DejaVuSansMono-Oblique.ttf', name='DejaVu Sans Mono', style='oblique', variant='normal', weight=400, stretch='normal', size='scalable')) = 11.05
2025-09-24 17:39:52,928 ; matplotlib.font_manager                                      ; DEBUG   ; findfont: score(FontEntry(fname='c:\\Users\\jablonski\\AppData\\Local\\anaconda3\\Lib\\site-packages\\matplotlib\\mpl-data\\fonts\\ttf\\STIXSizOneSymBol.ttf', name='STIXSizeOneSym', style='normal', variant='normal', weight=700, stretch='normal', size='scalable')) = 10.335
2025-09-24 17:39:52,929 ; matplotlib.font_manager                                      ; DEBUG   ; findfont: score(FontEntry(fname='c:\\Users\\jablonski\\AppData\\Local\\anaconda3\\Lib\\site-packages\\matplotlib\\mpl-data\\fonts\\ttf\\STIXSizThreeSymReg.ttf', name='STIXSizeThreeSym', style='normal', variant='normal', weight=400, stretch='normal', size='scalable')) = 10.05
2025-09-24 17:39:52,929 ; matplotlib.font_manager                                      ; DEBUG   ; findfont: score(FontEntry(fname='c:\\Users\\jablonski\\AppData\\Local\\anaconda3\\Lib\\site-packages\\matplotlib\\mpl-data\\fonts\\ttf\\STIXSizTwoSymReg.ttf', name='STIXSizeTwoSym', style='normal', variant='normal', weight=400, stretch='normal', size='scalable')) = 10.05
2025-09-24 17:39:52,929 ; matplotlib.font_manager                                      ; DEBUG   ; findfont: score(FontEntry(fname='c:\\Users\\jablonski\\AppData\\Local\\anaconda3\\Lib\\site-packages\\matplotlib\\mpl-data\\fonts\\ttf\\cmr10.ttf', name='cmr10', style='normal', variant='normal', weight=400, stretch='normal', size='scalable')) = 10.05
2025-09-24 17:39:52,929 ; matplotlib.font_manager                                      ; DEBUG   ; findfont: score(FontEntry(fname='c:\\Users\\jablonski\\AppData\\Local\\anaconda3\\Lib\\site-packages\\matplotlib\\mpl-data\\fonts\\ttf\\STIXSizFiveSymReg.ttf', name='STIXSizeFiveSym', style='normal', variant='normal', weight=400, stretch='normal', size='scalable')) = 10.05
2025-09-24 17:39:52,930 ; matplotlib.font_manager                                      ; DEBUG   ; findfont: score(FontEntry(fname='c:\\Users\\jablonski\\AppData\\Local\\anaconda3\\Lib\\site-packages\\matplotlib\\mpl-data\\fonts\\ttf\\STIXSizFourSymBol.ttf', name='STIXSizeFourSym', style='normal', variant='normal', weight=700, stretch='normal', size='scalable')) = 10.335
2025-09-24 17:39:52,930 ; matplotlib.font_manager                                      ; DEBUG   ; findfont: score(FontEntry(fname='c:\\Users\\jablonski\\AppData\\Local\\anaconda3\\Lib\\site-packages\\matplotlib\\mpl-data\\fonts\\ttf\\DejaVuSansMono.ttf', name='DejaVu Sans Mono', style='normal', variant='normal', weight=400, stretch='normal', size='scalable')) = 10.05
2025-09-24 17:39:52,930 ; matplotlib.font_manager                                      ; DEBUG   ; findfont: score(FontEntry(fname='c:\\Users\\jablonski\\AppData\\Local\\anaconda3\\Lib\\site-packages\\matplotlib\\mpl-data\\fonts\\ttf\\cmex10.ttf', name='cmex10', style='normal', variant='normal', weight=400, stretch='normal', size='scalable')) = 10.05
2025-09-24 17:39:52,930 ; matplotlib.font_manager                                      ; DEBUG   ; findfont: score(FontEntry(fname='c:\\Users\\jablonski\\AppData\\Local\\anaconda3\\Lib\\site-packages\\matplotlib\\mpl-data\\fonts\\ttf\\STIXSizTwoSymBol.ttf', name='STIXSizeTwoSym', style='normal', variant='normal', weight=700, stretch='normal', size='scalable')) = 10.335
2025-09-24 17:39:52,931 ; matplotlib.font_manager                                      ; DEBUG   ; findfont: score(FontEntry(fname='c:\\Users\\jablonski\\AppData\\Local\\anaconda3\\Lib\\site-packages\\matplotlib\\mpl-data\\fonts\\ttf\\DejaVuSans-Bold.ttf', name='DejaVu Sans', style='normal', variant='normal', weight=700, stretch='normal', size='scalable')) = 0.33499999999999996
2025-09-24 17:39:52,931 ; matplotlib.font_manager                                      ; DEBUG   ; findfont: score(FontEntry(fname='c:\\Users\\jablonski\\AppData\\Local\\anaconda3\\Lib\\site-packages\\matplotlib\\mpl-data\\fonts\\ttf\\DejaVuSerif.ttf', name='DejaVu Serif', style='normal', variant='normal', weight=400, stretch='normal', size='scalable')) = 10.05
2025-09-24 17:39:52,931 ; matplotlib.font_manager                                      ; DEBUG   ; findfont: score(FontEntry(fname='c:\\Users\\jablonski\\AppData\\Local\\anaconda3\\Lib\\site-packages\\matplotlib\\mpl-data\\fonts\\ttf\\STIXNonUniBol.ttf', name='STIXNonUnicode', style='normal', variant='normal', weight=700, stretch='normal', size='scalable')) = 10.335
2025-09-24 17:39:52,931 ; matplotlib.font_manager                                      ; DEBUG   ; findfont: score(FontEntry(fname='c:\\Users\\jablonski\\AppData\\Local\\anaconda3\\Lib\\site-packages\\matplotlib\\mpl-data\\fonts\\ttf\\cmmi10.ttf', name='cmmi10', style='normal', variant='normal', weight=400, stretch='normal', size='scalable')) = 10.05
2025-09-24 17:39:52,932 ; matplotlib.font_manager                                      ; DEBUG   ; findfont: score(FontEntry(fname='c:\\Users\\jablonski\\AppData\\Local\\anaconda3\\Lib\\site-packages\\matplotlib\\mpl-data\\fonts\\ttf\\DejaVuSans-Oblique.ttf', name='DejaVu Sans', style='oblique', variant='normal', weight=400, stretch='normal', size='scalable')) = 1.05
2025-09-24 17:39:52,932 ; matplotlib.font_manager                                      ; DEBUG   ; findfont: score(FontEntry(fname='c:\\Users\\jablonski\\AppData\\Local\\anaconda3\\Lib\\site-packages\\matplotlib\\mpl-data\\fonts\\ttf\\STIXNonUniIta.ttf', name='STIXNonUnicode', style='italic', variant='normal', weight=400, stretch='normal', size='scalable')) = 11.05
2025-09-24 17:39:52,932 ; matplotlib.font_manager                                      ; DEBUG   ; findfont: score(FontEntry(fname='c:\\Users\\jablonski\\AppData\\Local\\anaconda3\\Lib\\site-packages\\matplotlib\\mpl-data\\fonts\\ttf\\STIXNonUniBolIta.ttf', name='STIXNonUnicode', style='italic', variant='normal', weight=700, stretch='normal', size='scalable')) = 11.335
2025-09-24 17:39:52,932 ; matplotlib.font_manager                                      ; DEBUG   ; findfont: score(FontEntry(fname='c:\\Users\\jablonski\\AppData\\Local\\anaconda3\\Lib\\site-packages\\matplotlib\\mpl-data\\fonts\\ttf\\DejaVuSerif-BoldItalic.ttf', name='DejaVu Serif', style='italic', variant='normal', weight=700, stretch='normal', size='scalable')) = 11.335
2025-09-24 17:39:52,932 ; matplotlib.font_manager                                      ; DEBUG   ; findfont: score(FontEntry(fname='c:\\Users\\jablonski\\AppData\\Local\\anaconda3\\Lib\\site-packages\\matplotlib\\mpl-data\\fonts\\ttf\\DejaVuSansMono-Bold.ttf', name='DejaVu Sans Mono', style='normal', variant='normal', weight=700, stretch='normal', size='scalable')) = 10.335
2025-09-24 17:39:52,933 ; matplotlib.font_manager                                      ; DEBUG   ; findfont: score(FontEntry(fname='c:\\Users\\jablonski\\AppData\\Local\\anaconda3\\Lib\\site-packages\\matplotlib\\mpl-data\\fonts\\ttf\\STIXSizFourSymReg.ttf', name='STIXSizeFourSym', style='normal', variant='normal', weight=400, stretch='normal', size='scalable')) = 10.05
2025-09-24 17:39:52,933 ; matplotlib.font_manager                                      ; DEBUG   ; findfont: score(FontEntry(fname='c:\\Users\\jablonski\\AppData\\Local\\anaconda3\\Lib\\site-packages\\matplotlib\\mpl-data\\fonts\\ttf\\cmb10.ttf', name='cmb10', style='normal', variant='normal', weight=400, stretch='normal', size='scalable')) = 10.05
2025-09-24 17:39:52,933 ; matplotlib.font_manager                                      ; DEBUG   ; findfont: score(FontEntry(fname='c:\\Users\\jablonski\\AppData\\Local\\anaconda3\\Lib\\site-packages\\matplotlib\\mpl-data\\fonts\\ttf\\STIXGeneralBol.ttf', name='STIXGeneral', style='normal', variant='normal', weight=700, stretch='normal', size='scalable')) = 10.335
2025-09-24 17:39:52,933 ; matplotlib.font_manager                                      ; DEBUG   ; findfont: score(FontEntry(fname='c:\\Users\\jablonski\\AppData\\Local\\anaconda3\\Lib\\site-packages\\matplotlib\\mpl-data\\fonts\\ttf\\DejaVuSans-BoldOblique.ttf', name='DejaVu Sans', style='oblique', variant='normal', weight=700, stretch='normal', size='scalable')) = 1.335
2025-09-24 17:39:52,934 ; matplotlib.font_manager                                      ; DEBUG   ; findfont: score(FontEntry(fname='c:\\Users\\jablonski\\AppData\\Local\\anaconda3\\Lib\\site-packages\\matplotlib\\mpl-data\\fonts\\ttf\\DejaVuSerif-Bold.ttf', name='DejaVu Serif', style='normal', variant='normal', weight=700, stretch='normal', size='scalable')) = 10.335
2025-09-24 17:39:52,934 ; matplotlib.font_manager                                      ; DEBUG   ; findfont: score(FontEntry(fname='c:\\Users\\jablonski\\AppData\\Local\\anaconda3\\Lib\\site-packages\\matplotlib\\mpl-data\\fonts\\ttf\\DejaVuSerif-Italic.ttf', name='DejaVu Serif', style='italic', variant='normal', weight=400, stretch='normal', size='scalable')) = 11.05
2025-09-24 17:39:52,934 ; matplotlib.font_manager                                      ; DEBUG   ; findfont: score(FontEntry(fname='c:\\Users\\jablonski\\AppData\\Local\\anaconda3\\Lib\\site-packages\\matplotlib\\mpl-data\\fonts\\ttf\\cmss10.ttf', name='cmss10', style='normal', variant='normal', weight=400, stretch='normal', size='scalable')) = 10.05
2025-09-24 17:39:52,934 ; matplotlib.font_manager                                      ; DEBUG   ; findfont: score(FontEntry(fname='c:\\Users\\jablonski\\AppData\\Local\\anaconda3\\Lib\\site-packages\\matplotlib\\mpl-data\\fonts\\ttf\\DejaVuSans.ttf', name='DejaVu Sans', style='normal', variant='normal', weight=400, stretch='normal', size='scalable')) = 0.05
2025-09-24 17:39:52,935 ; matplotlib.font_manager                                      ; DEBUG   ; findfont: score(FontEntry(fname='c:\\Users\\jablonski\\AppData\\Local\\anaconda3\\Lib\\site-packages\\matplotlib\\mpl-data\\fonts\\ttf\\STIXGeneral.ttf', name='STIXGeneral', style='normal', variant='normal', weight=400, stretch='normal', size='scalable')) = 10.05
2025-09-24 17:39:52,935 ; matplotlib.font_manager                                      ; DEBUG   ; findfont: score(FontEntry(fname='c:\\Users\\jablonski\\AppData\\Local\\anaconda3\\Lib\\site-packages\\matplotlib\\mpl-data\\fonts\\ttf\\STIXSizThreeSymBol.ttf', name='STIXSizeThreeSym', style='normal', variant='normal', weight=700, stretch='normal', size='scalable')) = 10.335
2025-09-24 17:39:52,936 ; matplotlib.font_manager                                      ; DEBUG   ; findfont: score(FontEntry(fname='c:\\Users\\jablonski\\AppData\\Local\\anaconda3\\Lib\\site-packages\\matplotlib\\mpl-data\\fonts\\ttf\\cmtt10.ttf', name='cmtt10', style='normal', variant='normal', weight=400, stretch='normal', size='scalable')) = 10.05
2025-09-24 17:39:52,936 ; matplotlib.font_manager                                      ; DEBUG   ; findfont: score(FontEntry(fname='c:\\Users\\jablonski\\AppData\\Local\\anaconda3\\Lib\\site-packages\\matplotlib\\mpl-data\\fonts\\ttf\\DejaVuSansDisplay.ttf', name='DejaVu Sans Display', style='normal', variant='normal', weight=400, stretch='normal', size='scalable')) = 10.05
2025-09-24 17:39:52,936 ; matplotlib.font_manager                                      ; DEBUG   ; findfont: score(FontEntry(fname='c:\\Users\\jablonski\\AppData\\Local\\anaconda3\\Lib\\site-packages\\matplotlib\\mpl-data\\fonts\\ttf\\STIXGeneralItalic.ttf', name='STIXGeneral', style='italic', variant='normal', weight=400, stretch='normal', size='scalable')) = 11.05
2025-09-24 17:39:52,936 ; matplotlib.font_manager                                      ; DEBUG   ; findfont: score(FontEntry(fname='c:\\Users\\jablonski\\AppData\\Local\\anaconda3\\Lib\\site-packages\\matplotlib\\mpl-data\\fonts\\ttf\\STIXSizOneSymReg.ttf', name='STIXSizeOneSym', style='normal', variant='normal', weight=400, stretch='normal', size='scalable')) = 10.05
2025-09-24 17:39:52,936 ; matplotlib.font_manager                                      ; DEBUG   ; findfont: score(FontEntry(fname='c:\\Users\\jablonski\\AppData\\Local\\anaconda3\\Lib\\site-packages\\matplotlib\\mpl-data\\fonts\\ttf\\STIXNonUni.ttf', name='STIXNonUnicode', style='normal', variant='normal', weight=400, stretch='normal', size='scalable')) = 10.05
2025-09-24 17:39:52,937 ; matplotlib.font_manager                                      ; DEBUG   ; findfont: score(FontEntry(fname='c:\\Users\\jablonski\\AppData\\Local\\anaconda3\\Lib\\site-packages\\matplotlib\\mpl-data\\fonts\\ttf\\DejaVuSansMono-BoldOblique.ttf', name='DejaVu Sans Mono', style='oblique', variant='normal', weight=700, stretch='normal', size='scalable')) = 11.335
2025-09-24 17:39:52,937 ; matplotlib.font_manager                                      ; DEBUG   ; findfont: score(FontEntry(fname='c:\\Users\\jablonski\\AppData\\Local\\anaconda3\\Lib\\site-packages\\matplotlib\\mpl-data\\fonts\\ttf\\DejaVuSerifDisplay.ttf', name='DejaVu Serif Display', style='normal', variant='normal', weight=400, stretch='normal', size='scalable')) = 10.05
2025-09-24 17:39:52,937 ; matplotlib.font_manager                                      ; DEBUG   ; findfont: score(FontEntry(fname='C:\\Windows\\Fonts\\SCHLBKB.TTF', name='Century Schoolbook', style='normal', variant='normal', weight=700, stretch='normal', size='scalable')) = 10.335
2025-09-24 17:39:52,938 ; matplotlib.font_manager                                      ; DEBUG   ; findfont: score(FontEntry(fname='C:\\Windows\\Fonts\\segmdl2.ttf', name='Segoe MDL2 Assets', style='normal', variant='normal', weight=400, stretch='normal', size='scalable')) = 10.05
2025-09-24 17:39:52,938 ; matplotlib.font_manager                                      ; DEBUG   ; findfont: score(FontEntry(fname='C:\\Windows\\Fonts\\timesbd.ttf', name='Times New Roman', style='normal', variant='normal', weight=700, stretch='normal', size='scalable')) = 10.335
2025-09-24 17:39:52,938 ; matplotlib.font_manager                                      ; DEBUG   ; findfont: score(FontEntry(fname='C:\\Windows\\Fonts\\dutchbi.ttf', name='Dutch801 Rm BT', style='italic', variant='normal', weight=700, stretch='normal', size='scalable')) = 11.335
2025-09-24 17:39:52,938 ; matplotlib.font_manager                                      ; DEBUG   ; findfont: score(FontEntry(fname='C:\\Windows\\Fonts\\FRSCRIPT.TTF', name='French Script MT', style='normal', variant='normal', weight=400, stretch='normal', size='scalable')) = 10.05
2025-09-24 17:39:52,938 ; matplotlib.font_manager                                      ; DEBUG   ; findfont: score(FontEntry(fname='C:\\Windows\\Fonts\\CALIFR.TTF', name='Californian FB', style='normal', variant='normal', weight=400, stretch='normal', size='scalable')) = 10.05
2025-09-24 17:39:52,938 ; matplotlib.font_manager                                      ; DEBUG   ; findfont: score(FontEntry(fname='C:\\Windows\\Fonts\\swisscki.ttf', name='Swis721 BlkCn BT', style='italic', variant='normal', weight=400, stretch='condensed', size='scalable')) = 11.25
2025-09-24 17:39:52,939 ; matplotlib.font_manager                                      ; DEBUG   ; findfont: score(FontEntry(fname='C:\\Windows\\Fonts\\AMGDT___.ttf', name='AMGDT', style='normal', variant='normal', weight=400, stretch='normal', size='scalable')) = 10.05
2025-09-24 17:39:52,939 ; matplotlib.font_manager                                      ; DEBUG   ; findfont: score(FontEntry(fname='C:\\Windows\\Fonts\\LeelawUI.ttf', name='Leelawadee UI', style='normal', variant='normal', weight=400, stretch='normal', size='scalable')) = 10.05
2025-09-24 17:39:52,939 ; matplotlib.font_manager                                      ; DEBUG   ; findfont: score(FontEntry(fname='C:\\Windows\\Fonts\\BROADW.TTF', name='Broadway', style='normal', variant='normal', weight=400, stretch='normal', size='scalable')) = 10.05
2025-09-24 17:39:52,940 ; matplotlib.font_manager                                      ; DEBUG   ; findfont: score(FontEntry(fname='C:\\Windows\\Fonts\\ARLRDBD.TTF', name='Arial Rounded MT Bold', style='normal', variant='normal', weight=400, stretch='normal', size='scalable')) = 10.05
2025-09-24 17:39:52,940 ; matplotlib.font_manager                                      ; DEBUG   ; findfont: score(FontEntry(fname='C:\\Windows\\Fonts\\segoeuib.ttf', name='Segoe UI', style='normal', variant='normal', weight=700, stretch='normal', size='scalable')) = 10.335
2025-09-24 17:39:52,941 ; matplotlib.font_manager                                      ; DEBUG   ; findfont: score(FontEntry(fname='C:\\Windows\\Fonts\\Candaraz.ttf', name='Candara', style='italic', variant='normal', weight=700, stretch='normal', size='scalable')) = 11.335
2025-09-24 17:39:52,941 ; matplotlib.font_manager                                      ; DEBUG   ; findfont: score(FontEntry(fname='C:\\Windows\\Fonts\\ENGR.TTF', name='Engravers MT', style='normal', variant='normal', weight=500, stretch='normal', size='scalable')) = 10.145
2025-09-24 17:39:52,941 ; matplotlib.font_manager                                      ; DEBUG   ; findfont: score(FontEntry(fname='C:\\Windows\\Fonts\\techl___.ttf', name='TechnicLite', style='normal', variant='normal', weight=400, stretch='normal', size='scalable')) = 10.05
2025-09-24 17:39:52,941 ; matplotlib.font_manager                                      ; DEBUG   ; findfont: score(FontEntry(fname='C:\\Windows\\Fonts\\GIGI.TTF', name='Gigi', style='normal', variant='normal', weight=400, stretch='normal', size='scalable')) = 10.05
2025-09-24 17:39:52,941 ; matplotlib.font_manager                                      ; DEBUG   ; findfont: score(FontEntry(fname='C:\\Windows\\Fonts\\OUTLOOK.TTF', name='MS Outlook', style='normal', variant='normal', weight=400, stretch='normal', size='scalable')) = 10.05
2025-09-24 17:39:52,942 ; matplotlib.font_manager                                      ; DEBUG   ; findfont: score(FontEntry(fname='C:\\Windows\\Fonts\\Artifakt Element Black Italic.ttf', name='Artifakt Element', style='italic', variant='normal', weight=800, stretch='normal', size='scalable')) = 11.43
2025-09-24 17:39:52,942 ; matplotlib.font_manager                                      ; DEBUG   ; findfont: score(FontEntry(fname='C:\\Windows\\Fonts\\consola.ttf', name='Consolas', style='normal', variant='normal', weight=400, stretch='normal', size='scalable')) = 10.05
2025-09-24 17:39:52,943 ; matplotlib.font_manager                                      ; DEBUG   ; findfont: score(FontEntry(fname='C:\\Windows\\Fonts\\YuGothM.ttc', name='Yu Gothic', style='normal', variant='normal', weight=500, stretch='normal', size='scalable')) = 10.145
2025-09-24 17:39:52,943 ; matplotlib.font_manager                                      ; DEBUG   ; findfont: score(FontEntry(fname='C:\\Windows\\Fonts\\umath.ttf', name='UniversalMath1 BT', style='normal', variant='normal', weight=400, stretch='normal', size='scalable')) = 10.05
2025-09-24 17:39:52,943 ; matplotlib.font_manager                                      ; DEBUG   ; findfont: score(FontEntry(fname='C:\\Windows\\Fonts\\GILI____.TTF', name='Gill Sans MT', style='italic', variant='normal', weight=400, stretch='normal', size='scalable')) = 11.05
2025-09-24 17:39:52,943 ; matplotlib.font_manager                                      ; DEBUG   ; findfont: score(FontEntry(fname='C:\\Windows\\Fonts\\LTYPE.TTF', name='Lucida Sans Typewriter', style='normal', variant='normal', weight=400, stretch='normal', size='scalable')) = 10.05
2025-09-24 17:39:52,943 ; matplotlib.font_manager                                      ; DEBUG   ; findfont: score(FontEntry(fname='C:\\Windows\\Fonts\\SegUIVar.ttf', name='Segoe UI Variable', style='normal', variant='normal', weight=400, stretch='normal', size='scalable')) = 10.05
2025-09-24 17:39:52,943 ; matplotlib.font_manager                                      ; DEBUG   ; findfont: score(FontEntry(fname='C:\\Windows\\Fonts\\CALIFI.TTF', name='Californian FB', style='italic', variant='normal', weight=400, stretch='normal', size='scalable')) = 11.05
2025-09-24 17:39:52,943 ; matplotlib.font_manager                                      ; DEBUG   ; findfont: score(FontEntry(fname='C:\\Windows\\Fonts\\cambriaz.ttf', name='Cambria', style='italic', variant='normal', weight=700, stretch='normal', size='scalable')) = 11.335
2025-09-24 17:39:52,943 ; matplotlib.font_manager                                      ; DEBUG   ; findfont: score(FontEntry(fname='C:\\Windows\\Fonts\\Artifakt Element Heavy Italic.ttf', name='Artifakt Element', style='italic', variant='normal', weight=900, stretch='normal', size='scalable')) = 11.525
2025-09-24 17:39:52,943 ; matplotlib.font_manager                                      ; DEBUG   ; findfont: score(FontEntry(fname='C:\\Windows\\Fonts\\SitkaVF.ttf', name='Sitka', style='normal', variant='normal', weight=400, stretch='normal', size='scalable')) = 10.05
2025-09-24 17:39:52,943 ; matplotlib.font_manager                                      ; DEBUG   ; findfont: score(FontEntry(fname='C:\\Windows\\Fonts\\LEELAWDB.TTF', name='Leelawadee', style='normal', variant='normal', weight=700, stretch='normal', size='scalable')) = 10.335
2025-09-24 17:39:52,943 ; matplotlib.font_manager                                      ; DEBUG   ; findfont: score(FontEntry(fname='C:\\Windows\\Fonts\\COOPBL.TTF', name='Cooper Black', style='normal', variant='normal', weight=400, stretch='normal', size='scalable')) = 10.05
2025-09-24 17:39:52,943 ; matplotlib.font_manager                                      ; DEBUG   ; findfont: score(FontEntry(fname='C:\\Windows\\Fonts\\Artifakt Element Medium Italic.ttf', name='Artifakt Element', style='italic', variant='normal', weight=600, stretch='normal', size='scalable')) = 11.24
2025-09-24 17:39:52,943 ; matplotlib.font_manager                                      ; DEBUG   ; findfont: score(FontEntry(fname='C:\\Windows\\Fonts\\segoescb.ttf', name='Segoe Script', style='normal', variant='normal', weight=700, stretch='normal', size='scalable')) = 10.335
2025-09-24 17:39:52,943 ; matplotlib.font_manager                                      ; DEBUG   ; findfont: score(FontEntry(fname='C:\\Windows\\Fonts\\romand__.ttf', name='RomanD', style='normal', variant='normal', weight=400, stretch='normal', size='scalable')) = 10.05
2025-09-24 17:39:52,943 ; matplotlib.font_manager                                      ; DEBUG   ; findfont: score(FontEntry(fname='C:\\Windows\\Fonts\\monbaiti.ttf', name='Mongolian Baiti', style='normal', variant='normal', weight=400, stretch='normal', size='scalable')) = 10.05
2025-09-24 17:39:52,943 ; matplotlib.font_manager                                      ; DEBUG   ; findfont: score(FontEntry(fname='C:\\Windows\\Fonts\\MSUIGHUB.TTF', name='Microsoft Uighur', style='normal', variant='normal', weight=700, stretch='normal', size='scalable')) = 10.335
2025-09-24 17:39:52,943 ; matplotlib.font_manager                                      ; DEBUG   ; findfont: score(FontEntry(fname='C:\\Windows\\Fonts\\msjh.ttc', name='Microsoft JhengHei', style='normal', variant='normal', weight=400, stretch='normal', size='scalable')) = 10.05
2025-09-24 17:39:52,943 ; matplotlib.font_manager                                      ; DEBUG   ; findfont: score(FontEntry(fname='C:\\Windows\\Fonts\\eurro___.ttf', name='EuroRoman', style='oblique', variant='normal', weight=400, stretch='normal', size='scalable')) = 11.05
2025-09-24 17:39:52,943 ; matplotlib.font_manager                                      ; DEBUG   ; findfont: score(FontEntry(fname='C:\\Windows\\Fonts\\isoct2__.ttf', name='ISOCT2', style='normal', variant='normal', weight=400, stretch='normal', size='scalable')) = 10.05
2025-09-24 17:39:52,943 ; matplotlib.font_manager                                      ; DEBUG   ; findfont: score(FontEntry(fname='C:\\Windows\\Fonts\\gothici_.ttf', name='GothicI', style='normal', variant='normal', weight=400, stretch='normal', size='scalable')) = 10.05
2025-09-24 17:39:52,943 ; matplotlib.font_manager                                      ; DEBUG   ; findfont: score(FontEntry(fname='C:\\Windows\\Fonts\\BOOKOS.TTF', name='Bookman Old Style', style='normal', variant='normal', weight=300, stretch='normal', size='scalable')) = 10.145
2025-09-24 17:39:52,943 ; matplotlib.font_manager                                      ; DEBUG   ; findfont: score(FontEntry(fname='C:\\Windows\\Fonts\\phagspa.ttf', name='Microsoft PhagsPa', style='normal', variant='normal', weight=400, stretch='normal', size='scalable')) = 10.05
2025-09-24 17:39:52,943 ; matplotlib.font_manager                                      ; DEBUG   ; findfont: score(FontEntry(fname='C:\\Windows\\Fonts\\bgothl.ttf', name='BankGothic Lt BT', style='normal', variant='normal', weight=400, stretch='normal', size='scalable')) = 10.05
2025-09-24 17:39:52,943 ; matplotlib.font_manager                                      ; DEBUG   ; findfont: score(FontEntry(fname='C:\\Windows\\Fonts\\INFROMAN.TTF', name='Informal Roman', style='normal', variant='normal', weight=400, stretch='normal', size='scalable')) = 10.05
2025-09-24 17:39:52,943 ; matplotlib.font_manager                                      ; DEBUG   ; findfont: score(FontEntry(fname='C:\\Windows\\Fonts\\LTYPEB.TTF', name='Lucida Sans Typewriter', style='normal', variant='normal', weight=600, stretch='normal', size='scalable')) = 10.24
2025-09-24 17:39:52,943 ; matplotlib.font_manager                                      ; DEBUG   ; findfont: score(FontEntry(fname='C:\\Windows\\Fonts\\LFAX.TTF', name='Lucida Fax', style='normal', variant='normal', weight=400, stretch='normal', size='scalable')) = 10.05
2025-09-24 17:39:52,943 ; matplotlib.font_manager                                      ; DEBUG   ; findfont: score(FontEntry(fname='C:\\Windows\\Fonts\\msyh.ttc', name='Microsoft YaHei', style='normal', variant='normal', weight=400, stretch='normal', size='scalable')) = 10.05
2025-09-24 17:39:52,943 ; matplotlib.font_manager                                      ; DEBUG   ; findfont: score(FontEntry(fname='C:\\Windows\\Fonts\\COLONNA.TTF', name='Colonna MT', style='normal', variant='normal', weight=400, stretch='normal', size='scalable')) = 10.05
2025-09-24 17:39:52,943 ; matplotlib.font_manager                                      ; DEBUG   ; findfont: score(FontEntry(fname='C:\\Windows\\Fonts\\BRUSHSCI.TTF', name='Brush Script MT', style='italic', variant='normal', weight=400, stretch='normal', size='scalable')) = 11.05
2025-09-24 17:39:52,943 ; matplotlib.font_manager                                      ; DEBUG   ; findfont: score(FontEntry(fname='C:\\Windows\\Fonts\\swissck.ttf', name='Swis721 BlkCn BT', style='normal', variant='normal', weight=400, stretch='condensed', size='scalable')) = 10.25
2025-09-24 17:39:52,943 ; matplotlib.font_manager                                      ; DEBUG   ; findfont: score(FontEntry(fname='C:\\Windows\\Fonts\\italict_.ttf', name='ItalicT', style='italic', variant='normal', weight=400, stretch='normal', size='scalable')) = 11.05
2025-09-24 17:39:52,943 ; matplotlib.font_manager                                      ; DEBUG   ; findfont: score(FontEntry(fname='C:\\Windows\\Fonts\\CHILLER.TTF', name='Chiller', style='normal', variant='normal', weight=400, stretch='normal', size='scalable')) = 10.05
2025-09-24 17:39:52,943 ; matplotlib.font_manager                                      ; DEBUG   ; findfont: score(FontEntry(fname='C:\\Windows\\Fonts\\Artifakt Element Medium.ttf', name='Artifakt Element', style='normal', variant='normal', weight=600, stretch='normal', size='scalable')) = 10.24
2025-09-24 17:39:52,943 ; matplotlib.font_manager                                      ; DEBUG   ; findfont: score(FontEntry(fname='C:\\Windows\\Fonts\\corbeli.ttf', name='Corbel', style='italic', variant='normal', weight=400, stretch='normal', size='scalable')) = 11.05
2025-09-24 17:39:52,943 ; matplotlib.font_manager                                      ; DEBUG   ; findfont: score(FontEntry(fname='C:\\Windows\\Fonts\\FRAMDCN.TTF', name='Franklin Gothic Medium Cond', style='normal', variant='normal', weight=400, stretch='condensed', size='scalable')) = 10.25
2025-09-24 17:39:52,952 ; matplotlib.font_manager                                      ; DEBUG   ; findfont: score(FontEntry(fname='C:\\Windows\\Fonts\\javatext.ttf', name='Javanese Text', style='normal', variant='normal', weight=400, stretch='normal', size='scalable')) = 10.05
2025-09-24 17:39:52,952 ; matplotlib.font_manager                                      ; DEBUG   ; findfont: score(FontEntry(fname='C:\\Windows\\Fonts\\AMDT_Symbols.ttf', name='AmdtSymbols', style='normal', variant='normal', weight=400, stretch='normal', size='scalable')) = 10.05
2025-09-24 17:39:52,952 ; matplotlib.font_manager                                      ; DEBUG   ; findfont: score(FontEntry(fname='C:\\Windows\\Fonts\\GILBI___.TTF', name='Gill Sans MT', style='italic', variant='normal', weight=700, stretch='normal', size='scalable')) = 11.335
2025-09-24 17:39:52,952 ; matplotlib.font_manager                                      ; DEBUG   ; findfont: score(FontEntry(fname='C:\\Windows\\Fonts\\AcadEref.ttf', name='AcadEref', style='normal', variant='normal', weight=400, stretch='normal', size='scalable')) = 10.05
2025-09-24 17:39:52,952 ; matplotlib.font_manager                                      ; DEBUG   ; findfont: score(FontEntry(fname='C:\\Windows\\Fonts\\seguili.ttf', name='Segoe UI', style='italic', variant='normal', weight=300, stretch='normal', size='scalable')) = 11.145
2025-09-24 17:39:52,953 ; matplotlib.font_manager                                      ; DEBUG   ; findfont: score(FontEntry(fname='C:\\Windows\\Fonts\\Artifakt Element Book.ttf', name='Artifakt Element', style='normal', variant='normal', weight=450, stretch='normal', size='scalable')) = 10.0975
2025-09-24 17:39:52,953 ; matplotlib.font_manager                                      ; DEBUG   ; findfont: score(FontEntry(fname='C:\\Windows\\Fonts\\YuGothL.ttc', name='Yu Gothic', style='normal', variant='normal', weight=300, stretch='normal', size='scalable')) = 10.145
2025-09-24 17:39:52,954 ; matplotlib.font_manager                                      ; DEBUG   ; findfont: score(FontEntry(fname='C:\\Windows\\Fonts\\gdt_____.ttf', name='GDT', style='normal', variant='normal', weight=400, stretch='normal', size='scalable')) = 10.05
2025-09-24 17:39:52,954 ; matplotlib.font_manager                                      ; DEBUG   ; findfont: score(FontEntry(fname='C:\\Windows\\Fonts\\BOD_CR.TTF', name='Bodoni MT', style='normal', variant='normal', weight=400, stretch='condensed', size='scalable')) = 10.25
2025-09-24 17:39:52,954 ; matplotlib.font_manager                                      ; DEBUG   ; findfont: score(FontEntry(fname='C:\\Windows\\Fonts\\MOD20.TTF', name='Modern No. 20', style='normal', variant='normal', weight=400, stretch='normal', size='scalable')) = 10.05
2025-09-24 17:39:52,955 ; matplotlib.font_manager                                      ; DEBUG   ; findfont: score(FontEntry(fname='C:\\Windows\\Fonts\\seguiemj.ttf', name='Segoe UI Emoji', style='normal', variant='normal', weight=400, stretch='normal', size='scalable')) = 10.05
2025-09-24 17:39:52,955 ; matplotlib.font_manager                                      ; DEBUG   ; findfont: score(FontEntry(fname='C:\\Windows\\Fonts\\Candara.ttf', name='Candara', style='normal', variant='normal', weight=400, stretch='normal', size='scalable')) = 10.05
2025-09-24 17:39:52,955 ; matplotlib.font_manager                                      ; DEBUG   ; findfont: score(FontEntry(fname='C:\\Windows\\Fonts\\gothicg_.ttf', name='GothicG', style='normal', variant='normal', weight=400, stretch='normal', size='scalable')) = 10.05
2025-09-24 17:39:52,956 ; matplotlib.font_manager                                      ; DEBUG   ; findfont: score(FontEntry(fname='C:\\Windows\\Fonts\\scriptc_.ttf', name='ScriptC', style='normal', variant='normal', weight=400, stretch='normal', size='scalable')) = 10.05
2025-09-24 17:39:52,956 ; matplotlib.font_manager                                      ; DEBUG   ; findfont: score(FontEntry(fname='C:\\Windows\\Fonts\\BAUHS93.TTF', name='Bauhaus 93', style='normal', variant='normal', weight=400, stretch='normal', size='scalable')) = 10.05
2025-09-24 17:39:52,956 ; matplotlib.font_manager                                      ; DEBUG   ; findfont: score(FontEntry(fname='C:\\Windows\\Fonts\\comsc.ttf', name='CommercialScript BT', style='normal', variant='normal', weight=400, stretch='normal', size='scalable')) = 10.05
2025-09-24 17:39:52,956 ; matplotlib.font_manager                                      ; DEBUG   ; findfont: score(FontEntry(fname='C:\\Windows\\Fonts\\PLAYBILL.TTF', name='Playbill', style='normal', variant='normal', weight=400, stretch='normal', size='scalable')) = 10.05
2025-09-24 17:39:52,957 ; matplotlib.font_manager                                      ; DEBUG   ; findfont: score(FontEntry(fname='C:\\Windows\\Fonts\\gadugi.ttf', name='Gadugi', style='normal', variant='normal', weight=400, stretch='normal', size='scalable')) = 10.05
2025-09-24 17:39:52,957 ; matplotlib.font_manager                                      ; DEBUG   ; findfont: score(FontEntry(fname='C:\\Windows\\Fonts\\sanss___.ttf', name='SansSerif', style='normal', variant='normal', weight=400, stretch='normal', size='scalable')) = 10.05
2025-09-24 17:39:52,958 ; matplotlib.font_manager                                      ; DEBUG   ; findfont: score(FontEntry(fname='C:\\Windows\\Fonts\\mtproxy9.ttf', name='Proxy 9', style='normal', variant='normal', weight=400, stretch='normal', size='scalable')) = 10.05
2025-09-24 17:39:52,958 ; matplotlib.font_manager                                      ; DEBUG   ; findfont: score(FontEntry(fname='C:\\Windows\\Fonts\\phagspab.ttf', name='Microsoft PhagsPa', style='normal', variant='normal', weight=700, stretch='normal', size='scalable')) = 10.335
2025-09-24 17:39:52,958 ; matplotlib.font_manager                                      ; DEBUG   ; findfont: score(FontEntry(fname='C:\\Windows\\Fonts\\TEMPSITC.TTF', name='Tempus Sans ITC', style='normal', variant='normal', weight=400, stretch='normal', size='scalable')) = 10.05
2025-09-24 17:39:52,959 ; matplotlib.font_manager                                      ; DEBUG   ; findfont: score(FontEntry(fname='C:\\Windows\\Fonts\\corbelz.ttf', name='Corbel', style='italic', variant='normal', weight=700, stretch='normal', size='scalable')) = 11.335
2025-09-24 17:39:52,959 ; matplotlib.font_manager                                      ; DEBUG   ; findfont: score(FontEntry(fname='C:\\Windows\\Fonts\\HATTEN.TTF', name='Haettenschweiler', style='normal', variant='normal', weight=400, stretch='normal', size='scalable')) = 10.05
2025-09-24 17:39:52,960 ; matplotlib.font_manager                                      ; DEBUG   ; findfont: score(FontEntry(fname='C:\\Windows\\Fonts\\ELEPHNTI.TTF', name='Elephant', style='italic', variant='normal', weight=400, stretch='normal', size='scalable')) = 11.05
2025-09-24 17:39:52,960 ; matplotlib.font_manager                                      ; DEBUG   ; findfont: score(FontEntry(fname='C:\\Windows\\Fonts\\ERASBD.TTF', name='Eras Bold ITC', style='normal', variant='normal', weight=400, stretch='normal', size='scalable')) = 10.05
2025-09-24 17:39:52,960 ; matplotlib.font_manager                                      ; DEBUG   ; findfont: score(FontEntry(fname='C:\\Windows\\Fonts\\TCCEB.TTF', name='Tw Cen MT Condensed Extra Bold', style='normal', variant='normal', weight=400, stretch='condensed', size='scalable')) = 10.25
2025-09-24 17:39:52,961 ; matplotlib.font_manager                                      ; DEBUG   ; findfont: score(FontEntry(fname='C:\\Windows\\Fonts\\isocpeui.ttf', name='ISOCPEUR', style='italic', variant='normal', weight=400, stretch='normal', size='scalable')) = 11.05
2025-09-24 17:39:52,961 ; matplotlib.font_manager                                      ; DEBUG   ; findfont: score(FontEntry(fname='C:\\Windows\\Fonts\\NIAGENG.TTF', name='Niagara Engraved', style='normal', variant='normal', weight=400, stretch='normal', size='scalable')) = 10.05
2025-09-24 17:39:52,961 ; matplotlib.font_manager                                      ; DEBUG   ; findfont: score(FontEntry(fname='C:\\Windows\\Fonts\\WINGDNG2.TTF', name='Wingdings 2', style='normal', variant='normal', weight=400, stretch='normal', size='scalable')) = 10.05
2025-09-24 17:39:52,962 ; matplotlib.font_manager                                      ; DEBUG   ; findfont: score(FontEntry(fname='C:\\Windows\\Fonts\\monosb.ttf', name='Monospac821 BT', style='normal', variant='normal', weight=700, stretch='normal', size='scalable')) = 10.335
2025-09-24 17:39:52,962 ; matplotlib.font_manager                                      ; DEBUG   ; findfont: score(FontEntry(fname='C:\\Windows\\Fonts\\LSANSI.TTF', name='Lucida Sans', style='italic', variant='normal', weight=400, stretch='normal', size='scalable')) = 11.05
2025-09-24 17:39:52,962 ; matplotlib.font_manager                                      ; DEBUG   ; findfont: score(FontEntry(fname='C:\\Windows\\Fonts\\swissi.ttf', name='Swis721 BT', style='italic', variant='normal', weight=400, stretch='normal', size='scalable')) = 11.05
2025-09-24 17:39:52,963 ; matplotlib.font_manager                                      ; DEBUG   ; findfont: score(FontEntry(fname='C:\\Windows\\Fonts\\Candarai.ttf', name='Candara', style='italic', variant='normal', weight=400, stretch='normal', size='scalable')) = 11.05
2025-09-24 17:39:52,963 ; matplotlib.font_manager                                      ; DEBUG   ; findfont: score(FontEntry(fname='C:\\Windows\\Fonts\\ROCKI.TTF', name='Rockwell', style='italic', variant='normal', weight=400, stretch='normal', size='scalable')) = 11.05
2025-09-24 17:39:52,964 ; matplotlib.font_manager                                      ; DEBUG   ; findfont: score(FontEntry(fname='C:\\Windows\\Fonts\\CASTELAR.TTF', name='Castellar', style='normal', variant='normal', weight=400, stretch='normal', size='scalable')) = 10.05
2025-09-24 17:39:52,964 ; matplotlib.font_manager                                      ; DEBUG   ; findfont: score(FontEntry(fname='C:\\Windows\\Fonts\\WINGDNG3.TTF', name='Wingdings 3', style='normal', variant='normal', weight=400, stretch='normal', size='scalable')) = 10.05
2025-09-24 17:39:52,965 ; matplotlib.font_manager                                      ; DEBUG   ; findfont: score(FontEntry(fname='C:\\Windows\\Fonts\\GILB____.TTF', name='Gill Sans MT', style='normal', variant='normal', weight=700, stretch='normal', size='scalable')) = 10.335
2025-09-24 17:39:52,965 ; matplotlib.font_manager                                      ; DEBUG   ; findfont: score(FontEntry(fname='C:\\Windows\\Fonts\\arialbd.ttf', name='Arial', style='normal', variant='normal', weight=700, stretch='normal', size='scalable')) = 6.698636363636363
2025-09-24 17:39:52,965 ; matplotlib.font_manager                                      ; DEBUG   ; findfont: score(FontEntry(fname='C:\\Windows\\Fonts\\isocp___.ttf', name='ISOCP', style='normal', variant='normal', weight=400, stretch='normal', size='scalable')) = 10.05
2025-09-24 17:39:52,966 ; matplotlib.font_manager                                      ; DEBUG   ; findfont: score(FontEntry(fname='C:\\Windows\\Fonts\\ERASDEMI.TTF', name='Eras Demi ITC', style='normal', variant='normal', weight=400, stretch='normal', size='scalable')) = 10.05
2025-09-24 17:39:52,966 ; matplotlib.font_manager                                      ; DEBUG   ; findfont: score(FontEntry(fname='C:\\Windows\\Fonts\\LeelUIsl.ttf', name='Leelawadee UI', style='normal', variant='normal', weight=350, stretch='normal', size='scalable')) = 10.0975
2025-09-24 17:39:52,967 ; matplotlib.font_manager                                      ; DEBUG   ; findfont: score(FontEntry(fname='C:\\Windows\\Fonts\\Gabriola.ttf', name='Gabriola', style='normal', variant='normal', weight=400, stretch='normal', size='scalable')) = 10.05
2025-09-24 17:39:52,967 ; matplotlib.font_manager                                      ; DEBUG   ; findfont: score(FontEntry(fname='C:\\Windows\\Fonts\\mtproxy7.ttf', name='Proxy 7', style='normal', variant='normal', weight=400, stretch='normal', size='scalable')) = 10.05
2025-09-24 17:39:52,967 ; matplotlib.font_manager                                      ; DEBUG   ; findfont: score(FontEntry(fname='C:\\Windows\\Fonts\\ANTQUAI.TTF', name='Book Antiqua', style='italic', variant='normal', weight=400, stretch='normal', size='scalable')) = 11.05
2025-09-24 17:39:52,967 ; matplotlib.font_manager                                      ; DEBUG   ; findfont: score(FontEntry(fname='C:\\Windows\\Fonts\\comicz.ttf', name='Comic Sans MS', style='italic', variant='normal', weight=700, stretch='normal', size='scalable')) = 11.335
2025-09-24 17:39:52,968 ; matplotlib.font_manager                                      ; DEBUG   ; findfont: score(FontEntry(fname='C:\\Windows\\Fonts\\CALISTBI.TTF', name='Calisto MT', style='italic', variant='normal', weight=700, stretch='normal', size='scalable')) = 11.335
2025-09-24 17:39:52,968 ; matplotlib.font_manager                                      ; DEBUG   ; findfont: score(FontEntry(fname='C:\\Windows\\Fonts\\dutchb.ttf', name='Dutch801 Rm BT', style='normal', variant='normal', weight=700, stretch='normal', size='scalable')) = 10.335
2025-09-24 17:39:52,968 ; matplotlib.font_manager                                      ; DEBUG   ; findfont: score(FontEntry(fname='C:\\Windows\\Fonts\\comici.ttf', name='Comic Sans MS', style='italic', variant='normal', weight=400, stretch='normal', size='scalable')) = 11.05
2025-09-24 17:39:52,968 ; matplotlib.font_manager                                      ; DEBUG   ; findfont: score(FontEntry(fname='C:\\Windows\\Fonts\\CENSCBK.TTF', name='Century Schoolbook', style='normal', variant='normal', weight=400, stretch='normal', size='scalable')) = 10.05
2025-09-24 17:39:52,970 ; matplotlib.font_manager                                      ; DEBUG   ; findfont: score(FontEntry(fname='C:\\Windows\\Fonts\\ebrima.ttf', name='Ebrima', style='normal', variant='normal', weight=400, stretch='normal', size='scalable')) = 10.05
2025-09-24 17:39:52,970 ; matplotlib.font_manager                                      ; DEBUG   ; findfont: score(FontEntry(fname='C:\\Windows\\Fonts\\BSSYM7.TTF', name='Bookshelf Symbol 7', style='normal', variant='normal', weight=400, stretch='normal', size='scalable')) = 10.05
2025-09-24 17:39:52,971 ; matplotlib.font_manager                                      ; DEBUG   ; findfont: score(FontEntry(fname='C:\\Windows\\Fonts\\PERTIBD.TTF', name='Perpetua Titling MT', style='normal', variant='normal', weight=700, stretch='normal', size='scalable')) = 10.335
2025-09-24 17:39:52,971 ; matplotlib.font_manager                                      ; DEBUG   ; findfont: score(FontEntry(fname='C:\\Windows\\Fonts\\RAVIE.TTF', name='Ravie', style='normal', variant='normal', weight=400, stretch='normal', size='scalable')) = 10.05
2025-09-24 17:39:52,971 ; matplotlib.font_manager                                      ; DEBUG   ; findfont: score(FontEntry(fname='C:\\Windows\\Fonts\\vinet.ttf', name='Vineta BT', style='normal', variant='normal', weight=400, stretch='normal', size='scalable')) = 10.05
2025-09-24 17:39:52,972 ; matplotlib.font_manager                                      ; DEBUG   ; findfont: score(FontEntry(fname='C:\\Windows\\Fonts\\palab.ttf', name='Palatino Linotype', style='normal', variant='normal', weight=700, stretch='normal', size='scalable')) = 10.335
2025-09-24 17:39:52,972 ; matplotlib.font_manager                                      ; DEBUG   ; findfont: score(FontEntry(fname='C:\\Windows\\Fonts\\GILC____.TTF', name='Gill Sans MT Condensed', style='normal', variant='normal', weight=400, stretch='condensed', size='scalable')) = 10.25
2025-09-24 17:39:52,972 ; matplotlib.font_manager                                      ; DEBUG   ; findfont: score(FontEntry(fname='C:\\Windows\\Fonts\\OLDENGL.TTF', name='Old English Text MT', style='normal', variant='normal', weight=400, stretch='normal', size='scalable')) = 10.05
2025-09-24 17:39:52,972 ; matplotlib.font_manager                                      ; DEBUG   ; findfont: score(FontEntry(fname='C:\\Windows\\Fonts\\swissb.ttf', name='Swis721 BT', style='normal', variant='normal', weight=700, stretch='normal', size='scalable')) = 10.335
2025-09-24 17:39:52,973 ; matplotlib.font_manager                                      ; DEBUG   ; findfont: score(FontEntry(fname='C:\\Windows\\Fonts\\SHOWG.TTF', name='Showcard Gothic', style='normal', variant='normal', weight=400, stretch='normal', size='scalable')) = 10.05
2025-09-24 17:39:52,973 ; matplotlib.font_manager                                      ; DEBUG   ; findfont: score(FontEntry(fname='C:\\Windows\\Fonts\\txt_____.ttf', name='Txt', style='normal', variant='normal', weight=400, stretch='normal', size='scalable')) = 10.05
2025-09-24 17:39:52,974 ; matplotlib.font_manager                                      ; DEBUG   ; findfont: score(FontEntry(fname='C:\\Windows\\Fonts\\himalaya.ttf', name='Microsoft Himalaya', style='normal', variant='normal', weight=400, stretch='normal', size='scalable')) = 10.05
2025-09-24 17:39:52,974 ; matplotlib.font_manager                                      ; DEBUG   ; findfont: score(FontEntry(fname='C:\\Windows\\Fonts\\technic_.ttf', name='Technic', style='normal', variant='normal', weight=400, stretch='normal', size='scalable')) = 10.05
2025-09-24 17:39:52,975 ; matplotlib.font_manager                                      ; DEBUG   ; findfont: score(FontEntry(fname='C:\\Windows\\Fonts\\ROCKEB.TTF', name='Rockwell Extra Bold', style='normal', variant='normal', weight=800, stretch='normal', size='scalable')) = 10.43
2025-09-24 17:39:52,975 ; matplotlib.font_manager                                      ; DEBUG   ; findfont: score(FontEntry(fname='C:\\Windows\\Fonts\\LFAXDI.TTF', name='Lucida Fax', style='italic', variant='normal', weight=600, stretch='normal', size='scalable')) = 11.24
2025-09-24 17:39:52,976 ; matplotlib.font_manager                                      ; DEBUG   ; findfont: score(FontEntry(fname='C:\\Windows\\Fonts\\segoeui.ttf', name='Segoe UI', style='normal', variant='normal', weight=400, stretch='normal', size='scalable')) = 10.05
2025-09-24 17:39:52,976 ; matplotlib.font_manager                                      ; DEBUG   ; findfont: score(FontEntry(fname='C:\\Windows\\Fonts\\TCCM____.TTF', name='Tw Cen MT Condensed', style='normal', variant='normal', weight=400, stretch='condensed', size='scalable')) = 10.25
2025-09-24 17:39:52,977 ; matplotlib.font_manager                                      ; DEBUG   ; findfont: score(FontEntry(fname='C:\\Windows\\Fonts\\DUBAI-MEDIUM.TTF', name='Dubai', style='normal', variant='normal', weight=500, stretch='normal', size='scalable')) = 10.145
2025-09-24 17:39:52,977 ; matplotlib.font_manager                                      ; DEBUG   ; findfont: score(FontEntry(fname='C:\\Windows\\Fonts\\symap___.ttf', name='Symap', style='normal', variant='normal', weight=400, stretch='normal', size='scalable')) = 10.05
2025-09-24 17:39:52,977 ; matplotlib.font_manager                                      ; DEBUG   ; findfont: score(FontEntry(fname='C:\\Windows\\Fonts\\GOUDOSB.TTF', name='Goudy Old Style', style='normal', variant='normal', weight=700, stretch='normal', size='scalable')) = 10.335
2025-09-24 17:39:52,978 ; matplotlib.font_manager                                      ; DEBUG   ; findfont: score(FontEntry(fname='C:\\Windows\\Fonts\\couri.ttf', name='Courier New', style='italic', variant='normal', weight=400, stretch='normal', size='scalable')) = 11.05
2025-09-24 17:39:52,978 ; matplotlib.font_manager                                      ; DEBUG   ; findfont: score(FontEntry(fname='C:\\Windows\\Fonts\\taile.ttf', name='Microsoft Tai Le', style='normal', variant='normal', weight=400, stretch='normal', size='scalable')) = 10.05
2025-09-24 17:39:52,979 ; matplotlib.font_manager                                      ; DEBUG   ; findfont: score(FontEntry(fname='C:\\Windows\\Fonts\\PERBI___.TTF', name='Perpetua', style='italic', variant='normal', weight=700, stretch='normal', size='scalable')) = 11.335
2025-09-24 17:39:52,979 ; matplotlib.font_manager                                      ; DEBUG   ; findfont: score(FontEntry(fname='C:\\Windows\\Fonts\\ELEPHNT.TTF', name='Elephant', style='normal', variant='normal', weight=400, stretch='normal', size='scalable')) = 10.05
2025-09-24 17:39:52,980 ; matplotlib.font_manager                                      ; DEBUG   ; findfont: score(FontEntry(fname='C:\\Windows\\Fonts\\FRABK.TTF', name='Franklin Gothic Book', style='normal', variant='normal', weight=400, stretch='normal', size='scalable')) = 10.05
2025-09-24 17:39:52,980 ; matplotlib.font_manager                                      ; DEBUG   ; findfont: score(FontEntry(fname='C:\\Windows\\Fonts\\ariali.ttf', name='Arial', style='italic', variant='normal', weight=400, stretch='normal', size='scalable')) = 7.413636363636363
2025-09-24 17:39:52,980 ; matplotlib.font_manager                                      ; DEBUG   ; findfont: score(FontEntry(fname='C:\\Windows\\Fonts\\swissk.ttf', name='Swis721 Blk BT', style='normal', variant='normal', weight=400, stretch='normal', size='scalable')) = 10.05
2025-09-24 17:39:52,980 ; matplotlib.font_manager                                      ; DEBUG   ; findfont: score(FontEntry(fname='C:\\Windows\\Fonts\\ALGER.TTF', name='Algerian', style='normal', variant='normal', weight=400, stretch='normal', size='scalable')) = 10.05
2025-09-24 17:39:52,981 ; matplotlib.font_manager                                      ; DEBUG   ; findfont: score(FontEntry(fname='C:\\Windows\\Fonts\\JOKERMAN.TTF', name='Jokerman', style='normal', variant='normal', weight=400, stretch='normal', size='scalable')) = 10.05
2025-09-24 17:39:52,981 ; matplotlib.font_manager                                      ; DEBUG   ; findfont: score(FontEntry(fname='C:\\Windows\\Fonts\\bgothm.ttf', name='BankGothic Md BT', style='normal', variant='normal', weight=400, stretch='normal', size='scalable')) = 10.05
2025-09-24 17:39:52,981 ; matplotlib.font_manager                                      ; DEBUG   ; findfont: score(FontEntry(fname='C:\\Windows\\Fonts\\LEELAWAD.TTF', name='Leelawadee', style='normal', variant='normal', weight=400, stretch='normal', size='scalable')) = 10.05
2025-09-24 17:39:52,982 ; matplotlib.font_manager                                      ; DEBUG   ; findfont: score(FontEntry(fname='C:\\Windows\\Fonts\\monosi.ttf', name='Monospac821 BT', style='italic', variant='normal', weight=400, stretch='normal', size='scalable')) = 11.05
2025-09-24 17:39:52,982 ; matplotlib.font_manager                                      ; DEBUG   ; findfont: score(FontEntry(fname='C:\\Windows\\Fonts\\trebucbd.ttf', name='Trebuchet MS', style='normal', variant='normal', weight=700, stretch='normal', size='scalable')) = 10.335
2025-09-24 17:39:52,982 ; matplotlib.font_manager                                      ; DEBUG   ; findfont: score(FontEntry(fname='C:\\Windows\\Fonts\\SCRIPTBL.TTF', name='Script MT Bold', style='normal', variant='normal', weight=700, stretch='normal', size='scalable')) = 10.335
2025-09-24 17:39:52,983 ; matplotlib.font_manager                                      ; DEBUG   ; findfont: score(FontEntry(fname='C:\\Windows\\Fonts\\FRABKIT.TTF', name='Franklin Gothic Book', style='italic', variant='normal', weight=400, stretch='normal', size='scalable')) = 11.05
2025-09-24 17:39:52,983 ; matplotlib.font_manager                                      ; DEBUG   ; findfont: score(FontEntry(fname='C:\\Windows\\Fonts\\GARABD.TTF', name='Garamond', style='normal', variant='normal', weight=700, stretch='normal', size='scalable')) = 10.335
2025-09-24 17:39:52,984 ; matplotlib.font_manager                                      ; DEBUG   ; findfont: score(FontEntry(fname='C:\\Windows\\Fonts\\simfang.ttf', name='FangSong', style='normal', variant='normal', weight=400, stretch='normal', size='scalable')) = 10.05
2025-09-24 17:39:52,984 ; matplotlib.font_manager                                      ; DEBUG   ; findfont: score(FontEntry(fname='C:\\Windows\\Fonts\\romanc__.ttf', name='RomanC', style='normal', variant='normal', weight=400, stretch='normal', size='scalable')) = 10.05
2025-09-24 17:39:52,984 ; matplotlib.font_manager                                      ; DEBUG   ; findfont: score(FontEntry(fname='C:\\Windows\\Fonts\\MISTRAL.TTF', name='Mistral', style='normal', variant='normal', weight=400, stretch='normal', size='scalable')) = 10.05
2025-09-24 17:39:52,985 ; matplotlib.font_manager                                      ; DEBUG   ; findfont: score(FontEntry(fname='C:\\Windows\\Fonts\\AGENCYB.TTF', name='Agency FB', style='normal', variant='normal', weight=700, stretch='normal', size='scalable')) = 10.335
2025-09-24 17:39:52,986 ; matplotlib.font_manager                                      ; DEBUG   ; findfont: score(FontEntry(fname='C:\\Windows\\Fonts\\GOUDOS.TTF', name='Goudy Old Style', style='normal', variant='normal', weight=400, stretch='normal', size='scalable')) = 10.05
2025-09-24 17:39:52,986 ; matplotlib.font_manager                                      ; DEBUG   ; findfont: score(FontEntry(fname='C:\\Windows\\Fonts\\calibrili.ttf', name='Calibri', style='italic', variant='normal', weight=300, stretch='normal', size='scalable')) = 11.145
2025-09-24 17:39:52,986 ; matplotlib.font_manager                                      ; DEBUG   ; findfont: score(FontEntry(fname='C:\\Windows\\Fonts\\simsun.ttc', name='SimSun', style='normal', variant='normal', weight=400, stretch='normal', size='scalable')) = 10.05
2025-09-24 17:39:52,987 ; matplotlib.font_manager                                      ; DEBUG   ; findfont: score(FontEntry(fname='C:\\Windows\\Fonts\\constani.ttf', name='Constantia', style='italic', variant='normal', weight=400, stretch='normal', size='scalable')) = 11.05
2025-09-24 17:39:52,987 ; matplotlib.font_manager                                      ; DEBUG   ; findfont: score(FontEntry(fname='C:\\Windows\\Fonts\\swissbi.ttf', name='Swis721 BT', style='italic', variant='normal', weight=700, stretch='normal', size='scalable')) = 11.335
2025-09-24 17:39:52,987 ; matplotlib.font_manager                                      ; DEBUG   ; findfont: score(FontEntry(fname='C:\\Windows\\Fonts\\BKANT.TTF', name='Book Antiqua', style='normal', variant='normal', weight=400, stretch='normal', size='scalable')) = 10.05
2025-09-24 17:39:52,987 ; matplotlib.font_manager                                      ; DEBUG   ; findfont: score(FontEntry(fname='C:\\Windows\\Fonts\\VLADIMIR.TTF', name='Vladimir Script', style='normal', variant='normal', weight=400, stretch='normal', size='scalable')) = 10.05
2025-09-24 17:39:52,987 ; matplotlib.font_manager                                      ; DEBUG   ; findfont: score(FontEntry(fname='C:\\Windows\\Fonts\\greekc__.ttf', name='GreekC', style='normal', variant='normal', weight=400, stretch='normal', size='scalable')) = 10.05
2025-09-24 17:39:52,988 ; matplotlib.font_manager                                      ; DEBUG   ; findfont: score(FontEntry(fname='C:\\Windows\\Fonts\\romans__.ttf', name='RomanS', style='normal', variant='normal', weight=400, stretch='normal', size='scalable')) = 10.05
2025-09-24 17:39:52,988 ; matplotlib.font_manager                                      ; DEBUG   ; findfont: score(FontEntry(fname='C:\\Windows\\Fonts\\ITCEDSCR.TTF', name='Edwardian Script ITC', style='normal', variant='normal', weight=400, stretch='normal', size='scalable')) = 10.05
2025-09-24 17:39:52,988 ; matplotlib.font_manager                                      ; DEBUG   ; findfont: score(FontEntry(fname='C:\\Windows\\Fonts\\DUBAI-REGULAR.TTF', name='Dubai', style='normal', variant='normal', weight=400, stretch='normal', size='scalable')) = 10.05
2025-09-24 17:39:52,988 ; matplotlib.font_manager                                      ; DEBUG   ; findfont: score(FontEntry(fname='C:\\Windows\\Fonts\\swiss.ttf', name='Swis721 BT', style='normal', variant='normal', weight=400, stretch='normal', size='scalable')) = 10.05
2025-09-24 17:39:52,989 ; matplotlib.font_manager                                      ; DEBUG   ; findfont: score(FontEntry(fname='C:\\Windows\\Fonts\\arial.ttf', name='Arial', style='normal', variant='normal', weight=400, stretch='normal', size='scalable')) = 6.413636363636363
2025-09-24 17:39:52,989 ; matplotlib.font_manager                                      ; DEBUG   ; findfont: score(FontEntry(fname='C:\\Windows\\Fonts\\verdanai.ttf', name='Verdana', style='italic', variant='normal', weight=400, stretch='normal', size='scalable')) = 4.6863636363636365
2025-09-24 17:39:52,989 ; matplotlib.font_manager                                      ; DEBUG   ; findfont: score(FontEntry(fname='C:\\Windows\\Fonts\\msyi.ttf', name='Microsoft Yi Baiti', style='normal', variant='normal', weight=400, stretch='normal', size='scalable')) = 10.05
2025-09-24 17:39:52,989 ; matplotlib.font_manager                                      ; DEBUG   ; findfont: score(FontEntry(fname='C:\\Windows\\Fonts\\SegoeIcons.ttf', name='Segoe Fluent Icons', style='normal', variant='normal', weight=400, stretch='normal', size='scalable')) = 10.05
2025-09-24 17:39:52,990 ; matplotlib.font_manager                                      ; DEBUG   ; findfont: score(FontEntry(fname='C:\\Windows\\Fonts\\COPRGTB.TTF', name='Copperplate Gothic Bold', style='normal', variant='normal', weight=400, stretch='normal', size='scalable')) = 10.05
2025-09-24 17:39:52,990 ; matplotlib.font_manager                                      ; DEBUG   ; findfont: score(FontEntry(fname='C:\\Windows\\Fonts\\BOD_CB.TTF', name='Bodoni MT', style='normal', variant='normal', weight=700, stretch='condensed', size='scalable')) = 10.535
2025-09-24 17:39:52,990 ; matplotlib.font_manager                                      ; DEBUG   ; findfont: score(FontEntry(fname='C:\\Windows\\Fonts\\trebucit.ttf', name='Trebuchet MS', style='italic', variant='normal', weight=400, stretch='normal', size='scalable')) = 11.05
2025-09-24 17:39:52,991 ; matplotlib.font_manager                                      ; DEBUG   ; findfont: score(FontEntry(fname='C:\\Windows\\Fonts\\FRADM.TTF', name='Franklin Gothic Demi', style='normal', variant='normal', weight=400, stretch='normal', size='scalable')) = 10.05
2025-09-24 17:39:52,991 ; matplotlib.font_manager                                      ; DEBUG   ; findfont: score(FontEntry(fname='C:\\Windows\\Fonts\\compi.ttf', name='CommercialPi BT', style='normal', variant='normal', weight=400, stretch='normal', size='scalable')) = 10.05
2025-09-24 17:39:52,991 ; matplotlib.font_manager                                      ; DEBUG   ; findfont: score(FontEntry(fname='C:\\Windows\\Fonts\\dutchi.ttf', name='Dutch801 Rm BT', style='italic', variant='normal', weight=400, stretch='normal', size='scalable')) = 11.05
2025-09-24 17:39:52,992 ; matplotlib.font_manager                                      ; DEBUG   ; findfont: score(FontEntry(fname='C:\\Windows\\Fonts\\MTCORSVA.TTF', name='Monotype Corsiva', style='normal', variant='normal', weight=400, stretch='normal', size='scalable')) = 10.05
2025-09-24 17:39:52,992 ; matplotlib.font_manager                                      ; DEBUG   ; findfont: score(FontEntry(fname='C:\\Windows\\Fonts\\mmrtext.ttf', name='Myanmar Text', style='normal', variant='normal', weight=400, stretch='normal', size='scalable')) = 10.05
2025-09-24 17:39:52,992 ; matplotlib.font_manager                                      ; DEBUG   ; findfont: score(FontEntry(fname='C:\\Windows\\Fonts\\Artifakt Element LIght.ttf', name='Artifakt Element', style='normal', variant='normal', weight=300, stretch='normal', size='scalable')) = 10.145
2025-09-24 17:39:52,992 ; matplotlib.font_manager                                      ; DEBUG   ; findfont: score(FontEntry(fname='C:\\Windows\\Fonts\\BRLNSDB.TTF', name='Berlin Sans FB Demi', style='normal', variant='normal', weight=700, stretch='normal', size='scalable')) = 10.335
2025-09-24 17:39:52,993 ; matplotlib.font_manager                                      ; DEBUG   ; findfont: score(FontEntry(fname='C:\\Windows\\Fonts\\TCCB____.TTF', name='Tw Cen MT Condensed', style='normal', variant='normal', weight=700, stretch='condensed', size='scalable')) = 10.535
2025-09-24 17:39:52,993 ; matplotlib.font_manager                                      ; DEBUG   ; findfont: score(FontEntry(fname='C:\\Windows\\Fonts\\POORICH.TTF', name='Poor Richard', style='normal', variant='normal', weight=400, stretch='normal', size='scalable')) = 10.05
2025-09-24 17:39:52,993 ; matplotlib.font_manager                                      ; DEBUG   ; findfont: score(FontEntry(fname='C:\\Windows\\Fonts\\Artifakt Element Hair Italic.ttf', name='Artifakt Element', style='italic', variant='normal', weight=100, stretch='normal', size='scalable')) = 11.335
2025-09-24 17:39:52,993 ; matplotlib.font_manager                                      ; DEBUG   ; findfont: score(FontEntry(fname='C:\\Windows\\Fonts\\verdanab.ttf', name='Verdana', style='normal', variant='normal', weight=700, stretch='normal', size='scalable')) = 3.9713636363636367
2025-09-24 17:39:52,995 ; matplotlib.font_manager                                      ; DEBUG   ; findfont: score(FontEntry(fname='C:\\Windows\\Fonts\\wingding.ttf', name='Wingdings', style='normal', variant='normal', weight=400, stretch='normal', size='scalable')) = 10.05
2025-09-24 17:39:52,995 ; matplotlib.font_manager                                      ; DEBUG   ; findfont: score(FontEntry(fname='C:\\Windows\\Fonts\\verdana.ttf', name='Verdana', style='normal', variant='normal', weight=400, stretch='normal', size='scalable')) = 3.6863636363636365
2025-09-24 17:39:52,995 ; matplotlib.font_manager                                      ; DEBUG   ; findfont: score(FontEntry(fname='C:\\Windows\\Fonts\\LFAXI.TTF', name='Lucida Fax', style='italic', variant='normal', weight=400, stretch='normal', size='scalable')) = 11.05
2025-09-24 17:39:52,995 ; matplotlib.font_manager                                      ; DEBUG   ; findfont: score(FontEntry(fname='C:\\Windows\\Fonts\\ariblk.ttf', name='Arial', style='normal', variant='normal', weight=900, stretch='normal', size='scalable')) = 6.888636363636364
2025-09-24 17:39:52,995 ; matplotlib.font_manager                                      ; DEBUG   ; findfont: score(FontEntry(fname='C:\\Windows\\Fonts\\VINERITC.TTF', name='Viner Hand ITC', style='normal', variant='normal', weight=400, stretch='normal', size='scalable')) = 10.05
2025-09-24 17:39:52,995 ; matplotlib.font_manager                                      ; DEBUG   ; findfont: score(FontEntry(fname='C:\\Windows\\Fonts\\italic__.ttf', name='Italic', style='italic', variant='normal', weight=400, stretch='normal', size='scalable')) = 11.05
2025-09-24 17:39:52,995 ; matplotlib.font_manager                                      ; DEBUG   ; findfont: score(FontEntry(fname='C:\\Windows\\Fonts\\FREESCPT.TTF', name='Freestyle Script', style='normal', variant='normal', weight=400, stretch='normal', size='scalable')) = 10.05
2025-09-24 17:39:52,995 ; matplotlib.font_manager                                      ; DEBUG   ; findfont: score(FontEntry(fname='C:\\Windows\\Fonts\\ARIALN.TTF', name='Arial', style='normal', variant='normal', weight=400, stretch='condensed', size='scalable')) = 6.613636363636363
2025-09-24 17:39:52,995 ; matplotlib.font_manager                                      ; DEBUG   ; findfont: score(FontEntry(fname='C:\\Windows\\Fonts\\sylfaen.ttf', name='Sylfaen', style='normal', variant='normal', weight=400, stretch='normal', size='scalable')) = 10.05
2025-09-24 17:39:52,995 ; matplotlib.font_manager                                      ; DEBUG   ; findfont: score(FontEntry(fname='C:\\Windows\\Fonts\\corbell.ttf', name='Corbel', style='normal', variant='normal', weight=300, stretch='normal', size='scalable')) = 10.145
2025-09-24 17:39:52,995 ; matplotlib.font_manager                                      ; DEBUG   ; findfont: score(FontEntry(fname='C:\\Windows\\Fonts\\GARA.TTF', name='Garamond', style='normal', variant='normal', weight=400, stretch='normal', size='scalable')) = 10.05
2025-09-24 17:39:52,995 ; matplotlib.font_manager                                      ; DEBUG   ; findfont: score(FontEntry(fname='C:\\Windows\\Fonts\\NirmalaB.ttf', name='Nirmala UI', style='normal', variant='normal', weight=700, stretch='normal', size='scalable')) = 10.335
2025-09-24 17:39:52,995 ; matplotlib.font_manager                                      ; DEBUG   ; findfont: score(FontEntry(fname='C:\\Windows\\Fonts\\HTOWERTI.TTF', name='High Tower Text', style='italic', variant='normal', weight=400, stretch='normal', size='scalable')) = 11.05
2025-09-24 17:39:52,995 ; matplotlib.font_manager                                      ; DEBUG   ; findfont: score(FontEntry(fname='C:\\Windows\\Fonts\\FORTE.TTF', name='Forte', style='normal', variant='normal', weight=400, stretch='normal', size='scalable')) = 10.05
2025-09-24 17:39:52,995 ; matplotlib.font_manager                                      ; DEBUG   ; findfont: score(FontEntry(fname='C:\\Windows\\Fonts\\YuGothB.ttc', name='Yu Gothic', style='normal', variant='normal', weight=700, stretch='normal', size='scalable')) = 10.335
2025-09-24 17:39:52,995 ; matplotlib.font_manager                                      ; DEBUG   ; findfont: score(FontEntry(fname='C:\\Windows\\Fonts\\SitkaVF-Italic.ttf', name='Sitka', style='italic', variant='normal', weight=400, stretch='normal', size='scalable')) = 11.05
2025-09-24 17:39:52,995 ; matplotlib.font_manager                                      ; DEBUG   ; findfont: score(FontEntry(fname='C:\\Windows\\Fonts\\FRADMCN.TTF', name='Franklin Gothic Demi Cond', style='normal', variant='normal', weight=400, stretch='condensed', size='scalable')) = 10.25
2025-09-24 17:39:52,995 ; matplotlib.font_manager                                      ; DEBUG   ; findfont: score(FontEntry(fname='C:\\Windows\\Fonts\\tahoma.ttf', name='Tahoma', style='normal', variant='normal', weight=400, stretch='normal', size='scalable')) = 10.05
2025-09-24 17:39:52,999 ; matplotlib.font_manager                                      ; DEBUG   ; findfont: score(FontEntry(fname='C:\\Windows\\Fonts\\ARIALNBI.TTF', name='Arial', style='italic', variant='normal', weight=700, stretch='condensed', size='scalable')) = 7.8986363636363635
2025-09-24 17:39:52,999 ; matplotlib.font_manager                                      ; DEBUG   ; findfont: score(FontEntry(fname='C:\\Windows\\Fonts\\MATURASC.TTF', name='Matura MT Script Capitals', style='normal', variant='normal', weight=400, stretch='normal', size='scalable')) = 10.05
2025-09-24 17:39:53,000 ; matplotlib.font_manager                                      ; DEBUG   ; findfont: score(FontEntry(fname='C:\\Windows\\Fonts\\BRLNSR.TTF', name='Berlin Sans FB', style='normal', variant='normal', weight=400, stretch='normal', size='scalable')) = 10.05
2025-09-24 17:39:53,000 ; matplotlib.font_manager                                      ; DEBUG   ; findfont: score(FontEntry(fname='C:\\Windows\\Fonts\\LSANSDI.TTF', name='Lucida Sans', style='italic', variant='normal', weight=600, stretch='normal', size='scalable')) = 11.24
2025-09-24 17:39:53,000 ; matplotlib.font_manager                                      ; DEBUG   ; findfont: score(FontEntry(fname='C:\\Windows\\Fonts\\l_10646.ttf', name='Lucida Sans Unicode', style='normal', variant='normal', weight=400, stretch='normal', size='scalable')) = 10.05
2025-09-24 17:39:53,000 ; matplotlib.font_manager                                      ; DEBUG   ; findfont: score(FontEntry(fname='C:\\Windows\\Fonts\\sansso__.ttf', name='SansSerif', style='oblique', variant='normal', weight=400, stretch='normal', size='scalable')) = 11.05
2025-09-24 17:39:53,000 ; matplotlib.font_manager                                      ; DEBUG   ; findfont: score(FontEntry(fname='C:\\Windows\\Fonts\\BOD_CBI.TTF', name='Bodoni MT', style='italic', variant='normal', weight=700, stretch='condensed', size='scalable')) = 11.535
2025-09-24 17:39:53,000 ; matplotlib.font_manager                                      ; DEBUG   ; findfont: score(FontEntry(fname='C:\\Windows\\Fonts\\simkai.ttf', name='KaiTi', style='normal', variant='normal', weight=400, stretch='normal', size='scalable')) = 10.05
2025-09-24 17:39:53,002 ; matplotlib.font_manager                                      ; DEBUG   ; findfont: score(FontEntry(fname='C:\\Windows\\Fonts\\LBRITEI.TTF', name='Lucida Bright', style='italic', variant='normal', weight=400, stretch='normal', size='scalable')) = 11.05
2025-09-24 17:39:53,002 ; matplotlib.font_manager                                      ; DEBUG   ; findfont: score(FontEntry(fname='C:\\Windows\\Fonts\\SCHLBKBI.TTF', name='Century Schoolbook', style='italic', variant='normal', weight=700, stretch='normal', size='scalable')) = 11.335
2025-09-24 17:39:53,002 ; matplotlib.font_manager                                      ; DEBUG   ; findfont: score(FontEntry(fname='C:\\Windows\\Fonts\\TCBI____.TTF', name='Tw Cen MT', style='italic', variant='normal', weight=700, stretch='normal', size='scalable')) = 11.335
2025-09-24 17:39:53,003 ; matplotlib.font_manager                                      ; DEBUG   ; findfont: score(FontEntry(fname='C:\\Windows\\Fonts\\calibrib.ttf', name='Calibri', style='normal', variant='normal', weight=700, stretch='normal', size='scalable')) = 10.335
2025-09-24 17:39:53,003 ; matplotlib.font_manager                                      ; DEBUG   ; findfont: score(FontEntry(fname='C:\\Windows\\Fonts\\pala.ttf', name='Palatino Linotype', style='normal', variant='normal', weight=400, stretch='normal', size='scalable')) = 10.05
2025-09-24 17:39:53,003 ; matplotlib.font_manager                                      ; DEBUG   ; findfont: score(FontEntry(fname='C:\\Windows\\Fonts\\stylu.ttf', name='Stylus BT', style='normal', variant='normal', weight=300, stretch='normal', size='scalable')) = 10.145
2025-09-24 17:39:53,003 ; matplotlib.font_manager                                      ; DEBUG   ; findfont: score(FontEntry(fname='C:\\Windows\\Fonts\\PRISTINA.TTF', name='Pristina', style='normal', variant='normal', weight=400, stretch='normal', size='scalable')) = 10.05
2025-09-24 17:39:53,004 ; matplotlib.font_manager                                      ; DEBUG   ; findfont: score(FontEntry(fname='C:\\Windows\\Fonts\\seguisli.ttf', name='Segoe UI', style='italic', variant='normal', weight=350, stretch='normal', size='scalable')) = 11.0975
2025-09-24 17:39:53,004 ; matplotlib.font_manager                                      ; DEBUG   ; findfont: score(FontEntry(fname='C:\\Windows\\Fonts\\segoeuisl.ttf', name='Segoe UI', style='normal', variant='normal', weight=350, stretch='normal', size='scalable')) = 10.0975
2025-09-24 17:39:53,005 ; matplotlib.font_manager                                      ; DEBUG   ; findfont: score(FontEntry(fname='C:\\Windows\\Fonts\\BOD_R.TTF', name='Bodoni MT', style='normal', variant='normal', weight=400, stretch='normal', size='scalable')) = 10.05
2025-09-24 17:39:53,005 ; matplotlib.font_manager                                      ; DEBUG   ; findfont: score(FontEntry(fname='C:\\Windows\\Fonts\\BRLNSB.TTF', name='Berlin Sans FB', style='normal', variant='normal', weight=700, stretch='normal', size='scalable')) = 10.335
2025-09-24 17:39:53,006 ; matplotlib.font_manager                                      ; DEBUG   ; findfont: score(FontEntry(fname='C:\\Windows\\Fonts\\cour.ttf', name='Courier New', style='normal', variant='normal', weight=400, stretch='normal', size='scalable')) = 10.05
2025-09-24 17:39:53,006 ; matplotlib.font_manager                                      ; DEBUG   ; findfont: score(FontEntry(fname='C:\\Windows\\Fonts\\CURLZ___.TTF', name='Curlz MT', style='normal', variant='normal', weight=400, stretch='normal', size='scalable')) = 10.05
2025-09-24 17:39:53,006 ; matplotlib.font_manager                                      ; DEBUG   ; findfont: score(FontEntry(fname='C:\\Windows\\Fonts\\georgia.ttf', name='Georgia', style='normal', variant='normal', weight=400, stretch='normal', size='scalable')) = 10.05
2025-09-24 17:39:53,007 ; matplotlib.font_manager                                      ; DEBUG   ; findfont: score(FontEntry(fname='C:\\Windows\\Fonts\\calibril.ttf', name='Calibri', style='normal', variant='normal', weight=300, stretch='normal', size='scalable')) = 10.145
2025-09-24 17:39:53,007 ; matplotlib.font_manager                                      ; DEBUG   ; findfont: score(FontEntry(fname='C:\\Windows\\Fonts\\msyhbd.ttc', name='Microsoft YaHei', style='normal', variant='normal', weight=700, stretch='normal', size='scalable')) = 10.335
2025-09-24 17:39:53,008 ; matplotlib.font_manager                                      ; DEBUG   ; findfont: score(FontEntry(fname='C:\\Windows\\Fonts\\mtproxy3.ttf', name='Proxy 3', style='normal', variant='normal', weight=400, stretch='normal', size='scalable')) = 10.05
2025-09-24 17:39:53,008 ; matplotlib.font_manager                                      ; DEBUG   ; findfont: score(FontEntry(fname='C:\\Windows\\Fonts\\gothice_.ttf', name='GothicE', style='normal', variant='normal', weight=400, stretch='normal', size='scalable')) = 10.05
2025-09-24 17:39:53,009 ; matplotlib.font_manager                                      ; DEBUG   ; findfont: score(FontEntry(fname='C:\\Windows\\Fonts\\Candaral.ttf', name='Candara', style='normal', variant='normal', weight=400, stretch='normal', size='scalable')) = 10.05
2025-09-24 17:39:53,009 ; matplotlib.font_manager                                      ; DEBUG   ; findfont: score(FontEntry(fname='C:\\Windows\\Fonts\\Artifakt Element Heavy.ttf', name='Artifakt Element', style='normal', variant='normal', weight=900, stretch='normal', size='scalable')) = 10.525
2025-09-24 17:39:53,009 ; matplotlib.font_manager                                      ; DEBUG   ; findfont: score(FontEntry(fname='C:\\Windows\\Fonts\\ROCCB___.TTF', name='Rockwell Condensed', style='normal', variant='normal', weight=700, stretch='condensed', size='scalable')) = 10.535
2025-09-24 17:39:53,010 ; matplotlib.font_manager                                      ; DEBUG   ; findfont: score(FontEntry(fname='C:\\Windows\\Fonts\\LSANSD.TTF', name='Lucida Sans', style='normal', variant='normal', weight=600, stretch='normal', size='scalable')) = 10.24
2025-09-24 17:39:53,010 ; matplotlib.font_manager                                      ; DEBUG   ; findfont: score(FontEntry(fname='C:\\Windows\\Fonts\\timesi.ttf', name='Times New Roman', style='italic', variant='normal', weight=400, stretch='normal', size='scalable')) = 11.05
2025-09-24 17:39:53,010 ; matplotlib.font_manager                                      ; DEBUG   ; findfont: score(FontEntry(fname='C:\\Windows\\Fonts\\dutcheb.ttf', name='Dutch801 XBd BT', style='normal', variant='normal', weight=400, stretch='normal', size='scalable')) = 10.05
2025-09-24 17:39:53,010 ; matplotlib.font_manager                                      ; DEBUG   ; findfont: score(FontEntry(fname='C:\\Windows\\Fonts\\symusic_.ttf', name='Symusic', style='normal', variant='normal', weight=400, stretch='normal', size='scalable')) = 10.05
2025-09-24 17:39:53,011 ; matplotlib.font_manager                                      ; DEBUG   ; findfont: score(FontEntry(fname='C:\\Windows\\Fonts\\BOD_I.TTF', name='Bodoni MT', style='italic', variant='normal', weight=400, stretch='normal', size='scalable')) = 11.05
2025-09-24 17:39:53,011 ; matplotlib.font_manager                                      ; DEBUG   ; findfont: score(FontEntry(fname='C:\\Windows\\Fonts\\webdings.ttf', name='Webdings', style='normal', variant='normal', weight=400, stretch='normal', size='scalable')) = 10.05
2025-09-24 17:39:53,011 ; matplotlib.font_manager                                      ; DEBUG   ; findfont: score(FontEntry(fname='C:\\Windows\\Fonts\\mmrtextb.ttf', name='Myanmar Text', style='normal', variant='normal', weight=700, stretch='normal', size='scalable')) = 10.335
2025-09-24 17:39:53,011 ; matplotlib.font_manager                                      ; DEBUG   ; findfont: score(FontEntry(fname='C:\\Windows\\Fonts\\greeks__.ttf', name='GreekS', style='normal', variant='normal', weight=400, stretch='normal', size='scalable')) = 10.05
2025-09-24 17:39:53,012 ; matplotlib.font_manager                                      ; DEBUG   ; findfont: score(FontEntry(fname='C:\\Windows\\Fonts\\MTEXTRA.TTF', name='MT Extra', style='normal', variant='normal', weight=400, stretch='normal', size='scalable')) = 10.05
2025-09-24 17:39:53,012 ; matplotlib.font_manager                                      ; DEBUG   ; findfont: score(FontEntry(fname='C:\\Windows\\Fonts\\GILLUBCD.TTF', name='Gill Sans Ultra Bold Condensed', style='normal', variant='normal', weight=400, stretch='condensed', size='scalable')) = 10.25
2025-09-24 17:39:53,012 ; matplotlib.font_manager                                      ; DEBUG   ; findfont: score(FontEntry(fname='C:\\Windows\\Fonts\\segoeuil.ttf', name='Segoe UI', style='normal', variant='normal', weight=300, stretch='normal', size='scalable')) = 10.145
2025-09-24 17:39:53,012 ; matplotlib.font_manager                                      ; DEBUG   ; findfont: score(FontEntry(fname='C:\\Windows\\Fonts\\GIL_____.TTF', name='Gill Sans MT', style='normal', variant='normal', weight=400, stretch='normal', size='scalable')) = 10.05
2025-09-24 17:39:53,013 ; matplotlib.font_manager                                      ; DEBUG   ; findfont: score(FontEntry(fname='C:\\Windows\\Fonts\\BASKVILL.TTF', name='Baskerville Old Face', style='normal', variant='normal', weight=400, stretch='normal', size='scalable')) = 10.05
2025-09-24 17:39:53,013 ; matplotlib.font_manager                                      ; DEBUG   ; findfont: score(FontEntry(fname='C:\\Windows\\Fonts\\LTYPEO.TTF', name='Lucida Sans Typewriter', style='oblique', variant='normal', weight=400, stretch='normal', size='scalable')) = 11.05
2025-09-24 17:39:53,014 ; matplotlib.font_manager                                      ; DEBUG   ; findfont: score(FontEntry(fname='C:\\Windows\\Fonts\\Candarab.ttf', name='Candara', style='normal', variant='normal', weight=700, stretch='normal', size='scalable')) = 10.335
2025-09-24 17:39:53,014 ; matplotlib.font_manager                                      ; DEBUG   ; findfont: score(FontEntry(fname='C:\\Windows\\Fonts\\georgiab.ttf', name='Georgia', style='normal', variant='normal', weight=700, stretch='normal', size='scalable')) = 10.335
2025-09-24 17:39:53,014 ; matplotlib.font_manager                                      ; DEBUG   ; findfont: score(FontEntry(fname='C:\\Windows\\Fonts\\swisse.ttf', name='Swis721 Ex BT', style='normal', variant='normal', weight=400, stretch='expanded', size='scalable')) = 10.25
2025-09-24 17:39:53,014 ; matplotlib.font_manager                                      ; DEBUG   ; findfont: score(FontEntry(fname='C:\\Windows\\Fonts\\CALIFB.TTF', name='Californian FB', style='normal', variant='normal', weight=700, stretch='normal', size='scalable')) = 10.335
2025-09-24 17:39:53,015 ; matplotlib.font_manager                                      ; DEBUG   ; findfont: score(FontEntry(fname='C:\\Windows\\Fonts\\seguisb.ttf', name='Segoe UI', style='normal', variant='normal', weight=600, stretch='normal', size='scalable')) = 10.24
2025-09-24 17:39:53,015 ; matplotlib.font_manager                                      ; DEBUG   ; findfont: score(FontEntry(fname='C:\\Windows\\Fonts\\Artifakt Element Book Italic.ttf', name='Artifakt Element', style='italic', variant='normal', weight=450, stretch='normal', size='scalable')) = 11.0975
2025-09-24 17:39:53,015 ; matplotlib.font_manager                                      ; DEBUG   ; findfont: score(FontEntry(fname='C:\\Windows\\Fonts\\JUICE___.TTF', name='Juice ITC', style='normal', variant='normal', weight=400, stretch='normal', size='scalable')) = 10.05
2025-09-24 17:39:53,015 ; matplotlib.font_manager                                      ; DEBUG   ; findfont: score(FontEntry(fname='C:\\Windows\\Fonts\\ITCKRIST.TTF', name='Kristen ITC', style='normal', variant='normal', weight=400, stretch='normal', size='scalable')) = 10.05
2025-09-24 17:39:53,015 ; matplotlib.font_manager                                      ; DEBUG   ; findfont: score(FontEntry(fname='C:\\Windows\\Fonts\\RAGE.TTF', name='Rage Italic', style='italic', variant='normal', weight=400, stretch='normal', size='scalable')) = 11.05
2025-09-24 17:39:53,016 ; matplotlib.font_manager                                      ; DEBUG   ; findfont: score(FontEntry(fname='C:\\Windows\\Fonts\\seguisbi.ttf', name='Segoe UI', style='italic', variant='normal', weight=600, stretch='normal', size='scalable')) = 11.24
2025-09-24 17:39:53,016 ; matplotlib.font_manager                                      ; DEBUG   ; findfont: score(FontEntry(fname='C:\\Windows\\Fonts\\monos.ttf', name='Monospac821 BT', style='normal', variant='normal', weight=400, stretch='normal', size='scalable')) = 10.05
2025-09-24 17:39:53,016 ; matplotlib.font_manager                                      ; DEBUG   ; findfont: score(FontEntry(fname='C:\\Windows\\Fonts\\BELL.TTF', name='Bell MT', style='normal', variant='normal', weight=400, stretch='normal', size='scalable')) = 10.05
2025-09-24 17:39:53,016 ; matplotlib.font_manager                                      ; DEBUG   ; findfont: score(FontEntry(fname='C:\\Windows\\Fonts\\swissc.ttf', name='Swis721 Cn BT', style='normal', variant='normal', weight=400, stretch='condensed', size='scalable')) = 10.25
2025-09-24 17:39:53,017 ; matplotlib.font_manager                                      ; DEBUG   ; findfont: score(FontEntry(fname='C:\\Windows\\Fonts\\swisski.ttf', name='Swis721 Blk BT', style='italic', variant='normal', weight=400, stretch='normal', size='scalable')) = 11.05
2025-09-24 17:39:53,017 ; matplotlib.font_manager                                      ; DEBUG   ; findfont: score(FontEntry(fname='C:\\Windows\\Fonts\\ITCBLKAD.TTF', name='Blackadder ITC', style='normal', variant='normal', weight=400, stretch='normal', size='scalable')) = 10.05
2025-09-24 17:39:53,017 ; matplotlib.font_manager                                      ; DEBUG   ; findfont: score(FontEntry(fname='C:\\Windows\\Fonts\\LCALLIG.TTF', name='Lucida Calligraphy', style='italic', variant='normal', weight=400, stretch='normal', size='scalable')) = 11.05
2025-09-24 17:39:53,017 ; matplotlib.font_manager                                      ; DEBUG   ; findfont: score(FontEntry(fname='C:\\Windows\\Fonts\\PER_____.TTF', name='Perpetua', style='normal', variant='normal', weight=400, stretch='normal', size='scalable')) = 10.05
2025-09-24 17:39:53,017 ; matplotlib.font_manager                                      ; DEBUG   ; findfont: score(FontEntry(fname='C:\\Windows\\Fonts\\KUNSTLER.TTF', name='Kunstler Script', style='normal', variant='normal', weight=400, stretch='normal', size='scalable')) = 10.05
2025-09-24 17:39:53,018 ; matplotlib.font_manager                                      ; DEBUG   ; findfont: score(FontEntry(fname='C:\\Windows\\Fonts\\calibrii.ttf', name='Calibri', style='italic', variant='normal', weight=400, stretch='normal', size='scalable')) = 11.05
2025-09-24 17:39:53,018 ; matplotlib.font_manager                                      ; DEBUG   ; findfont: score(FontEntry(fname='C:\\Windows\\Fonts\\courbi.ttf', name='Courier New', style='italic', variant='normal', weight=700, stretch='normal', size='scalable')) = 11.335
2025-09-24 17:39:53,019 ; matplotlib.font_manager                                      ; DEBUG   ; findfont: score(FontEntry(fname='C:\\Windows\\Fonts\\HTOWERT.TTF', name='High Tower Text', style='normal', variant='normal', weight=400, stretch='normal', size='scalable')) = 10.05
2025-09-24 17:39:53,019 ; matplotlib.font_manager                                      ; DEBUG   ; findfont: score(FontEntry(fname='C:\\Windows\\Fonts\\swisscbi.ttf', name='Swis721 Cn BT', style='italic', variant='normal', weight=700, stretch='condensed', size='scalable')) = 11.535
2025-09-24 17:39:53,019 ; matplotlib.font_manager                                      ; DEBUG   ; findfont: score(FontEntry(fname='C:\\Windows\\Fonts\\OCRAEXT.TTF', name='OCR A Extended', style='normal', variant='normal', weight=400, stretch='expanded', size='scalable')) = 10.25
2025-09-24 17:39:53,020 ; matplotlib.font_manager                                      ; DEBUG   ; findfont: score(FontEntry(fname='C:\\Windows\\Fonts\\taileb.ttf', name='Microsoft Tai Le', style='normal', variant='normal', weight=700, stretch='normal', size='scalable')) = 10.335
2025-09-24 17:39:53,020 ; matplotlib.font_manager                                      ; DEBUG   ; findfont: score(FontEntry(fname='C:\\Windows\\Fonts\\Artifakt Element Black.ttf', name='Artifakt Element', style='normal', variant='normal', weight=800, stretch='normal', size='scalable')) = 10.43
2025-09-24 17:39:53,021 ; matplotlib.font_manager                                      ; DEBUG   ; findfont: score(FontEntry(fname='C:\\Windows\\Fonts\\cambria.ttc', name='Cambria', style='normal', variant='normal', weight=400, stretch='normal', size='scalable')) = 10.05
2025-09-24 17:39:53,021 ; matplotlib.font_manager                                      ; DEBUG   ; findfont: score(FontEntry(fname='C:\\Windows\\Fonts\\Dengl.ttf', name='DengXian', style='normal', variant='normal', weight=300, stretch='normal', size='scalable')) = 10.145
2025-09-24 17:39:53,022 ; matplotlib.font_manager                                      ; DEBUG   ; findfont: score(FontEntry(fname='C:\\Windows\\Fonts\\segoeprb.ttf', name='Segoe Print', style='normal', variant='normal', weight=700, stretch='normal', size='scalable')) = 10.335
2025-09-24 17:39:53,022 ; matplotlib.font_manager                                      ; DEBUG   ; findfont: score(FontEntry(fname='C:\\Windows\\Fonts\\BOD_B.TTF', name='Bodoni MT', style='normal', variant='normal', weight=700, stretch='normal', size='scalable')) = 10.335
2025-09-24 17:39:53,023 ; matplotlib.font_manager                                      ; DEBUG   ; findfont: score(FontEntry(fname='C:\\Windows\\Fonts\\cambriab.ttf', name='Cambria', style='normal', variant='normal', weight=700, stretch='normal', size='scalable')) = 10.335
2025-09-24 17:39:53,023 ; matplotlib.font_manager                                      ; DEBUG   ; findfont: score(FontEntry(fname='C:\\Windows\\Fonts\\scripts_.ttf', name='ScriptS', style='normal', variant='normal', weight=400, stretch='normal', size='scalable')) = 10.05
2025-09-24 17:39:53,023 ; matplotlib.font_manager                                      ; DEBUG   ; findfont: score(FontEntry(fname='C:\\Windows\\Fonts\\ANTQUABI.TTF', name='Book Antiqua', style='italic', variant='normal', weight=700, stretch='normal', size='scalable')) = 11.335
2025-09-24 17:39:53,023 ; matplotlib.font_manager                                      ; DEBUG   ; findfont: score(FontEntry(fname='C:\\Windows\\Fonts\\GOTHICBI.TTF', name='Century Gothic', style='italic', variant='normal', weight=700, stretch='normal', size='scalable')) = 11.335
2025-09-24 17:39:53,024 ; matplotlib.font_manager                                      ; DEBUG   ; findfont: score(FontEntry(fname='C:\\Windows\\Fonts\\mtproxy4.ttf', name='Proxy 4', style='normal', variant='normal', weight=400, stretch='normal', size='scalable')) = 10.05
2025-09-24 17:39:53,024 ; matplotlib.font_manager                                      ; DEBUG   ; findfont: score(FontEntry(fname='C:\\Windows\\Fonts\\corbelli.ttf', name='Corbel', style='italic', variant='normal', weight=300, stretch='normal', size='scalable')) = 11.145
2025-09-24 17:39:53,024 ; matplotlib.font_manager                                      ; DEBUG   ; findfont: score(FontEntry(fname='C:\\Windows\\Fonts\\supef___.ttf', name='SuperFrench', style='normal', variant='normal', weight=400, stretch='normal', size='scalable')) = 10.05
2025-09-24 17:39:53,024 ; matplotlib.font_manager                                      ; DEBUG   ; findfont: score(FontEntry(fname='C:\\Windows\\Fonts\\CENTAUR.TTF', name='Centaur', style='normal', variant='normal', weight=400, stretch='normal', size='scalable')) = 10.05
2025-09-24 17:39:53,024 ; matplotlib.font_manager                                      ; DEBUG   ; findfont: score(FontEntry(fname='C:\\Windows\\Fonts\\msjhbd.ttc', name='Microsoft JhengHei', style='normal', variant='normal', weight=700, stretch='normal', size='scalable')) = 10.335
2025-09-24 17:39:53,025 ; matplotlib.font_manager                                      ; DEBUG   ; findfont: score(FontEntry(fname='C:\\Windows\\Fonts\\Deng.ttf', name='DengXian', style='normal', variant='normal', weight=400, stretch='normal', size='scalable')) = 10.05
2025-09-24 17:39:53,025 ; matplotlib.font_manager                                      ; DEBUG   ; findfont: score(FontEntry(fname='C:\\Windows\\Fonts\\monotxt_.ttf', name='Monotxt', style='normal', variant='normal', weight=400, stretch='normal', size='scalable')) = 10.05
2025-09-24 17:39:53,025 ; matplotlib.font_manager                                      ; DEBUG   ; findfont: score(FontEntry(fname='C:\\Windows\\Fonts\\romab___.ttf', name='Romantic', style='normal', variant='normal', weight=700, stretch='normal', size='scalable')) = 10.335
2025-09-24 17:39:53,025 ; matplotlib.font_manager                                      ; DEBUG   ; findfont: score(FontEntry(fname='C:\\Windows\\Fonts\\gadugib.ttf', name='Gadugi', style='normal', variant='normal', weight=700, stretch='normal', size='scalable')) = 10.335
2025-09-24 17:39:53,026 ; matplotlib.font_manager                                      ; DEBUG   ; findfont: score(FontEntry(fname='C:\\Windows\\Fonts\\BERNHC.TTF', name='Bernard MT Condensed', style='normal', variant='normal', weight=400, stretch='condensed', size='scalable')) = 10.25
2025-09-24 17:39:53,026 ; matplotlib.font_manager                                      ; DEBUG   ; findfont: score(FontEntry(fname='C:\\Windows\\Fonts\\msgothic.ttc', name='MS Gothic', style='normal', variant='normal', weight=400, stretch='normal', size='scalable')) = 10.05
2025-09-24 17:39:53,026 ; matplotlib.font_manager                                      ; DEBUG   ; findfont: score(FontEntry(fname='C:\\Windows\\Fonts\\isoct___.ttf', name='ISOCT', style='normal', variant='normal', weight=400, stretch='normal', size='scalable')) = 10.05
2025-09-24 17:39:53,026 ; matplotlib.font_manager                                      ; DEBUG   ; findfont: score(FontEntry(fname='C:\\Windows\\Fonts\\KievitOffcPro.ttf', name='Kievit Offc Pro', style='normal', variant='normal', weight=400, stretch='normal', size='scalable')) = 10.05
2025-09-24 17:39:53,027 ; matplotlib.font_manager                                      ; DEBUG   ; findfont: score(FontEntry(fname='C:\\Windows\\Fonts\\georgiai.ttf', name='Georgia', style='italic', variant='normal', weight=400, stretch='normal', size='scalable')) = 11.05
2025-09-24 17:39:53,027 ; matplotlib.font_manager                                      ; DEBUG   ; findfont: score(FontEntry(fname='C:\\Windows\\Fonts\\eurr____.ttf', name='EuroRoman', style='normal', variant='normal', weight=400, stretch='normal', size='scalable')) = 10.05
2025-09-24 17:39:53,027 ; matplotlib.font_manager                                      ; DEBUG   ; findfont: score(FontEntry(fname='C:\\Windows\\Fonts\\monosbi.ttf', name='Monospac821 BT', style='italic', variant='normal', weight=700, stretch='normal', size='scalable')) = 11.335
2025-09-24 17:39:53,027 ; matplotlib.font_manager                                      ; DEBUG   ; findfont: score(FontEntry(fname='C:\\Windows\\Fonts\\LBRITED.TTF', name='Lucida Bright', style='normal', variant='normal', weight=600, stretch='normal', size='scalable')) = 10.24
2025-09-24 17:39:53,027 ; matplotlib.font_manager                                      ; DEBUG   ; findfont: score(FontEntry(fname='C:\\Windows\\Fonts\\swisscli.ttf', name='Swis721 LtCn BT', style='italic', variant='normal', weight=400, stretch='condensed', size='scalable')) = 11.25
2025-09-24 17:39:53,028 ; matplotlib.font_manager                                      ; DEBUG   ; findfont: score(FontEntry(fname='C:\\Windows\\Fonts\\seguibli.ttf', name='Segoe UI', style='italic', variant='normal', weight=900, stretch='normal', size='scalable')) = 11.525
2025-09-24 17:39:53,028 ; matplotlib.font_manager                                      ; DEBUG   ; findfont: score(FontEntry(fname='C:\\Windows\\Fonts\\cambriai.ttf', name='Cambria', style='italic', variant='normal', weight=400, stretch='normal', size='scalable')) = 11.05
2025-09-24 17:39:53,028 ; matplotlib.font_manager                                      ; DEBUG   ; findfont: score(FontEntry(fname='C:\\Windows\\Fonts\\TCB_____.TTF', name='Tw Cen MT', style='normal', variant='normal', weight=700, stretch='normal', size='scalable')) = 10.335
2025-09-24 17:39:53,028 ; matplotlib.font_manager                                      ; DEBUG   ; findfont: score(FontEntry(fname='C:\\Windows\\Fonts\\CALIST.TTF', name='Calisto MT', style='normal', variant='normal', weight=400, stretch='normal', size='scalable')) = 10.05
2025-09-24 17:39:53,029 ; matplotlib.font_manager                                      ; DEBUG   ; findfont: score(FontEntry(fname='C:\\Windows\\Fonts\\Artifakt Element Hair.ttf', name='Artifakt Element', style='normal', variant='normal', weight=100, stretch='normal', size='scalable')) = 10.335
2025-09-24 17:39:53,029 ; matplotlib.font_manager                                      ; DEBUG   ; findfont: score(FontEntry(fname='C:\\Windows\\Fonts\\isocp3__.ttf', name='ISOCP3', style='normal', variant='normal', weight=400, stretch='normal', size='scalable')) = 10.05
2025-09-24 17:39:53,029 ; matplotlib.font_manager                                      ; DEBUG   ; findfont: score(FontEntry(fname='C:\\Windows\\Fonts\\panroman.ttf', name='PanRoman', style='normal', variant='normal', weight=400, stretch='normal', size='scalable')) = 10.05
2025-09-24 17:39:53,029 ; matplotlib.font_manager                                      ; DEBUG   ; findfont: score(FontEntry(fname='C:\\Windows\\Fonts\\syastro_.ttf', name='Syastro', style='normal', variant='normal', weight=400, stretch='normal', size='scalable')) = 10.05
2025-09-24 17:39:53,030 ; matplotlib.font_manager                                      ; DEBUG   ; findfont: score(FontEntry(fname='C:\\Windows\\Fonts\\sanssb__.ttf', name='SansSerif', style='normal', variant='normal', weight=700, stretch='normal', size='scalable')) = 10.335
2025-09-24 17:39:53,030 ; matplotlib.font_manager                                      ; DEBUG   ; findfont: score(FontEntry(fname='C:\\Windows\\Fonts\\palai.ttf', name='Palatino Linotype', style='italic', variant='normal', weight=400, stretch='normal', size='scalable')) = 11.05
2025-09-24 17:39:53,030 ; matplotlib.font_manager                                      ; DEBUG   ; findfont: score(FontEntry(fname='C:\\Windows\\Fonts\\COPRGTL.TTF', name='Copperplate Gothic Light', style='normal', variant='normal', weight=400, stretch='normal', size='scalable')) = 10.05
2025-09-24 17:39:53,030 ; matplotlib.font_manager                                      ; DEBUG   ; findfont: score(FontEntry(fname='C:\\Windows\\Fonts\\segoesc.ttf', name='Segoe Script', style='normal', variant='normal', weight=400, stretch='normal', size='scalable')) = 10.05
2025-09-24 17:39:53,030 ; matplotlib.font_manager                                      ; DEBUG   ; findfont: score(FontEntry(fname='C:\\Windows\\Fonts\\ROCKBI.TTF', name='Rockwell', style='italic', variant='normal', weight=700, stretch='normal', size='scalable')) = 11.335
2025-09-24 17:39:53,030 ; matplotlib.font_manager                                      ; DEBUG   ; findfont: score(FontEntry(fname='C:\\Windows\\Fonts\\symath__.ttf', name='Symath', style='normal', variant='normal', weight=400, stretch='normal', size='scalable')) = 10.05
2025-09-24 17:39:53,030 ; matplotlib.font_manager                                      ; DEBUG   ; findfont: score(FontEntry(fname='C:\\Windows\\Fonts\\ANTQUAB.TTF', name='Book Antiqua', style='normal', variant='normal', weight=700, stretch='normal', size='scalable')) = 10.335
2025-09-24 17:39:53,030 ; matplotlib.font_manager                                      ; DEBUG   ; findfont: score(FontEntry(fname='C:\\Windows\\Fonts\\arialbi.ttf', name='Arial', style='italic', variant='normal', weight=700, stretch='normal', size='scalable')) = 7.698636363636363
2025-09-24 17:39:53,030 ; matplotlib.font_manager                                      ; DEBUG   ; findfont: score(FontEntry(fname='C:\\Windows\\Fonts\\mtproxy2.ttf', name='Proxy 2', style='normal', variant='normal', weight=400, stretch='normal', size='scalable')) = 10.05
2025-09-24 17:39:53,030 ; matplotlib.font_manager                                      ; DEBUG   ; findfont: score(FontEntry(fname='C:\\Windows\\Fonts\\mingliub.ttc', name='MingLiU-ExtB', style='normal', variant='normal', weight=400, stretch='normal', size='scalable')) = 10.05
2025-09-24 17:39:53,035 ; matplotlib.font_manager                                      ; DEBUG   ; findfont: score(FontEntry(fname='C:\\Windows\\Fonts\\PERB____.TTF', name='Perpetua', style='normal', variant='normal', weight=700, stretch='normal', size='scalable')) = 10.335
2025-09-24 17:39:53,036 ; matplotlib.font_manager                                      ; DEBUG   ; findfont: score(FontEntry(fname='C:\\Windows\\Fonts\\segoeuii.ttf', name='Segoe UI', style='italic', variant='normal', weight=400, stretch='normal', size='scalable')) = 11.05
2025-09-24 17:39:53,036 ; matplotlib.font_manager                                      ; DEBUG   ; findfont: score(FontEntry(fname='C:\\Windows\\Fonts\\seguihis.ttf', name='Segoe UI Historic', style='normal', variant='normal', weight=400, stretch='normal', size='scalable')) = 10.05
2025-09-24 17:39:53,036 ; matplotlib.font_manager                                      ; DEBUG   ; findfont: score(FontEntry(fname='C:\\Windows\\Fonts\\swisseb.ttf', name='Swis721 Ex BT', style='normal', variant='normal', weight=700, stretch='expanded', size='scalable')) = 10.535
2025-09-24 17:39:53,036 ; matplotlib.font_manager                                      ; DEBUG   ; findfont: score(FontEntry(fname='C:\\Windows\\Fonts\\Artifakt Element Bold Italic.ttf', name='Artifakt Element', style='italic', variant='normal', weight=700, stretch='normal', size='scalable')) = 11.335
2025-09-24 17:39:53,036 ; matplotlib.font_manager                                      ; DEBUG   ; findfont: score(FontEntry(fname='C:\\Windows\\Fonts\\GOTHICB.TTF', name='Century Gothic', style='normal', variant='normal', weight=700, stretch='normal', size='scalable')) = 10.335
2025-09-24 17:39:53,036 ; matplotlib.font_manager                                      ; DEBUG   ; findfont: score(FontEntry(fname='C:\\Windows\\Fonts\\BRADHITC.TTF', name='Bradley Hand ITC', style='normal', variant='normal', weight=400, stretch='normal', size='scalable')) = 10.05
2025-09-24 17:39:53,036 ; matplotlib.font_manager                                      ; DEBUG   ; findfont: score(FontEntry(fname='C:\\Windows\\Fonts\\GLECB.TTF', name='Gloucester MT Extra Condensed', style='normal', variant='normal', weight=400, stretch='condensed', size='scalable')) = 10.25
2025-09-24 17:39:53,036 ; matplotlib.font_manager                                      ; DEBUG   ; findfont: score(FontEntry(fname='C:\\Windows\\Fonts\\georgiaz.ttf', name='Georgia', style='italic', variant='normal', weight=700, stretch='normal', size='scalable')) = 11.335
2025-09-24 17:39:53,036 ; matplotlib.font_manager                                      ; DEBUG   ; findfont: score(FontEntry(fname='C:\\Windows\\Fonts\\seguibl.ttf', name='Segoe UI', style='normal', variant='normal', weight=900, stretch='normal', size='scalable')) = 10.525
2025-09-24 17:39:53,036 ; matplotlib.font_manager                                      ; DEBUG   ; findfont: score(FontEntry(fname='C:\\Windows\\Fonts\\simplex_.ttf', name='Simplex', style='normal', variant='normal', weight=400, stretch='normal', size='scalable')) = 10.05
2025-09-24 17:39:53,036 ; matplotlib.font_manager                                      ; DEBUG   ; findfont: score(FontEntry(fname='C:\\Windows\\Fonts\\times.ttf', name='Times New Roman', style='normal', variant='normal', weight=400, stretch='normal', size='scalable')) = 10.05
2025-09-24 17:39:53,036 ; matplotlib.font_manager                                      ; DEBUG   ; findfont: score(FontEntry(fname='C:\\Windows\\Fonts\\counb___.ttf', name='CountryBlueprint', style='normal', variant='normal', weight=400, stretch='normal', size='scalable')) = 10.05
2025-09-24 17:39:53,041 ; matplotlib.font_manager                                      ; DEBUG   ; findfont: score(FontEntry(fname='C:\\Windows\\Fonts\\Artifakt Element Regular.ttf', name='Artifakt Element', style='normal', variant='normal', weight=400, stretch='normal', size='scalable')) = 10.05
2025-09-24 17:39:53,041 ; matplotlib.font_manager                                      ; DEBUG   ; findfont: score(FontEntry(fname='C:\\Windows\\Fonts\\Artifakt Element Italic.ttf', name='Artifakt Element', style='italic', variant='normal', weight=400, stretch='normal', size='scalable')) = 11.05
2025-09-24 17:39:53,041 ; matplotlib.font_manager                                      ; DEBUG   ; findfont: score(FontEntry(fname='C:\\Windows\\Fonts\\romai___.ttf', name='Romantic', style='italic', variant='normal', weight=400, stretch='normal', size='scalable')) = 11.05
2025-09-24 17:39:53,041 ; matplotlib.font_manager                                      ; DEBUG   ; findfont: score(FontEntry(fname='C:\\Windows\\Fonts\\isocp2__.ttf', name='ISOCP2', style='normal', variant='normal', weight=400, stretch='normal', size='scalable')) = 10.05
2025-09-24 17:39:53,041 ; matplotlib.font_manager                                      ; DEBUG   ; findfont: score(FontEntry(fname='C:\\Windows\\Fonts\\GLSNECB.TTF', name='Gill Sans MT Ext Condensed Bold', style='normal', variant='normal', weight=400, stretch='condensed', size='scalable')) = 10.25
2025-09-24 17:39:53,041 ; matplotlib.font_manager                                      ; DEBUG   ; findfont: score(FontEntry(fname='C:\\Windows\\Fonts\\corbel.ttf', name='Corbel', style='normal', variant='normal', weight=400, stretch='normal', size='scalable')) = 10.05
2025-09-24 17:39:53,041 ; matplotlib.font_manager                                      ; DEBUG   ; findfont: score(FontEntry(fname='C:\\Windows\\Fonts\\swisscl.ttf', name='Swis721 LtCn BT', style='normal', variant='normal', weight=400, stretch='condensed', size='scalable')) = 10.25
2025-09-24 17:39:53,041 ; matplotlib.font_manager                                      ; DEBUG   ; findfont: score(FontEntry(fname='C:\\Windows\\Fonts\\DUBAI-BOLD.TTF', name='Dubai', style='normal', variant='normal', weight=700, stretch='normal', size='scalable')) = 10.335
2025-09-24 17:39:53,041 ; matplotlib.font_manager                                      ; DEBUG   ; findfont: score(FontEntry(fname='C:\\Windows\\Fonts\\tahomabd.ttf', name='Tahoma', style='normal', variant='normal', weight=700, stretch='normal', size='scalable')) = 10.335
2025-09-24 17:39:53,041 ; matplotlib.font_manager                                      ; DEBUG   ; findfont: score(FontEntry(fname='C:\\Windows\\Fonts\\isocteur.ttf', name='ISOCTEUR', style='normal', variant='normal', weight=400, stretch='normal', size='scalable')) = 10.05
2025-09-24 17:39:53,041 ; matplotlib.font_manager                                      ; DEBUG   ; findfont: score(FontEntry(fname='C:\\Windows\\Fonts\\PERTILI.TTF', name='Perpetua Titling MT', style='normal', variant='normal', weight=300, stretch='normal', size='scalable')) = 10.145
2025-09-24 17:39:53,041 ; matplotlib.font_manager                                      ; DEBUG   ; findfont: score(FontEntry(fname='C:\\Windows\\Fonts\\VIVALDII.TTF', name='Vivaldi', style='italic', variant='normal', weight=400, stretch='normal', size='scalable')) = 11.05
2025-09-24 17:39:53,041 ; matplotlib.font_manager                                      ; DEBUG   ; findfont: score(FontEntry(fname='C:\\Windows\\Fonts\\consolaz.ttf', name='Consolas', style='italic', variant='normal', weight=700, stretch='normal', size='scalable')) = 11.335
2025-09-24 17:39:53,041 ; matplotlib.font_manager                                      ; DEBUG   ; findfont: score(FontEntry(fname='C:\\Windows\\Fonts\\FRADMIT.TTF', name='Franklin Gothic Demi', style='italic', variant='normal', weight=400, stretch='normal', size='scalable')) = 11.05
2025-09-24 17:39:53,041 ; matplotlib.font_manager                                      ; DEBUG   ; findfont: score(FontEntry(fname='C:\\Windows\\Fonts\\Inkfree.ttf', name='Ink Free', style='normal', variant='normal', weight=400, stretch='normal', size='scalable')) = 10.05
2025-09-24 17:39:53,041 ; matplotlib.font_manager                                      ; DEBUG   ; findfont: score(FontEntry(fname='C:\\Windows\\Fonts\\trebuc.ttf', name='Trebuchet MS', style='normal', variant='normal', weight=400, stretch='normal', size='scalable')) = 10.05
2025-09-24 17:39:53,041 ; matplotlib.font_manager                                      ; DEBUG   ; findfont: score(FontEntry(fname='C:\\Windows\\Fonts\\TCM_____.TTF', name='Tw Cen MT', style='normal', variant='normal', weight=400, stretch='normal', size='scalable')) = 10.05
2025-09-24 17:39:53,041 ; matplotlib.font_manager                                      ; DEBUG   ; findfont: score(FontEntry(fname='C:\\Windows\\Fonts\\malgun.ttf', name='Malgun Gothic', style='normal', variant='normal', weight=400, stretch='normal', size='scalable')) = 10.05
2025-09-24 17:39:53,041 ; matplotlib.font_manager                                      ; DEBUG   ; findfont: score(FontEntry(fname='C:\\Windows\\Fonts\\ROCKB.TTF', name='Rockwell', style='normal', variant='normal', weight=700, stretch='normal', size='scalable')) = 10.335
2025-09-24 17:39:53,041 ; matplotlib.font_manager                                      ; DEBUG   ; findfont: score(FontEntry(fname='C:\\Windows\\Fonts\\ONYX.TTF', name='Onyx', style='normal', variant='normal', weight=400, stretch='normal', size='scalable')) = 10.05
2025-09-24 17:39:53,041 ; matplotlib.font_manager                                      ; DEBUG   ; findfont: score(FontEntry(fname='C:\\Windows\\Fonts\\comic.ttf', name='Comic Sans MS', style='normal', variant='normal', weight=400, stretch='normal', size='scalable')) = 10.05
2025-09-24 17:39:53,041 ; matplotlib.font_manager                                      ; DEBUG   ; findfont: score(FontEntry(fname='C:\\Windows\\Fonts\\malgunbd.ttf', name='Malgun Gothic', style='normal', variant='normal', weight=700, stretch='normal', size='scalable')) = 10.335
2025-09-24 17:39:53,041 ; matplotlib.font_manager                                      ; DEBUG   ; findfont: score(FontEntry(fname='C:\\Windows\\Fonts\\swissli.ttf', name='Swis721 Lt BT', style='italic', variant='normal', weight=400, stretch='normal', size='scalable')) = 11.05
2025-09-24 17:39:53,041 ; matplotlib.font_manager                                      ; DEBUG   ; findfont: score(FontEntry(fname='C:\\Windows\\Fonts\\symeteo_.ttf', name='Symeteo', style='normal', variant='normal', weight=400, stretch='normal', size='scalable')) = 10.05
2025-09-24 17:39:53,041 ; matplotlib.font_manager                                      ; DEBUG   ; findfont: score(FontEntry(fname='C:\\Windows\\Fonts\\comicbd.ttf', name='Comic Sans MS', style='normal', variant='normal', weight=700, stretch='normal', size='scalable')) = 10.335
2025-09-24 17:39:53,041 ; matplotlib.font_manager                                      ; DEBUG   ; findfont: score(FontEntry(fname='C:\\Windows\\Fonts\\framd.ttf', name='Franklin Gothic Medium', style='normal', variant='normal', weight=400, stretch='normal', size='scalable')) = 10.05
2025-09-24 17:39:53,041 ; matplotlib.font_manager                                      ; DEBUG   ; findfont: score(FontEntry(fname='C:\\Windows\\Fonts\\mtproxy1.ttf', name='Proxy 1', style='normal', variant='normal', weight=400, stretch='normal', size='scalable')) = 10.05
2025-09-24 17:39:53,041 ; matplotlib.font_manager                                      ; DEBUG   ; findfont: score(FontEntry(fname='C:\\Windows\\Fonts\\timesbi.ttf', name='Times New Roman', style='italic', variant='normal', weight=700, stretch='normal', size='scalable')) = 11.335
2025-09-24 17:39:53,041 ; matplotlib.font_manager                                      ; DEBUG   ; findfont: score(FontEntry(fname='C:\\Windows\\Fonts\\calibri.ttf', name='Calibri', style='normal', variant='normal', weight=400, stretch='normal', size='scalable')) = 10.05
2025-09-24 17:39:53,041 ; matplotlib.font_manager                                      ; DEBUG   ; findfont: score(FontEntry(fname='C:\\Windows\\Fonts\\mtproxy5.ttf', name='Proxy 5', style='normal', variant='normal', weight=400, stretch='normal', size='scalable')) = 10.05
2025-09-24 17:39:53,041 ; matplotlib.font_manager                                      ; DEBUG   ; findfont: score(FontEntry(fname='C:\\Windows\\Fonts\\romantic.ttf', name='Romantic', style='normal', variant='normal', weight=400, stretch='normal', size='scalable')) = 10.05
2025-09-24 17:39:53,041 ; matplotlib.font_manager                                      ; DEBUG   ; findfont: score(FontEntry(fname='C:\\Windows\\Fonts\\BELLI.TTF', name='Bell MT', style='italic', variant='normal', weight=400, stretch='normal', size='scalable')) = 11.05
2025-09-24 17:39:53,052 ; matplotlib.font_manager                                      ; DEBUG   ; findfont: score(FontEntry(fname='C:\\Windows\\Fonts\\swissel.ttf', name='Swis721 LtEx BT', style='normal', variant='normal', weight=400, stretch='expanded', size='scalable')) = 10.25
2025-09-24 17:39:53,052 ; matplotlib.font_manager                                      ; DEBUG   ; findfont: score(FontEntry(fname='C:\\Windows\\Fonts\\GARAIT.TTF', name='Garamond', style='italic', variant='normal', weight=400, stretch='normal', size='scalable')) = 11.05
2025-09-24 17:39:53,052 ; matplotlib.font_manager                                      ; DEBUG   ; findfont: score(FontEntry(fname='C:\\Windows\\Fonts\\malgunsl.ttf', name='Malgun Gothic', style='normal', variant='normal', weight=300, stretch='normal', size='scalable')) = 10.145
2025-09-24 17:39:53,052 ; matplotlib.font_manager                                      ; DEBUG   ; findfont: score(FontEntry(fname='C:\\Windows\\Fonts\\SCHLBKI.TTF', name='Century Schoolbook', style='italic', variant='normal', weight=400, stretch='normal', size='scalable')) = 11.05
2025-09-24 17:39:53,053 ; matplotlib.font_manager                                      ; DEBUG   ; findfont: score(FontEntry(fname='C:\\Windows\\Fonts\\DUBAI-LIGHT.TTF', name='Dubai', style='normal', variant='normal', weight=300, stretch='normal', size='scalable')) = 10.145
2025-09-24 17:39:53,053 ; matplotlib.font_manager                                      ; DEBUG   ; findfont: score(FontEntry(fname='C:\\Windows\\Fonts\\msyhl.ttc', name='Microsoft YaHei', style='normal', variant='normal', weight=290, stretch='normal', size='scalable')) = 10.1545
2025-09-24 17:39:53,054 ; matplotlib.font_manager                                      ; DEBUG   ; findfont: score(FontEntry(fname='C:\\Windows\\Fonts\\calibriz.ttf', name='Calibri', style='italic', variant='normal', weight=700, stretch='normal', size='scalable')) = 11.335
2025-09-24 17:39:53,054 ; matplotlib.font_manager                                      ; DEBUG   ; findfont: score(FontEntry(fname='C:\\Windows\\Fonts\\MAIAN.TTF', name='Maiandra GD', style='normal', variant='normal', weight=400, stretch='normal', size='scalable')) = 10.05
2025-09-24 17:39:53,054 ; matplotlib.font_manager                                      ; DEBUG   ; findfont: score(FontEntry(fname='C:\\Windows\\Fonts\\segoepr.ttf', name='Segoe Print', style='normal', variant='normal', weight=400, stretch='normal', size='scalable')) = 10.05
2025-09-24 17:39:53,054 ; matplotlib.font_manager                                      ; DEBUG   ; findfont: score(FontEntry(fname='C:\\Windows\\Fonts\\isocteui.ttf', name='ISOCTEUR', style='italic', variant='normal', weight=400, stretch='normal', size='scalable')) = 11.05
2025-09-24 17:39:53,055 ; matplotlib.font_manager                                      ; DEBUG   ; findfont: score(FontEntry(fname='C:\\Windows\\Fonts\\symbol.ttf', name='Symbol', style='normal', variant='normal', weight=400, stretch='normal', size='scalable')) = 10.05
2025-09-24 17:39:53,055 ; matplotlib.font_manager                                      ; DEBUG   ; findfont: score(FontEntry(fname='C:\\Windows\\Fonts\\BOOKOSB.TTF', name='Bookman Old Style', style='normal', variant='normal', weight=600, stretch='normal', size='scalable')) = 10.24
2025-09-24 17:39:53,055 ; matplotlib.font_manager                                      ; DEBUG   ; findfont: score(FontEntry(fname='C:\\Windows\\Fonts\\LeelaUIb.ttf', name='Leelawadee UI', style='normal', variant='normal', weight=700, stretch='normal', size='scalable')) = 10.335
2025-09-24 17:39:53,056 ; matplotlib.font_manager                                      ; DEBUG   ; findfont: score(FontEntry(fname='C:\\Windows\\Fonts\\sanssbo_.ttf', name='SansSerif', style='oblique', variant='normal', weight=700, stretch='normal', size='scalable')) = 11.335
2025-09-24 17:39:53,056 ; matplotlib.font_manager                                      ; DEBUG   ; findfont: score(FontEntry(fname='C:\\Windows\\Fonts\\CALISTB.TTF', name='Calisto MT', style='normal', variant='normal', weight=700, stretch='normal', size='scalable')) = 10.335
2025-09-24 17:39:53,056 ; matplotlib.font_manager                                      ; DEBUG   ; findfont: score(FontEntry(fname='C:\\Windows\\Fonts\\corbelb.ttf', name='Corbel', style='normal', variant='normal', weight=700, stretch='normal', size='scalable')) = 10.335
2025-09-24 17:39:53,056 ; matplotlib.font_manager                                      ; DEBUG   ; findfont: score(FontEntry(fname='C:\\Windows\\Fonts\\consolai.ttf', name='Consolas', style='italic', variant='normal', weight=400, stretch='normal', size='scalable')) = 11.05
2025-09-24 17:39:53,057 ; matplotlib.font_manager                                      ; DEBUG   ; findfont: score(FontEntry(fname='C:\\Windows\\Fonts\\swisscbo.ttf', name='Swis721 BdCnOul BT', style='normal', variant='normal', weight=400, stretch='condensed', size='scalable')) = 10.25
2025-09-24 17:39:53,057 ; matplotlib.font_manager                                      ; DEBUG   ; findfont: score(FontEntry(fname='C:\\Windows\\Fonts\\LBRITEDI.TTF', name='Lucida Bright', style='italic', variant='normal', weight=600, stretch='normal', size='scalable')) = 11.24
2025-09-24 17:39:53,057 ; matplotlib.font_manager                                      ; DEBUG   ; findfont: score(FontEntry(fname='C:\\Windows\\Fonts\\BRITANIC.TTF', name='Britannic Bold', style='normal', variant='normal', weight=400, stretch='normal', size='scalable')) = 10.05
2025-09-24 17:39:53,058 ; matplotlib.font_manager                                      ; DEBUG   ; findfont: score(FontEntry(fname='C:\\Windows\\Fonts\\ARIALNB.TTF', name='Arial', style='normal', variant='normal', weight=700, stretch='condensed', size='scalable')) = 6.8986363636363635
2025-09-24 17:39:53,058 ; matplotlib.font_manager                                      ; DEBUG   ; findfont: score(FontEntry(fname='C:\\Windows\\Fonts\\swissl.ttf', name='Swis721 Lt BT', style='normal', variant='normal', weight=400, stretch='normal', size='scalable')) = 10.05
2025-09-24 17:39:53,058 ; matplotlib.font_manager                                      ; DEBUG   ; findfont: score(FontEntry(fname='C:\\Windows\\Fonts\\GOTHIC.TTF', name='Century Gothic', style='normal', variant='normal', weight=400, stretch='normal', size='scalable')) = 10.05
2025-09-24 17:39:53,059 ; matplotlib.font_manager                                      ; DEBUG   ; findfont: score(FontEntry(fname='C:\\Windows\\Fonts\\bahnschrift.ttf', name='Bahnschrift', style='normal', variant='normal', weight=400, stretch='normal', size='scalable')) = 10.05
2025-09-24 17:39:53,059 ; matplotlib.font_manager                                      ; DEBUG   ; findfont: score(FontEntry(fname='C:\\Windows\\Fonts\\PALSCRI.TTF', name='Palace Script MT', style='normal', variant='normal', weight=400, stretch='normal', size='scalable')) = 10.05
2025-09-24 17:39:53,059 ; matplotlib.font_manager                                      ; DEBUG   ; findfont: score(FontEntry(fname='C:\\Windows\\Fonts\\FRAHVIT.TTF', name='Franklin Gothic Heavy', style='italic', variant='normal', weight=400, stretch='normal', size='scalable')) = 11.05
2025-09-24 17:39:53,059 ; matplotlib.font_manager                                      ; DEBUG   ; findfont: score(FontEntry(fname='C:\\Windows\\Fonts\\ntailu.ttf', name='Microsoft New Tai Lue', style='normal', variant='normal', weight=400, stretch='normal', size='scalable')) = 10.05
2025-09-24 17:39:53,060 ; matplotlib.font_manager                                      ; DEBUG   ; findfont: score(FontEntry(fname='C:\\Windows\\Fonts\\NIAGSOL.TTF', name='Niagara Solid', style='normal', variant='normal', weight=400, stretch='normal', size='scalable')) = 10.05
2025-09-24 17:39:53,060 ; matplotlib.font_manager                                      ; DEBUG   ; findfont: score(FontEntry(fname='C:\\Windows\\Fonts\\mtproxy8.ttf', name='Proxy 8', style='normal', variant='normal', weight=400, stretch='normal', size='scalable')) = 10.05
2025-09-24 17:39:53,061 ; matplotlib.font_manager                                      ; DEBUG   ; findfont: score(FontEntry(fname='C:\\Windows\\Fonts\\PERI____.TTF', name='Perpetua', style='italic', variant='normal', weight=400, stretch='normal', size='scalable')) = 11.05
2025-09-24 17:39:53,061 ; matplotlib.font_manager                                      ; DEBUG   ; findfont: score(FontEntry(fname='C:\\Windows\\Fonts\\BOD_BLAI.TTF', name='Bodoni MT', style='italic', variant='normal', weight=900, stretch='normal', size='scalable')) = 11.525
2025-09-24 17:39:53,061 ; matplotlib.font_manager                                      ; DEBUG   ; findfont: score(FontEntry(fname='C:\\Windows\\Fonts\\ARIALNI.TTF', name='Arial', style='italic', variant='normal', weight=400, stretch='condensed', size='scalable')) = 7.613636363636363
2025-09-24 17:39:53,061 ; matplotlib.font_manager                                      ; DEBUG   ; findfont: score(FontEntry(fname='C:\\Windows\\Fonts\\mtproxy6.ttf', name='Proxy 6', style='normal', variant='normal', weight=400, stretch='normal', size='scalable')) = 10.05
2025-09-24 17:39:53,062 ; matplotlib.font_manager                                      ; DEBUG   ; findfont: score(FontEntry(fname='C:\\Windows\\Fonts\\BOD_CI.TTF', name='Bodoni MT', style='italic', variant='normal', weight=400, stretch='condensed', size='scalable')) = 11.25
2025-09-24 17:39:53,062 ; matplotlib.font_manager                                      ; DEBUG   ; findfont: score(FontEntry(fname='C:\\Windows\\Fonts\\CALISTI.TTF', name='Calisto MT', style='italic', variant='normal', weight=400, stretch='normal', size='scalable')) = 11.05
2025-09-24 17:39:53,062 ; matplotlib.font_manager                                      ; DEBUG   ; findfont: score(FontEntry(fname='C:\\Windows\\Fonts\\SNAP____.TTF', name='Snap ITC', style='normal', variant='normal', weight=400, stretch='normal', size='scalable')) = 10.05
2025-09-24 17:39:53,062 ; matplotlib.font_manager                                      ; DEBUG   ; findfont: score(FontEntry(fname='C:\\Windows\\Fonts\\AIGDT___.TTF', name='AIGDT', style='normal', variant='normal', weight=400, stretch='normal', size='scalable')) = 10.05
2025-09-24 17:39:53,063 ; matplotlib.font_manager                                      ; DEBUG   ; findfont: score(FontEntry(fname='C:\\Windows\\Fonts\\LFAXD.TTF', name='Lucida Fax', style='normal', variant='normal', weight=600, stretch='normal', size='scalable')) = 10.24
2025-09-24 17:39:53,063 ; matplotlib.font_manager                                      ; DEBUG   ; findfont: score(FontEntry(fname='C:\\Windows\\Fonts\\techb___.ttf', name='TechnicBold', style='normal', variant='normal', weight=400, stretch='normal', size='scalable')) = 10.05
2025-09-24 17:39:53,063 ; matplotlib.font_manager                                      ; DEBUG   ; findfont: score(FontEntry(fname='C:\\Windows\\Fonts\\Nirmala.ttf', name='Nirmala UI', style='normal', variant='normal', weight=400, stretch='normal', size='scalable')) = 10.05
2025-09-24 17:39:53,063 ; matplotlib.font_manager                                      ; DEBUG   ; findfont: score(FontEntry(fname='C:\\Windows\\Fonts\\constan.ttf', name='Constantia', style='normal', variant='normal', weight=400, stretch='normal', size='scalable')) = 10.05
2025-09-24 17:39:53,063 ; matplotlib.font_manager                                      ; DEBUG   ; findfont: score(FontEntry(fname='C:\\Windows\\Fonts\\Artifakt Element Bold.ttf', name='Artifakt Element', style='normal', variant='normal', weight=700, stretch='normal', size='scalable')) = 10.335
2025-09-24 17:39:53,064 ; matplotlib.font_manager                                      ; DEBUG   ; findfont: score(FontEntry(fname='C:\\Windows\\Fonts\\swissek.ttf', name='Swis721 BlkEx BT', style='normal', variant='normal', weight=400, stretch='expanded', size='scalable')) = 10.25
2025-09-24 17:39:53,064 ; matplotlib.font_manager                                      ; DEBUG   ; findfont: score(FontEntry(fname='C:\\Windows\\Fonts\\dutch.ttf', name='Dutch801 Rm BT', style='normal', variant='normal', weight=400, stretch='normal', size='scalable')) = 10.05
2025-09-24 17:39:53,065 ; matplotlib.font_manager                                      ; DEBUG   ; findfont: score(FontEntry(fname='C:\\Windows\\Fonts\\verdanaz.ttf', name='Verdana', style='italic', variant='normal', weight=700, stretch='normal', size='scalable')) = 4.971363636363637
2025-09-24 17:39:53,065 ; matplotlib.font_manager                                      ; DEBUG   ; findfont: score(FontEntry(fname='C:\\Windows\\Fonts\\Dengb.ttf', name='DengXian', style='normal', variant='normal', weight=700, stretch='normal', size='scalable')) = 10.335
2025-09-24 17:39:53,066 ; matplotlib.font_manager                                      ; DEBUG   ; findfont: score(FontEntry(fname='C:\\Windows\\Fonts\\YuGothR.ttc', name='Yu Gothic', style='normal', variant='normal', weight=400, stretch='normal', size='scalable')) = 10.05
2025-09-24 17:39:53,066 ; matplotlib.font_manager                                      ; DEBUG   ; findfont: score(FontEntry(fname='C:\\Windows\\Fonts\\swissko.ttf', name='Swis721 BlkOul BT', style='normal', variant='normal', weight=400, stretch='normal', size='scalable')) = 10.05
2025-09-24 17:39:53,066 ; matplotlib.font_manager                                      ; DEBUG   ; findfont: score(FontEntry(fname='C:\\Windows\\Fonts\\Artifakt Element Light Italic.ttf', name='Artifakt Element', style='italic', variant='normal', weight=300, stretch='normal', size='scalable')) = 11.145
2025-09-24 17:39:53,066 ; matplotlib.font_manager                                      ; DEBUG   ; findfont: score(FontEntry(fname='C:\\Windows\\Fonts\\GENISO.ttf', name='GENISO', style='normal', variant='normal', weight=400, stretch='normal', size='scalable')) = 10.05
2025-09-24 17:39:53,066 ; matplotlib.font_manager                                      ; DEBUG   ; findfont: score(FontEntry(fname='C:\\Windows\\Fonts\\REFSPCL.TTF', name='MS Reference Specialty', style='normal', variant='normal', weight=400, stretch='normal', size='scalable')) = 10.05
2025-09-24 17:39:53,066 ; matplotlib.font_manager                                      ; DEBUG   ; findfont: score(FontEntry(fname='C:\\Windows\\Fonts\\romant__.ttf', name='RomanT', style='normal', variant='normal', weight=400, stretch='normal', size='scalable')) = 10.05
2025-09-24 17:39:53,066 ; matplotlib.font_manager                                      ; DEBUG   ; findfont: score(FontEntry(fname='C:\\Windows\\Fonts\\LSANS.TTF', name='Lucida Sans', style='normal', variant='normal', weight=400, stretch='normal', size='scalable')) = 10.05
2025-09-24 17:39:53,066 ; matplotlib.font_manager                                      ; DEBUG   ; findfont: score(FontEntry(fname='C:\\Windows\\Fonts\\msjhl.ttc', name='Microsoft JhengHei', style='normal', variant='normal', weight=290, stretch='normal', size='scalable')) = 10.1545
2025-09-24 17:39:53,066 ; matplotlib.font_manager                                      ; DEBUG   ; findfont: score(FontEntry(fname='C:\\Windows\\Fonts\\lucon.ttf', name='Lucida Console', style='normal', variant='normal', weight=400, stretch='normal', size='scalable')) = 10.05
2025-09-24 17:39:53,068 ; matplotlib.font_manager                                      ; DEBUG   ; findfont: score(FontEntry(fname='C:\\Windows\\Fonts\\TCMI____.TTF', name='Tw Cen MT', style='italic', variant='normal', weight=400, stretch='normal', size='scalable')) = 11.05
2025-09-24 17:39:53,069 ; matplotlib.font_manager                                      ; DEBUG   ; findfont: score(FontEntry(fname='C:\\Windows\\Fonts\\segoeuiz.ttf', name='Segoe UI', style='italic', variant='normal', weight=700, stretch='normal', size='scalable')) = 11.335
2025-09-24 17:39:53,069 ; matplotlib.font_manager                                      ; DEBUG   ; findfont: score(FontEntry(fname='C:\\Windows\\Fonts\\complex_.ttf', name='Complex', style='normal', variant='normal', weight=400, stretch='normal', size='scalable')) = 10.05
2025-09-24 17:39:53,069 ; matplotlib.font_manager                                      ; DEBUG   ; findfont: score(FontEntry(fname='C:\\Windows\\Fonts\\BOOKOSI.TTF', name='Bookman Old Style', style='italic', variant='normal', weight=300, stretch='normal', size='scalable')) = 11.145
2025-09-24 17:39:53,070 ; matplotlib.font_manager                                      ; DEBUG   ; findfont: score(FontEntry(fname='C:\\Windows\\Fonts\\micross.ttf', name='Microsoft Sans Serif', style='normal', variant='normal', weight=400, stretch='normal', size='scalable')) = 10.05
2025-09-24 17:39:53,070 ; matplotlib.font_manager                                      ; DEBUG   ; findfont: score(FontEntry(fname='C:\\Windows\\Fonts\\MSUIGHUR.TTF', name='Microsoft Uighur', style='normal', variant='normal', weight=400, stretch='normal', size='scalable')) = 10.05
2025-09-24 17:39:53,070 ; matplotlib.font_manager                                      ; DEBUG   ; findfont: score(FontEntry(fname='C:\\Windows\\Fonts\\palabi.ttf', name='Palatino Linotype', style='italic', variant='normal', weight=700, stretch='normal', size='scalable')) = 11.335
2025-09-24 17:39:53,072 ; matplotlib.font_manager                                      ; DEBUG   ; findfont: score(FontEntry(fname='C:\\Windows\\Fonts\\italicc_.ttf', name='ItalicC', style='italic', variant='normal', weight=400, stretch='normal', size='scalable')) = 11.05
2025-09-24 17:39:53,072 ; matplotlib.font_manager                                      ; DEBUG   ; findfont: score(FontEntry(fname='C:\\Windows\\Fonts\\HARNGTON.TTF', name='Harrington', style='normal', variant='normal', weight=400, stretch='normal', size='scalable')) = 10.05
2025-09-24 17:39:53,072 ; matplotlib.font_manager                                      ; DEBUG   ; findfont: score(FontEntry(fname='C:\\Windows\\Fonts\\seguisym.ttf', name='Segoe UI Symbol', style='normal', variant='normal', weight=400, stretch='normal', size='scalable')) = 10.05
2025-09-24 17:39:53,073 ; matplotlib.font_manager                                      ; DEBUG   ; findfont: score(FontEntry(fname='C:\\Windows\\Fonts\\SansSerifCollection.ttf', name='Sans Serif Collection', style='normal', variant='normal', weight=400, stretch='normal', size='scalable')) = 10.05
2025-09-24 17:39:53,073 ; matplotlib.font_manager                                      ; DEBUG   ; findfont: score(FontEntry(fname='C:\\Windows\\Fonts\\PAPYRUS.TTF', name='Papyrus', style='normal', variant='normal', weight=400, stretch='normal', size='scalable')) = 10.05
2025-09-24 17:39:53,074 ; matplotlib.font_manager                                      ; DEBUG   ; findfont: score(FontEntry(fname='C:\\Windows\\Fonts\\BOD_BLAR.TTF', name='Bodoni MT', style='normal', variant='normal', weight=900, stretch='normal', size='scalable')) = 10.525
2025-09-24 17:39:53,074 ; matplotlib.font_manager                                      ; DEBUG   ; findfont: score(FontEntry(fname='C:\\Windows\\Fonts\\ROCC____.TTF', name='Rockwell Condensed', style='normal', variant='normal', weight=400, stretch='condensed', size='scalable')) = 10.25
2025-09-24 17:39:53,074 ; matplotlib.font_manager                                      ; DEBUG   ; findfont: score(FontEntry(fname='C:\\Windows\\Fonts\\GOUDOSI.TTF', name='Goudy Old Style', style='italic', variant='normal', weight=400, stretch='normal', size='scalable')) = 11.05
2025-09-24 17:39:53,075 ; matplotlib.font_manager                                      ; DEBUG   ; findfont: score(FontEntry(fname='C:\\Windows\\Fonts\\mvboli.ttf', name='MV Boli', style='normal', variant='normal', weight=400, stretch='normal', size='scalable')) = 10.05
2025-09-24 17:39:53,075 ; matplotlib.font_manager                                      ; DEBUG   ; findfont: score(FontEntry(fname='C:\\Windows\\Fonts\\FELIXTI.TTF', name='Felix Titling', style='normal', variant='normal', weight=400, stretch='normal', size='scalable')) = 10.05
2025-09-24 17:39:53,075 ; matplotlib.font_manager                                      ; DEBUG   ; findfont: score(FontEntry(fname='C:\\Windows\\Fonts\\HARLOWSI.TTF', name='Harlow Solid Italic', style='italic', variant='normal', weight=400, stretch='normal', size='scalable')) = 11.05
2025-09-24 17:39:53,076 ; matplotlib.font_manager                                      ; DEBUG   ; findfont: score(FontEntry(fname='C:\\Windows\\Fonts\\holomdl2.ttf', name='HoloLens MDL2 Assets', style='normal', variant='normal', weight=400, stretch='normal', size='scalable')) = 10.05
2025-09-24 17:39:53,076 ; matplotlib.font_manager                                      ; DEBUG   ; findfont: score(FontEntry(fname='C:\\Windows\\Fonts\\LTYPEBO.TTF', name='Lucida Sans Typewriter', style='oblique', variant='normal', weight=600, stretch='normal', size='scalable')) = 11.24
2025-09-24 17:39:53,077 ; matplotlib.font_manager                                      ; DEBUG   ; findfont: score(FontEntry(fname='C:\\Windows\\Fonts\\LHANDW.TTF', name='Lucida Handwriting', style='italic', variant='normal', weight=400, stretch='normal', size='scalable')) = 11.05
2025-09-24 17:39:53,077 ; matplotlib.font_manager                                      ; DEBUG   ; findfont: score(FontEntry(fname='C:\\Windows\\Fonts\\consolab.ttf', name='Consolas', style='normal', variant='normal', weight=700, stretch='normal', size='scalable')) = 10.335
2025-09-24 17:39:53,077 ; matplotlib.font_manager                                      ; DEBUG   ; findfont: score(FontEntry(fname='C:\\Windows\\Fonts\\isocpeur.ttf', name='ISOCPEUR', style='normal', variant='normal', weight=400, stretch='normal', size='scalable')) = 10.05
2025-09-24 17:39:53,078 ; matplotlib.font_manager                                      ; DEBUG   ; findfont: score(FontEntry(fname='C:\\Windows\\Fonts\\GILSANUB.TTF', name='Gill Sans Ultra Bold', style='normal', variant='normal', weight=400, stretch='normal', size='scalable')) = 10.05
2025-09-24 17:39:53,078 ; matplotlib.font_manager                                      ; DEBUG   ; findfont: score(FontEntry(fname='C:\\Windows\\Fonts\\swisscb.ttf', name='Swis721 Cn BT', style='normal', variant='normal', weight=700, stretch='condensed', size='scalable')) = 10.535
2025-09-24 17:39:53,079 ; matplotlib.font_manager                                      ; DEBUG   ; findfont: score(FontEntry(fname='C:\\Windows\\Fonts\\FRAHV.TTF', name='Franklin Gothic Heavy', style='normal', variant='normal', weight=400, stretch='normal', size='scalable')) = 10.05
2025-09-24 17:39:53,079 ; matplotlib.font_manager                                      ; DEBUG   ; findfont: score(FontEntry(fname='C:\\Windows\\Fonts\\STENCIL.TTF', name='Stencil', style='normal', variant='normal', weight=400, stretch='normal', size='scalable')) = 10.05
2025-09-24 17:39:53,079 ; matplotlib.font_manager                                      ; DEBUG   ; findfont: score(FontEntry(fname='C:\\Windows\\Fonts\\isoct3__.ttf', name='ISOCT3', style='normal', variant='normal', weight=400, stretch='normal', size='scalable')) = 10.05
2025-09-24 17:39:53,080 ; matplotlib.font_manager                                      ; DEBUG   ; findfont: score(FontEntry(fname='C:\\Windows\\Fonts\\FTLTLT.TTF', name='Footlight MT Light', style='normal', variant='normal', weight=300, stretch='normal', size='scalable')) = 10.145
2025-09-24 17:39:53,080 ; matplotlib.font_manager                                      ; DEBUG   ; findfont: score(FontEntry(fname='C:\\Windows\\Fonts\\ARIALUNI.ttf', name='Arial Unicode MS', style='normal', variant='normal', weight=400, stretch='normal', size='scalable')) = 10.05
2025-09-24 17:39:53,081 ; matplotlib.font_manager                                      ; DEBUG   ; findfont: score(FontEntry(fname='C:\\Windows\\Fonts\\ERASLGHT.TTF', name='Eras Light ITC', style='normal', variant='normal', weight=400, stretch='normal', size='scalable')) = 10.05
2025-09-24 17:39:53,081 ; matplotlib.font_manager                                      ; DEBUG   ; findfont: score(FontEntry(fname='C:\\Windows\\Fonts\\GOTHICI.TTF', name='Century Gothic', style='italic', variant='normal', weight=400, stretch='normal', size='scalable')) = 11.05
2025-09-24 17:39:53,081 ; matplotlib.font_manager                                      ; DEBUG   ; findfont: score(FontEntry(fname='C:\\Windows\\Fonts\\swissci.ttf', name='Swis721 Cn BT', style='italic', variant='normal', weight=400, stretch='condensed', size='scalable')) = 11.25
2025-09-24 17:39:53,082 ; matplotlib.font_manager                                      ; DEBUG   ; findfont: score(FontEntry(fname='C:\\Windows\\Fonts\\NirmalaS.ttf', name='Nirmala UI', style='normal', variant='normal', weight=350, stretch='normal', size='scalable')) = 10.0975
2025-09-24 17:39:53,083 ; matplotlib.font_manager                                      ; DEBUG   ; findfont: score(FontEntry(fname='C:\\Windows\\Fonts\\simsunb.ttf', name='SimSun-ExtB', style='normal', variant='normal', weight=400, stretch='normal', size='scalable')) = 10.05
2025-09-24 17:39:53,083 ; matplotlib.font_manager                                      ; DEBUG   ; findfont: score(FontEntry(fname='C:\\Windows\\Fonts\\Artifakt Element Thin.ttf', name='Artifakt Element', style='normal', variant='normal', weight=200, stretch='normal', size='scalable')) = 10.24
2025-09-24 17:39:53,083 ; matplotlib.font_manager                                      ; DEBUG   ; findfont: score(FontEntry(fname='C:\\Windows\\Fonts\\AGENCYR.TTF', name='Agency FB', style='normal', variant='normal', weight=400, stretch='normal', size='scalable')) = 10.05
2025-09-24 17:39:53,084 ; matplotlib.font_manager                                      ; DEBUG   ; findfont: score(FontEntry(fname='C:\\Windows\\Fonts\\constanb.ttf', name='Constantia', style='normal', variant='normal', weight=700, stretch='normal', size='scalable')) = 10.335
2025-09-24 17:39:53,084 ; matplotlib.font_manager                                      ; DEBUG   ; findfont: score(FontEntry(fname='C:\\Windows\\Fonts\\Artifakt Element Thin Italic.ttf', name='Artifakt Element', style='italic', variant='normal', weight=200, stretch='normal', size='scalable')) = 11.24
2025-09-24 17:39:53,084 ; matplotlib.font_manager                                      ; DEBUG   ; findfont: score(FontEntry(fname='C:\\Windows\\Fonts\\LBRITE.TTF', name='Lucida Bright', style='normal', variant='normal', weight=400, stretch='normal', size='scalable')) = 10.05
2025-09-24 17:39:53,084 ; matplotlib.font_manager                                      ; DEBUG   ; findfont: score(FontEntry(fname='C:\\Windows\\Fonts\\ebrimabd.ttf', name='Ebrima', style='normal', variant='normal', weight=700, stretch='normal', size='scalable')) = 10.335
2025-09-24 17:39:53,085 ; matplotlib.font_manager                                      ; DEBUG   ; findfont: score(FontEntry(fname='C:\\Windows\\Fonts\\MAGNETOB.TTF', name='Magneto', style='normal', variant='normal', weight=700, stretch='normal', size='scalable')) = 10.335
2025-09-24 17:39:53,085 ; matplotlib.font_manager                                      ; DEBUG   ; findfont: score(FontEntry(fname='C:\\Windows\\Fonts\\cityb___.ttf', name='CityBlueprint', style='normal', variant='normal', weight=400, stretch='normal', size='scalable')) = 10.05
2025-09-24 17:39:53,086 ; matplotlib.font_manager                                      ; DEBUG   ; findfont: score(FontEntry(fname='C:\\Windows\\Fonts\\ntailub.ttf', name='Microsoft New Tai Lue', style='normal', variant='normal', weight=700, stretch='normal', size='scalable')) = 10.335
2025-09-24 17:39:53,086 ; matplotlib.font_manager                                      ; DEBUG   ; findfont: score(FontEntry(fname='C:\\Windows\\Fonts\\framdit.ttf', name='Franklin Gothic Medium', style='italic', variant='normal', weight=400, stretch='normal', size='scalable')) = 11.05
2025-09-24 17:39:53,086 ; matplotlib.font_manager                                      ; DEBUG   ; findfont: score(FontEntry(fname='C:\\Windows\\Fonts\\trebucbi.ttf', name='Trebuchet MS', style='italic', variant='normal', weight=700, stretch='normal', size='scalable')) = 11.335
2025-09-24 17:39:53,088 ; matplotlib.font_manager                                      ; DEBUG   ; findfont: score(FontEntry(fname='C:\\Windows\\Fonts\\LATINWD.TTF', name='Wide Latin', style='normal', variant='normal', weight=400, stretch='expanded', size='scalable')) = 10.25
2025-09-24 17:39:53,088 ; matplotlib.font_manager                                      ; DEBUG   ; findfont: score(FontEntry(fname='C:\\Windows\\Fonts\\Candarali.ttf', name='Candara', style='italic', variant='normal', weight=400, stretch='normal', size='scalable')) = 11.05
2025-09-24 17:39:53,089 ; matplotlib.font_manager                                      ; DEBUG   ; findfont: score(FontEntry(fname='C:\\Windows\\Fonts\\IMPRISHA.TTF', name='Imprint MT Shadow', style='normal', variant='normal', weight=400, stretch='normal', size='scalable')) = 10.05
2025-09-24 17:39:53,089 ; matplotlib.font_manager                                      ; DEBUG   ; findfont: score(FontEntry(fname='C:\\Windows\\Fonts\\courbd.ttf', name='Courier New', style='normal', variant='normal', weight=700, stretch='normal', size='scalable')) = 10.335
2025-09-24 17:39:53,089 ; matplotlib.font_manager                                      ; DEBUG   ; findfont: score(FontEntry(fname='C:\\Windows\\Fonts\\ROCK.TTF', name='Rockwell', style='normal', variant='normal', weight=400, stretch='normal', size='scalable')) = 10.05
2025-09-24 17:39:53,090 ; matplotlib.font_manager                                      ; DEBUG   ; findfont: score(FontEntry(fname='C:\\Windows\\Fonts\\ERASMD.TTF', name='Eras Medium ITC', style='normal', variant='normal', weight=400, stretch='normal', size='scalable')) = 10.05
2025-09-24 17:39:53,090 ; matplotlib.font_manager                                      ; DEBUG   ; findfont: score(FontEntry(fname='C:\\Windows\\Fonts\\constanz.ttf', name='Constantia', style='italic', variant='normal', weight=700, stretch='normal', size='scalable')) = 11.335
2025-09-24 17:39:53,090 ; matplotlib.font_manager                                      ; DEBUG   ; findfont: score(FontEntry(fname='C:\\Windows\\Fonts\\REFSAN.TTF', name='MS Reference Sans Serif', style='normal', variant='normal', weight=400, stretch='normal', size='scalable')) = 10.05
2025-09-24 17:39:53,090 ; matplotlib.font_manager                                      ; DEBUG   ; findfont: score(FontEntry(fname='C:\\Windows\\Fonts\\BELLB.TTF', name='Bell MT', style='normal', variant='normal', weight=700, stretch='normal', size='scalable')) = 10.335
2025-09-24 17:39:53,090 ; matplotlib.font_manager                                      ; DEBUG   ; findfont: score(FontEntry(fname='C:\\Windows\\Fonts\\BOOKOSBI.TTF', name='Bookman Old Style', style='italic', variant='normal', weight=600, stretch='normal', size='scalable')) = 11.24
2025-09-24 17:39:53,090 ; matplotlib.font_manager                                      ; DEBUG   ; findfont: score(FontEntry(fname='C:\\Windows\\Fonts\\impact.ttf', name='Impact', style='normal', variant='normal', weight=400, stretch='normal', size='scalable')) = 10.05
2025-09-24 17:39:53,092 ; matplotlib.font_manager                                      ; DEBUG   ; findfont: score(FontEntry(fname='C:\\Windows\\Fonts\\simhei.ttf', name='SimHei', style='normal', variant='normal', weight=400, stretch='normal', size='scalable')) = 10.05
2025-09-24 17:39:53,092 ; matplotlib.font_manager                                      ; DEBUG   ; findfont: score(FontEntry(fname='C:\\Windows\\Fonts\\CENTURY.TTF', name='Century', style='normal', variant='normal', weight=400, stretch='normal', size='scalable')) = 10.05
2025-09-24 17:39:53,092 ; matplotlib.font_manager                                      ; DEBUG   ; findfont: score(FontEntry(fname='C:\\Windows\\Fonts\\PARCHM.TTF', name='Parchment', style='normal', variant='normal', weight=400, stretch='normal', size='scalable')) = 10.05
2025-09-24 17:39:53,092 ; matplotlib.font_manager                                      ; DEBUG   ; findfont: score(FontEntry(fname='C:\\Windows\\Fonts\\GOUDYSTO.TTF', name='Goudy Stout', style='normal', variant='normal', weight=400, stretch='normal', size='scalable')) = 10.05
2025-09-24 17:39:53,093 ; matplotlib.font_manager                                      ; DEBUG   ; findfont: score(FontEntry(fname='C:\\Windows\\Fonts\\swissbo.ttf', name='Swis721 BdOul BT', style='normal', variant='normal', weight=400, stretch='normal', size='scalable')) = 10.05
2025-09-24 17:39:53,093 ; matplotlib.font_manager                                      ; DEBUG   ; findfont: score(FontEntry(fname='C:\\Windows\\Fonts\\BOD_PSTC.TTF', name='Bodoni MT', style='normal', variant='normal', weight=300, stretch='normal', size='scalable')) = 10.145
2025-09-24 17:39:53,093 ; matplotlib.font_manager                                      ; DEBUG   ; findfont: score(FontEntry(fname='C:\\Windows\\Fonts\\BOD_BI.TTF', name='Bodoni MT', style='italic', variant='normal', weight=700, stretch='normal', size='scalable')) = 11.335
2025-09-24 17:39:53,093 ; matplotlib.font_manager                                      ; DEBUG   ; findfont: Matching sans\-serif:style=normal:variant=normal:weight=normal:stretch=normal:size=10.0 to DejaVu Sans ('c:\\Users\\jablonski\\AppData\\Local\\anaconda3\\Lib\\site-packages\\matplotlib\\mpl-data\\fonts\\ttf\\DejaVuSans.ttf') with score of 0.050000.
2025-09-24 17:39:53,114 ; PT3S                                                         ; DEBUG   ; PT3S.ncd.plot_src_spectrum: Start.
2025-09-24 17:39:53,135 ; PT3S                                                         ; DEBUG   ; Converted color: #f4000a
2025-09-24 17:39:53,135 ; PT3S                                                         ; DEBUG   ; Converted color: #0000ff
2025-09-24 17:39:53,135 ; PT3S                                                         ; DEBUG   ; Converted color: #f70007
2025-09-24 17:39:53,135 ; PT3S                                                         ; DEBUG   ; Converted color: #ff0000
2025-09-24 17:39:53,135 ; PT3S                                                         ; DEBUG   ; Converted color: #ff0000
2025-09-24 17:39:53,135 ; PT3S                                                         ; DEBUG   ; Converted color: #ff0000
2025-09-24 17:39:53,135 ; PT3S                                                         ; DEBUG   ; Converted color: #f90005
2025-09-24 17:39:53,135 ; PT3S                                                         ; DEBUG   ; Converted color: #5600a8
2025-09-24 17:39:53,135 ; PT3S                                                         ; DEBUG   ; Converted color: #ff0000
2025-09-24 17:39:53,135 ; PT3S                                                         ; DEBUG   ; Converted color: #ff0000
2025-09-24 17:39:53,137 ; PT3S                                                         ; DEBUG   ; Converted color: #ff0000
2025-09-24 17:39:53,137 ; PT3S                                                         ; DEBUG   ; Converted color: #ff0000
2025-09-24 17:39:53,139 ; PT3S                                                         ; DEBUG   ; Converted color: #ff0000
2025-09-24 17:39:53,139 ; PT3S                                                         ; DEBUG   ; Converted color: #5600a8
2025-09-24 17:39:53,139 ; PT3S                                                         ; DEBUG   ; Converted color: #ff0000
2025-09-24 17:39:53,139 ; PT3S                                                         ; DEBUG   ; Converted color: #ff0000
2025-09-24 17:39:53,139 ; PT3S                                                         ; DEBUG   ; Converted color: #ff0000
2025-09-24 17:39:53,139 ; PT3S                                                         ; DEBUG   ; Converted color: #0000ff
2025-09-24 17:39:53,139 ; PT3S                                                         ; DEBUG   ; Converted color: #f4000a
2025-09-24 17:39:53,139 ; PT3S                                                         ; DEBUG   ; Converted color: #0000ff
2025-09-24 17:39:53,139 ; PT3S                                                         ; DEBUG   ; Converted color: #0000ff
2025-09-24 17:39:53,139 ; PT3S                                                         ; DEBUG   ; Converted color: #ea0014
2025-09-24 17:39:53,139 ; PT3S                                                         ; DEBUG   ; Converted color: #ff0000
2025-09-24 17:39:53,139 ; PT3S                                                         ; DEBUG   ; Converted color: #ff0000
2025-09-24 17:39:53,139 ; PT3S                                                         ; DEBUG   ; Converted color: #0000ff
2025-09-24 17:39:53,139 ; PT3S                                                         ; DEBUG   ; Converted color: #0000ff
2025-09-24 17:39:53,139 ; PT3S                                                         ; DEBUG   ; Converted color: #f90005
2025-09-24 17:39:53,139 ; PT3S                                                         ; DEBUG   ; Converted color: #f4000a
2025-09-24 17:39:53,139 ; PT3S                                                         ; DEBUG   ; Converted color: #ff0000
2025-09-24 17:39:53,139 ; PT3S                                                         ; DEBUG   ; Converted color: #0000ff
2025-09-24 17:39:53,139 ; PT3S                                                         ; DEBUG   ; Converted color: #b50049
2025-09-24 17:39:53,139 ; PT3S                                                         ; DEBUG   ; Converted color: #5600a8
2025-09-24 17:39:53,139 ; PT3S                                                         ; DEBUG   ; Converted color: #82007c
2025-09-24 17:39:53,139 ; PT3S                                                         ; DEBUG   ; Converted color: #0000ff
2025-09-24 17:39:53,139 ; PT3S                                                         ; DEBUG   ; Converted color: #f4000a
2025-09-24 17:39:53,139 ; PT3S                                                         ; DEBUG   ; Converted color: #5600a8
2025-09-24 17:39:53,139 ; PT3S                                                         ; DEBUG   ; Converted color: #ff0000
2025-09-24 17:39:53,139 ; PT3S                                                         ; DEBUG   ; Converted color: #f90005
2025-09-24 17:39:53,139 ; PT3S                                                         ; DEBUG   ; Converted color: #ff0000
2025-09-24 17:39:53,139 ; PT3S                                                         ; DEBUG   ; Converted color: #0000ff
2025-09-24 17:39:53,139 ; PT3S                                                         ; DEBUG   ; Converted color: #f70007
2025-09-24 17:39:53,139 ; PT3S                                                         ; DEBUG   ; Converted color: #0000ff
2025-09-24 17:39:53,139 ; PT3S                                                         ; DEBUG   ; Converted color: #0000ff
2025-09-24 17:39:53,139 ; PT3S                                                         ; DEBUG   ; Converted color: #ff0000
2025-09-24 17:39:53,139 ; PT3S                                                         ; DEBUG   ; Converted color: #ff0000
2025-09-24 17:39:53,139 ; PT3S                                                         ; DEBUG   ; Converted color: #0000ff
2025-09-24 17:39:53,139 ; PT3S                                                         ; DEBUG   ; Converted color: #ff0000
2025-09-24 17:39:53,139 ; PT3S                                                         ; DEBUG   ; Converted color: #ff0000
2025-09-24 17:39:53,139 ; PT3S                                                         ; DEBUG   ; Converted color: #0000ff
2025-09-24 17:39:53,139 ; PT3S                                                         ; DEBUG   ; Converted color: #f90005
2025-09-24 17:39:53,139 ; PT3S                                                         ; DEBUG   ; Converted color: #0000ff
2025-09-24 17:39:53,139 ; PT3S                                                         ; DEBUG   ; Converted color: #f90005
2025-09-24 17:39:53,139 ; PT3S                                                         ; DEBUG   ; Converted color: #f90005
2025-09-24 17:39:53,139 ; PT3S                                                         ; DEBUG   ; Converted color: #0000ff
2025-09-24 17:39:53,139 ; PT3S                                                         ; DEBUG   ; Converted color: #0000ff
2025-09-24 17:39:53,139 ; PT3S                                                         ; DEBUG   ; Converted color: #0000ff
2025-09-24 17:39:53,139 ; PT3S                                                         ; DEBUG   ; Converted color: #f4000a
2025-09-24 17:39:53,139 ; PT3S                                                         ; DEBUG   ; Converted color: #ff0000
2025-09-24 17:39:53,139 ; PT3S                                                         ; DEBUG   ; Converted color: #ff0000
2025-09-24 17:39:53,139 ; PT3S                                                         ; DEBUG   ; Converted color: #0000ff
2025-09-24 17:39:53,139 ; PT3S                                                         ; DEBUG   ; Converted color: #ff0000
2025-09-24 17:39:53,139 ; PT3S                                                         ; DEBUG   ; Converted color: #ff0000
2025-09-24 17:39:53,139 ; PT3S                                                         ; DEBUG   ; Converted color: #0000ff
2025-09-24 17:39:53,139 ; PT3S                                                         ; DEBUG   ; Converted color: #0000ff
2025-09-24 17:39:53,139 ; PT3S                                                         ; DEBUG   ; Converted color: #f70007
2025-09-24 17:39:53,139 ; PT3S                                                         ; DEBUG   ; Converted color: #f90005
2025-09-24 17:39:53,139 ; PT3S                                                         ; DEBUG   ; Converted color: #ff0000
2025-09-24 17:39:53,139 ; PT3S                                                         ; DEBUG   ; Converted color: #ff0000
2025-09-24 17:39:53,139 ; PT3S                                                         ; DEBUG   ; Converted color: #f90005
2025-09-24 17:39:53,139 ; PT3S                                                         ; DEBUG   ; Converted color: #dd0021
2025-09-24 17:39:53,139 ; PT3S                                                         ; DEBUG   ; Converted color: #0000ff
2025-09-24 17:39:53,139 ; PT3S                                                         ; DEBUG   ; Converted color: #0000ff
2025-09-24 17:39:53,139 ; PT3S                                                         ; DEBUG   ; Converted color: #0000ff
2025-09-24 17:39:53,139 ; PT3S                                                         ; DEBUG   ; Converted color: #0000ff
2025-09-24 17:39:53,139 ; PT3S                                                         ; DEBUG   ; Converted color: #ff0000
2025-09-24 17:39:53,139 ; PT3S                                                         ; DEBUG   ; Converted color: #f4000a
2025-09-24 17:39:53,139 ; PT3S                                                         ; DEBUG   ; Converted color: #f4000a
2025-09-24 17:39:53,139 ; PT3S                                                         ; DEBUG   ; Converted color: #f4000a
2025-09-24 17:39:53,139 ; PT3S                                                         ; DEBUG   ; Converted color: #ff0000
2025-09-24 17:39:53,139 ; PT3S                                                         ; DEBUG   ; Converted color: #0000ff
2025-09-24 17:39:53,139 ; PT3S                                                         ; DEBUG   ; Converted color: #ff0000
2025-09-24 17:39:53,152 ; PT3S                                                         ; DEBUG   ; Converted color: #0000ff
2025-09-24 17:39:53,152 ; PT3S                                                         ; DEBUG   ; Converted color: #dd0021
2025-09-24 17:39:53,152 ; PT3S                                                         ; DEBUG   ; Converted color: #ff0000
2025-09-24 17:39:53,152 ; PT3S                                                         ; DEBUG   ; Converted color: #ff0000
2025-09-24 17:39:53,152 ; PT3S                                                         ; DEBUG   ; Converted color: #0000ff
2025-09-24 17:39:53,152 ; PT3S                                                         ; DEBUG   ; Converted color: #0000ff
2025-09-24 17:39:53,153 ; PT3S                                                         ; DEBUG   ; Converted color: #0000ff
2025-09-24 17:39:53,153 ; PT3S                                                         ; DEBUG   ; Converted color: #0000ff
2025-09-24 17:39:53,154 ; PT3S                                                         ; DEBUG   ; Converted color: #f90005
2025-09-24 17:39:53,154 ; PT3S                                                         ; DEBUG   ; Converted color: #0c00f2
2025-09-24 17:39:53,154 ; PT3S                                                         ; DEBUG   ; Converted color: #ff0000
2025-09-24 17:39:53,154 ; PT3S                                                         ; DEBUG   ; Converted color: #f90005
2025-09-24 17:39:53,154 ; PT3S                                                         ; DEBUG   ; Converted color: #82007c
2025-09-24 17:39:53,154 ; PT3S                                                         ; DEBUG   ; Converted color: #f4000a
2025-09-24 17:39:53,154 ; PT3S                                                         ; DEBUG   ; Converted color: #ff0000
2025-09-24 17:39:53,154 ; PT3S                                                         ; DEBUG   ; Converted color: #0000ff
2025-09-24 17:39:53,154 ; PT3S                                                         ; DEBUG   ; Converted color: #ff0000
2025-09-24 17:39:53,154 ; PT3S                                                         ; DEBUG   ; Converted color: #0000ff
2025-09-24 17:39:53,154 ; PT3S                                                         ; DEBUG   ; Converted color: #ff0000
2025-09-24 17:39:53,154 ; PT3S                                                         ; DEBUG   ; Converted color: #5600a8
2025-09-24 17:39:53,154 ; PT3S                                                         ; DEBUG   ; Converted color: #ff0000
2025-09-24 17:39:53,154 ; PT3S                                                         ; DEBUG   ; Converted color: #5600a8
2025-09-24 17:39:53,154 ; PT3S                                                         ; DEBUG   ; Converted color: #ff0000
2025-09-24 17:39:53,154 ; PT3S                                                         ; DEBUG   ; Converted color: #f90005
2025-09-24 17:39:53,154 ; PT3S                                                         ; DEBUG   ; Converted color: #ff0000
2025-09-24 17:39:53,154 ; PT3S                                                         ; DEBUG   ; Converted color: #f4000a
2025-09-24 17:39:53,154 ; PT3S                                                         ; DEBUG   ; Converted color: #f4000a
2025-09-24 17:39:53,154 ; PT3S                                                         ; DEBUG   ; Converted color: #ff0000
2025-09-24 17:39:53,154 ; PT3S                                                         ; DEBUG   ; Converted color: #0000ff
2025-09-24 17:39:53,154 ; PT3S                                                         ; DEBUG   ; Converted color: #5600a8
2025-09-24 17:39:53,154 ; PT3S                                                         ; DEBUG   ; Converted color: #ff0000
2025-09-24 17:39:53,154 ; PT3S                                                         ; DEBUG   ; Converted color: #5600a8
2025-09-24 17:39:53,154 ; PT3S                                                         ; DEBUG   ; Converted color: #0000ff
2025-09-24 17:39:53,154 ; PT3S                                                         ; DEBUG   ; Converted color: #f4000a
2025-09-24 17:39:53,154 ; PT3S                                                         ; DEBUG   ; Converted color: #0000ff
2025-09-24 17:39:53,154 ; PT3S                                                         ; DEBUG   ; Converted color: #f4000a
2025-09-24 17:39:53,154 ; PT3S                                                         ; DEBUG   ; Converted color: #ff0000
2025-09-24 17:39:53,154 ; PT3S                                                         ; DEBUG   ; Converted color: #0000ff
2025-09-24 17:39:53,154 ; PT3S                                                         ; DEBUG   ; Converted color: #0000ff
2025-09-24 17:39:53,154 ; PT3S                                                         ; DEBUG   ; Converted color: #0000ff
2025-09-24 17:39:53,154 ; PT3S                                                         ; DEBUG   ; Converted color: #f4000a
2025-09-24 17:39:53,154 ; PT3S                                                         ; DEBUG   ; Converted color: #ff0000
2025-09-24 17:39:53,154 ; PT3S                                                         ; DEBUG   ; Converted color: #ff0000
2025-09-24 17:39:53,154 ; PT3S                                                         ; DEBUG   ; Converted color: #f70007
2025-09-24 17:39:53,154 ; PT3S                                                         ; DEBUG   ; Converted color: #f4000a
2025-09-24 17:39:53,154 ; PT3S                                                         ; DEBUG   ; Converted color: #0000ff
2025-09-24 17:39:53,154 ; PT3S                                                         ; DEBUG   ; Converted color: #ff0000
2025-09-24 17:39:53,154 ; PT3S                                                         ; DEBUG   ; Converted color: #0000ff
2025-09-24 17:39:53,154 ; PT3S                                                         ; DEBUG   ; Converted color: #ff0000
2025-09-24 17:39:53,154 ; PT3S                                                         ; DEBUG   ; Converted color: #ff0000
2025-09-24 17:39:53,154 ; PT3S                                                         ; DEBUG   ; Converted color: #0000ff
2025-09-24 17:39:53,154 ; PT3S                                                         ; DEBUG   ; Converted color: #f70007
2025-09-24 17:39:53,154 ; PT3S                                                         ; DEBUG   ; Converted color: #1c00e2
2025-09-24 17:39:53,154 ; PT3S                                                         ; DEBUG   ; Converted color: #ff0000
2025-09-24 17:39:53,154 ; PT3S                                                         ; DEBUG   ; Converted color: #0000ff
2025-09-24 17:39:53,154 ; PT3S                                                         ; DEBUG   ; Converted color: #ff0000
2025-09-24 17:39:53,154 ; PT3S                                                         ; DEBUG   ; Converted color: #ff0000
2025-09-24 17:39:53,154 ; PT3S                                                         ; DEBUG   ; Converted color: #f4000a
2025-09-24 17:39:53,154 ; PT3S                                                         ; DEBUG   ; Converted color: #f4000a
2025-09-24 17:39:53,154 ; PT3S                                                         ; DEBUG   ; Converted color: #f90005
2025-09-24 17:39:53,154 ; PT3S                                                         ; DEBUG   ; Converted color: #f4000a
2025-09-24 17:39:53,154 ; PT3S                                                         ; DEBUG   ; Converted color: #0000ff
2025-09-24 17:39:53,154 ; PT3S                                                         ; DEBUG   ; Converted color: #0000ff
2025-09-24 17:39:53,154 ; PT3S                                                         ; DEBUG   ; Converted color: #ff0000
2025-09-24 17:39:53,154 ; PT3S                                                         ; DEBUG   ; Converted color: #f90005
2025-09-24 17:39:53,154 ; PT3S                                                         ; DEBUG   ; Converted color: #ff0000
2025-09-24 17:39:53,154 ; PT3S                                                         ; DEBUG   ; Converted color: #ff0000
2025-09-24 17:39:53,154 ; PT3S                                                         ; DEBUG   ; Converted color: #3a00c4
2025-09-24 17:39:53,154 ; PT3S                                                         ; DEBUG   ; Converted color: #ff0000
2025-09-24 17:39:53,154 ; PT3S                                                         ; DEBUG   ; Converted color: #ff0000
2025-09-24 17:39:53,154 ; PT3S                                                         ; DEBUG   ; Converted color: #ff0000
2025-09-24 17:39:53,154 ; PT3S                                                         ; DEBUG   ; Converted color: #0000ff
2025-09-24 17:39:53,154 ; PT3S                                                         ; DEBUG   ; Converted color: #0000ff
2025-09-24 17:39:53,154 ; PT3S                                                         ; DEBUG   ; Converted color: #f90005
2025-09-24 17:39:53,154 ; PT3S                                                         ; DEBUG   ; Converted color: #0000ff
2025-09-24 17:39:53,154 ; PT3S                                                         ; DEBUG   ; Converted color: #0000ff
2025-09-24 17:39:53,154 ; PT3S                                                         ; DEBUG   ; Converted color: #0000ff
2025-09-24 17:39:53,154 ; PT3S                                                         ; DEBUG   ; Converted color: #0000ff
2025-09-24 17:39:53,154 ; PT3S                                                         ; DEBUG   ; Converted color: #0000ff
2025-09-24 17:39:53,154 ; PT3S                                                         ; DEBUG   ; Converted color: #ff0000
2025-09-24 17:39:53,154 ; PT3S                                                         ; DEBUG   ; Converted color: #0000ff
2025-09-24 17:39:53,154 ; PT3S                                                         ; DEBUG   ; Converted color: #ff0000
2025-09-24 17:39:53,168 ; PT3S                                                         ; DEBUG   ; Converted color: #ff0000
2025-09-24 17:39:53,168 ; PT3S                                                         ; DEBUG   ; Converted color: #f4000a
2025-09-24 17:39:53,168 ; PT3S                                                         ; DEBUG   ; Converted color: #f4000a
2025-09-24 17:39:53,168 ; PT3S                                                         ; DEBUG   ; Converted color: #ff0000
2025-09-24 17:39:53,168 ; PT3S                                                         ; DEBUG   ; Converted color: #f4000a
2025-09-24 17:39:53,168 ; PT3S                                                         ; DEBUG   ; Converted color: #ff0000
2025-09-24 17:39:53,171 ; PT3S                                                         ; DEBUG   ; Converted color: #ff0000
2025-09-24 17:39:53,171 ; PT3S                                                         ; DEBUG   ; Converted color: #f90005
2025-09-24 17:39:53,171 ; PT3S                                                         ; DEBUG   ; Converted color: #ff0000
2025-09-24 17:39:53,171 ; PT3S                                                         ; DEBUG   ; Converted color: #f70007
2025-09-24 17:39:53,172 ; PT3S                                                         ; DEBUG   ; Converted color: #f4000a
2025-09-24 17:39:53,172 ; PT3S                                                         ; DEBUG   ; Converted color: #f4000a
2025-09-24 17:39:53,172 ; PT3S                                                         ; DEBUG   ; Converted color: #dd0021
2025-09-24 17:39:53,172 ; PT3S                                                         ; DEBUG   ; Converted color: #ff0000
2025-09-24 17:39:53,172 ; PT3S                                                         ; DEBUG   ; Converted color: #0000ff
2025-09-24 17:39:53,172 ; PT3S                                                         ; DEBUG   ; Converted color: #ff0000
2025-09-24 17:39:53,172 ; PT3S                                                         ; DEBUG   ; Converted color: #ff0000
2025-09-24 17:39:53,172 ; PT3S                                                         ; DEBUG   ; Converted color: #f90005
2025-09-24 17:39:53,172 ; PT3S                                                         ; DEBUG   ; Converted color: #f4000a
2025-09-24 17:39:53,172 ; PT3S                                                         ; DEBUG   ; Converted color: #ff0000
2025-09-24 17:39:53,172 ; PT3S                                                         ; DEBUG   ; Converted color: #dd0021
2025-09-24 17:39:53,172 ; PT3S                                                         ; DEBUG   ; Converted color: #0000ff
2025-09-24 17:39:53,172 ; PT3S                                                         ; DEBUG   ; Converted color: #ff0000
2025-09-24 17:39:53,172 ; PT3S                                                         ; DEBUG   ; Converted color: #5600a8
2025-09-24 17:39:53,172 ; PT3S                                                         ; DEBUG   ; Converted color: #f90005
2025-09-24 17:39:53,172 ; PT3S                                                         ; DEBUG   ; Converted color: #ff0000
2025-09-24 17:39:53,172 ; PT3S                                                         ; DEBUG   ; Converted color: #ff0000
2025-09-24 17:39:53,172 ; PT3S                                                         ; DEBUG   ; Converted color: #ff0000
2025-09-24 17:39:53,172 ; PT3S                                                         ; DEBUG   ; Converted color: #f4000a
2025-09-24 17:39:53,172 ; PT3S                                                         ; DEBUG   ; Converted color: #dd0021
2025-09-24 17:39:53,172 ; PT3S                                                         ; DEBUG   ; Converted color: #c90035
2025-09-24 17:39:53,172 ; PT3S                                                         ; DEBUG   ; Converted color: #ff0000
2025-09-24 17:39:53,172 ; PT3S                                                         ; DEBUG   ; Converted color: #f70007
2025-09-24 17:39:53,172 ; PT3S                                                         ; DEBUG   ; Converted color: #ff0000
2025-09-24 17:39:53,172 ; PT3S                                                         ; DEBUG   ; Converted color: #ff0000
2025-09-24 17:39:53,172 ; PT3S                                                         ; DEBUG   ; Converted color: #0000ff
2025-09-24 17:39:53,172 ; PT3S                                                         ; DEBUG   ; Converted color: #ff0000
2025-09-24 17:39:53,172 ; PT3S                                                         ; DEBUG   ; Converted color: #ff0000
2025-09-24 17:39:53,172 ; PT3S                                                         ; DEBUG   ; Converted color: #0000ff
2025-09-24 17:39:53,172 ; PT3S                                                         ; DEBUG   ; Converted color: #ff0000
2025-09-24 17:39:53,172 ; PT3S                                                         ; DEBUG   ; Converted color: #f90005
2025-09-24 17:39:53,172 ; PT3S                                                         ; DEBUG   ; Converted color: #f90005
2025-09-24 17:39:53,172 ; PT3S                                                         ; DEBUG   ; Converted color: #f90005
2025-09-24 17:39:53,172 ; PT3S                                                         ; DEBUG   ; Converted color: #ff0000
2025-09-24 17:39:53,172 ; PT3S                                                         ; DEBUG   ; Converted color: #0000ff
2025-09-24 17:39:53,172 ; PT3S                                                         ; DEBUG   ; Converted color: #0000ff
2025-09-24 17:39:53,172 ; PT3S                                                         ; DEBUG   ; Converted color: #750089
2025-09-24 17:39:53,172 ; PT3S                                                         ; DEBUG   ; Converted color: #dd0021
2025-09-24 17:39:53,172 ; PT3S                                                         ; DEBUG   ; Converted color: #f90005
2025-09-24 17:39:53,172 ; PT3S                                                         ; DEBUG   ; Converted color: #dd0021
2025-09-24 17:39:53,172 ; PT3S                                                         ; DEBUG   ; Converted color: #f4000a
2025-09-24 17:39:53,172 ; PT3S                                                         ; DEBUG   ; Converted color: #3a00c4
2025-09-24 17:39:53,172 ; PT3S                                                         ; DEBUG   ; Converted color: #0000ff
2025-09-24 17:39:53,172 ; PT3S                                                         ; DEBUG   ; Converted color: #f4000a
2025-09-24 17:39:53,172 ; PT3S                                                         ; DEBUG   ; Converted color: #0000ff
2025-09-24 17:39:53,172 ; PT3S                                                         ; DEBUG   ; Converted color: #ff0000
2025-09-24 17:39:53,172 ; PT3S                                                         ; DEBUG   ; Converted color: #dd0021
2025-09-24 17:39:53,172 ; PT3S                                                         ; DEBUG   ; Converted color: #ff0000
2025-09-24 17:39:53,172 ; PT3S                                                         ; DEBUG   ; Converted color: #ff0000
2025-09-24 17:39:53,172 ; PT3S                                                         ; DEBUG   ; Converted color: #0000ff
2025-09-24 17:39:53,172 ; PT3S                                                         ; DEBUG   ; Converted color: #ff0000
2025-09-24 17:39:53,172 ; PT3S                                                         ; DEBUG   ; Converted color: #ff0000
2025-09-24 17:39:53,172 ; PT3S                                                         ; DEBUG   ; Converted color: #0000ff
2025-09-24 17:39:53,172 ; PT3S                                                         ; DEBUG   ; Converted color: #f4000a
2025-09-24 17:39:53,172 ; PT3S                                                         ; DEBUG   ; Converted color: #f4000a
2025-09-24 17:39:53,172 ; PT3S                                                         ; DEBUG   ; Converted color: #ff0000
2025-09-24 17:39:53,172 ; PT3S                                                         ; DEBUG   ; Converted color: #ff0000
2025-09-24 17:39:53,172 ; PT3S                                                         ; DEBUG   ; Converted color: #0000ff
2025-09-24 17:39:53,172 ; PT3S                                                         ; DEBUG   ; Converted color: #0000ff
2025-09-24 17:39:53,172 ; PT3S                                                         ; DEBUG   ; Converted color: #f4000a
2025-09-24 17:39:53,172 ; PT3S                                                         ; DEBUG   ; Converted color: #ff0000
2025-09-24 17:39:53,172 ; PT3S                                                         ; DEBUG   ; Converted color: #0000ff
2025-09-24 17:39:53,172 ; PT3S                                                         ; DEBUG   ; Converted color: #ff0000
2025-09-24 17:39:53,172 ; PT3S                                                         ; DEBUG   ; Converted color: #ff0000
2025-09-24 17:39:53,172 ; PT3S                                                         ; DEBUG   ; Converted color: #f90005
2025-09-24 17:39:53,172 ; PT3S                                                         ; DEBUG   ; Converted color: #f4000a
2025-09-24 17:39:53,172 ; PT3S                                                         ; DEBUG   ; Converted color: #0000ff
2025-09-24 17:39:53,172 ; PT3S                                                         ; DEBUG   ; Converted color: #f70007
2025-09-24 17:39:53,184 ; PT3S                                                         ; DEBUG   ; Converted color: #0000ff
2025-09-24 17:39:53,184 ; PT3S                                                         ; DEBUG   ; Converted color: #ff0000
2025-09-24 17:39:53,185 ; PT3S                                                         ; DEBUG   ; Converted color: #f70007
2025-09-24 17:39:53,185 ; PT3S                                                         ; DEBUG   ; Converted color: #ff0000
2025-09-24 17:39:53,185 ; PT3S                                                         ; DEBUG   ; Converted color: #ff0000
2025-09-24 17:39:53,185 ; PT3S                                                         ; DEBUG   ; Converted color: #0000ff
2025-09-24 17:39:53,185 ; PT3S                                                         ; DEBUG   ; Converted color: #ff0000
2025-09-24 17:39:53,186 ; PT3S                                                         ; DEBUG   ; Converted color: #c90035
2025-09-24 17:39:53,186 ; PT3S                                                         ; DEBUG   ; Converted color: #f4000a
2025-09-24 17:39:53,186 ; PT3S                                                         ; DEBUG   ; Converted color: #ff0000
2025-09-24 17:39:53,186 ; PT3S                                                         ; DEBUG   ; Converted color: #5600a8
2025-09-24 17:39:53,186 ; PT3S                                                         ; DEBUG   ; Converted color: #ff0000
2025-09-24 17:39:53,188 ; PT3S                                                         ; DEBUG   ; Converted color: #ff0000
2025-09-24 17:39:53,188 ; PT3S                                                         ; DEBUG   ; Converted color: #0000ff
2025-09-24 17:39:53,188 ; PT3S                                                         ; DEBUG   ; Converted color: #ff0000
2025-09-24 17:39:53,188 ; PT3S                                                         ; DEBUG   ; Converted color: #f4000a
2025-09-24 17:39:53,188 ; PT3S                                                         ; DEBUG   ; Converted color: #ff0000
2025-09-24 17:39:53,188 ; PT3S                                                         ; DEBUG   ; Converted color: #f90005
2025-09-24 17:39:53,188 ; PT3S                                                         ; DEBUG   ; Converted color: #ff0000
2025-09-24 17:39:53,188 ; PT3S                                                         ; DEBUG   ; Converted color: #f4000a
2025-09-24 17:39:53,188 ; PT3S                                                         ; DEBUG   ; Converted color: #ff0000
2025-09-24 17:39:53,188 ; PT3S                                                         ; DEBUG   ; Converted color: #5600a8
2025-09-24 17:39:53,188 ; PT3S                                                         ; DEBUG   ; Converted color: #5600a8
2025-09-24 17:39:53,188 ; PT3S                                                         ; DEBUG   ; Converted color: #f90005
2025-09-24 17:39:53,188 ; PT3S                                                         ; DEBUG   ; Converted color: #f4000a
2025-09-24 17:39:53,188 ; PT3S                                                         ; DEBUG   ; Converted color: #f90005
2025-09-24 17:39:53,188 ; PT3S                                                         ; DEBUG   ; Converted color: #ff0000
2025-09-24 17:39:53,188 ; PT3S                                                         ; DEBUG   ; Converted color: #ff0000
2025-09-24 17:39:53,188 ; PT3S                                                         ; DEBUG   ; Converted color: #3a00c4
2025-09-24 17:39:53,188 ; PT3S                                                         ; DEBUG   ; Converted color: #fc0002
2025-09-24 17:39:53,188 ; PT3S                                                         ; DEBUG   ; Converted color: #0000ff
2025-09-24 17:39:53,188 ; PT3S                                                         ; DEBUG   ; Converted color: #ff0000
2025-09-24 17:39:53,188 ; PT3S                                                         ; DEBUG   ; Converted color: #ff0000
2025-09-24 17:39:53,188 ; PT3S                                                         ; DEBUG   ; Converted color: #f90005
2025-09-24 17:39:53,188 ; PT3S                                                         ; DEBUG   ; Converted color: #0000ff
2025-09-24 17:39:53,188 ; PT3S                                                         ; DEBUG   ; Converted color: #0000ff
2025-09-24 17:39:53,188 ; PT3S                                                         ; DEBUG   ; Converted color: #ff0000
2025-09-24 17:39:53,188 ; PT3S                                                         ; DEBUG   ; Converted color: #ff0000
2025-09-24 17:39:53,188 ; PT3S                                                         ; DEBUG   ; Converted color: #f4000a
2025-09-24 17:39:53,188 ; PT3S                                                         ; DEBUG   ; Converted color: #ff0000
2025-09-24 17:39:53,188 ; PT3S                                                         ; DEBUG   ; Converted color: #0000ff
2025-09-24 17:39:53,188 ; PT3S                                                         ; DEBUG   ; Converted color: #0000ff
2025-09-24 17:39:53,188 ; PT3S                                                         ; DEBUG   ; Converted color: #ff0000
2025-09-24 17:39:53,188 ; PT3S                                                         ; DEBUG   ; Converted color: #ff0000
2025-09-24 17:39:53,188 ; PT3S                                                         ; DEBUG   ; Converted color: #5600a8
2025-09-24 17:39:53,188 ; PT3S                                                         ; DEBUG   ; Converted color: #f90005
2025-09-24 17:39:53,188 ; PT3S                                                         ; DEBUG   ; Converted color: #f90005
2025-09-24 17:39:53,188 ; PT3S                                                         ; DEBUG   ; Converted color: #ff0000
2025-09-24 17:39:53,188 ; PT3S                                                         ; DEBUG   ; Converted color: #0000ff
2025-09-24 17:39:53,188 ; PT3S                                                         ; DEBUG   ; Converted color: #ff0000
2025-09-24 17:39:53,188 ; PT3S                                                         ; DEBUG   ; Converted color: #5600a8
2025-09-24 17:39:53,188 ; PT3S                                                         ; DEBUG   ; Converted color: #ff0000
2025-09-24 17:39:53,195 ; PT3S                                                         ; DEBUG   ; Converted color: #ff0000
2025-09-24 17:39:53,195 ; PT3S                                                         ; DEBUG   ; Converted color: #ff0000
2025-09-24 17:39:53,195 ; PT3S                                                         ; DEBUG   ; Converted color: #0000ff
2025-09-24 17:39:53,195 ; PT3S                                                         ; DEBUG   ; Converted color: #5600a8
2025-09-24 17:39:53,195 ; PT3S                                                         ; DEBUG   ; Converted color: #0000ff
2025-09-24 17:39:53,195 ; PT3S                                                         ; DEBUG   ; Converted color: #0000ff
2025-09-24 17:39:53,195 ; PT3S                                                         ; DEBUG   ; Converted color: #5600a8
2025-09-24 17:39:53,195 ; PT3S                                                         ; DEBUG   ; Converted color: #f90005
2025-09-24 17:39:53,195 ; PT3S                                                         ; DEBUG   ; Converted color: #3a00c4
2025-09-24 17:39:53,195 ; PT3S                                                         ; DEBUG   ; Converted color: #0000ff
2025-09-24 17:39:53,195 ; PT3S                                                         ; DEBUG   ; Converted color: #f4000a
2025-09-24 17:39:53,195 ; PT3S                                                         ; DEBUG   ; Converted color: #f70007
2025-09-24 17:39:53,195 ; PT3S                                                         ; DEBUG   ; Converted color: #f90005
2025-09-24 17:39:53,195 ; PT3S                                                         ; DEBUG   ; Converted color: #0000ff
2025-09-24 17:39:53,195 ; PT3S                                                         ; DEBUG   ; Converted color: #0000ff
2025-09-24 17:39:53,195 ; PT3S                                                         ; DEBUG   ; Converted color: #c1003d
2025-09-24 17:39:53,195 ; PT3S                                                         ; DEBUG   ; Converted color: #0000ff
2025-09-24 17:39:53,195 ; PT3S                                                         ; DEBUG   ; Converted color: #0000ff
2025-09-24 17:39:53,195 ; PT3S                                                         ; DEBUG   ; Converted color: #f70007
2025-09-24 17:39:53,195 ; PT3S                                                         ; DEBUG   ; Converted color: #dd0021
2025-09-24 17:39:53,195 ; PT3S                                                         ; DEBUG   ; Converted color: #f4000a
2025-09-24 17:39:53,195 ; PT3S                                                         ; DEBUG   ; Converted color: #0000ff
2025-09-24 17:39:53,195 ; PT3S                                                         ; DEBUG   ; Converted color: #f90005
2025-09-24 17:39:53,195 ; PT3S                                                         ; DEBUG   ; Converted color: #ff0000
2025-09-24 17:39:53,195 ; PT3S                                                         ; DEBUG   ; Converted color: #ff0000
2025-09-24 17:39:53,195 ; PT3S                                                         ; DEBUG   ; Converted color: #5600a8
2025-09-24 17:39:53,195 ; PT3S                                                         ; DEBUG   ; Converted color: #ff0000
2025-09-24 17:39:53,195 ; PT3S                                                         ; DEBUG   ; Converted color: #ff0000
2025-09-24 17:39:53,195 ; PT3S                                                         ; DEBUG   ; Converted color: #0000ff
2025-09-24 17:39:53,195 ; PT3S                                                         ; DEBUG   ; Converted color: #0000ff
2025-09-24 17:39:53,195 ; PT3S                                                         ; DEBUG   ; Converted color: #0000ff
2025-09-24 17:39:53,200 ; PT3S                                                         ; DEBUG   ; Converted color: #0000ff
2025-09-24 17:39:53,200 ; PT3S                                                         ; DEBUG   ; Converted color: #ff0000
2025-09-24 17:39:53,200 ; PT3S                                                         ; DEBUG   ; Converted color: #ff0000
2025-09-24 17:39:53,200 ; PT3S                                                         ; DEBUG   ; Converted color: #ff0000
2025-09-24 17:39:53,202 ; PT3S                                                         ; DEBUG   ; Converted color: #0000ff
2025-09-24 17:39:53,202 ; PT3S                                                         ; DEBUG   ; Converted color: #ff0000
2025-09-24 17:39:53,202 ; PT3S                                                         ; DEBUG   ; Converted color: #ff0000
2025-09-24 17:39:53,202 ; PT3S                                                         ; DEBUG   ; Converted color: #f90005
2025-09-24 17:39:53,202 ; PT3S                                                         ; DEBUG   ; Converted color: #0000ff
2025-09-24 17:39:53,202 ; PT3S                                                         ; DEBUG   ; Converted color: #0000ff
2025-09-24 17:39:53,202 ; PT3S                                                         ; DEBUG   ; Converted color: #ff0000
2025-09-24 17:39:53,202 ; PT3S                                                         ; DEBUG   ; Converted color: #ff0000
2025-09-24 17:39:53,202 ; PT3S                                                         ; DEBUG   ; Converted color: #ff0000
2025-09-24 17:39:53,205 ; PT3S                                                         ; DEBUG   ; Converted color: #ff0000
2025-09-24 17:39:53,205 ; PT3S                                                         ; DEBUG   ; Converted color: #ff0000
2025-09-24 17:39:53,205 ; PT3S                                                         ; DEBUG   ; Converted color: #0000ff
2025-09-24 17:39:53,205 ; PT3S                                                         ; DEBUG   ; Converted color: #0000ff
2025-09-24 17:39:53,205 ; PT3S                                                         ; DEBUG   ; Converted color: #0000ff
2025-09-24 17:39:53,205 ; PT3S                                                         ; DEBUG   ; Converted color: #f4000a
2025-09-24 17:39:53,205 ; PT3S                                                         ; DEBUG   ; Converted color: #0000ff
2025-09-24 17:39:53,205 ; PT3S                                                         ; DEBUG   ; Converted color: #f90005
2025-09-24 17:39:53,205 ; PT3S                                                         ; DEBUG   ; Converted color: #0000ff
2025-09-24 17:39:53,205 ; PT3S                                                         ; DEBUG   ; Converted color: #ff0000
2025-09-24 17:39:53,205 ; PT3S                                                         ; DEBUG   ; Converted color: #f90005
2025-09-24 17:39:53,205 ; PT3S                                                         ; DEBUG   ; Converted color: #f90005
2025-09-24 17:39:53,205 ; PT3S                                                         ; DEBUG   ; Converted color: #0000ff
2025-09-24 17:39:53,205 ; PT3S                                                         ; DEBUG   ; Converted color: #ff0000
2025-09-24 17:39:53,205 ; PT3S                                                         ; DEBUG   ; Converted color: #ff0000
2025-09-24 17:39:53,205 ; PT3S                                                         ; DEBUG   ; Converted color: #0000ff
2025-09-24 17:39:53,205 ; PT3S                                                         ; DEBUG   ; Converted color: #ff0000
2025-09-24 17:39:53,205 ; PT3S                                                         ; DEBUG   ; Converted color: #ff0000
2025-09-24 17:39:53,205 ; PT3S                                                         ; DEBUG   ; Converted color: #ff0000
2025-09-24 17:39:53,205 ; PT3S                                                         ; DEBUG   ; Converted color: #0000ff
2025-09-24 17:39:53,205 ; PT3S                                                         ; DEBUG   ; Converted color: #0000ff
2025-09-24 17:39:53,205 ; PT3S                                                         ; DEBUG   ; Converted color: #ff0000
2025-09-24 17:39:53,205 ; PT3S                                                         ; DEBUG   ; Converted color: #f70007
2025-09-24 17:39:53,205 ; PT3S                                                         ; DEBUG   ; Converted color: #ff0000
2025-09-24 17:39:53,205 ; PT3S                                                         ; DEBUG   ; Converted color: #ff0000
2025-09-24 17:39:53,205 ; PT3S                                                         ; DEBUG   ; Converted color: #ff0000
2025-09-24 17:39:53,205 ; PT3S                                                         ; DEBUG   ; Converted color: #ff0000
2025-09-24 17:39:53,205 ; PT3S                                                         ; DEBUG   ; Converted color: #0000ff
2025-09-24 17:39:53,205 ; PT3S                                                         ; DEBUG   ; Converted color: #f90005
2025-09-24 17:39:53,205 ; PT3S                                                         ; DEBUG   ; Converted color: #f70007
2025-09-24 17:39:53,205 ; PT3S                                                         ; DEBUG   ; Converted color: #ff0000
2025-09-24 17:39:53,205 ; PT3S                                                         ; DEBUG   ; Converted color: #0000ff
2025-09-24 17:39:53,205 ; PT3S                                                         ; DEBUG   ; Converted color: #f70007
2025-09-24 17:39:53,205 ; PT3S                                                         ; DEBUG   ; Converted color: #0000ff
2025-09-24 17:39:53,205 ; PT3S                                                         ; DEBUG   ; Converted color: #f70007
2025-09-24 17:39:53,205 ; PT3S                                                         ; DEBUG   ; Converted color: #f90005
2025-09-24 17:39:53,205 ; PT3S                                                         ; DEBUG   ; Converted color: #f70007
2025-09-24 17:39:53,205 ; PT3S                                                         ; DEBUG   ; Converted color: #0000ff
2025-09-24 17:39:53,205 ; PT3S                                                         ; DEBUG   ; Converted color: #f90005
2025-09-24 17:39:53,205 ; PT3S                                                         ; DEBUG   ; Converted color: #ff0000
2025-09-24 17:39:53,205 ; PT3S                                                         ; DEBUG   ; Converted color: #fc0002
2025-09-24 17:39:53,205 ; PT3S                                                         ; DEBUG   ; Converted color: #0000ff
2025-09-24 17:39:53,205 ; PT3S                                                         ; DEBUG   ; Converted color: #f4000a
2025-09-24 17:39:53,205 ; PT3S                                                         ; DEBUG   ; Converted color: #ff0000
2025-09-24 17:39:53,205 ; PT3S                                                         ; DEBUG   ; Converted color: #f4000a
2025-09-24 17:39:53,205 ; PT3S                                                         ; DEBUG   ; Converted color: #0000ff
2025-09-24 17:39:53,205 ; PT3S                                                         ; DEBUG   ; Converted color: #0000ff
2025-09-24 17:39:53,205 ; PT3S                                                         ; DEBUG   ; Converted color: #ff0000
2025-09-24 17:39:53,205 ; PT3S                                                         ; DEBUG   ; Converted color: #5600a8
2025-09-24 17:39:53,205 ; PT3S                                                         ; DEBUG   ; Converted color: #ff0000
2025-09-24 17:39:53,214 ; PT3S                                                         ; DEBUG   ; Converted color: #f90005
2025-09-24 17:39:53,214 ; PT3S                                                         ; DEBUG   ; Converted color: #ff0000
2025-09-24 17:39:53,214 ; PT3S                                                         ; DEBUG   ; Converted color: #f90005
2025-09-24 17:39:53,214 ; PT3S                                                         ; DEBUG   ; Converted color: #0000ff
2025-09-24 17:39:53,214 ; PT3S                                                         ; DEBUG   ; Converted color: #ff0000
2025-09-24 17:39:53,214 ; PT3S                                                         ; DEBUG   ; Converted color: #0000ff
2025-09-24 17:39:53,214 ; PT3S                                                         ; DEBUG   ; Converted color: #f4000a
2025-09-24 17:39:53,214 ; PT3S                                                         ; DEBUG   ; Converted color: #0000ff
2025-09-24 17:39:53,214 ; PT3S                                                         ; DEBUG   ; Converted color: #f70007
2025-09-24 17:39:53,214 ; PT3S                                                         ; DEBUG   ; Converted color: #f4000a
2025-09-24 17:39:53,214 ; PT3S                                                         ; DEBUG   ; Converted color: #f90005
2025-09-24 17:39:53,214 ; PT3S                                                         ; DEBUG   ; Converted color: #0000ff
2025-09-24 17:39:53,214 ; PT3S                                                         ; DEBUG   ; Converted color: #ff0000
2025-09-24 17:39:53,214 ; PT3S                                                         ; DEBUG   ; Converted color: #0000ff
2025-09-24 17:39:53,216 ; PT3S                                                         ; DEBUG   ; Converted color: #ff0000
2025-09-24 17:39:53,216 ; PT3S                                                         ; DEBUG   ; Converted color: #f4000a
2025-09-24 17:39:53,216 ; PT3S                                                         ; DEBUG   ; Converted color: #ff0000
2025-09-24 17:39:53,216 ; PT3S                                                         ; DEBUG   ; Converted color: #0000ff
2025-09-24 17:39:53,216 ; PT3S                                                         ; DEBUG   ; Converted color: #0000ff
2025-09-24 17:39:53,216 ; PT3S                                                         ; DEBUG   ; Converted color: #0000ff
2025-09-24 17:39:53,216 ; PT3S                                                         ; DEBUG   ; Converted color: #f4000a
2025-09-24 17:39:53,216 ; PT3S                                                         ; DEBUG   ; Converted color: #0000ff
2025-09-24 17:39:53,218 ; PT3S                                                         ; DEBUG   ; Converted color: #ff0000
2025-09-24 17:39:53,218 ; PT3S                                                         ; DEBUG   ; Converted color: #0000ff
2025-09-24 17:39:53,219 ; PT3S                                                         ; DEBUG   ; Converted color: #ff0000
2025-09-24 17:39:53,219 ; PT3S                                                         ; DEBUG   ; Converted color: #f90005
2025-09-24 17:39:53,219 ; PT3S                                                         ; DEBUG   ; Converted color: #f70007
2025-09-24 17:39:53,219 ; PT3S                                                         ; DEBUG   ; Converted color: #dd0021
2025-09-24 17:39:53,220 ; PT3S                                                         ; DEBUG   ; Converted color: #82007c
2025-09-24 17:39:53,220 ; PT3S                                                         ; DEBUG   ; Converted color: #0000ff
2025-09-24 17:39:53,220 ; PT3S                                                         ; DEBUG   ; Converted color: #f70007
2025-09-24 17:39:53,220 ; PT3S                                                         ; DEBUG   ; Converted color: #0000ff
2025-09-24 17:39:53,220 ; PT3S                                                         ; DEBUG   ; Converted color: #ff0000
2025-09-24 17:39:53,220 ; PT3S                                                         ; DEBUG   ; Converted color: #ff0000
2025-09-24 17:39:53,220 ; PT3S                                                         ; DEBUG   ; Converted color: #ff0000
2025-09-24 17:39:53,220 ; PT3S                                                         ; DEBUG   ; Converted color: #ff0000
2025-09-24 17:39:53,221 ; PT3S                                                         ; DEBUG   ; Converted color: #0000ff
2025-09-24 17:39:53,221 ; PT3S                                                         ; DEBUG   ; Converted color: #f4000a
2025-09-24 17:39:53,221 ; PT3S                                                         ; DEBUG   ; Converted color: #0000ff
2025-09-24 17:39:53,221 ; PT3S                                                         ; DEBUG   ; Converted color: #0000ff
2025-09-24 17:39:53,221 ; PT3S                                                         ; DEBUG   ; Converted color: #82007c
2025-09-24 17:39:53,221 ; PT3S                                                         ; DEBUG   ; Converted color: #f70007
2025-09-24 17:39:53,222 ; PT3S                                                         ; DEBUG   ; Converted color: #ff0000
2025-09-24 17:39:53,222 ; PT3S                                                         ; DEBUG   ; Converted color: #5600a8
2025-09-24 17:39:53,222 ; PT3S                                                         ; DEBUG   ; Converted color: #f90005
2025-09-24 17:39:53,222 ; PT3S                                                         ; DEBUG   ; Converted color: #f70007
2025-09-24 17:39:53,222 ; PT3S                                                         ; DEBUG   ; Converted color: #0000ff
2025-09-24 17:39:53,223 ; PT3S                                                         ; DEBUG   ; Converted color: #0000ff
2025-09-24 17:39:53,223 ; PT3S                                                         ; DEBUG   ; Converted color: #f70007
2025-09-24 17:39:53,223 ; PT3S                                                         ; DEBUG   ; Converted color: #5600a8
2025-09-24 17:39:53,223 ; PT3S                                                         ; DEBUG   ; Converted color: #0000ff
2025-09-24 17:39:53,223 ; PT3S                                                         ; DEBUG   ; Converted color: #ff0000
2025-09-24 17:39:53,223 ; PT3S                                                         ; DEBUG   ; Converted color: #ff0000
2025-09-24 17:39:53,224 ; PT3S                                                         ; DEBUG   ; Converted color: #5600a8
2025-09-24 17:39:53,224 ; PT3S                                                         ; DEBUG   ; Converted color: #0000ff
2025-09-24 17:39:53,224 ; PT3S                                                         ; DEBUG   ; Converted color: #ff0000
2025-09-24 17:39:53,224 ; PT3S                                                         ; DEBUG   ; Converted color: #0000ff
2025-09-24 17:39:53,224 ; PT3S                                                         ; DEBUG   ; Converted color: #ff0000
2025-09-24 17:39:53,224 ; PT3S                                                         ; DEBUG   ; Converted color: #f4000a
2025-09-24 17:39:53,225 ; PT3S                                                         ; DEBUG   ; Converted color: #f4000a
2025-09-24 17:39:53,225 ; PT3S                                                         ; DEBUG   ; Converted color: #0000ff
2025-09-24 17:39:53,225 ; PT3S                                                         ; DEBUG   ; Converted color: #0000ff
2025-09-24 17:39:53,225 ; PT3S                                                         ; DEBUG   ; Converted color: #ff0000
2025-09-24 17:39:53,225 ; PT3S                                                         ; DEBUG   ; Converted color: #5600a8
2025-09-24 17:39:53,225 ; PT3S                                                         ; DEBUG   ; Converted color: #f4000a
2025-09-24 17:39:53,226 ; PT3S                                                         ; DEBUG   ; Converted color: #ff0000
2025-09-24 17:39:53,226 ; PT3S                                                         ; DEBUG   ; Converted color: #ff0000
2025-09-24 17:39:53,226 ; PT3S                                                         ; DEBUG   ; Converted color: #3a00c4
2025-09-24 17:39:53,226 ; PT3S                                                         ; DEBUG   ; Converted color: #ff0000
2025-09-24 17:39:53,226 ; PT3S                                                         ; DEBUG   ; Converted color: #ff0000
2025-09-24 17:39:53,227 ; PT3S                                                         ; DEBUG   ; Converted color: #f4000a
2025-09-24 17:39:53,227 ; PT3S                                                         ; DEBUG   ; Converted color: #0000ff
2025-09-24 17:39:53,227 ; PT3S                                                         ; DEBUG   ; Converted color: #0c00f2
2025-09-24 17:39:53,227 ; PT3S                                                         ; DEBUG   ; Converted color: #f4000a
2025-09-24 17:39:53,227 ; PT3S                                                         ; DEBUG   ; Converted color: #0000ff
2025-09-24 17:39:53,227 ; PT3S                                                         ; DEBUG   ; Converted color: #82007c
2025-09-24 17:39:53,228 ; PT3S                                                         ; DEBUG   ; Converted color: #0000ff
2025-09-24 17:39:53,228 ; PT3S                                                         ; DEBUG   ; Converted color: #f90005
2025-09-24 17:39:53,228 ; PT3S                                                         ; DEBUG   ; Converted color: #82007c
2025-09-24 17:39:53,228 ; PT3S                                                         ; DEBUG   ; Converted color: #af004f
2025-09-24 17:39:53,228 ; PT3S                                                         ; DEBUG   ; Converted color: #ff0000
2025-09-24 17:39:53,228 ; PT3S                                                         ; DEBUG   ; Converted color: #5600a8
2025-09-24 17:39:53,229 ; PT3S                                                         ; DEBUG   ; Converted color: #0000ff
2025-09-24 17:39:53,229 ; PT3S                                                         ; DEBUG   ; Converted color: #ff0000
2025-09-24 17:39:53,229 ; PT3S                                                         ; DEBUG   ; Converted color: #dd0021
2025-09-24 17:39:53,229 ; PT3S                                                         ; DEBUG   ; Converted color: #f90005
2025-09-24 17:39:53,229 ; PT3S                                                         ; DEBUG   ; Converted color: #0000ff
2025-09-24 17:39:53,229 ; PT3S                                                         ; DEBUG   ; Converted color: #0000ff
2025-09-24 17:39:53,230 ; PT3S                                                         ; DEBUG   ; Converted color: #ff0000
2025-09-24 17:39:53,230 ; PT3S                                                         ; DEBUG   ; Converted color: #0000ff
2025-09-24 17:39:53,230 ; PT3S                                                         ; DEBUG   ; Converted color: #ff0000
2025-09-24 17:39:53,230 ; PT3S                                                         ; DEBUG   ; Converted color: #0000ff
2025-09-24 17:39:53,230 ; PT3S                                                         ; DEBUG   ; Converted color: #f90005
2025-09-24 17:39:53,230 ; PT3S                                                         ; DEBUG   ; Converted color: #0000ff
2025-09-24 17:39:53,232 ; PT3S                                                         ; DEBUG   ; Converted color: #0000ff
2025-09-24 17:39:53,232 ; PT3S                                                         ; DEBUG   ; Converted color: #ff0000
2025-09-24 17:39:53,233 ; PT3S                                                         ; DEBUG   ; Converted color: #ff0000
2025-09-24 17:39:53,233 ; PT3S                                                         ; DEBUG   ; Converted color: #f4000a
2025-09-24 17:39:53,233 ; PT3S                                                         ; DEBUG   ; Converted color: #ff0000
2025-09-24 17:39:53,233 ; PT3S                                                         ; DEBUG   ; Converted color: #f4000a
2025-09-24 17:39:53,233 ; PT3S                                                         ; DEBUG   ; Converted color: #0000ff
2025-09-24 17:39:53,234 ; PT3S                                                         ; DEBUG   ; Converted color: #0000ff
2025-09-24 17:39:53,234 ; PT3S                                                         ; DEBUG   ; Converted color: #0000ff
2025-09-24 17:39:53,234 ; PT3S                                                         ; DEBUG   ; Converted color: #f4000a
2025-09-24 17:39:53,235 ; PT3S                                                         ; DEBUG   ; Converted color: #3a00c4
2025-09-24 17:39:53,235 ; PT3S                                                         ; DEBUG   ; Converted color: #ff0000
2025-09-24 17:39:53,235 ; PT3S                                                         ; DEBUG   ; Converted color: #f4000a
2025-09-24 17:39:53,235 ; PT3S                                                         ; DEBUG   ; Converted color: #82007c
2025-09-24 17:39:53,235 ; PT3S                                                         ; DEBUG   ; Converted color: #ff0000
2025-09-24 17:39:53,237 ; PT3S                                                         ; DEBUG   ; Converted color: #f90005
2025-09-24 17:39:53,237 ; PT3S                                                         ; DEBUG   ; Converted color: #0000ff
2025-09-24 17:39:53,237 ; PT3S                                                         ; DEBUG   ; Converted color: #0000ff
2025-09-24 17:39:53,237 ; PT3S                                                         ; DEBUG   ; Converted color: #ff0000
2025-09-24 17:39:53,237 ; PT3S                                                         ; DEBUG   ; Converted color: #0000ff
2025-09-24 17:39:53,238 ; PT3S                                                         ; DEBUG   ; Converted color: #f4000a
2025-09-24 17:39:53,238 ; PT3S                                                         ; DEBUG   ; Converted color: #ff0000
2025-09-24 17:39:53,238 ; PT3S                                                         ; DEBUG   ; Converted color: #ff0000
2025-09-24 17:39:53,238 ; PT3S                                                         ; DEBUG   ; Converted color: #0000ff
2025-09-24 17:39:53,238 ; PT3S                                                         ; DEBUG   ; Converted color: #f4000a
2025-09-24 17:39:53,238 ; PT3S                                                         ; DEBUG   ; Converted color: #ff0000
2025-09-24 17:39:53,239 ; PT3S                                                         ; DEBUG   ; Converted color: #ff0000
2025-09-24 17:39:53,239 ; PT3S                                                         ; DEBUG   ; Converted color: #ff0000
2025-09-24 17:39:53,239 ; PT3S                                                         ; DEBUG   ; Converted color: #f4000a
2025-09-24 17:39:53,239 ; PT3S                                                         ; DEBUG   ; Converted color: #f4000a
2025-09-24 17:39:53,239 ; PT3S                                                         ; DEBUG   ; Converted color: #f4000a
2025-09-24 17:39:53,240 ; PT3S                                                         ; DEBUG   ; Converted color: #f70007
2025-09-24 17:39:53,240 ; PT3S                                                         ; DEBUG   ; Converted color: #0000ff
2025-09-24 17:39:53,240 ; PT3S                                                         ; DEBUG   ; Converted color: #ff0000
2025-09-24 17:39:53,240 ; PT3S                                                         ; DEBUG   ; Converted color: #5600a8
2025-09-24 17:39:53,240 ; PT3S                                                         ; DEBUG   ; Converted color: #0000ff
2025-09-24 17:39:53,241 ; PT3S                                                         ; DEBUG   ; Converted color: #f4000a
2025-09-24 17:39:53,241 ; PT3S                                                         ; DEBUG   ; Converted color: #ff0000
2025-09-24 17:39:53,241 ; PT3S                                                         ; DEBUG   ; Converted color: #f4000a
2025-09-24 17:39:53,241 ; PT3S                                                         ; DEBUG   ; Converted color: #5600a8
2025-09-24 17:39:53,241 ; PT3S                                                         ; DEBUG   ; Converted color: #f4000a
2025-09-24 17:39:53,241 ; PT3S                                                         ; DEBUG   ; Converted color: #f90005
2025-09-24 17:39:53,242 ; PT3S                                                         ; DEBUG   ; Converted color: #0000ff
2025-09-24 17:39:53,242 ; PT3S                                                         ; DEBUG   ; Converted color: #0000ff
2025-09-24 17:39:53,242 ; PT3S                                                         ; DEBUG   ; Converted color: #ff0000
2025-09-24 17:39:53,243 ; PT3S                                                         ; DEBUG   ; Converted color: #0000ff
2025-09-24 17:39:53,243 ; PT3S                                                         ; DEBUG   ; Converted color: #ff0000
2025-09-24 17:39:53,243 ; PT3S                                                         ; DEBUG   ; Converted color: #0000ff
2025-09-24 17:39:53,243 ; PT3S                                                         ; DEBUG   ; Converted color: #4200bc
2025-09-24 17:39:53,243 ; PT3S                                                         ; DEBUG   ; Converted color: #0000ff
2025-09-24 17:39:53,243 ; PT3S                                                         ; DEBUG   ; Converted color: #0000ff
2025-09-24 17:39:53,244 ; PT3S                                                         ; DEBUG   ; Converted color: #f90005
2025-09-24 17:39:53,244 ; PT3S                                                         ; DEBUG   ; Converted color: #f90005
2025-09-24 17:39:53,244 ; PT3S                                                         ; DEBUG   ; Converted color: #ff0000
2025-09-24 17:39:53,244 ; PT3S                                                         ; DEBUG   ; Converted color: #ff0000
2025-09-24 17:39:53,244 ; PT3S                                                         ; DEBUG   ; Converted color: #f4000a
2025-09-24 17:39:53,244 ; PT3S                                                         ; DEBUG   ; Converted color: #ff0000
2025-09-24 17:39:53,245 ; PT3S                                                         ; DEBUG   ; Converted color: #5600a8
2025-09-24 17:39:53,245 ; PT3S                                                         ; DEBUG   ; Converted color: #f4000a
2025-09-24 17:39:53,245 ; PT3S                                                         ; DEBUG   ; Converted color: #0000ff
2025-09-24 17:39:53,245 ; PT3S                                                         ; DEBUG   ; Converted color: #ff0000
2025-09-24 17:39:53,245 ; PT3S                                                         ; DEBUG   ; Converted color: #ea0014
2025-09-24 17:39:53,245 ; PT3S                                                         ; DEBUG   ; Converted color: #ff0000
2025-09-24 17:39:53,246 ; PT3S                                                         ; DEBUG   ; Converted color: #0000ff
2025-09-24 17:39:53,246 ; PT3S                                                         ; DEBUG   ; Converted color: #0000ff
2025-09-24 17:39:53,246 ; PT3S                                                         ; DEBUG   ; Converted color: #5600a8
2025-09-24 17:39:53,246 ; PT3S                                                         ; DEBUG   ; Converted color: #ff0000
2025-09-24 17:39:53,246 ; PT3S                                                         ; DEBUG   ; Converted color: #dd0021
2025-09-24 17:39:53,246 ; PT3S                                                         ; DEBUG   ; Converted color: #0000ff
2025-09-24 17:39:53,247 ; PT3S                                                         ; DEBUG   ; Converted color: #0000ff
2025-09-24 17:39:53,247 ; PT3S                                                         ; DEBUG   ; Converted color: #f4000a
2025-09-24 17:39:53,247 ; PT3S                                                         ; DEBUG   ; Converted color: #0000ff
2025-09-24 17:39:53,247 ; PT3S                                                         ; DEBUG   ; Converted color: #ea0014
2025-09-24 17:39:53,247 ; PT3S                                                         ; DEBUG   ; Converted color: #5600a8
2025-09-24 17:39:53,247 ; PT3S                                                         ; DEBUG   ; Converted color: #3a00c4
2025-09-24 17:39:53,248 ; PT3S                                                         ; DEBUG   ; Converted color: #0000ff
2025-09-24 17:39:53,248 ; PT3S                                                         ; DEBUG   ; Converted color: #0000ff
2025-09-24 17:39:53,248 ; PT3S                                                         ; DEBUG   ; Converted color: #f4000a
2025-09-24 17:39:53,249 ; PT3S                                                         ; DEBUG   ; Converted color: #0000ff
2025-09-24 17:39:53,249 ; PT3S                                                         ; DEBUG   ; Converted color: #0000ff
2025-09-24 17:39:53,249 ; PT3S                                                         ; DEBUG   ; Converted color: #ff0000
2025-09-24 17:39:53,249 ; PT3S                                                         ; DEBUG   ; Converted color: #0000ff
2025-09-24 17:39:53,249 ; PT3S                                                         ; DEBUG   ; Converted color: #ff0000
2025-09-24 17:39:53,249 ; PT3S                                                         ; DEBUG   ; Converted color: #f70007
2025-09-24 17:39:53,250 ; PT3S                                                         ; DEBUG   ; Converted color: #4200bc
2025-09-24 17:39:53,250 ; PT3S                                                         ; DEBUG   ; Converted color: #ff0000
2025-09-24 17:39:53,250 ; PT3S                                                         ; DEBUG   ; Converted color: #ff0000
2025-09-24 17:39:53,250 ; PT3S                                                         ; DEBUG   ; Converted color: #0000ff
2025-09-24 17:39:53,250 ; PT3S                                                         ; DEBUG   ; Converted color: #0000ff
2025-09-24 17:39:53,250 ; PT3S                                                         ; DEBUG   ; Converted color: #5600a8
2025-09-24 17:39:53,251 ; PT3S                                                         ; DEBUG   ; Converted color: #f90005
2025-09-24 17:39:53,251 ; PT3S                                                         ; DEBUG   ; Converted color: #fc0002
2025-09-24 17:39:53,251 ; PT3S                                                         ; DEBUG   ; Converted color: #5600a8
2025-09-24 17:39:53,251 ; PT3S                                                         ; DEBUG   ; Converted color: #0000ff
2025-09-24 17:39:53,251 ; PT3S                                                         ; DEBUG   ; Converted color: #ff0000
2025-09-24 17:39:53,251 ; PT3S                                                         ; DEBUG   ; Converted color: #ff0000
2025-09-24 17:39:53,252 ; PT3S                                                         ; DEBUG   ; Converted color: #f90005
2025-09-24 17:39:53,252 ; PT3S                                                         ; DEBUG   ; Converted color: #f90005
2025-09-24 17:39:53,252 ; PT3S                                                         ; DEBUG   ; Converted color: #0000ff
2025-09-24 17:39:53,252 ; PT3S                                                         ; DEBUG   ; Converted color: #0000ff
2025-09-24 17:39:53,253 ; PT3S                                                         ; DEBUG   ; Converted color: #f4000a
2025-09-24 17:39:53,253 ; PT3S                                                         ; DEBUG   ; Converted color: #f70007
2025-09-24 17:39:53,253 ; PT3S                                                         ; DEBUG   ; Converted color: #0000ff
2025-09-24 17:39:53,253 ; PT3S                                                         ; DEBUG   ; Converted color: #f70007
2025-09-24 17:39:53,253 ; PT3S                                                         ; DEBUG   ; Converted color: #0000ff
2025-09-24 17:39:53,253 ; PT3S                                                         ; DEBUG   ; Converted color: #0000ff
2025-09-24 17:39:53,253 ; PT3S                                                         ; DEBUG   ; Converted color: #5600a8
2025-09-24 17:39:53,255 ; PT3S                                                         ; DEBUG   ; Converted color: #f4000a
2025-09-24 17:39:53,255 ; PT3S                                                         ; DEBUG   ; Converted color: #0000ff
2025-09-24 17:39:53,255 ; PT3S                                                         ; DEBUG   ; Converted color: #0000ff
2025-09-24 17:39:53,255 ; PT3S                                                         ; DEBUG   ; Converted color: #5600a8
2025-09-24 17:39:53,255 ; PT3S                                                         ; DEBUG   ; Converted color: #ff0000
2025-09-24 17:39:53,255 ; PT3S                                                         ; DEBUG   ; Converted color: #0000ff
2025-09-24 17:39:53,255 ; PT3S                                                         ; DEBUG   ; Converted color: #f90005
2025-09-24 17:39:53,255 ; PT3S                                                         ; DEBUG   ; Converted color: #f4000a
2025-09-24 17:39:53,255 ; PT3S                                                         ; DEBUG   ; Converted color: #0000ff
2025-09-24 17:39:53,255 ; PT3S                                                         ; DEBUG   ; Converted color: #5600a8
2025-09-24 17:39:53,256 ; PT3S                                                         ; DEBUG   ; Converted color: #0000ff
2025-09-24 17:39:53,256 ; PT3S                                                         ; DEBUG   ; Converted color: #ff0000
2025-09-24 17:39:53,256 ; PT3S                                                         ; DEBUG   ; Converted color: #f90005
2025-09-24 17:39:53,256 ; PT3S                                                         ; DEBUG   ; Converted color: #82007c
2025-09-24 17:39:53,256 ; PT3S                                                         ; DEBUG   ; Converted color: #0000ff
2025-09-24 17:39:53,257 ; PT3S                                                         ; DEBUG   ; Converted color: #ff0000
2025-09-24 17:39:53,257 ; PT3S                                                         ; DEBUG   ; Converted color: #0000ff
2025-09-24 17:39:53,257 ; PT3S                                                         ; DEBUG   ; Converted color: #5600a8
2025-09-24 17:39:53,257 ; PT3S                                                         ; DEBUG   ; Converted color: #5600a8
2025-09-24 17:39:53,258 ; PT3S                                                         ; DEBUG   ; Converted color: #ff0000
2025-09-24 17:39:53,258 ; PT3S                                                         ; DEBUG   ; Converted color: #5600a8
2025-09-24 17:39:53,258 ; PT3S                                                         ; DEBUG   ; Converted color: #ff0000
2025-09-24 17:39:53,258 ; PT3S                                                         ; DEBUG   ; Converted color: #0000ff
2025-09-24 17:39:53,258 ; PT3S                                                         ; DEBUG   ; Converted color: #ff0000
2025-09-24 17:39:53,258 ; PT3S                                                         ; DEBUG   ; Converted color: #ff0000
2025-09-24 17:39:53,259 ; PT3S                                                         ; DEBUG   ; Converted color: #d3002b
2025-09-24 17:39:53,259 ; PT3S                                                         ; DEBUG   ; Converted color: #82007c
2025-09-24 17:39:53,259 ; PT3S                                                         ; DEBUG   ; Converted color: #0000ff
2025-09-24 17:39:53,259 ; PT3S                                                         ; DEBUG   ; Converted color: #0000ff
2025-09-24 17:39:53,259 ; PT3S                                                         ; DEBUG   ; Converted color: #0000ff
2025-09-24 17:39:53,260 ; PT3S                                                         ; DEBUG   ; Converted color: #0000ff
2025-09-24 17:39:53,260 ; PT3S                                                         ; DEBUG   ; Converted color: #0000ff
2025-09-24 17:39:53,260 ; PT3S                                                         ; DEBUG   ; Converted color: #f4000a
2025-09-24 17:39:53,260 ; PT3S                                                         ; DEBUG   ; Converted color: #3a00c4
2025-09-24 17:39:53,260 ; PT3S                                                         ; DEBUG   ; Converted color: #0000ff
2025-09-24 17:39:53,260 ; PT3S                                                         ; DEBUG   ; Converted color: #ff0000
2025-09-24 17:39:53,261 ; PT3S                                                         ; DEBUG   ; Converted color: #0000ff
2025-09-24 17:39:53,261 ; PT3S                                                         ; DEBUG   ; Converted color: #dd0021
2025-09-24 17:39:53,261 ; PT3S                                                         ; DEBUG   ; Converted color: #0000ff
2025-09-24 17:39:53,261 ; PT3S                                                         ; DEBUG   ; Converted color: #ff0000
2025-09-24 17:39:53,261 ; PT3S                                                         ; DEBUG   ; Converted color: #f4000a
2025-09-24 17:39:53,261 ; PT3S                                                         ; DEBUG   ; Converted color: #0000ff
2025-09-24 17:39:53,262 ; PT3S                                                         ; DEBUG   ; Converted color: #ff0000
2025-09-24 17:39:53,262 ; PT3S                                                         ; DEBUG   ; Converted color: #0000ff
2025-09-24 17:39:53,262 ; PT3S                                                         ; DEBUG   ; Converted color: #5600a8
2025-09-24 17:39:53,262 ; PT3S                                                         ; DEBUG   ; Converted color: #c90035
2025-09-24 17:39:53,262 ; PT3S                                                         ; DEBUG   ; Converted color: #0000ff
2025-09-24 17:39:53,262 ; PT3S                                                         ; DEBUG   ; Converted color: #f4000a
2025-09-24 17:39:53,263 ; PT3S                                                         ; DEBUG   ; Converted color: #0000ff
2025-09-24 17:39:53,263 ; PT3S                                                         ; DEBUG   ; Converted color: #ff0000
2025-09-24 17:39:53,263 ; PT3S                                                         ; DEBUG   ; Converted color: #0000ff
2025-09-24 17:39:53,263 ; PT3S                                                         ; DEBUG   ; Converted color: #3a00c4
2025-09-24 17:39:53,263 ; PT3S                                                         ; DEBUG   ; Converted color: #5600a8
2025-09-24 17:39:53,264 ; PT3S                                                         ; DEBUG   ; Converted color: #ff0000
2025-09-24 17:39:53,264 ; PT3S                                                         ; DEBUG   ; Converted color: #ff0000
2025-09-24 17:39:53,264 ; PT3S                                                         ; DEBUG   ; Converted color: #ff0000
2025-09-24 17:39:53,264 ; PT3S                                                         ; DEBUG   ; Converted color: #ff0000
2025-09-24 17:39:53,264 ; PT3S                                                         ; DEBUG   ; Converted color: #0000ff
2025-09-24 17:39:53,264 ; PT3S                                                         ; DEBUG   ; Converted color: #f70007
2025-09-24 17:39:53,265 ; PT3S                                                         ; DEBUG   ; Converted color: #f90005
2025-09-24 17:39:53,265 ; PT3S                                                         ; DEBUG   ; Converted color: #ff0000
2025-09-24 17:39:53,265 ; PT3S                                                         ; DEBUG   ; Converted color: #0000ff
2025-09-24 17:39:53,265 ; PT3S                                                         ; DEBUG   ; Converted color: #0000ff
2025-09-24 17:39:53,265 ; PT3S                                                         ; DEBUG   ; Converted color: #f90005
2025-09-24 17:39:53,265 ; PT3S                                                         ; DEBUG   ; Converted color: #f70007
2025-09-24 17:39:53,266 ; PT3S                                                         ; DEBUG   ; Converted color: #dd0021
2025-09-24 17:39:53,266 ; PT3S                                                         ; DEBUG   ; Converted color: #0000ff
2025-09-24 17:39:53,266 ; PT3S                                                         ; DEBUG   ; Converted color: #ff0000
2025-09-24 17:39:53,266 ; PT3S                                                         ; DEBUG   ; Converted color: #ff0000
2025-09-24 17:39:53,266 ; PT3S                                                         ; DEBUG   ; Converted color: #0000ff
2025-09-24 17:39:53,266 ; PT3S                                                         ; DEBUG   ; Converted color: #dd0021
2025-09-24 17:39:53,266 ; PT3S                                                         ; DEBUG   ; Converted color: #4200bc
2025-09-24 17:39:53,266 ; PT3S                                                         ; DEBUG   ; Converted color: #0000ff
2025-09-24 17:39:53,266 ; PT3S                                                         ; DEBUG   ; Converted color: #ff0000
2025-09-24 17:39:53,266 ; PT3S                                                         ; DEBUG   ; Converted color: #5600a8
2025-09-24 17:39:53,268 ; PT3S                                                         ; DEBUG   ; Converted color: #ff0000
2025-09-24 17:39:53,268 ; PT3S                                                         ; DEBUG   ; Converted color: #f70007
2025-09-24 17:39:53,268 ; PT3S                                                         ; DEBUG   ; Converted color: #3a00c4
2025-09-24 17:39:53,268 ; PT3S                                                         ; DEBUG   ; Converted color: #f90005
2025-09-24 17:39:53,268 ; PT3S                                                         ; DEBUG   ; Converted color: #0000ff
2025-09-24 17:39:53,268 ; PT3S                                                         ; DEBUG   ; Converted color: #0000ff
2025-09-24 17:39:53,268 ; PT3S                                                         ; DEBUG   ; Converted color: #ff0000
2025-09-24 17:39:53,268 ; PT3S                                                         ; DEBUG   ; Converted color: #ff0000
2025-09-24 17:39:53,271 ; PT3S                                                         ; DEBUG   ; Converted color: #ff0000
2025-09-24 17:39:53,271 ; PT3S                                                         ; DEBUG   ; Converted color: #b50049
2025-09-24 17:39:53,271 ; PT3S                                                         ; DEBUG   ; Converted color: #ff0000
2025-09-24 17:39:53,271 ; PT3S                                                         ; DEBUG   ; Converted color: #ff0000
2025-09-24 17:39:53,271 ; PT3S                                                         ; DEBUG   ; Converted color: #82007c
2025-09-24 17:39:53,271 ; PT3S                                                         ; DEBUG   ; Converted color: #f4000a
2025-09-24 17:39:53,271 ; PT3S                                                         ; DEBUG   ; Converted color: #ff0000
2025-09-24 17:39:53,271 ; PT3S                                                         ; DEBUG   ; Converted color: #ff0000
2025-09-24 17:39:53,271 ; PT3S                                                         ; DEBUG   ; Converted color: #f90005
2025-09-24 17:39:53,271 ; PT3S                                                         ; DEBUG   ; Converted color: #ff0000
2025-09-24 17:39:53,271 ; PT3S                                                         ; DEBUG   ; Converted color: #f90005
2025-09-24 17:39:53,271 ; PT3S                                                         ; DEBUG   ; Converted color: #ff0000
2025-09-24 17:39:53,271 ; PT3S                                                         ; DEBUG   ; Converted color: #ff0000
2025-09-24 17:39:53,271 ; PT3S                                                         ; DEBUG   ; Converted color: #ff0000
2025-09-24 17:39:53,271 ; PT3S                                                         ; DEBUG   ; Converted color: #f4000a
2025-09-24 17:39:53,271 ; PT3S                                                         ; DEBUG   ; Converted color: #dd0021
2025-09-24 17:39:53,271 ; PT3S                                                         ; DEBUG   ; Converted color: #5600a8
2025-09-24 17:39:53,271 ; PT3S                                                         ; DEBUG   ; Converted color: #ff0000
2025-09-24 17:39:53,271 ; PT3S                                                         ; DEBUG   ; Converted color: #ff0000
2025-09-24 17:39:53,271 ; PT3S                                                         ; DEBUG   ; Converted color: #f90005
2025-09-24 17:39:53,271 ; PT3S                                                         ; DEBUG   ; Converted color: #ff0000
2025-09-24 17:39:53,271 ; PT3S                                                         ; DEBUG   ; Converted color: #ff0000
2025-09-24 17:39:53,271 ; PT3S                                                         ; DEBUG   ; Converted color: #f90005
2025-09-24 17:39:53,271 ; PT3S                                                         ; DEBUG   ; Converted color: #af004f
2025-09-24 17:39:53,271 ; PT3S                                                         ; DEBUG   ; Converted color: #0000ff
2025-09-24 17:39:53,271 ; PT3S                                                         ; DEBUG   ; Converted color: #ff0000
2025-09-24 17:39:53,271 ; PT3S                                                         ; DEBUG   ; Converted color: #af004f
2025-09-24 17:39:53,271 ; PT3S                                                         ; DEBUG   ; Converted color: #0000ff
2025-09-24 17:39:53,271 ; PT3S                                                         ; DEBUG   ; Converted color: #ff0000
2025-09-24 17:39:53,271 ; PT3S                                                         ; DEBUG   ; Converted color: #ff0000
2025-09-24 17:39:53,271 ; PT3S                                                         ; DEBUG   ; Converted color: #5600a8
2025-09-24 17:39:53,271 ; PT3S                                                         ; DEBUG   ; Converted color: #b50049
2025-09-24 17:39:53,271 ; PT3S                                                         ; DEBUG   ; Converted color: #0000ff
2025-09-24 17:39:53,271 ; PT3S                                                         ; DEBUG   ; Converted color: #ff0000
2025-09-24 17:39:53,271 ; PT3S                                                         ; DEBUG   ; Converted color: #f4000a
2025-09-24 17:39:53,271 ; PT3S                                                         ; DEBUG   ; Converted color: #ff0000
2025-09-24 17:39:53,271 ; PT3S                                                         ; DEBUG   ; Converted color: #0000ff
2025-09-24 17:39:53,271 ; PT3S                                                         ; DEBUG   ; Converted color: #f90005
2025-09-24 17:39:53,271 ; PT3S                                                         ; DEBUG   ; Converted color: #0000ff
2025-09-24 17:39:53,271 ; PT3S                                                         ; DEBUG   ; Converted color: #ff0000
2025-09-24 17:39:53,271 ; PT3S                                                         ; DEBUG   ; Converted color: #0000ff
2025-09-24 17:39:53,271 ; PT3S                                                         ; DEBUG   ; Converted color: #ff0000
2025-09-24 17:39:53,271 ; PT3S                                                         ; DEBUG   ; Converted color: #5600a8
2025-09-24 17:39:53,271 ; PT3S                                                         ; DEBUG   ; Converted color: #ff0000
2025-09-24 17:39:53,271 ; PT3S                                                         ; DEBUG   ; Converted color: #0000ff
2025-09-24 17:39:53,271 ; PT3S                                                         ; DEBUG   ; Converted color: #5600a8
2025-09-24 17:39:53,271 ; PT3S                                                         ; DEBUG   ; Converted color: #f90005
2025-09-24 17:39:53,271 ; PT3S                                                         ; DEBUG   ; Converted color: #f70007
2025-09-24 17:39:53,271 ; PT3S                                                         ; DEBUG   ; Converted color: #f70007
2025-09-24 17:39:53,271 ; PT3S                                                         ; DEBUG   ; Converted color: #f90005
2025-09-24 17:39:53,271 ; PT3S                                                         ; DEBUG   ; Converted color: #0000ff
2025-09-24 17:39:53,271 ; PT3S                                                         ; DEBUG   ; Converted color: #0000ff
2025-09-24 17:39:53,271 ; PT3S                                                         ; DEBUG   ; Converted color: #ff0000
2025-09-24 17:39:53,271 ; PT3S                                                         ; DEBUG   ; Converted color: #f70007
2025-09-24 17:39:53,271 ; PT3S                                                         ; DEBUG   ; Converted color: #0000ff
2025-09-24 17:39:53,271 ; PT3S                                                         ; DEBUG   ; Converted color: #ff0000
2025-09-24 17:39:53,271 ; PT3S                                                         ; DEBUG   ; Converted color: #dd0021
2025-09-24 17:39:53,282 ; PT3S                                                         ; DEBUG   ; Converted color: #fc0002
2025-09-24 17:39:53,282 ; PT3S                                                         ; DEBUG   ; Converted color: #5600a8
2025-09-24 17:39:53,282 ; PT3S                                                         ; DEBUG   ; Converted color: #ff0000
2025-09-24 17:39:53,282 ; PT3S                                                         ; DEBUG   ; Converted color: #c1003d
2025-09-24 17:39:53,282 ; PT3S                                                         ; DEBUG   ; Converted color: #5600a8
2025-09-24 17:39:53,282 ; PT3S                                                         ; DEBUG   ; Converted color: #af004f
2025-09-24 17:39:53,282 ; PT3S                                                         ; DEBUG   ; Converted color: #f4000a
2025-09-24 17:39:53,282 ; PT3S                                                         ; DEBUG   ; Converted color: #0000ff
2025-09-24 17:39:53,282 ; PT3S                                                         ; DEBUG   ; Converted color: #0000ff
2025-09-24 17:39:53,282 ; PT3S                                                         ; DEBUG   ; Converted color: #dd0021
2025-09-24 17:39:53,282 ; PT3S                                                         ; DEBUG   ; Converted color: #ff0000
2025-09-24 17:39:53,282 ; PT3S                                                         ; DEBUG   ; Converted color: #f4000a
2025-09-24 17:39:53,282 ; PT3S                                                         ; DEBUG   ; Converted color: #f4000a
2025-09-24 17:39:53,282 ; PT3S                                                         ; DEBUG   ; Converted color: #ff0000
2025-09-24 17:39:53,285 ; PT3S                                                         ; DEBUG   ; Converted color: #5600a8
2025-09-24 17:39:53,286 ; PT3S                                                         ; DEBUG   ; Converted color: #ff0000
2025-09-24 17:39:53,286 ; PT3S                                                         ; DEBUG   ; Converted color: #5600a8
2025-09-24 17:39:53,286 ; PT3S                                                         ; DEBUG   ; Converted color: #ff0000
2025-09-24 17:39:53,286 ; PT3S                                                         ; DEBUG   ; Converted color: #ff0000
2025-09-24 17:39:53,286 ; PT3S                                                         ; DEBUG   ; Converted color: #0000ff
2025-09-24 17:39:53,287 ; PT3S                                                         ; DEBUG   ; Converted color: #ff0000
2025-09-24 17:39:53,287 ; PT3S                                                         ; DEBUG   ; Converted color: #ff0000
2025-09-24 17:39:53,287 ; PT3S                                                         ; DEBUG   ; Converted color: #f90005
2025-09-24 17:39:53,288 ; PT3S                                                         ; DEBUG   ; Converted color: #f4000a
2025-09-24 17:39:53,288 ; PT3S                                                         ; DEBUG   ; Converted color: #0000ff
2025-09-24 17:39:53,288 ; PT3S                                                         ; DEBUG   ; Converted color: #ff0000
2025-09-24 17:39:53,288 ; PT3S                                                         ; DEBUG   ; Converted color: #5600a8
2025-09-24 17:39:53,288 ; PT3S                                                         ; DEBUG   ; Converted color: #f4000a
2025-09-24 17:39:53,288 ; PT3S                                                         ; DEBUG   ; Converted color: #0000ff
2025-09-24 17:39:53,289 ; PT3S                                                         ; DEBUG   ; Converted color: #0000ff
2025-09-24 17:39:53,289 ; PT3S                                                         ; DEBUG   ; Converted color: #ff0000
2025-09-24 17:39:53,289 ; PT3S                                                         ; DEBUG   ; Converted color: #0000ff
2025-09-24 17:39:53,289 ; PT3S                                                         ; DEBUG   ; Converted color: #fc0002
2025-09-24 17:39:53,290 ; PT3S                                                         ; DEBUG   ; Converted color: #0000ff
2025-09-24 17:39:53,290 ; PT3S                                                         ; DEBUG   ; Converted color: #dd0021
2025-09-24 17:39:53,290 ; PT3S                                                         ; DEBUG   ; Converted color: #0000ff
2025-09-24 17:39:53,290 ; PT3S                                                         ; DEBUG   ; Converted color: #0000ff
2025-09-24 17:39:53,290 ; PT3S                                                         ; DEBUG   ; Converted color: #5600a8
2025-09-24 17:39:53,291 ; PT3S                                                         ; DEBUG   ; Converted color: #0000ff
2025-09-24 17:39:53,291 ; PT3S                                                         ; DEBUG   ; Converted color: #ff0000
2025-09-24 17:39:53,291 ; PT3S                                                         ; DEBUG   ; Converted color: #f4000a
2025-09-24 17:39:53,291 ; PT3S                                                         ; DEBUG   ; Converted color: #c90035
2025-09-24 17:39:53,291 ; PT3S                                                         ; DEBUG   ; Converted color: #0000ff
2025-09-24 17:39:53,291 ; PT3S                                                         ; DEBUG   ; Converted color: #0000ff
2025-09-24 17:39:53,292 ; PT3S                                                         ; DEBUG   ; Converted color: #ff0000
2025-09-24 17:39:53,292 ; PT3S                                                         ; DEBUG   ; Converted color: #5600a8
2025-09-24 17:39:53,292 ; PT3S                                                         ; DEBUG   ; Converted color: #ff0000
2025-09-24 17:39:53,293 ; PT3S                                                         ; DEBUG   ; Converted color: #5600a8
2025-09-24 17:39:53,293 ; PT3S                                                         ; DEBUG   ; Converted color: #ff0000
2025-09-24 17:39:53,293 ; PT3S                                                         ; DEBUG   ; Converted color: #0000ff
2025-09-24 17:39:53,293 ; PT3S                                                         ; DEBUG   ; Converted color: #0000ff
2025-09-24 17:39:53,293 ; PT3S                                                         ; DEBUG   ; Converted color: #f4000a
2025-09-24 17:39:53,293 ; PT3S                                                         ; DEBUG   ; Converted color: #ff0000
2025-09-24 17:39:53,294 ; PT3S                                                         ; DEBUG   ; Converted color: #0000ff
2025-09-24 17:39:53,294 ; PT3S                                                         ; DEBUG   ; Converted color: #f4000a
2025-09-24 17:39:53,294 ; PT3S                                                         ; DEBUG   ; Converted color: #f70007
2025-09-24 17:39:53,294 ; PT3S                                                         ; DEBUG   ; Converted color: #f4000a
2025-09-24 17:39:53,294 ; PT3S                                                         ; DEBUG   ; Converted color: #0000ff
2025-09-24 17:39:53,294 ; PT3S                                                         ; DEBUG   ; Converted color: #0000ff
2025-09-24 17:39:53,295 ; PT3S                                                         ; DEBUG   ; Converted color: #0000ff
2025-09-24 17:39:53,295 ; PT3S                                                         ; DEBUG   ; Converted color: #ff0000
2025-09-24 17:39:53,295 ; PT3S                                                         ; DEBUG   ; Converted color: #ff0000
2025-09-24 17:39:53,295 ; PT3S                                                         ; DEBUG   ; Converted color: #0000ff
2025-09-24 17:39:53,295 ; PT3S                                                         ; DEBUG   ; Converted color: #f4000a
2025-09-24 17:39:53,295 ; PT3S                                                         ; DEBUG   ; Converted color: #ff0000
2025-09-24 17:39:53,296 ; PT3S                                                         ; DEBUG   ; Converted color: #f4000a
2025-09-24 17:39:53,296 ; PT3S                                                         ; DEBUG   ; Converted color: #f4000a
2025-09-24 17:39:53,296 ; PT3S                                                         ; DEBUG   ; Converted color: #ff0000
2025-09-24 17:39:53,296 ; PT3S                                                         ; DEBUG   ; Converted color: #f90005
2025-09-24 17:39:53,296 ; PT3S                                                         ; DEBUG   ; Converted color: #f4000a
2025-09-24 17:39:53,296 ; PT3S                                                         ; DEBUG   ; Converted color: #ff0000
2025-09-24 17:39:53,297 ; PT3S                                                         ; DEBUG   ; Converted color: #dd0021
2025-09-24 17:39:53,297 ; PT3S                                                         ; DEBUG   ; Converted color: #0000ff
2025-09-24 17:39:53,297 ; PT3S                                                         ; DEBUG   ; Converted color: #f90005
2025-09-24 17:39:53,297 ; PT3S                                                         ; DEBUG   ; Converted color: #5600a8
2025-09-24 17:39:53,297 ; PT3S                                                         ; DEBUG   ; Converted color: #0000ff
2025-09-24 17:39:53,297 ; PT3S                                                         ; DEBUG   ; Converted color: #5600a8
2025-09-24 17:39:53,298 ; PT3S                                                         ; DEBUG   ; Converted color: #0000ff
2025-09-24 17:39:53,298 ; PT3S                                                         ; DEBUG   ; Converted color: #ff0000
2025-09-24 17:39:53,298 ; PT3S                                                         ; DEBUG   ; Converted color: #ff0000
2025-09-24 17:39:53,298 ; PT3S                                                         ; DEBUG   ; Converted color: #f90005
2025-09-24 17:39:53,298 ; PT3S                                                         ; DEBUG   ; Converted color: #ff0000
2025-09-24 17:39:53,298 ; PT3S                                                         ; DEBUG   ; Converted color: #ff0000
2025-09-24 17:39:53,299 ; PT3S                                                         ; DEBUG   ; Converted color: #0000ff
2025-09-24 17:39:53,299 ; PT3S                                                         ; DEBUG   ; Converted color: #ff0000
2025-09-24 17:39:53,299 ; PT3S                                                         ; DEBUG   ; Converted color: #ff0000
2025-09-24 17:39:53,299 ; PT3S                                                         ; DEBUG   ; Converted color: #0000ff
2025-09-24 17:39:53,299 ; PT3S                                                         ; DEBUG   ; Converted color: #f90005
2025-09-24 17:39:53,299 ; PT3S                                                         ; DEBUG   ; Converted color: #0000ff
2025-09-24 17:39:53,300 ; PT3S                                                         ; DEBUG   ; Converted color: #ff0000
2025-09-24 17:39:53,300 ; PT3S                                                         ; DEBUG   ; Converted color: #ff0000
2025-09-24 17:39:53,300 ; PT3S                                                         ; DEBUG   ; Converted color: #0000ff
2025-09-24 17:39:53,300 ; PT3S                                                         ; DEBUG   ; Converted color: #3a00c4
2025-09-24 17:39:53,300 ; PT3S                                                         ; DEBUG   ; Converted color: #0000ff
2025-09-24 17:39:53,300 ; PT3S                                                         ; DEBUG   ; Converted color: #f90005
2025-09-24 17:39:53,301 ; PT3S                                                         ; DEBUG   ; Converted color: #0000ff
2025-09-24 17:39:53,301 ; PT3S                                                         ; DEBUG   ; Converted color: #0000ff
2025-09-24 17:39:53,301 ; PT3S                                                         ; DEBUG   ; Converted color: #0000ff
2025-09-24 17:39:53,301 ; PT3S                                                         ; DEBUG   ; Converted color: #ff0000
2025-09-24 17:39:53,302 ; PT3S                                                         ; DEBUG   ; Converted color: #0000ff
2025-09-24 17:39:53,302 ; PT3S                                                         ; DEBUG   ; Converted color: #ff0000
2025-09-24 17:39:53,302 ; PT3S                                                         ; DEBUG   ; Converted color: #0000ff
2025-09-24 17:39:53,302 ; PT3S                                                         ; DEBUG   ; Converted color: #ff0000
2025-09-24 17:39:53,302 ; PT3S                                                         ; DEBUG   ; Converted color: #f4000a
2025-09-24 17:39:53,302 ; PT3S                                                         ; DEBUG   ; Converted color: #f90005
2025-09-24 17:39:53,304 ; PT3S                                                         ; DEBUG   ; Converted color: #ff0000
2025-09-24 17:39:53,304 ; PT3S                                                         ; DEBUG   ; Converted color: #ff0000
2025-09-24 17:39:53,304 ; PT3S                                                         ; DEBUG   ; Converted color: #f4000a
2025-09-24 17:39:54,128 ; PT3S                                                         ; DEBUG   ; Converted color: #ff0000
2025-09-24 17:39:54,128 ; PT3S                                                         ; DEBUG   ; Converted color: #0000ff
2025-09-24 17:39:56,235 ; matplotlib.backends.backend_pdf                              ; DEBUG   ; Assigning font /F1 = 'C:\\Users\\jablonski\\AppData\\Local\\anaconda3\\Lib\\site-packages\\matplotlib\\mpl-data\\fonts\\ttf\\DejaVuSans.ttf'
2025-09-24 17:39:56,235 ; matplotlib.backends.backend_pdf                              ; DEBUG   ; Embedding font C:\Users\jablonski\AppData\Local\anaconda3\Lib\site-packages\matplotlib\mpl-data\fonts\ttf\DejaVuSans.ttf.
2025-09-24 17:39:56,235 ; matplotlib.backends.backend_pdf                              ; DEBUG   ; Writing TrueType font.
2025-09-24 17:39:58,286 ; PT3S                                                         ; DEBUG   ; PT3S.ncd.plot_src_spectrum: Start.
2025-09-24 17:39:58,325 ; PT3S                                                         ; DEBUG   ; Converted color: #f4000a
2025-09-24 17:39:58,326 ; PT3S                                                         ; DEBUG   ; Converted color: #0000ff
2025-09-24 17:39:58,326 ; PT3S                                                         ; DEBUG   ; Converted color: #f70007
2025-09-24 17:39:58,326 ; PT3S                                                         ; DEBUG   ; Converted color: #ff0000
2025-09-24 17:39:58,326 ; PT3S                                                         ; DEBUG   ; Converted color: #ff0000
2025-09-24 17:39:58,327 ; PT3S                                                         ; DEBUG   ; Converted color: #ff0000
2025-09-24 17:39:58,327 ; PT3S                                                         ; DEBUG   ; Converted color: #f90005
2025-09-24 17:39:58,327 ; PT3S                                                         ; DEBUG   ; Converted color: #5600a8
2025-09-24 17:39:58,327 ; PT3S                                                         ; DEBUG   ; Converted color: #ff0000
2025-09-24 17:39:58,328 ; PT3S                                                         ; DEBUG   ; Converted color: #ff0000
2025-09-24 17:39:58,328 ; PT3S                                                         ; DEBUG   ; Converted color: #ff0000
2025-09-24 17:39:58,328 ; PT3S                                                         ; DEBUG   ; Converted color: #ff0000
2025-09-24 17:39:58,328 ; PT3S                                                         ; DEBUG   ; Converted color: #ff0000
2025-09-24 17:39:58,329 ; PT3S                                                         ; DEBUG   ; Converted color: #5600a8
2025-09-24 17:39:58,329 ; PT3S                                                         ; DEBUG   ; Converted color: #ff0000
2025-09-24 17:39:58,330 ; PT3S                                                         ; DEBUG   ; Converted color: #ff0000
2025-09-24 17:39:58,330 ; PT3S                                                         ; DEBUG   ; Converted color: #ff0000
2025-09-24 17:39:58,330 ; PT3S                                                         ; DEBUG   ; Converted color: #0000ff
2025-09-24 17:39:58,330 ; PT3S                                                         ; DEBUG   ; Converted color: #f4000a
2025-09-24 17:39:58,331 ; PT3S                                                         ; DEBUG   ; Converted color: #0000ff
2025-09-24 17:39:58,331 ; PT3S                                                         ; DEBUG   ; Converted color: #0000ff
2025-09-24 17:39:58,331 ; PT3S                                                         ; DEBUG   ; Converted color: #ea0014
2025-09-24 17:39:58,332 ; PT3S                                                         ; DEBUG   ; Converted color: #ff0000
2025-09-24 17:39:58,332 ; PT3S                                                         ; DEBUG   ; Converted color: #ff0000
2025-09-24 17:39:58,332 ; PT3S                                                         ; DEBUG   ; Converted color: #0000ff
2025-09-24 17:39:58,332 ; PT3S                                                         ; DEBUG   ; Converted color: #0000ff
2025-09-24 17:39:58,333 ; PT3S                                                         ; DEBUG   ; Converted color: #f90005
2025-09-24 17:39:58,333 ; PT3S                                                         ; DEBUG   ; Converted color: #f4000a
2025-09-24 17:39:58,333 ; PT3S                                                         ; DEBUG   ; Converted color: #ff0000
2025-09-24 17:39:58,334 ; PT3S                                                         ; DEBUG   ; Converted color: #0000ff
2025-09-24 17:39:58,334 ; PT3S                                                         ; DEBUG   ; Converted color: #b50049
2025-09-24 17:39:58,336 ; PT3S                                                         ; DEBUG   ; Converted color: #5600a8
2025-09-24 17:39:58,336 ; PT3S                                                         ; DEBUG   ; Converted color: #82007c
2025-09-24 17:39:58,336 ; PT3S                                                         ; DEBUG   ; Converted color: #0000ff
2025-09-24 17:39:58,337 ; PT3S                                                         ; DEBUG   ; Converted color: #f4000a
2025-09-24 17:39:58,337 ; PT3S                                                         ; DEBUG   ; Converted color: #5600a8
2025-09-24 17:39:58,338 ; PT3S                                                         ; DEBUG   ; Converted color: #ff0000
2025-09-24 17:39:58,338 ; PT3S                                                         ; DEBUG   ; Converted color: #f90005
2025-09-24 17:39:58,339 ; PT3S                                                         ; DEBUG   ; Converted color: #ff0000
2025-09-24 17:39:58,339 ; PT3S                                                         ; DEBUG   ; Converted color: #0000ff
2025-09-24 17:39:58,339 ; PT3S                                                         ; DEBUG   ; Converted color: #f70007
2025-09-24 17:39:58,340 ; PT3S                                                         ; DEBUG   ; Converted color: #0000ff
2025-09-24 17:39:58,341 ; PT3S                                                         ; DEBUG   ; Converted color: #0000ff
2025-09-24 17:39:58,341 ; PT3S                                                         ; DEBUG   ; Converted color: #ff0000
2025-09-24 17:39:58,341 ; PT3S                                                         ; DEBUG   ; Converted color: #ff0000
2025-09-24 17:39:58,342 ; PT3S                                                         ; DEBUG   ; Converted color: #0000ff
2025-09-24 17:39:58,342 ; PT3S                                                         ; DEBUG   ; Converted color: #ff0000
2025-09-24 17:39:58,343 ; PT3S                                                         ; DEBUG   ; Converted color: #ff0000
2025-09-24 17:39:58,343 ; PT3S                                                         ; DEBUG   ; Converted color: #0000ff
2025-09-24 17:39:58,343 ; PT3S                                                         ; DEBUG   ; Converted color: #f90005
2025-09-24 17:39:58,343 ; PT3S                                                         ; DEBUG   ; Converted color: #0000ff
2025-09-24 17:39:58,343 ; PT3S                                                         ; DEBUG   ; Converted color: #f90005
2025-09-24 17:39:58,343 ; PT3S                                                         ; DEBUG   ; Converted color: #f90005
2025-09-24 17:39:58,343 ; PT3S                                                         ; DEBUG   ; Converted color: #0000ff
2025-09-24 17:39:58,343 ; PT3S                                                         ; DEBUG   ; Converted color: #0000ff
2025-09-24 17:39:58,349 ; PT3S                                                         ; DEBUG   ; Converted color: #0000ff
2025-09-24 17:39:58,349 ; PT3S                                                         ; DEBUG   ; Converted color: #f4000a
2025-09-24 17:39:58,350 ; PT3S                                                         ; DEBUG   ; Converted color: #ff0000
2025-09-24 17:39:58,350 ; PT3S                                                         ; DEBUG   ; Converted color: #ff0000
2025-09-24 17:39:58,350 ; PT3S                                                         ; DEBUG   ; Converted color: #0000ff
2025-09-24 17:39:58,350 ; PT3S                                                         ; DEBUG   ; Converted color: #ff0000
2025-09-24 17:39:58,350 ; PT3S                                                         ; DEBUG   ; Converted color: #ff0000
2025-09-24 17:39:58,352 ; PT3S                                                         ; DEBUG   ; Converted color: #0000ff
2025-09-24 17:39:58,352 ; PT3S                                                         ; DEBUG   ; Converted color: #0000ff
2025-09-24 17:39:58,353 ; PT3S                                                         ; DEBUG   ; Converted color: #f70007
2025-09-24 17:39:58,353 ; PT3S                                                         ; DEBUG   ; Converted color: #f90005
2025-09-24 17:39:58,353 ; PT3S                                                         ; DEBUG   ; Converted color: #ff0000
2025-09-24 17:39:58,354 ; PT3S                                                         ; DEBUG   ; Converted color: #ff0000
2025-09-24 17:39:58,354 ; PT3S                                                         ; DEBUG   ; Converted color: #f90005
2025-09-24 17:39:58,354 ; PT3S                                                         ; DEBUG   ; Converted color: #dd0021
2025-09-24 17:39:58,356 ; PT3S                                                         ; DEBUG   ; Converted color: #0000ff
2025-09-24 17:39:58,356 ; PT3S                                                         ; DEBUG   ; Converted color: #0000ff
2025-09-24 17:39:58,356 ; PT3S                                                         ; DEBUG   ; Converted color: #0000ff
2025-09-24 17:39:58,357 ; PT3S                                                         ; DEBUG   ; Converted color: #0000ff
2025-09-24 17:39:58,357 ; PT3S                                                         ; DEBUG   ; Converted color: #ff0000
2025-09-24 17:39:58,357 ; PT3S                                                         ; DEBUG   ; Converted color: #f4000a
2025-09-24 17:39:58,358 ; PT3S                                                         ; DEBUG   ; Converted color: #f4000a
2025-09-24 17:39:58,358 ; PT3S                                                         ; DEBUG   ; Converted color: #f4000a
2025-09-24 17:39:58,359 ; PT3S                                                         ; DEBUG   ; Converted color: #ff0000
2025-09-24 17:39:58,360 ; PT3S                                                         ; DEBUG   ; Converted color: #0000ff
2025-09-24 17:39:58,361 ; PT3S                                                         ; DEBUG   ; Converted color: #ff0000
2025-09-24 17:39:58,361 ; PT3S                                                         ; DEBUG   ; Converted color: #0000ff
2025-09-24 17:39:58,362 ; PT3S                                                         ; DEBUG   ; Converted color: #dd0021
2025-09-24 17:39:58,362 ; PT3S                                                         ; DEBUG   ; Converted color: #ff0000
2025-09-24 17:39:58,363 ; PT3S                                                         ; DEBUG   ; Converted color: #ff0000
2025-09-24 17:39:58,363 ; PT3S                                                         ; DEBUG   ; Converted color: #0000ff
2025-09-24 17:39:58,363 ; PT3S                                                         ; DEBUG   ; Converted color: #0000ff
2025-09-24 17:39:58,365 ; PT3S                                                         ; DEBUG   ; Converted color: #0000ff
2025-09-24 17:39:58,365 ; PT3S                                                         ; DEBUG   ; Converted color: #0000ff
2025-09-24 17:39:58,365 ; PT3S                                                         ; DEBUG   ; Converted color: #f90005
2025-09-24 17:39:58,366 ; PT3S                                                         ; DEBUG   ; Converted color: #0c00f2
2025-09-24 17:39:58,366 ; PT3S                                                         ; DEBUG   ; Converted color: #ff0000
2025-09-24 17:39:58,366 ; PT3S                                                         ; DEBUG   ; Converted color: #f90005
2025-09-24 17:39:58,367 ; PT3S                                                         ; DEBUG   ; Converted color: #82007c
2025-09-24 17:39:58,367 ; PT3S                                                         ; DEBUG   ; Converted color: #f4000a
2025-09-24 17:39:58,367 ; PT3S                                                         ; DEBUG   ; Converted color: #ff0000
2025-09-24 17:39:58,367 ; PT3S                                                         ; DEBUG   ; Converted color: #0000ff
2025-09-24 17:39:58,369 ; PT3S                                                         ; DEBUG   ; Converted color: #ff0000
2025-09-24 17:39:58,369 ; PT3S                                                         ; DEBUG   ; Converted color: #0000ff
2025-09-24 17:39:58,369 ; PT3S                                                         ; DEBUG   ; Converted color: #ff0000
2025-09-24 17:39:58,370 ; PT3S                                                         ; DEBUG   ; Converted color: #5600a8
2025-09-24 17:39:58,371 ; PT3S                                                         ; DEBUG   ; Converted color: #ff0000
2025-09-24 17:39:58,371 ; PT3S                                                         ; DEBUG   ; Converted color: #5600a8
2025-09-24 17:39:58,371 ; PT3S                                                         ; DEBUG   ; Converted color: #ff0000
2025-09-24 17:39:58,372 ; PT3S                                                         ; DEBUG   ; Converted color: #f90005
2025-09-24 17:39:58,372 ; PT3S                                                         ; DEBUG   ; Converted color: #ff0000
2025-09-24 17:39:58,372 ; PT3S                                                         ; DEBUG   ; Converted color: #f4000a
2025-09-24 17:39:58,373 ; PT3S                                                         ; DEBUG   ; Converted color: #f4000a
2025-09-24 17:39:58,373 ; PT3S                                                         ; DEBUG   ; Converted color: #ff0000
2025-09-24 17:39:58,373 ; PT3S                                                         ; DEBUG   ; Converted color: #0000ff
2025-09-24 17:39:58,374 ; PT3S                                                         ; DEBUG   ; Converted color: #5600a8
2025-09-24 17:39:58,375 ; PT3S                                                         ; DEBUG   ; Converted color: #ff0000
2025-09-24 17:39:58,376 ; PT3S                                                         ; DEBUG   ; Converted color: #5600a8
2025-09-24 17:39:58,378 ; PT3S                                                         ; DEBUG   ; Converted color: #0000ff
2025-09-24 17:39:58,378 ; PT3S                                                         ; DEBUG   ; Converted color: #f4000a
2025-09-24 17:39:58,379 ; PT3S                                                         ; DEBUG   ; Converted color: #0000ff
2025-09-24 17:39:58,379 ; PT3S                                                         ; DEBUG   ; Converted color: #f4000a
2025-09-24 17:39:58,379 ; PT3S                                                         ; DEBUG   ; Converted color: #ff0000
2025-09-24 17:39:58,379 ; PT3S                                                         ; DEBUG   ; Converted color: #0000ff
2025-09-24 17:39:58,380 ; PT3S                                                         ; DEBUG   ; Converted color: #0000ff
2025-09-24 17:39:58,380 ; PT3S                                                         ; DEBUG   ; Converted color: #0000ff
2025-09-24 17:39:58,380 ; PT3S                                                         ; DEBUG   ; Converted color: #f4000a
2025-09-24 17:39:58,380 ; PT3S                                                         ; DEBUG   ; Converted color: #ff0000
2025-09-24 17:39:58,381 ; PT3S                                                         ; DEBUG   ; Converted color: #ff0000
2025-09-24 17:39:58,381 ; PT3S                                                         ; DEBUG   ; Converted color: #f70007
2025-09-24 17:39:58,381 ; PT3S                                                         ; DEBUG   ; Converted color: #f4000a
2025-09-24 17:39:58,381 ; PT3S                                                         ; DEBUG   ; Converted color: #0000ff
2025-09-24 17:39:58,382 ; PT3S                                                         ; DEBUG   ; Converted color: #ff0000
2025-09-24 17:39:58,382 ; PT3S                                                         ; DEBUG   ; Converted color: #0000ff
2025-09-24 17:39:58,383 ; PT3S                                                         ; DEBUG   ; Converted color: #ff0000
2025-09-24 17:39:58,383 ; PT3S                                                         ; DEBUG   ; Converted color: #ff0000
2025-09-24 17:39:58,383 ; PT3S                                                         ; DEBUG   ; Converted color: #0000ff
2025-09-24 17:39:58,384 ; PT3S                                                         ; DEBUG   ; Converted color: #f70007
2025-09-24 17:39:58,384 ; PT3S                                                         ; DEBUG   ; Converted color: #1c00e2
2025-09-24 17:39:58,384 ; PT3S                                                         ; DEBUG   ; Converted color: #ff0000
2025-09-24 17:39:58,385 ; PT3S                                                         ; DEBUG   ; Converted color: #0000ff
2025-09-24 17:39:58,386 ; PT3S                                                         ; DEBUG   ; Converted color: #ff0000
2025-09-24 17:39:58,386 ; PT3S                                                         ; DEBUG   ; Converted color: #ff0000
2025-09-24 17:39:58,388 ; PT3S                                                         ; DEBUG   ; Converted color: #f4000a
2025-09-24 17:39:58,388 ; PT3S                                                         ; DEBUG   ; Converted color: #f4000a
2025-09-24 17:39:58,388 ; PT3S                                                         ; DEBUG   ; Converted color: #f90005
2025-09-24 17:39:58,390 ; PT3S                                                         ; DEBUG   ; Converted color: #f4000a
2025-09-24 17:39:58,390 ; PT3S                                                         ; DEBUG   ; Converted color: #0000ff
2025-09-24 17:39:58,390 ; PT3S                                                         ; DEBUG   ; Converted color: #0000ff
2025-09-24 17:39:58,391 ; PT3S                                                         ; DEBUG   ; Converted color: #ff0000
2025-09-24 17:39:58,392 ; PT3S                                                         ; DEBUG   ; Converted color: #f90005
2025-09-24 17:39:58,392 ; PT3S                                                         ; DEBUG   ; Converted color: #ff0000
2025-09-24 17:39:58,393 ; PT3S                                                         ; DEBUG   ; Converted color: #ff0000
2025-09-24 17:39:58,393 ; PT3S                                                         ; DEBUG   ; Converted color: #3a00c4
2025-09-24 17:39:58,393 ; PT3S                                                         ; DEBUG   ; Converted color: #ff0000
2025-09-24 17:39:58,394 ; PT3S                                                         ; DEBUG   ; Converted color: #ff0000
2025-09-24 17:39:58,394 ; PT3S                                                         ; DEBUG   ; Converted color: #ff0000
2025-09-24 17:39:58,395 ; PT3S                                                         ; DEBUG   ; Converted color: #0000ff
2025-09-24 17:39:58,395 ; PT3S                                                         ; DEBUG   ; Converted color: #0000ff
2025-09-24 17:39:58,395 ; PT3S                                                         ; DEBUG   ; Converted color: #f90005
2025-09-24 17:39:58,395 ; PT3S                                                         ; DEBUG   ; Converted color: #0000ff
2025-09-24 17:39:58,397 ; PT3S                                                         ; DEBUG   ; Converted color: #0000ff
2025-09-24 17:39:58,397 ; PT3S                                                         ; DEBUG   ; Converted color: #0000ff
2025-09-24 17:39:58,397 ; PT3S                                                         ; DEBUG   ; Converted color: #0000ff
2025-09-24 17:39:58,398 ; PT3S                                                         ; DEBUG   ; Converted color: #0000ff
2025-09-24 17:39:58,398 ; PT3S                                                         ; DEBUG   ; Converted color: #ff0000
2025-09-24 17:39:58,398 ; PT3S                                                         ; DEBUG   ; Converted color: #0000ff
2025-09-24 17:39:58,399 ; PT3S                                                         ; DEBUG   ; Converted color: #ff0000
2025-09-24 17:39:58,399 ; PT3S                                                         ; DEBUG   ; Converted color: #ff0000
2025-09-24 17:39:58,401 ; PT3S                                                         ; DEBUG   ; Converted color: #f4000a
2025-09-24 17:39:58,402 ; PT3S                                                         ; DEBUG   ; Converted color: #f4000a
2025-09-24 17:39:58,403 ; PT3S                                                         ; DEBUG   ; Converted color: #ff0000
2025-09-24 17:39:58,404 ; PT3S                                                         ; DEBUG   ; Converted color: #f4000a
2025-09-24 17:39:58,404 ; PT3S                                                         ; DEBUG   ; Converted color: #ff0000
2025-09-24 17:39:58,404 ; PT3S                                                         ; DEBUG   ; Converted color: #ff0000
2025-09-24 17:39:58,405 ; PT3S                                                         ; DEBUG   ; Converted color: #f90005
2025-09-24 17:39:58,406 ; PT3S                                                         ; DEBUG   ; Converted color: #ff0000
2025-09-24 17:39:58,407 ; PT3S                                                         ; DEBUG   ; Converted color: #f70007
2025-09-24 17:39:58,408 ; PT3S                                                         ; DEBUG   ; Converted color: #f4000a
2025-09-24 17:39:58,408 ; PT3S                                                         ; DEBUG   ; Converted color: #f4000a
2025-09-24 17:39:58,410 ; PT3S                                                         ; DEBUG   ; Converted color: #dd0021
2025-09-24 17:39:58,410 ; PT3S                                                         ; DEBUG   ; Converted color: #ff0000
2025-09-24 17:39:58,410 ; PT3S                                                         ; DEBUG   ; Converted color: #0000ff
2025-09-24 17:39:58,411 ; PT3S                                                         ; DEBUG   ; Converted color: #ff0000
2025-09-24 17:39:58,411 ; PT3S                                                         ; DEBUG   ; Converted color: #ff0000
2025-09-24 17:39:58,411 ; PT3S                                                         ; DEBUG   ; Converted color: #f90005
2025-09-24 17:39:58,412 ; PT3S                                                         ; DEBUG   ; Converted color: #f4000a
2025-09-24 17:39:58,412 ; PT3S                                                         ; DEBUG   ; Converted color: #ff0000
2025-09-24 17:39:58,412 ; PT3S                                                         ; DEBUG   ; Converted color: #dd0021
2025-09-24 17:39:58,413 ; PT3S                                                         ; DEBUG   ; Converted color: #0000ff
2025-09-24 17:39:58,413 ; PT3S                                                         ; DEBUG   ; Converted color: #ff0000
2025-09-24 17:39:58,413 ; PT3S                                                         ; DEBUG   ; Converted color: #5600a8
2025-09-24 17:39:58,414 ; PT3S                                                         ; DEBUG   ; Converted color: #f90005
2025-09-24 17:39:58,415 ; PT3S                                                         ; DEBUG   ; Converted color: #ff0000
2025-09-24 17:39:58,416 ; PT3S                                                         ; DEBUG   ; Converted color: #ff0000
2025-09-24 17:39:58,416 ; PT3S                                                         ; DEBUG   ; Converted color: #ff0000
2025-09-24 17:39:58,417 ; PT3S                                                         ; DEBUG   ; Converted color: #f4000a
2025-09-24 17:39:58,417 ; PT3S                                                         ; DEBUG   ; Converted color: #dd0021
2025-09-24 17:39:58,419 ; PT3S                                                         ; DEBUG   ; Converted color: #c90035
2025-09-24 17:39:58,419 ; PT3S                                                         ; DEBUG   ; Converted color: #ff0000
2025-09-24 17:39:58,419 ; PT3S                                                         ; DEBUG   ; Converted color: #f70007
2025-09-24 17:39:58,420 ; PT3S                                                         ; DEBUG   ; Converted color: #ff0000
2025-09-24 17:39:58,420 ; PT3S                                                         ; DEBUG   ; Converted color: #ff0000
2025-09-24 17:39:58,421 ; PT3S                                                         ; DEBUG   ; Converted color: #0000ff
2025-09-24 17:39:58,421 ; PT3S                                                         ; DEBUG   ; Converted color: #ff0000
2025-09-24 17:39:58,421 ; PT3S                                                         ; DEBUG   ; Converted color: #ff0000
2025-09-24 17:39:58,422 ; PT3S                                                         ; DEBUG   ; Converted color: #0000ff
2025-09-24 17:39:58,423 ; PT3S                                                         ; DEBUG   ; Converted color: #ff0000
2025-09-24 17:39:58,423 ; PT3S                                                         ; DEBUG   ; Converted color: #f90005
2025-09-24 17:39:58,423 ; PT3S                                                         ; DEBUG   ; Converted color: #f90005
2025-09-24 17:39:58,425 ; PT3S                                                         ; DEBUG   ; Converted color: #f90005
2025-09-24 17:39:58,425 ; PT3S                                                         ; DEBUG   ; Converted color: #ff0000
2025-09-24 17:39:58,426 ; PT3S                                                         ; DEBUG   ; Converted color: #0000ff
2025-09-24 17:39:58,426 ; PT3S                                                         ; DEBUG   ; Converted color: #0000ff
2025-09-24 17:39:58,427 ; PT3S                                                         ; DEBUG   ; Converted color: #750089
2025-09-24 17:39:58,427 ; PT3S                                                         ; DEBUG   ; Converted color: #dd0021
2025-09-24 17:39:58,427 ; PT3S                                                         ; DEBUG   ; Converted color: #f90005
2025-09-24 17:39:58,428 ; PT3S                                                         ; DEBUG   ; Converted color: #dd0021
2025-09-24 17:39:58,428 ; PT3S                                                         ; DEBUG   ; Converted color: #f4000a
2025-09-24 17:39:58,428 ; PT3S                                                         ; DEBUG   ; Converted color: #3a00c4
2025-09-24 17:39:58,429 ; PT3S                                                         ; DEBUG   ; Converted color: #0000ff
2025-09-24 17:39:58,429 ; PT3S                                                         ; DEBUG   ; Converted color: #f4000a
2025-09-24 17:39:58,429 ; PT3S                                                         ; DEBUG   ; Converted color: #0000ff
2025-09-24 17:39:58,430 ; PT3S                                                         ; DEBUG   ; Converted color: #ff0000
2025-09-24 17:39:58,430 ; PT3S                                                         ; DEBUG   ; Converted color: #dd0021
2025-09-24 17:39:58,431 ; PT3S                                                         ; DEBUG   ; Converted color: #ff0000
2025-09-24 17:39:58,431 ; PT3S                                                         ; DEBUG   ; Converted color: #ff0000
2025-09-24 17:39:58,433 ; PT3S                                                         ; DEBUG   ; Converted color: #0000ff
2025-09-24 17:39:58,433 ; PT3S                                                         ; DEBUG   ; Converted color: #ff0000
2025-09-24 17:39:58,433 ; PT3S                                                         ; DEBUG   ; Converted color: #ff0000
2025-09-24 17:39:58,433 ; PT3S                                                         ; DEBUG   ; Converted color: #0000ff
2025-09-24 17:39:58,434 ; PT3S                                                         ; DEBUG   ; Converted color: #f4000a
2025-09-24 17:39:58,434 ; PT3S                                                         ; DEBUG   ; Converted color: #f4000a
2025-09-24 17:39:58,441 ; PT3S                                                         ; DEBUG   ; Converted color: #ff0000
2025-09-24 17:39:58,441 ; PT3S                                                         ; DEBUG   ; Converted color: #ff0000
2025-09-24 17:39:58,441 ; PT3S                                                         ; DEBUG   ; Converted color: #0000ff
2025-09-24 17:39:58,442 ; PT3S                                                         ; DEBUG   ; Converted color: #0000ff
2025-09-24 17:39:58,442 ; PT3S                                                         ; DEBUG   ; Converted color: #f4000a
2025-09-24 17:39:58,442 ; PT3S                                                         ; DEBUG   ; Converted color: #ff0000
2025-09-24 17:39:58,442 ; PT3S                                                         ; DEBUG   ; Converted color: #0000ff
2025-09-24 17:39:58,444 ; PT3S                                                         ; DEBUG   ; Converted color: #ff0000
2025-09-24 17:39:58,444 ; PT3S                                                         ; DEBUG   ; Converted color: #ff0000
2025-09-24 17:39:58,444 ; PT3S                                                         ; DEBUG   ; Converted color: #f90005
2025-09-24 17:39:58,445 ; PT3S                                                         ; DEBUG   ; Converted color: #f4000a
2025-09-24 17:39:58,445 ; PT3S                                                         ; DEBUG   ; Converted color: #0000ff
2025-09-24 17:39:58,445 ; PT3S                                                         ; DEBUG   ; Converted color: #f70007
2025-09-24 17:39:58,446 ; PT3S                                                         ; DEBUG   ; Converted color: #0000ff
2025-09-24 17:39:58,446 ; PT3S                                                         ; DEBUG   ; Converted color: #ff0000
2025-09-24 17:39:58,446 ; PT3S                                                         ; DEBUG   ; Converted color: #f70007
2025-09-24 17:39:58,447 ; PT3S                                                         ; DEBUG   ; Converted color: #ff0000
2025-09-24 17:39:58,447 ; PT3S                                                         ; DEBUG   ; Converted color: #ff0000
2025-09-24 17:39:58,447 ; PT3S                                                         ; DEBUG   ; Converted color: #0000ff
2025-09-24 17:39:58,447 ; PT3S                                                         ; DEBUG   ; Converted color: #ff0000
2025-09-24 17:39:58,448 ; PT3S                                                         ; DEBUG   ; Converted color: #c90035
2025-09-24 17:39:58,448 ; PT3S                                                         ; DEBUG   ; Converted color: #f4000a
2025-09-24 17:39:58,448 ; PT3S                                                         ; DEBUG   ; Converted color: #ff0000
2025-09-24 17:39:58,448 ; PT3S                                                         ; DEBUG   ; Converted color: #5600a8
2025-09-24 17:39:58,449 ; PT3S                                                         ; DEBUG   ; Converted color: #ff0000
2025-09-24 17:39:58,449 ; PT3S                                                         ; DEBUG   ; Converted color: #ff0000
2025-09-24 17:39:58,449 ; PT3S                                                         ; DEBUG   ; Converted color: #0000ff
2025-09-24 17:39:58,450 ; PT3S                                                         ; DEBUG   ; Converted color: #ff0000
2025-09-24 17:39:58,450 ; PT3S                                                         ; DEBUG   ; Converted color: #f4000a
2025-09-24 17:39:58,450 ; PT3S                                                         ; DEBUG   ; Converted color: #ff0000
2025-09-24 17:39:58,450 ; PT3S                                                         ; DEBUG   ; Converted color: #f90005
2025-09-24 17:39:58,451 ; PT3S                                                         ; DEBUG   ; Converted color: #ff0000
2025-09-24 17:39:58,452 ; PT3S                                                         ; DEBUG   ; Converted color: #f4000a
2025-09-24 17:39:58,457 ; PT3S                                                         ; DEBUG   ; Converted color: #ff0000
2025-09-24 17:39:58,457 ; PT3S                                                         ; DEBUG   ; Converted color: #5600a8
2025-09-24 17:39:58,458 ; PT3S                                                         ; DEBUG   ; Converted color: #5600a8
2025-09-24 17:39:58,458 ; PT3S                                                         ; DEBUG   ; Converted color: #f90005
2025-09-24 17:39:58,459 ; PT3S                                                         ; DEBUG   ; Converted color: #f4000a
2025-09-24 17:39:58,459 ; PT3S                                                         ; DEBUG   ; Converted color: #f90005
2025-09-24 17:39:58,460 ; PT3S                                                         ; DEBUG   ; Converted color: #ff0000
2025-09-24 17:39:58,461 ; PT3S                                                         ; DEBUG   ; Converted color: #ff0000
2025-09-24 17:39:58,461 ; PT3S                                                         ; DEBUG   ; Converted color: #3a00c4
2025-09-24 17:39:58,461 ; PT3S                                                         ; DEBUG   ; Converted color: #fc0002
2025-09-24 17:39:58,463 ; PT3S                                                         ; DEBUG   ; Converted color: #0000ff
2025-09-24 17:39:58,463 ; PT3S                                                         ; DEBUG   ; Converted color: #ff0000
2025-09-24 17:39:58,463 ; PT3S                                                         ; DEBUG   ; Converted color: #ff0000
2025-09-24 17:39:58,464 ; PT3S                                                         ; DEBUG   ; Converted color: #f90005
2025-09-24 17:39:58,464 ; PT3S                                                         ; DEBUG   ; Converted color: #0000ff
2025-09-24 17:39:58,465 ; PT3S                                                         ; DEBUG   ; Converted color: #0000ff
2025-09-24 17:39:58,465 ; PT3S                                                         ; DEBUG   ; Converted color: #ff0000
2025-09-24 17:39:58,465 ; PT3S                                                         ; DEBUG   ; Converted color: #ff0000
2025-09-24 17:39:58,466 ; PT3S                                                         ; DEBUG   ; Converted color: #f4000a
2025-09-24 17:39:58,466 ; PT3S                                                         ; DEBUG   ; Converted color: #ff0000
2025-09-24 17:39:58,466 ; PT3S                                                         ; DEBUG   ; Converted color: #0000ff
2025-09-24 17:39:58,467 ; PT3S                                                         ; DEBUG   ; Converted color: #0000ff
2025-09-24 17:39:58,468 ; PT3S                                                         ; DEBUG   ; Converted color: #ff0000
2025-09-24 17:39:58,468 ; PT3S                                                         ; DEBUG   ; Converted color: #ff0000
2025-09-24 17:39:58,469 ; PT3S                                                         ; DEBUG   ; Converted color: #5600a8
2025-09-24 17:39:58,469 ; PT3S                                                         ; DEBUG   ; Converted color: #f90005
2025-09-24 17:39:58,472 ; PT3S                                                         ; DEBUG   ; Converted color: #f90005
2025-09-24 17:39:58,473 ; PT3S                                                         ; DEBUG   ; Converted color: #ff0000
2025-09-24 17:39:58,474 ; PT3S                                                         ; DEBUG   ; Converted color: #0000ff
2025-09-24 17:39:58,474 ; PT3S                                                         ; DEBUG   ; Converted color: #ff0000
2025-09-24 17:39:58,474 ; PT3S                                                         ; DEBUG   ; Converted color: #5600a8
2025-09-24 17:39:58,475 ; PT3S                                                         ; DEBUG   ; Converted color: #ff0000
2025-09-24 17:39:58,475 ; PT3S                                                         ; DEBUG   ; Converted color: #ff0000
2025-09-24 17:39:58,475 ; PT3S                                                         ; DEBUG   ; Converted color: #ff0000
2025-09-24 17:39:58,476 ; PT3S                                                         ; DEBUG   ; Converted color: #0000ff
2025-09-24 17:39:58,477 ; PT3S                                                         ; DEBUG   ; Converted color: #5600a8
2025-09-24 17:39:58,477 ; PT3S                                                         ; DEBUG   ; Converted color: #0000ff
2025-09-24 17:39:58,480 ; PT3S                                                         ; DEBUG   ; Converted color: #0000ff
2025-09-24 17:39:58,480 ; PT3S                                                         ; DEBUG   ; Converted color: #5600a8
2025-09-24 17:39:58,481 ; PT3S                                                         ; DEBUG   ; Converted color: #f90005
2025-09-24 17:39:58,481 ; PT3S                                                         ; DEBUG   ; Converted color: #3a00c4
2025-09-24 17:39:58,481 ; PT3S                                                         ; DEBUG   ; Converted color: #0000ff
2025-09-24 17:39:58,481 ; PT3S                                                         ; DEBUG   ; Converted color: #f4000a
2025-09-24 17:39:58,482 ; PT3S                                                         ; DEBUG   ; Converted color: #f70007
2025-09-24 17:39:58,482 ; PT3S                                                         ; DEBUG   ; Converted color: #f90005
2025-09-24 17:39:58,482 ; PT3S                                                         ; DEBUG   ; Converted color: #0000ff
2025-09-24 17:39:58,482 ; PT3S                                                         ; DEBUG   ; Converted color: #0000ff
2025-09-24 17:39:58,483 ; PT3S                                                         ; DEBUG   ; Converted color: #c1003d
2025-09-24 17:39:58,483 ; PT3S                                                         ; DEBUG   ; Converted color: #0000ff
2025-09-24 17:39:58,484 ; PT3S                                                         ; DEBUG   ; Converted color: #0000ff
2025-09-24 17:39:58,484 ; PT3S                                                         ; DEBUG   ; Converted color: #f70007
2025-09-24 17:39:58,485 ; PT3S                                                         ; DEBUG   ; Converted color: #dd0021
2025-09-24 17:39:58,485 ; PT3S                                                         ; DEBUG   ; Converted color: #f4000a
2025-09-24 17:39:58,485 ; PT3S                                                         ; DEBUG   ; Converted color: #0000ff
2025-09-24 17:39:58,486 ; PT3S                                                         ; DEBUG   ; Converted color: #f90005
2025-09-24 17:39:58,486 ; PT3S                                                         ; DEBUG   ; Converted color: #ff0000
2025-09-24 17:39:58,487 ; PT3S                                                         ; DEBUG   ; Converted color: #ff0000
2025-09-24 17:39:58,488 ; PT3S                                                         ; DEBUG   ; Converted color: #5600a8
2025-09-24 17:39:58,488 ; PT3S                                                         ; DEBUG   ; Converted color: #ff0000
2025-09-24 17:39:58,490 ; PT3S                                                         ; DEBUG   ; Converted color: #ff0000
2025-09-24 17:39:58,490 ; PT3S                                                         ; DEBUG   ; Converted color: #0000ff
2025-09-24 17:39:58,491 ; PT3S                                                         ; DEBUG   ; Converted color: #0000ff
2025-09-24 17:39:58,491 ; PT3S                                                         ; DEBUG   ; Converted color: #0000ff
2025-09-24 17:39:58,491 ; PT3S                                                         ; DEBUG   ; Converted color: #0000ff
2025-09-24 17:39:58,491 ; PT3S                                                         ; DEBUG   ; Converted color: #ff0000
2025-09-24 17:39:58,492 ; PT3S                                                         ; DEBUG   ; Converted color: #ff0000
2025-09-24 17:39:58,492 ; PT3S                                                         ; DEBUG   ; Converted color: #ff0000
2025-09-24 17:39:58,492 ; PT3S                                                         ; DEBUG   ; Converted color: #0000ff
2025-09-24 17:39:58,493 ; PT3S                                                         ; DEBUG   ; Converted color: #ff0000
2025-09-24 17:39:58,493 ; PT3S                                                         ; DEBUG   ; Converted color: #ff0000
2025-09-24 17:39:58,493 ; PT3S                                                         ; DEBUG   ; Converted color: #f90005
2025-09-24 17:39:58,493 ; PT3S                                                         ; DEBUG   ; Converted color: #0000ff
2025-09-24 17:39:58,494 ; PT3S                                                         ; DEBUG   ; Converted color: #0000ff
2025-09-24 17:39:58,494 ; PT3S                                                         ; DEBUG   ; Converted color: #ff0000
2025-09-24 17:39:58,494 ; PT3S                                                         ; DEBUG   ; Converted color: #ff0000
2025-09-24 17:39:58,494 ; PT3S                                                         ; DEBUG   ; Converted color: #ff0000
2025-09-24 17:39:58,494 ; PT3S                                                         ; DEBUG   ; Converted color: #ff0000
2025-09-24 17:39:58,494 ; PT3S                                                         ; DEBUG   ; Converted color: #ff0000
2025-09-24 17:39:58,495 ; PT3S                                                         ; DEBUG   ; Converted color: #0000ff
2025-09-24 17:39:58,495 ; PT3S                                                         ; DEBUG   ; Converted color: #0000ff
2025-09-24 17:39:58,497 ; PT3S                                                         ; DEBUG   ; Converted color: #0000ff
2025-09-24 17:39:58,497 ; PT3S                                                         ; DEBUG   ; Converted color: #f4000a
2025-09-24 17:39:58,498 ; PT3S                                                         ; DEBUG   ; Converted color: #0000ff
2025-09-24 17:39:58,498 ; PT3S                                                         ; DEBUG   ; Converted color: #f90005
2025-09-24 17:39:58,498 ; PT3S                                                         ; DEBUG   ; Converted color: #0000ff
2025-09-24 17:39:58,499 ; PT3S                                                         ; DEBUG   ; Converted color: #ff0000
2025-09-24 17:39:58,499 ; PT3S                                                         ; DEBUG   ; Converted color: #f90005
2025-09-24 17:39:58,499 ; PT3S                                                         ; DEBUG   ; Converted color: #f90005
2025-09-24 17:39:58,499 ; PT3S                                                         ; DEBUG   ; Converted color: #0000ff
2025-09-24 17:39:58,500 ; PT3S                                                         ; DEBUG   ; Converted color: #ff0000
2025-09-24 17:39:58,500 ; PT3S                                                         ; DEBUG   ; Converted color: #ff0000
2025-09-24 17:39:58,500 ; PT3S                                                         ; DEBUG   ; Converted color: #0000ff
2025-09-24 17:39:58,500 ; PT3S                                                         ; DEBUG   ; Converted color: #ff0000
2025-09-24 17:39:58,501 ; PT3S                                                         ; DEBUG   ; Converted color: #ff0000
2025-09-24 17:39:58,501 ; PT3S                                                         ; DEBUG   ; Converted color: #ff0000
2025-09-24 17:39:58,502 ; PT3S                                                         ; DEBUG   ; Converted color: #0000ff
2025-09-24 17:39:58,502 ; PT3S                                                         ; DEBUG   ; Converted color: #0000ff
2025-09-24 17:39:58,503 ; PT3S                                                         ; DEBUG   ; Converted color: #ff0000
2025-09-24 17:39:58,504 ; PT3S                                                         ; DEBUG   ; Converted color: #f70007
2025-09-24 17:39:58,505 ; PT3S                                                         ; DEBUG   ; Converted color: #ff0000
2025-09-24 17:39:58,505 ; PT3S                                                         ; DEBUG   ; Converted color: #ff0000
2025-09-24 17:39:58,505 ; PT3S                                                         ; DEBUG   ; Converted color: #ff0000
2025-09-24 17:39:58,505 ; PT3S                                                         ; DEBUG   ; Converted color: #ff0000
2025-09-24 17:39:58,506 ; PT3S                                                         ; DEBUG   ; Converted color: #0000ff
2025-09-24 17:39:58,506 ; PT3S                                                         ; DEBUG   ; Converted color: #f90005
2025-09-24 17:39:58,508 ; PT3S                                                         ; DEBUG   ; Converted color: #f70007
2025-09-24 17:39:58,508 ; PT3S                                                         ; DEBUG   ; Converted color: #ff0000
2025-09-24 17:39:58,508 ; PT3S                                                         ; DEBUG   ; Converted color: #0000ff
2025-09-24 17:39:58,508 ; PT3S                                                         ; DEBUG   ; Converted color: #f70007
2025-09-24 17:39:58,509 ; PT3S                                                         ; DEBUG   ; Converted color: #0000ff
2025-09-24 17:39:58,509 ; PT3S                                                         ; DEBUG   ; Converted color: #f70007
2025-09-24 17:39:58,509 ; PT3S                                                         ; DEBUG   ; Converted color: #f90005
2025-09-24 17:39:58,510 ; PT3S                                                         ; DEBUG   ; Converted color: #f70007
2025-09-24 17:39:58,510 ; PT3S                                                         ; DEBUG   ; Converted color: #0000ff
2025-09-24 17:39:58,510 ; PT3S                                                         ; DEBUG   ; Converted color: #f90005
2025-09-24 17:39:58,510 ; PT3S                                                         ; DEBUG   ; Converted color: #ff0000
2025-09-24 17:39:58,510 ; PT3S                                                         ; DEBUG   ; Converted color: #fc0002
2025-09-24 17:39:58,511 ; PT3S                                                         ; DEBUG   ; Converted color: #0000ff
2025-09-24 17:39:58,511 ; PT3S                                                         ; DEBUG   ; Converted color: #f4000a
2025-09-24 17:39:58,511 ; PT3S                                                         ; DEBUG   ; Converted color: #ff0000
2025-09-24 17:39:58,511 ; PT3S                                                         ; DEBUG   ; Converted color: #f4000a
2025-09-24 17:39:58,512 ; PT3S                                                         ; DEBUG   ; Converted color: #0000ff
2025-09-24 17:39:58,512 ; PT3S                                                         ; DEBUG   ; Converted color: #0000ff
2025-09-24 17:39:58,513 ; PT3S                                                         ; DEBUG   ; Converted color: #ff0000
2025-09-24 17:39:58,513 ; PT3S                                                         ; DEBUG   ; Converted color: #5600a8
2025-09-24 17:39:58,513 ; PT3S                                                         ; DEBUG   ; Converted color: #ff0000
2025-09-24 17:39:58,513 ; PT3S                                                         ; DEBUG   ; Converted color: #f90005
2025-09-24 17:39:58,514 ; PT3S                                                         ; DEBUG   ; Converted color: #ff0000
2025-09-24 17:39:58,514 ; PT3S                                                         ; DEBUG   ; Converted color: #f90005
2025-09-24 17:39:58,514 ; PT3S                                                         ; DEBUG   ; Converted color: #0000ff
2025-09-24 17:39:58,515 ; PT3S                                                         ; DEBUG   ; Converted color: #ff0000
2025-09-24 17:39:58,515 ; PT3S                                                         ; DEBUG   ; Converted color: #0000ff
2025-09-24 17:39:58,515 ; PT3S                                                         ; DEBUG   ; Converted color: #f4000a
2025-09-24 17:39:58,515 ; PT3S                                                         ; DEBUG   ; Converted color: #0000ff
2025-09-24 17:39:58,516 ; PT3S                                                         ; DEBUG   ; Converted color: #f70007
2025-09-24 17:39:58,516 ; PT3S                                                         ; DEBUG   ; Converted color: #f4000a
2025-09-24 17:39:58,516 ; PT3S                                                         ; DEBUG   ; Converted color: #f90005
2025-09-24 17:39:58,516 ; PT3S                                                         ; DEBUG   ; Converted color: #0000ff
2025-09-24 17:39:58,517 ; PT3S                                                         ; DEBUG   ; Converted color: #ff0000
2025-09-24 17:39:58,517 ; PT3S                                                         ; DEBUG   ; Converted color: #0000ff
2025-09-24 17:39:58,517 ; PT3S                                                         ; DEBUG   ; Converted color: #ff0000
2025-09-24 17:39:58,518 ; PT3S                                                         ; DEBUG   ; Converted color: #f4000a
2025-09-24 17:39:58,518 ; PT3S                                                         ; DEBUG   ; Converted color: #ff0000
2025-09-24 17:39:58,519 ; PT3S                                                         ; DEBUG   ; Converted color: #0000ff
2025-09-24 17:39:58,519 ; PT3S                                                         ; DEBUG   ; Converted color: #0000ff
2025-09-24 17:39:58,519 ; PT3S                                                         ; DEBUG   ; Converted color: #0000ff
2025-09-24 17:39:58,520 ; PT3S                                                         ; DEBUG   ; Converted color: #f4000a
2025-09-24 17:39:58,522 ; PT3S                                                         ; DEBUG   ; Converted color: #0000ff
2025-09-24 17:39:58,523 ; PT3S                                                         ; DEBUG   ; Converted color: #ff0000
2025-09-24 17:39:58,523 ; PT3S                                                         ; DEBUG   ; Converted color: #0000ff
2025-09-24 17:39:58,524 ; PT3S                                                         ; DEBUG   ; Converted color: #ff0000
2025-09-24 17:39:58,524 ; PT3S                                                         ; DEBUG   ; Converted color: #f90005
2025-09-24 17:39:58,524 ; PT3S                                                         ; DEBUG   ; Converted color: #f70007
2025-09-24 17:39:58,525 ; PT3S                                                         ; DEBUG   ; Converted color: #dd0021
2025-09-24 17:39:58,525 ; PT3S                                                         ; DEBUG   ; Converted color: #82007c
2025-09-24 17:39:58,526 ; PT3S                                                         ; DEBUG   ; Converted color: #0000ff
2025-09-24 17:39:58,526 ; PT3S                                                         ; DEBUG   ; Converted color: #f70007
2025-09-24 17:39:58,526 ; PT3S                                                         ; DEBUG   ; Converted color: #0000ff
2025-09-24 17:39:58,527 ; PT3S                                                         ; DEBUG   ; Converted color: #ff0000
2025-09-24 17:39:58,527 ; PT3S                                                         ; DEBUG   ; Converted color: #ff0000
2025-09-24 17:39:58,527 ; PT3S                                                         ; DEBUG   ; Converted color: #ff0000
2025-09-24 17:39:58,528 ; PT3S                                                         ; DEBUG   ; Converted color: #ff0000
2025-09-24 17:39:58,528 ; PT3S                                                         ; DEBUG   ; Converted color: #0000ff
2025-09-24 17:39:58,528 ; PT3S                                                         ; DEBUG   ; Converted color: #f4000a
2025-09-24 17:39:58,528 ; PT3S                                                         ; DEBUG   ; Converted color: #0000ff
2025-09-24 17:39:58,529 ; PT3S                                                         ; DEBUG   ; Converted color: #0000ff
2025-09-24 17:39:58,529 ; PT3S                                                         ; DEBUG   ; Converted color: #82007c
2025-09-24 17:39:58,529 ; PT3S                                                         ; DEBUG   ; Converted color: #f70007
2025-09-24 17:39:58,530 ; PT3S                                                         ; DEBUG   ; Converted color: #ff0000
2025-09-24 17:39:58,530 ; PT3S                                                         ; DEBUG   ; Converted color: #5600a8
2025-09-24 17:39:58,530 ; PT3S                                                         ; DEBUG   ; Converted color: #f90005
2025-09-24 17:39:58,530 ; PT3S                                                         ; DEBUG   ; Converted color: #f70007
2025-09-24 17:39:58,531 ; PT3S                                                         ; DEBUG   ; Converted color: #0000ff
2025-09-24 17:39:58,531 ; PT3S                                                         ; DEBUG   ; Converted color: #0000ff
2025-09-24 17:39:58,531 ; PT3S                                                         ; DEBUG   ; Converted color: #f70007
2025-09-24 17:39:58,532 ; PT3S                                                         ; DEBUG   ; Converted color: #5600a8
2025-09-24 17:39:58,532 ; PT3S                                                         ; DEBUG   ; Converted color: #0000ff
2025-09-24 17:39:58,532 ; PT3S                                                         ; DEBUG   ; Converted color: #ff0000
2025-09-24 17:39:58,532 ; PT3S                                                         ; DEBUG   ; Converted color: #ff0000
2025-09-24 17:39:58,532 ; PT3S                                                         ; DEBUG   ; Converted color: #5600a8
2025-09-24 17:39:58,533 ; PT3S                                                         ; DEBUG   ; Converted color: #0000ff
2025-09-24 17:39:58,533 ; PT3S                                                         ; DEBUG   ; Converted color: #ff0000
2025-09-24 17:39:58,533 ; PT3S                                                         ; DEBUG   ; Converted color: #0000ff
2025-09-24 17:39:58,534 ; PT3S                                                         ; DEBUG   ; Converted color: #ff0000
2025-09-24 17:39:58,534 ; PT3S                                                         ; DEBUG   ; Converted color: #f4000a
2025-09-24 17:39:58,535 ; PT3S                                                         ; DEBUG   ; Converted color: #f4000a
2025-09-24 17:39:58,535 ; PT3S                                                         ; DEBUG   ; Converted color: #0000ff
2025-09-24 17:39:58,536 ; PT3S                                                         ; DEBUG   ; Converted color: #0000ff
2025-09-24 17:39:58,536 ; PT3S                                                         ; DEBUG   ; Converted color: #ff0000
2025-09-24 17:39:58,536 ; PT3S                                                         ; DEBUG   ; Converted color: #5600a8
2025-09-24 17:39:58,537 ; PT3S                                                         ; DEBUG   ; Converted color: #f4000a
2025-09-24 17:39:58,537 ; PT3S                                                         ; DEBUG   ; Converted color: #ff0000
2025-09-24 17:39:58,537 ; PT3S                                                         ; DEBUG   ; Converted color: #ff0000
2025-09-24 17:39:58,538 ; PT3S                                                         ; DEBUG   ; Converted color: #3a00c4
2025-09-24 17:39:58,538 ; PT3S                                                         ; DEBUG   ; Converted color: #ff0000
2025-09-24 17:39:58,539 ; PT3S                                                         ; DEBUG   ; Converted color: #ff0000
2025-09-24 17:39:58,539 ; PT3S                                                         ; DEBUG   ; Converted color: #f4000a
2025-09-24 17:39:58,539 ; PT3S                                                         ; DEBUG   ; Converted color: #0000ff
2025-09-24 17:39:58,540 ; PT3S                                                         ; DEBUG   ; Converted color: #0c00f2
2025-09-24 17:39:58,540 ; PT3S                                                         ; DEBUG   ; Converted color: #f4000a
2025-09-24 17:39:58,541 ; PT3S                                                         ; DEBUG   ; Converted color: #0000ff
2025-09-24 17:39:58,542 ; PT3S                                                         ; DEBUG   ; Converted color: #82007c
2025-09-24 17:39:58,542 ; PT3S                                                         ; DEBUG   ; Converted color: #0000ff
2025-09-24 17:39:58,543 ; PT3S                                                         ; DEBUG   ; Converted color: #f90005
2025-09-24 17:39:58,544 ; PT3S                                                         ; DEBUG   ; Converted color: #82007c
2025-09-24 17:39:58,544 ; PT3S                                                         ; DEBUG   ; Converted color: #af004f
2025-09-24 17:39:58,544 ; PT3S                                                         ; DEBUG   ; Converted color: #ff0000
2025-09-24 17:39:58,545 ; PT3S                                                         ; DEBUG   ; Converted color: #5600a8
2025-09-24 17:39:58,546 ; PT3S                                                         ; DEBUG   ; Converted color: #0000ff
2025-09-24 17:39:58,546 ; PT3S                                                         ; DEBUG   ; Converted color: #ff0000
2025-09-24 17:39:58,546 ; PT3S                                                         ; DEBUG   ; Converted color: #dd0021
2025-09-24 17:39:58,547 ; PT3S                                                         ; DEBUG   ; Converted color: #f90005
2025-09-24 17:39:58,547 ; PT3S                                                         ; DEBUG   ; Converted color: #0000ff
2025-09-24 17:39:58,547 ; PT3S                                                         ; DEBUG   ; Converted color: #0000ff
2025-09-24 17:39:58,547 ; PT3S                                                         ; DEBUG   ; Converted color: #ff0000
2025-09-24 17:39:58,547 ; PT3S                                                         ; DEBUG   ; Converted color: #0000ff
2025-09-24 17:39:58,548 ; PT3S                                                         ; DEBUG   ; Converted color: #ff0000
2025-09-24 17:39:58,548 ; PT3S                                                         ; DEBUG   ; Converted color: #0000ff
2025-09-24 17:39:58,548 ; PT3S                                                         ; DEBUG   ; Converted color: #f90005
2025-09-24 17:39:58,549 ; PT3S                                                         ; DEBUG   ; Converted color: #0000ff
2025-09-24 17:39:58,549 ; PT3S                                                         ; DEBUG   ; Converted color: #0000ff
2025-09-24 17:39:58,549 ; PT3S                                                         ; DEBUG   ; Converted color: #ff0000
2025-09-24 17:39:58,549 ; PT3S                                                         ; DEBUG   ; Converted color: #ff0000
2025-09-24 17:39:58,549 ; PT3S                                                         ; DEBUG   ; Converted color: #f4000a
2025-09-24 17:39:58,551 ; PT3S                                                         ; DEBUG   ; Converted color: #ff0000
2025-09-24 17:39:58,551 ; PT3S                                                         ; DEBUG   ; Converted color: #f4000a
2025-09-24 17:39:58,551 ; PT3S                                                         ; DEBUG   ; Converted color: #0000ff
2025-09-24 17:39:58,552 ; PT3S                                                         ; DEBUG   ; Converted color: #0000ff
2025-09-24 17:39:58,552 ; PT3S                                                         ; DEBUG   ; Converted color: #0000ff
2025-09-24 17:39:58,553 ; PT3S                                                         ; DEBUG   ; Converted color: #f4000a
2025-09-24 17:39:58,553 ; PT3S                                                         ; DEBUG   ; Converted color: #3a00c4
2025-09-24 17:39:58,555 ; PT3S                                                         ; DEBUG   ; Converted color: #ff0000
2025-09-24 17:39:58,556 ; PT3S                                                         ; DEBUG   ; Converted color: #f4000a
2025-09-24 17:39:58,556 ; PT3S                                                         ; DEBUG   ; Converted color: #82007c
2025-09-24 17:39:58,556 ; PT3S                                                         ; DEBUG   ; Converted color: #ff0000
2025-09-24 17:39:58,556 ; PT3S                                                         ; DEBUG   ; Converted color: #f90005
2025-09-24 17:39:58,556 ; PT3S                                                         ; DEBUG   ; Converted color: #0000ff
2025-09-24 17:39:58,558 ; PT3S                                                         ; DEBUG   ; Converted color: #0000ff
2025-09-24 17:39:58,558 ; PT3S                                                         ; DEBUG   ; Converted color: #ff0000
2025-09-24 17:39:58,558 ; PT3S                                                         ; DEBUG   ; Converted color: #0000ff
2025-09-24 17:39:58,559 ; PT3S                                                         ; DEBUG   ; Converted color: #f4000a
2025-09-24 17:39:58,559 ; PT3S                                                         ; DEBUG   ; Converted color: #ff0000
2025-09-24 17:39:58,559 ; PT3S                                                         ; DEBUG   ; Converted color: #ff0000
2025-09-24 17:39:58,560 ; PT3S                                                         ; DEBUG   ; Converted color: #0000ff
2025-09-24 17:39:58,560 ; PT3S                                                         ; DEBUG   ; Converted color: #f4000a
2025-09-24 17:39:58,560 ; PT3S                                                         ; DEBUG   ; Converted color: #ff0000
2025-09-24 17:39:58,561 ; PT3S                                                         ; DEBUG   ; Converted color: #ff0000
2025-09-24 17:39:58,561 ; PT3S                                                         ; DEBUG   ; Converted color: #ff0000
2025-09-24 17:39:58,561 ; PT3S                                                         ; DEBUG   ; Converted color: #f4000a
2025-09-24 17:39:58,561 ; PT3S                                                         ; DEBUG   ; Converted color: #f4000a
2025-09-24 17:39:58,562 ; PT3S                                                         ; DEBUG   ; Converted color: #f4000a
2025-09-24 17:39:58,562 ; PT3S                                                         ; DEBUG   ; Converted color: #f70007
2025-09-24 17:39:58,562 ; PT3S                                                         ; DEBUG   ; Converted color: #0000ff
2025-09-24 17:39:58,562 ; PT3S                                                         ; DEBUG   ; Converted color: #ff0000
2025-09-24 17:39:58,563 ; PT3S                                                         ; DEBUG   ; Converted color: #5600a8
2025-09-24 17:39:58,563 ; PT3S                                                         ; DEBUG   ; Converted color: #0000ff
2025-09-24 17:39:58,563 ; PT3S                                                         ; DEBUG   ; Converted color: #f4000a
2025-09-24 17:39:58,563 ; PT3S                                                         ; DEBUG   ; Converted color: #ff0000
2025-09-24 17:39:58,563 ; PT3S                                                         ; DEBUG   ; Converted color: #f4000a
2025-09-24 17:39:58,565 ; PT3S                                                         ; DEBUG   ; Converted color: #5600a8
2025-09-24 17:39:58,565 ; PT3S                                                         ; DEBUG   ; Converted color: #f4000a
2025-09-24 17:39:58,565 ; PT3S                                                         ; DEBUG   ; Converted color: #f90005
2025-09-24 17:39:58,566 ; PT3S                                                         ; DEBUG   ; Converted color: #0000ff
2025-09-24 17:39:58,566 ; PT3S                                                         ; DEBUG   ; Converted color: #0000ff
2025-09-24 17:39:58,567 ; PT3S                                                         ; DEBUG   ; Converted color: #ff0000
2025-09-24 17:39:58,568 ; PT3S                                                         ; DEBUG   ; Converted color: #0000ff
2025-09-24 17:39:58,568 ; PT3S                                                         ; DEBUG   ; Converted color: #ff0000
2025-09-24 17:39:58,568 ; PT3S                                                         ; DEBUG   ; Converted color: #0000ff
2025-09-24 17:39:58,569 ; PT3S                                                         ; DEBUG   ; Converted color: #4200bc
2025-09-24 17:39:58,569 ; PT3S                                                         ; DEBUG   ; Converted color: #0000ff
2025-09-24 17:39:58,571 ; PT3S                                                         ; DEBUG   ; Converted color: #0000ff
2025-09-24 17:39:58,571 ; PT3S                                                         ; DEBUG   ; Converted color: #f90005
2025-09-24 17:39:58,571 ; PT3S                                                         ; DEBUG   ; Converted color: #f90005
2025-09-24 17:39:58,572 ; PT3S                                                         ; DEBUG   ; Converted color: #ff0000
2025-09-24 17:39:58,572 ; PT3S                                                         ; DEBUG   ; Converted color: #ff0000
2025-09-24 17:39:58,572 ; PT3S                                                         ; DEBUG   ; Converted color: #f4000a
2025-09-24 17:39:58,573 ; PT3S                                                         ; DEBUG   ; Converted color: #ff0000
2025-09-24 17:39:58,573 ; PT3S                                                         ; DEBUG   ; Converted color: #5600a8
2025-09-24 17:39:58,573 ; PT3S                                                         ; DEBUG   ; Converted color: #f4000a
2025-09-24 17:39:58,574 ; PT3S                                                         ; DEBUG   ; Converted color: #0000ff
2025-09-24 17:39:58,574 ; PT3S                                                         ; DEBUG   ; Converted color: #ff0000
2025-09-24 17:39:58,574 ; PT3S                                                         ; DEBUG   ; Converted color: #ea0014
2025-09-24 17:39:58,574 ; PT3S                                                         ; DEBUG   ; Converted color: #ff0000
2025-09-24 17:39:58,575 ; PT3S                                                         ; DEBUG   ; Converted color: #0000ff
2025-09-24 17:39:58,575 ; PT3S                                                         ; DEBUG   ; Converted color: #0000ff
2025-09-24 17:39:58,575 ; PT3S                                                         ; DEBUG   ; Converted color: #5600a8
2025-09-24 17:39:58,576 ; PT3S                                                         ; DEBUG   ; Converted color: #ff0000
2025-09-24 17:39:58,576 ; PT3S                                                         ; DEBUG   ; Converted color: #dd0021
2025-09-24 17:39:58,577 ; PT3S                                                         ; DEBUG   ; Converted color: #0000ff
2025-09-24 17:39:58,577 ; PT3S                                                         ; DEBUG   ; Converted color: #0000ff
2025-09-24 17:39:58,577 ; PT3S                                                         ; DEBUG   ; Converted color: #f4000a
2025-09-24 17:39:58,578 ; PT3S                                                         ; DEBUG   ; Converted color: #0000ff
2025-09-24 17:39:58,578 ; PT3S                                                         ; DEBUG   ; Converted color: #ea0014
2025-09-24 17:39:58,578 ; PT3S                                                         ; DEBUG   ; Converted color: #5600a8
2025-09-24 17:39:58,578 ; PT3S                                                         ; DEBUG   ; Converted color: #3a00c4
2025-09-24 17:39:58,578 ; PT3S                                                         ; DEBUG   ; Converted color: #0000ff
2025-09-24 17:39:58,579 ; PT3S                                                         ; DEBUG   ; Converted color: #0000ff
2025-09-24 17:39:58,579 ; PT3S                                                         ; DEBUG   ; Converted color: #f4000a
2025-09-24 17:39:58,579 ; PT3S                                                         ; DEBUG   ; Converted color: #0000ff
2025-09-24 17:39:58,580 ; PT3S                                                         ; DEBUG   ; Converted color: #0000ff
2025-09-24 17:39:58,580 ; PT3S                                                         ; DEBUG   ; Converted color: #ff0000
2025-09-24 17:39:58,580 ; PT3S                                                         ; DEBUG   ; Converted color: #0000ff
2025-09-24 17:39:58,581 ; PT3S                                                         ; DEBUG   ; Converted color: #ff0000
2025-09-24 17:39:58,581 ; PT3S                                                         ; DEBUG   ; Converted color: #f70007
2025-09-24 17:39:58,581 ; PT3S                                                         ; DEBUG   ; Converted color: #4200bc
2025-09-24 17:39:58,581 ; PT3S                                                         ; DEBUG   ; Converted color: #ff0000
2025-09-24 17:39:58,582 ; PT3S                                                         ; DEBUG   ; Converted color: #ff0000
2025-09-24 17:39:58,582 ; PT3S                                                         ; DEBUG   ; Converted color: #0000ff
2025-09-24 17:39:58,582 ; PT3S                                                         ; DEBUG   ; Converted color: #0000ff
2025-09-24 17:39:58,582 ; PT3S                                                         ; DEBUG   ; Converted color: #5600a8
2025-09-24 17:39:58,583 ; PT3S                                                         ; DEBUG   ; Converted color: #f90005
2025-09-24 17:39:58,584 ; PT3S                                                         ; DEBUG   ; Converted color: #fc0002
2025-09-24 17:39:58,584 ; PT3S                                                         ; DEBUG   ; Converted color: #5600a8
2025-09-24 17:39:58,584 ; PT3S                                                         ; DEBUG   ; Converted color: #0000ff
2025-09-24 17:39:58,584 ; PT3S                                                         ; DEBUG   ; Converted color: #ff0000
2025-09-24 17:39:58,585 ; PT3S                                                         ; DEBUG   ; Converted color: #ff0000
2025-09-24 17:39:58,585 ; PT3S                                                         ; DEBUG   ; Converted color: #f90005
2025-09-24 17:39:58,585 ; PT3S                                                         ; DEBUG   ; Converted color: #f90005
2025-09-24 17:39:58,586 ; PT3S                                                         ; DEBUG   ; Converted color: #0000ff
2025-09-24 17:39:58,587 ; PT3S                                                         ; DEBUG   ; Converted color: #0000ff
2025-09-24 17:39:58,587 ; PT3S                                                         ; DEBUG   ; Converted color: #f4000a
2025-09-24 17:39:58,587 ; PT3S                                                         ; DEBUG   ; Converted color: #f70007
2025-09-24 17:39:58,588 ; PT3S                                                         ; DEBUG   ; Converted color: #0000ff
2025-09-24 17:39:58,588 ; PT3S                                                         ; DEBUG   ; Converted color: #f70007
2025-09-24 17:39:58,589 ; PT3S                                                         ; DEBUG   ; Converted color: #0000ff
2025-09-24 17:39:58,589 ; PT3S                                                         ; DEBUG   ; Converted color: #0000ff
2025-09-24 17:39:58,589 ; PT3S                                                         ; DEBUG   ; Converted color: #5600a8
2025-09-24 17:39:58,590 ; PT3S                                                         ; DEBUG   ; Converted color: #f4000a
2025-09-24 17:39:58,590 ; PT3S                                                         ; DEBUG   ; Converted color: #0000ff
2025-09-24 17:39:58,590 ; PT3S                                                         ; DEBUG   ; Converted color: #0000ff
2025-09-24 17:39:58,590 ; PT3S                                                         ; DEBUG   ; Converted color: #5600a8
2025-09-24 17:39:58,591 ; PT3S                                                         ; DEBUG   ; Converted color: #ff0000
2025-09-24 17:39:58,591 ; PT3S                                                         ; DEBUG   ; Converted color: #0000ff
2025-09-24 17:39:58,591 ; PT3S                                                         ; DEBUG   ; Converted color: #f90005
2025-09-24 17:39:58,591 ; PT3S                                                         ; DEBUG   ; Converted color: #f4000a
2025-09-24 17:39:58,592 ; PT3S                                                         ; DEBUG   ; Converted color: #0000ff
2025-09-24 17:39:58,592 ; PT3S                                                         ; DEBUG   ; Converted color: #5600a8
2025-09-24 17:39:58,592 ; PT3S                                                         ; DEBUG   ; Converted color: #0000ff
2025-09-24 17:39:58,593 ; PT3S                                                         ; DEBUG   ; Converted color: #ff0000
2025-09-24 17:39:58,593 ; PT3S                                                         ; DEBUG   ; Converted color: #f90005
2025-09-24 17:39:58,594 ; PT3S                                                         ; DEBUG   ; Converted color: #82007c
2025-09-24 17:39:58,594 ; PT3S                                                         ; DEBUG   ; Converted color: #0000ff
2025-09-24 17:39:58,594 ; PT3S                                                         ; DEBUG   ; Converted color: #ff0000
2025-09-24 17:39:58,595 ; PT3S                                                         ; DEBUG   ; Converted color: #0000ff
2025-09-24 17:39:58,595 ; PT3S                                                         ; DEBUG   ; Converted color: #5600a8
2025-09-24 17:39:58,595 ; PT3S                                                         ; DEBUG   ; Converted color: #5600a8
2025-09-24 17:39:58,595 ; PT3S                                                         ; DEBUG   ; Converted color: #ff0000
2025-09-24 17:39:58,596 ; PT3S                                                         ; DEBUG   ; Converted color: #5600a8
2025-09-24 17:39:58,596 ; PT3S                                                         ; DEBUG   ; Converted color: #ff0000
2025-09-24 17:39:58,597 ; PT3S                                                         ; DEBUG   ; Converted color: #0000ff
2025-09-24 17:39:58,597 ; PT3S                                                         ; DEBUG   ; Converted color: #ff0000
2025-09-24 17:39:58,597 ; PT3S                                                         ; DEBUG   ; Converted color: #ff0000
2025-09-24 17:39:58,598 ; PT3S                                                         ; DEBUG   ; Converted color: #d3002b
2025-09-24 17:39:58,598 ; PT3S                                                         ; DEBUG   ; Converted color: #82007c
2025-09-24 17:39:58,598 ; PT3S                                                         ; DEBUG   ; Converted color: #0000ff
2025-09-24 17:39:58,598 ; PT3S                                                         ; DEBUG   ; Converted color: #0000ff
2025-09-24 17:39:58,599 ; PT3S                                                         ; DEBUG   ; Converted color: #0000ff
2025-09-24 17:39:58,599 ; PT3S                                                         ; DEBUG   ; Converted color: #0000ff
2025-09-24 17:39:58,599 ; PT3S                                                         ; DEBUG   ; Converted color: #0000ff
2025-09-24 17:39:58,599 ; PT3S                                                         ; DEBUG   ; Converted color: #f4000a
2025-09-24 17:39:58,599 ; PT3S                                                         ; DEBUG   ; Converted color: #3a00c4
2025-09-24 17:39:58,600 ; PT3S                                                         ; DEBUG   ; Converted color: #0000ff
2025-09-24 17:39:58,601 ; PT3S                                                         ; DEBUG   ; Converted color: #ff0000
2025-09-24 17:39:58,601 ; PT3S                                                         ; DEBUG   ; Converted color: #0000ff
2025-09-24 17:39:58,601 ; PT3S                                                         ; DEBUG   ; Converted color: #dd0021
2025-09-24 17:39:58,601 ; PT3S                                                         ; DEBUG   ; Converted color: #0000ff
2025-09-24 17:39:58,602 ; PT3S                                                         ; DEBUG   ; Converted color: #ff0000
2025-09-24 17:39:58,603 ; PT3S                                                         ; DEBUG   ; Converted color: #f4000a
2025-09-24 17:39:58,603 ; PT3S                                                         ; DEBUG   ; Converted color: #0000ff
2025-09-24 17:39:58,604 ; PT3S                                                         ; DEBUG   ; Converted color: #ff0000
2025-09-24 17:39:58,604 ; PT3S                                                         ; DEBUG   ; Converted color: #0000ff
2025-09-24 17:39:58,604 ; PT3S                                                         ; DEBUG   ; Converted color: #5600a8
2025-09-24 17:39:58,605 ; PT3S                                                         ; DEBUG   ; Converted color: #c90035
2025-09-24 17:39:58,605 ; PT3S                                                         ; DEBUG   ; Converted color: #0000ff
2025-09-24 17:39:58,605 ; PT3S                                                         ; DEBUG   ; Converted color: #f4000a
2025-09-24 17:39:58,606 ; PT3S                                                         ; DEBUG   ; Converted color: #0000ff
2025-09-24 17:39:58,606 ; PT3S                                                         ; DEBUG   ; Converted color: #ff0000
2025-09-24 17:39:58,606 ; PT3S                                                         ; DEBUG   ; Converted color: #0000ff
2025-09-24 17:39:58,607 ; PT3S                                                         ; DEBUG   ; Converted color: #3a00c4
2025-09-24 17:39:58,607 ; PT3S                                                         ; DEBUG   ; Converted color: #5600a8
2025-09-24 17:39:58,608 ; PT3S                                                         ; DEBUG   ; Converted color: #ff0000
2025-09-24 17:39:58,608 ; PT3S                                                         ; DEBUG   ; Converted color: #ff0000
2025-09-24 17:39:58,608 ; PT3S                                                         ; DEBUG   ; Converted color: #ff0000
2025-09-24 17:39:58,608 ; PT3S                                                         ; DEBUG   ; Converted color: #ff0000
2025-09-24 17:39:58,610 ; PT3S                                                         ; DEBUG   ; Converted color: #0000ff
2025-09-24 17:39:58,610 ; PT3S                                                         ; DEBUG   ; Converted color: #f70007
2025-09-24 17:39:58,610 ; PT3S                                                         ; DEBUG   ; Converted color: #f90005
2025-09-24 17:39:58,610 ; PT3S                                                         ; DEBUG   ; Converted color: #ff0000
2025-09-24 17:39:58,610 ; PT3S                                                         ; DEBUG   ; Converted color: #0000ff
2025-09-24 17:39:58,610 ; PT3S                                                         ; DEBUG   ; Converted color: #0000ff
2025-09-24 17:39:58,611 ; PT3S                                                         ; DEBUG   ; Converted color: #f90005
2025-09-24 17:39:58,611 ; PT3S                                                         ; DEBUG   ; Converted color: #f70007
2025-09-24 17:39:58,612 ; PT3S                                                         ; DEBUG   ; Converted color: #dd0021
2025-09-24 17:39:58,612 ; PT3S                                                         ; DEBUG   ; Converted color: #0000ff
2025-09-24 17:39:58,612 ; PT3S                                                         ; DEBUG   ; Converted color: #ff0000
2025-09-24 17:39:58,612 ; PT3S                                                         ; DEBUG   ; Converted color: #ff0000
2025-09-24 17:39:58,613 ; PT3S                                                         ; DEBUG   ; Converted color: #0000ff
2025-09-24 17:39:58,613 ; PT3S                                                         ; DEBUG   ; Converted color: #dd0021
2025-09-24 17:39:58,613 ; PT3S                                                         ; DEBUG   ; Converted color: #4200bc
2025-09-24 17:39:58,613 ; PT3S                                                         ; DEBUG   ; Converted color: #0000ff
2025-09-24 17:39:58,613 ; PT3S                                                         ; DEBUG   ; Converted color: #ff0000
2025-09-24 17:39:58,613 ; PT3S                                                         ; DEBUG   ; Converted color: #5600a8
2025-09-24 17:39:58,614 ; PT3S                                                         ; DEBUG   ; Converted color: #ff0000
2025-09-24 17:39:58,614 ; PT3S                                                         ; DEBUG   ; Converted color: #f70007
2025-09-24 17:39:58,614 ; PT3S                                                         ; DEBUG   ; Converted color: #3a00c4
2025-09-24 17:39:58,615 ; PT3S                                                         ; DEBUG   ; Converted color: #f90005
2025-09-24 17:39:58,615 ; PT3S                                                         ; DEBUG   ; Converted color: #0000ff
2025-09-24 17:39:58,615 ; PT3S                                                         ; DEBUG   ; Converted color: #0000ff
2025-09-24 17:39:58,615 ; PT3S                                                         ; DEBUG   ; Converted color: #ff0000
2025-09-24 17:39:58,616 ; PT3S                                                         ; DEBUG   ; Converted color: #ff0000
2025-09-24 17:39:58,617 ; PT3S                                                         ; DEBUG   ; Converted color: #ff0000
2025-09-24 17:39:58,617 ; PT3S                                                         ; DEBUG   ; Converted color: #b50049
2025-09-24 17:39:58,617 ; PT3S                                                         ; DEBUG   ; Converted color: #ff0000
2025-09-24 17:39:58,617 ; PT3S                                                         ; DEBUG   ; Converted color: #ff0000
2025-09-24 17:39:58,617 ; PT3S                                                         ; DEBUG   ; Converted color: #82007c
2025-09-24 17:39:58,619 ; PT3S                                                         ; DEBUG   ; Converted color: #f4000a
2025-09-24 17:39:58,619 ; PT3S                                                         ; DEBUG   ; Converted color: #ff0000
2025-09-24 17:39:58,620 ; PT3S                                                         ; DEBUG   ; Converted color: #ff0000
2025-09-24 17:39:58,620 ; PT3S                                                         ; DEBUG   ; Converted color: #f90005
2025-09-24 17:39:58,620 ; PT3S                                                         ; DEBUG   ; Converted color: #ff0000
2025-09-24 17:39:58,621 ; PT3S                                                         ; DEBUG   ; Converted color: #f90005
2025-09-24 17:39:58,622 ; PT3S                                                         ; DEBUG   ; Converted color: #ff0000
2025-09-24 17:39:58,622 ; PT3S                                                         ; DEBUG   ; Converted color: #ff0000
2025-09-24 17:39:58,622 ; PT3S                                                         ; DEBUG   ; Converted color: #ff0000
2025-09-24 17:39:58,623 ; PT3S                                                         ; DEBUG   ; Converted color: #f4000a
2025-09-24 17:39:58,623 ; PT3S                                                         ; DEBUG   ; Converted color: #dd0021
2025-09-24 17:39:58,623 ; PT3S                                                         ; DEBUG   ; Converted color: #5600a8
2025-09-24 17:39:58,623 ; PT3S                                                         ; DEBUG   ; Converted color: #ff0000
2025-09-24 17:39:58,624 ; PT3S                                                         ; DEBUG   ; Converted color: #ff0000
2025-09-24 17:39:58,624 ; PT3S                                                         ; DEBUG   ; Converted color: #f90005
2025-09-24 17:39:58,624 ; PT3S                                                         ; DEBUG   ; Converted color: #ff0000
2025-09-24 17:39:58,625 ; PT3S                                                         ; DEBUG   ; Converted color: #ff0000
2025-09-24 17:39:58,625 ; PT3S                                                         ; DEBUG   ; Converted color: #f90005
2025-09-24 17:39:58,625 ; PT3S                                                         ; DEBUG   ; Converted color: #af004f
2025-09-24 17:39:58,625 ; PT3S                                                         ; DEBUG   ; Converted color: #0000ff
2025-09-24 17:39:58,625 ; PT3S                                                         ; DEBUG   ; Converted color: #ff0000
2025-09-24 17:39:58,626 ; PT3S                                                         ; DEBUG   ; Converted color: #af004f
2025-09-24 17:39:58,626 ; PT3S                                                         ; DEBUG   ; Converted color: #0000ff
2025-09-24 17:39:58,626 ; PT3S                                                         ; DEBUG   ; Converted color: #ff0000
2025-09-24 17:39:58,626 ; PT3S                                                         ; DEBUG   ; Converted color: #ff0000
2025-09-24 17:39:58,626 ; PT3S                                                         ; DEBUG   ; Converted color: #5600a8
2025-09-24 17:39:58,627 ; PT3S                                                         ; DEBUG   ; Converted color: #b50049
2025-09-24 17:39:58,627 ; PT3S                                                         ; DEBUG   ; Converted color: #0000ff
2025-09-24 17:39:58,627 ; PT3S                                                         ; DEBUG   ; Converted color: #ff0000
2025-09-24 17:39:58,627 ; PT3S                                                         ; DEBUG   ; Converted color: #f4000a
2025-09-24 17:39:58,627 ; PT3S                                                         ; DEBUG   ; Converted color: #ff0000
2025-09-24 17:39:58,628 ; PT3S                                                         ; DEBUG   ; Converted color: #0000ff
2025-09-24 17:39:58,628 ; PT3S                                                         ; DEBUG   ; Converted color: #f90005
2025-09-24 17:39:58,628 ; PT3S                                                         ; DEBUG   ; Converted color: #0000ff
2025-09-24 17:39:58,629 ; PT3S                                                         ; DEBUG   ; Converted color: #ff0000
2025-09-24 17:39:58,629 ; PT3S                                                         ; DEBUG   ; Converted color: #0000ff
2025-09-24 17:39:58,629 ; PT3S                                                         ; DEBUG   ; Converted color: #ff0000
2025-09-24 17:39:58,629 ; PT3S                                                         ; DEBUG   ; Converted color: #5600a8
2025-09-24 17:39:58,629 ; PT3S                                                         ; DEBUG   ; Converted color: #ff0000
2025-09-24 17:39:58,630 ; PT3S                                                         ; DEBUG   ; Converted color: #0000ff
2025-09-24 17:39:58,630 ; PT3S                                                         ; DEBUG   ; Converted color: #5600a8
2025-09-24 17:39:58,630 ; PT3S                                                         ; DEBUG   ; Converted color: #f90005
2025-09-24 17:39:58,630 ; PT3S                                                         ; DEBUG   ; Converted color: #f70007
2025-09-24 17:39:58,630 ; PT3S                                                         ; DEBUG   ; Converted color: #f70007
2025-09-24 17:39:58,631 ; PT3S                                                         ; DEBUG   ; Converted color: #f90005
2025-09-24 17:39:58,631 ; PT3S                                                         ; DEBUG   ; Converted color: #0000ff
2025-09-24 17:39:58,631 ; PT3S                                                         ; DEBUG   ; Converted color: #0000ff
2025-09-24 17:39:58,631 ; PT3S                                                         ; DEBUG   ; Converted color: #ff0000
2025-09-24 17:39:58,631 ; PT3S                                                         ; DEBUG   ; Converted color: #f70007
2025-09-24 17:39:58,632 ; PT3S                                                         ; DEBUG   ; Converted color: #0000ff
2025-09-24 17:39:58,632 ; PT3S                                                         ; DEBUG   ; Converted color: #ff0000
2025-09-24 17:39:58,633 ; PT3S                                                         ; DEBUG   ; Converted color: #dd0021
2025-09-24 17:39:58,633 ; PT3S                                                         ; DEBUG   ; Converted color: #fc0002
2025-09-24 17:39:58,633 ; PT3S                                                         ; DEBUG   ; Converted color: #5600a8
2025-09-24 17:39:58,634 ; PT3S                                                         ; DEBUG   ; Converted color: #ff0000
2025-09-24 17:39:58,634 ; PT3S                                                         ; DEBUG   ; Converted color: #c1003d
2025-09-24 17:39:58,634 ; PT3S                                                         ; DEBUG   ; Converted color: #5600a8
2025-09-24 17:39:58,635 ; PT3S                                                         ; DEBUG   ; Converted color: #af004f
2025-09-24 17:39:58,635 ; PT3S                                                         ; DEBUG   ; Converted color: #f4000a
2025-09-24 17:39:58,635 ; PT3S                                                         ; DEBUG   ; Converted color: #0000ff
2025-09-24 17:39:58,636 ; PT3S                                                         ; DEBUG   ; Converted color: #0000ff
2025-09-24 17:39:58,636 ; PT3S                                                         ; DEBUG   ; Converted color: #dd0021
2025-09-24 17:39:58,637 ; PT3S                                                         ; DEBUG   ; Converted color: #ff0000
2025-09-24 17:39:58,637 ; PT3S                                                         ; DEBUG   ; Converted color: #f4000a
2025-09-24 17:39:58,637 ; PT3S                                                         ; DEBUG   ; Converted color: #f4000a
2025-09-24 17:39:58,638 ; PT3S                                                         ; DEBUG   ; Converted color: #ff0000
2025-09-24 17:39:58,638 ; PT3S                                                         ; DEBUG   ; Converted color: #5600a8
2025-09-24 17:39:58,638 ; PT3S                                                         ; DEBUG   ; Converted color: #ff0000
2025-09-24 17:39:58,638 ; PT3S                                                         ; DEBUG   ; Converted color: #5600a8
2025-09-24 17:39:58,639 ; PT3S                                                         ; DEBUG   ; Converted color: #ff0000
2025-09-24 17:39:58,639 ; PT3S                                                         ; DEBUG   ; Converted color: #ff0000
2025-09-24 17:39:58,639 ; PT3S                                                         ; DEBUG   ; Converted color: #0000ff
2025-09-24 17:39:58,639 ; PT3S                                                         ; DEBUG   ; Converted color: #ff0000
2025-09-24 17:39:58,640 ; PT3S                                                         ; DEBUG   ; Converted color: #ff0000
2025-09-24 17:39:58,640 ; PT3S                                                         ; DEBUG   ; Converted color: #f90005
2025-09-24 17:39:58,640 ; PT3S                                                         ; DEBUG   ; Converted color: #f4000a
2025-09-24 17:39:58,640 ; PT3S                                                         ; DEBUG   ; Converted color: #0000ff
2025-09-24 17:39:58,641 ; PT3S                                                         ; DEBUG   ; Converted color: #ff0000
2025-09-24 17:39:58,641 ; PT3S                                                         ; DEBUG   ; Converted color: #5600a8
2025-09-24 17:39:58,641 ; PT3S                                                         ; DEBUG   ; Converted color: #f4000a
2025-09-24 17:39:58,641 ; PT3S                                                         ; DEBUG   ; Converted color: #0000ff
2025-09-24 17:39:58,641 ; PT3S                                                         ; DEBUG   ; Converted color: #0000ff
2025-09-24 17:39:58,643 ; PT3S                                                         ; DEBUG   ; Converted color: #ff0000
2025-09-24 17:39:58,643 ; PT3S                                                         ; DEBUG   ; Converted color: #0000ff
2025-09-24 17:39:58,643 ; PT3S                                                         ; DEBUG   ; Converted color: #fc0002
2025-09-24 17:39:58,643 ; PT3S                                                         ; DEBUG   ; Converted color: #0000ff
2025-09-24 17:39:58,644 ; PT3S                                                         ; DEBUG   ; Converted color: #dd0021
2025-09-24 17:39:58,644 ; PT3S                                                         ; DEBUG   ; Converted color: #0000ff
2025-09-24 17:39:58,644 ; PT3S                                                         ; DEBUG   ; Converted color: #0000ff
2025-09-24 17:39:58,644 ; PT3S                                                         ; DEBUG   ; Converted color: #5600a8
2025-09-24 17:39:58,645 ; PT3S                                                         ; DEBUG   ; Converted color: #0000ff
2025-09-24 17:39:58,645 ; PT3S                                                         ; DEBUG   ; Converted color: #ff0000
2025-09-24 17:39:58,645 ; PT3S                                                         ; DEBUG   ; Converted color: #f4000a
2025-09-24 17:39:58,645 ; PT3S                                                         ; DEBUG   ; Converted color: #c90035
2025-09-24 17:39:58,646 ; PT3S                                                         ; DEBUG   ; Converted color: #0000ff
2025-09-24 17:39:58,646 ; PT3S                                                         ; DEBUG   ; Converted color: #0000ff
2025-09-24 17:39:58,646 ; PT3S                                                         ; DEBUG   ; Converted color: #ff0000
2025-09-24 17:39:58,646 ; PT3S                                                         ; DEBUG   ; Converted color: #5600a8
2025-09-24 17:39:58,647 ; PT3S                                                         ; DEBUG   ; Converted color: #ff0000
2025-09-24 17:39:58,647 ; PT3S                                                         ; DEBUG   ; Converted color: #5600a8
2025-09-24 17:39:58,647 ; PT3S                                                         ; DEBUG   ; Converted color: #ff0000
2025-09-24 17:39:58,647 ; PT3S                                                         ; DEBUG   ; Converted color: #0000ff
2025-09-24 17:39:58,648 ; PT3S                                                         ; DEBUG   ; Converted color: #0000ff
2025-09-24 17:39:58,648 ; PT3S                                                         ; DEBUG   ; Converted color: #f4000a
2025-09-24 17:39:58,648 ; PT3S                                                         ; DEBUG   ; Converted color: #ff0000
2025-09-24 17:39:58,649 ; PT3S                                                         ; DEBUG   ; Converted color: #0000ff
2025-09-24 17:39:58,649 ; PT3S                                                         ; DEBUG   ; Converted color: #f4000a
2025-09-24 17:39:58,649 ; PT3S                                                         ; DEBUG   ; Converted color: #f70007
2025-09-24 17:39:58,649 ; PT3S                                                         ; DEBUG   ; Converted color: #f4000a
2025-09-24 17:39:58,649 ; PT3S                                                         ; DEBUG   ; Converted color: #0000ff
2025-09-24 17:39:58,650 ; PT3S                                                         ; DEBUG   ; Converted color: #0000ff
2025-09-24 17:39:58,650 ; PT3S                                                         ; DEBUG   ; Converted color: #0000ff
2025-09-24 17:39:58,650 ; PT3S                                                         ; DEBUG   ; Converted color: #ff0000
2025-09-24 17:39:58,650 ; PT3S                                                         ; DEBUG   ; Converted color: #ff0000
2025-09-24 17:39:58,650 ; PT3S                                                         ; DEBUG   ; Converted color: #0000ff
2025-09-24 17:39:58,650 ; PT3S                                                         ; DEBUG   ; Converted color: #f4000a
2025-09-24 17:39:58,652 ; PT3S                                                         ; DEBUG   ; Converted color: #ff0000
2025-09-24 17:39:58,652 ; PT3S                                                         ; DEBUG   ; Converted color: #f4000a
2025-09-24 17:39:58,652 ; PT3S                                                         ; DEBUG   ; Converted color: #f4000a
2025-09-24 17:39:58,653 ; PT3S                                                         ; DEBUG   ; Converted color: #ff0000
2025-09-24 17:39:58,653 ; PT3S                                                         ; DEBUG   ; Converted color: #f90005
2025-09-24 17:39:58,653 ; PT3S                                                         ; DEBUG   ; Converted color: #f4000a
2025-09-24 17:39:58,654 ; PT3S                                                         ; DEBUG   ; Converted color: #ff0000
2025-09-24 17:39:58,654 ; PT3S                                                         ; DEBUG   ; Converted color: #dd0021
2025-09-24 17:39:58,655 ; PT3S                                                         ; DEBUG   ; Converted color: #0000ff
2025-09-24 17:39:58,655 ; PT3S                                                         ; DEBUG   ; Converted color: #f90005
2025-09-24 17:39:58,655 ; PT3S                                                         ; DEBUG   ; Converted color: #5600a8
2025-09-24 17:39:58,655 ; PT3S                                                         ; DEBUG   ; Converted color: #0000ff
2025-09-24 17:39:58,656 ; PT3S                                                         ; DEBUG   ; Converted color: #5600a8
2025-09-24 17:39:58,656 ; PT3S                                                         ; DEBUG   ; Converted color: #0000ff
2025-09-24 17:39:58,656 ; PT3S                                                         ; DEBUG   ; Converted color: #ff0000
2025-09-24 17:39:58,656 ; PT3S                                                         ; DEBUG   ; Converted color: #ff0000
2025-09-24 17:39:58,657 ; PT3S                                                         ; DEBUG   ; Converted color: #f90005
2025-09-24 17:39:58,657 ; PT3S                                                         ; DEBUG   ; Converted color: #ff0000
2025-09-24 17:39:58,657 ; PT3S                                                         ; DEBUG   ; Converted color: #ff0000
2025-09-24 17:39:58,657 ; PT3S                                                         ; DEBUG   ; Converted color: #0000ff
2025-09-24 17:39:58,657 ; PT3S                                                         ; DEBUG   ; Converted color: #ff0000
2025-09-24 17:39:58,658 ; PT3S                                                         ; DEBUG   ; Converted color: #ff0000
2025-09-24 17:39:58,658 ; PT3S                                                         ; DEBUG   ; Converted color: #0000ff
2025-09-24 17:39:58,658 ; PT3S                                                         ; DEBUG   ; Converted color: #f90005
2025-09-24 17:39:58,658 ; PT3S                                                         ; DEBUG   ; Converted color: #0000ff
2025-09-24 17:39:58,658 ; PT3S                                                         ; DEBUG   ; Converted color: #ff0000
2025-09-24 17:39:58,659 ; PT3S                                                         ; DEBUG   ; Converted color: #ff0000
2025-09-24 17:39:58,659 ; PT3S                                                         ; DEBUG   ; Converted color: #0000ff
2025-09-24 17:39:58,659 ; PT3S                                                         ; DEBUG   ; Converted color: #3a00c4
2025-09-24 17:39:58,660 ; PT3S                                                         ; DEBUG   ; Converted color: #0000ff
2025-09-24 17:39:58,660 ; PT3S                                                         ; DEBUG   ; Converted color: #f90005
2025-09-24 17:39:58,660 ; PT3S                                                         ; DEBUG   ; Converted color: #0000ff
2025-09-24 17:39:58,661 ; PT3S                                                         ; DEBUG   ; Converted color: #0000ff
2025-09-24 17:39:58,661 ; PT3S                                                         ; DEBUG   ; Converted color: #0000ff
2025-09-24 17:39:58,661 ; PT3S                                                         ; DEBUG   ; Converted color: #ff0000
2025-09-24 17:39:58,661 ; PT3S                                                         ; DEBUG   ; Converted color: #0000ff
2025-09-24 17:39:58,662 ; PT3S                                                         ; DEBUG   ; Converted color: #ff0000
2025-09-24 17:39:58,662 ; PT3S                                                         ; DEBUG   ; Converted color: #0000ff
2025-09-24 17:39:58,662 ; PT3S                                                         ; DEBUG   ; Converted color: #ff0000
2025-09-24 17:39:58,662 ; PT3S                                                         ; DEBUG   ; Converted color: #f4000a
2025-09-24 17:39:58,662 ; PT3S                                                         ; DEBUG   ; Converted color: #f90005
2025-09-24 17:39:58,663 ; PT3S                                                         ; DEBUG   ; Converted color: #ff0000
2025-09-24 17:39:58,663 ; PT3S                                                         ; DEBUG   ; Converted color: #ff0000
2025-09-24 17:39:58,663 ; PT3S                                                         ; DEBUG   ; Converted color: #f4000a
2025-09-24 17:40:00,091 ; PT3S                                                         ; DEBUG   ; Converted color: #ff0000
2025-09-24 17:40:00,091 ; PT3S                                                         ; DEBUG   ; Converted color: #0000ff
2025-09-24 17:40:02,036 ; PT3S                                                         ; DEBUG   ; PT3S.dxAndMxHelperFcts.readDxAndMx: Start.
2025-09-24 17:40:02,036 ; PT3S                                                         ; DEBUG   ; Dx.__init__: Start.#########
2025-09-24 17:40:02,036 ; PT3S                                                         ; INFO    ; Dx.__init__: dbFile (abspath): c:\users\aUserName\3s\pt3s\PT3S\Examples\Example5.db3 exists readable ...
2025-09-24 17:40:02,104 ; PT3S                                                         ; DEBUG   ; Dx.__init__: tableNames: ['AB_DEF', 'AGSN', 'ALLG', 'ALLG_BZ', 'ANTP', 'ANTP_ROWS', 'ARRW', 'ATMO', 'AVOS', 'AVOS_ROWS', 'BENUTZER', 'BEVE', 'BEVE_BZ', 'BEWI', 'BEWI_BZ', 'BREF', 'BZAG', 'BZAG_BZ', 'CIRC', 'CONT', 'CRGL', 'DATENEBENE', 'DPGR', 'DPGR_BZ', 'DPGR_DPKT', 'DPKT', 'DPKT_BZ', 'DPRG', 'DPRG_BZ', 'DRNP', 'DTRO', 'DTRO_ROWD', 'EBES', 'EBES_BZ', 'ELEMENTQUERY', 'ETAM', 'ETAM_ROWS', 'ETAR', 'ETAR_ROWS', 'ETAU', 'ETAU_ROWS', 'FKNL', 'FKNL_BZ', 'FQPS', 'FQPS_BZ', 'FSTF', 'FWBZ', 'FWEA', 'FWEA_BZ', 'FWES', 'FWES_BZ', 'FWVB', 'FWVB_BZ', 'FWWU', 'FWWU_BZ', 'GEOMETRY_COLUMNS', 'GKMP', 'GMIX', 'GRAV', 'GTXT', 'GVWK', 'GVWK_BZ', 'HAUS', 'HYDR', 'HYDR_BZ', 'KLAP', 'KLAP_BZ', 'KNOT', 'KNOT_BZ', 'KOMK', 'KOMK_ROWS', 'KOMP', 'KOMP_BZ', 'LAYR', 'LFAL', 'LFAL_BZ', 'LFKT', 'LFKT_ROWT', 'LTGR', 'MAPG', 'MAPG_ROWS', 'MODELL', 'MREG', 'MREG_BZ', 'NRCV', 'NSCH', 'NSCH_BZ', 'OBEH', 'OBEH_BZ', 'OVAL', 'PARI', 'PARI_BZ', 'PARV', 'PARZ', 'PARZ_BZ', 'PGPR', 'PGRP', 'PGRP_BZ', 'PGRP_PUMP', 'PGRP_PUMP_BZ', 'PHI1', 'PHI1_ROWT', 'PHI2', 'PHI2_ROWS', 'PHIV', 'PHIV_ROWS', 'PHTR', 'PHTR_BZ', 'PLYG', 'POLY', 'PREG', 'PREG_BZ', 'PROZESSE', 'PUMD', 'PUMD_ROWT', 'PUMK', 'PUMK_ROWS', 'PUMP', 'PUMP_BZ', 'PVAR', 'PVAR_ROWT', 'PZON', 'PZVR', 'PZVR_BZ', 'QVAR', 'QVAR_ROWT', 'RADD', 'RADD_BZ', 'RART', 'RART_BZ', 'RCON', 'RCPL', 'RCPL_ROWT', 'RDIV', 'RDIV_BZ', 'RECT', 'REGP', 'REGV', 'REGV_BZ', 'RFKT', 'RFKT_BZ', 'RHYS', 'RHYS_BZ', 'RINT', 'RINT_BZ', 'RLSR', 'RLSR_BZ', 'RLVG', 'RLVG_BZ', 'RMES', 'RMES_BZ', 'RMES_DPTS', 'RMES_DPTS_BZ', 'RMMA', 'RMMA_BZ', 'RMUL', 'RMUL_BZ', 'ROHR', 'ROHR_BZ', 'ROHR_VRTX', 'RPFL', 'RPID', 'RPID_BZ', 'RPLAN', 'RPLAN_ROWS', 'RPT1', 'RPT1_BZ', 'RRCT', 'RSLW', 'RSLW_BZ', 'RSTE', 'RSTE_BZ', 'RSTN', 'RSTN_BZ', 'RTOT', 'RTOT_BZ', 'RUES', 'RUES_BZ', 'SIRGRAF', 'SIVE', 'SIVE_BZ', 'SOKO', 'SPLZ', 'SRAT', 'SRAT_ROWS', 'STOF', 'STOF_ROWS', 'STRASSE', 'STRO', 'STRO_BZ', 'SWVT', 'SWVT_ROWT', 'SYSTEMKONFIG', 'TEVT', 'TEVT_ROWT', 'TFKT', 'TFKT_ROWS', 'TIMD', 'TRFT', 'TRFT_ROWS', 'TRVA', 'UTMP', 'VARA_ROWS', 'VENT', 'VENT_BZ', 'VERB', 'VKNO', 'VRCT', 'WBLZ', 'WEVT', 'WEVT_ROWT', 'WIND', 'WIND_BZ', 'WTTR', 'WTTR_ROWT', 'ZEP1', 'ZEP1_ROWS', 'ZEP2', 'ZEP2_ROWS', 'VARA']
2025-09-24 17:40:02,104 ; PT3S                                                         ; DEBUG   ; Dx.__init__: viewNames: ['VARRW', 'VFWES', 'VFWVB', 'VGTXT', 'VKLAP', 'VKNOT', 'VOBEH', 'VPOLY', 'VPUMP', 'VRECT', 'VREGV', 'VROHR', 'VVENT', 'VIEW_MODELLE']
2025-09-24 17:40:02,120 ; PT3S                                                         ; DEBUG   ; Dx.__init__: pair-tables: pairType: _BZ:
2025-09-24 17:40:02,148 ; PT3S                                                         ; DEBUG   ; Dx.__init__: BV: ALLG         BVZ: ALLG_BZ      V: V_BVZ_ALLG      constructed with        1 rows and  44 cols.
2025-09-24 17:40:02,186 ; PT3S                                                         ; DEBUG   ; Dx.__init__: BV: BEVE         BVZ: BEVE_BZ      V: V_BVZ_BEVE      constructed with        1 rows and  76 cols.
2025-09-24 17:40:02,207 ; PT3S                                                         ; DEBUG   ; Dx.__init__: BV: BEWI         BVZ: BEWI_BZ      V: V_BVZ_BEWI      constructed with        1 rows and  75 cols.
2025-09-24 17:40:02,225 ; PT3S                                                         ; DEBUG   ; Dx.__init__: BV: BZAG         BVZ: BZAG_BZ      V: V_BVZ_BZAG      constructed with        1 rows and  26 cols.
2025-09-24 17:40:02,238 ; PT3S                                                         ; DEBUG   ; Dx.__init__: BV: DPGR         BVZ: DPGR_BZ      V: V_BVZ_DPGR      constructed with       14 rows and  32 cols.
2025-09-24 17:40:02,355 ; PT3S                                                         ; DEBUG   ; Dx.__init__: BV: DPKT         BVZ: DPKT_BZ      V: V_BVZ_DPKT      constructed with     2775 rows and  49 cols.
2025-09-24 17:40:02,389 ; PT3S                                                         ; DEBUG   ; Dx.__init__: BV: DPRG         BVZ: DPRG_BZ      V: V_BVZ_DPRG      constructed with        1 rows and  72 cols.
2025-09-24 17:40:02,403 ; PT3S                                                         ; DEBUG   ; Dx.__init__: BV: EBES         BVZ: EBES_BZ      V: V_BVZ_EBES      constructed with        2 rows and  30 cols.
2025-09-24 17:40:02,428 ; PT3S                                                         ; DEBUG   ; Dx.__init__: BV: FKNL         BVZ: FKNL_BZ      V: V_BVZ_FKNL      constructed with        1 rows and  69 cols.
2025-09-24 17:40:02,456 ; PT3S                                                         ; DEBUG   ; Dx.__init__: BV: FQPS         BVZ: FQPS_BZ      V: V_BVZ_FQPS      constructed with        1 rows and  71 cols.
2025-09-24 17:40:02,492 ; PT3S                                                         ; DEBUG   ; Dx.__init__: BV: FWEA         BVZ: FWEA_BZ      V: V_BVZ_FWEA      constructed with        1 rows and 134 cols.
2025-09-24 17:40:02,508 ; PT3S                                                         ; DEBUG   ; Dx.__init__: BV: FWES         BVZ: FWES_BZ      V: V_BVZ_FWES      constructed with        2 rows and  60 cols.
2025-09-24 17:40:02,572 ; PT3S                                                         ; DEBUG   ; Dx.__init__: BV: FWVB         BVZ: FWVB_BZ      V: V_BVZ_FWVB      constructed with      657 rows and  83 cols.
2025-09-24 17:40:02,588 ; PT3S                                                         ; DEBUG   ; Dx.__init__: BV: FWWU         BVZ: FWWU_BZ      V: V_BVZ_FWWU      constructed with        1 rows and  93 cols.
2025-09-24 17:40:02,622 ; PT3S                                                         ; DEBUG   ; Dx.__init__: BV: GVWK         BVZ: GVWK_BZ      V: V_BVZ_GVWK      constructed with        1 rows and  67 cols.
2025-09-24 17:40:02,641 ; PT3S                                                         ; DEBUG   ; Dx.__init__: BV: HYDR         BVZ: HYDR_BZ      V: V_BVZ_HYDR      constructed with        1 rows and  58 cols.
2025-09-24 17:40:02,667 ; PT3S                                                         ; DEBUG   ; Dx.__init__: BV: KLAP         BVZ: KLAP_BZ      V: V_BVZ_KLAP      constructed with        5 rows and  56 cols.
2025-09-24 17:40:02,755 ; PT3S                                                         ; DEBUG   ; Dx.__init__: BV: KNOT         BVZ: KNOT_BZ      V: V_BVZ_KNOT      constructed with     1562 rows and  65 cols.
2025-09-24 17:40:02,785 ; PT3S                                                         ; DEBUG   ; Dx.__init__: BV: KOMP         BVZ: KOMP_BZ      V: V_BVZ_KOMP      constructed with        1 rows and  80 cols.
2025-09-24 17:40:02,793 ; PT3S                                                         ; DEBUG   ; Dx.__init__: BV: LFAL         BVZ: LFAL_BZ      V: V_BVZ_LFAL      constructed with        1 rows and  25 cols.
2025-09-24 17:40:02,818 ; PT3S                                                         ; DEBUG   ; Dx.__init__: BV: MREG         BVZ: MREG_BZ      V: V_BVZ_MREG      constructed with        1 rows and  73 cols.
2025-09-24 17:40:02,868 ; PT3S                                                         ; DEBUG   ; Dx.__init__: BV: NSCH         BVZ: NSCH_BZ      V: V_BVZ_NSCH      constructed with     1672 rows and  33 cols.
2025-09-24 17:40:02,890 ; PT3S                                                         ; DEBUG   ; Dx.__init__: BV: OBEH         BVZ: OBEH_BZ      V: V_BVZ_OBEH      constructed with        1 rows and  62 cols.
2025-09-24 17:40:02,902 ; PT3S                                                         ; DEBUG   ; Dx.__init__: BV: PARI         BVZ: PARI_BZ      V: V_BVZ_PARI      constructed with        1 rows and  31 cols.
2025-09-24 17:40:02,905 ; PT3S                                                         ; DEBUG   ; Dx.__init__: BV: PARZ         BVZ: PARZ_BZ      V: V_BVZ_PARZ      constructed with        1 rows and  28 cols.
2025-09-24 17:40:02,936 ; PT3S                                                         ; DEBUG   ; Dx.__init__: BV: PGRP         BVZ: PGRP_BZ      V: V_BVZ_PGRP      constructed with        2 rows and  61 cols.
2025-09-24 17:40:02,942 ; PT3S                                                         ; DEBUG   ; Dx.__init__: BV: PGRP_PUMP    BVZ: PGRP_PUMP_BZ V: V_BVZ_PGRP_PUMP constructed with        2 rows and  26 cols.
2025-09-24 17:40:02,955 ; PT3S                                                         ; DEBUG   ; Dx.__init__: BV: PHTR         BVZ: PHTR_BZ      V: V_BVZ_PHTR      constructed with        1 rows and  65 cols.
2025-09-24 17:40:02,988 ; PT3S                                                         ; DEBUG   ; Dx.__init__: BV: PREG         BVZ: PREG_BZ      V: V_BVZ_PREG      constructed with        1 rows and  71 cols.
2025-09-24 17:40:03,005 ; PT3S                                                         ; DEBUG   ; Dx.__init__: BV: PUMP         BVZ: PUMP_BZ      V: V_BVZ_PUMP      constructed with        3 rows and 142 cols.
2025-09-24 17:40:03,018 ; PT3S                                                         ; DEBUG   ; Dx.__init__: BV: PZVR         BVZ: PZVR_BZ      V: V_BVZ_PZVR      constructed with        1 rows and  30 cols.
2025-09-24 17:40:03,041 ; PT3S                                                         ; DEBUG   ; Dx.__init__: BV: RADD         BVZ: RADD_BZ      V: V_BVZ_RADD      constructed with        2 rows and  42 cols.
2025-09-24 17:40:03,055 ; PT3S                                                         ; DEBUG   ; Dx.__init__: BV: RART         BVZ: RART_BZ      V: V_BVZ_RART      constructed with       11 rows and  35 cols.
2025-09-24 17:40:03,069 ; PT3S                                                         ; DEBUG   ; Dx.__init__: BV: RDIV         BVZ: RDIV_BZ      V: V_BVZ_RDIV      constructed with        1 rows and  56 cols.
2025-09-24 17:40:03,097 ; PT3S                                                         ; DEBUG   ; Dx.__init__: BV: REGV         BVZ: REGV_BZ      V: V_BVZ_REGV      constructed with        1 rows and  55 cols.
2025-09-24 17:40:03,120 ; PT3S                                                         ; DEBUG   ; Dx.__init__: BV: RFKT         BVZ: RFKT_BZ      V: V_BVZ_RFKT      constructed with        1 rows and  57 cols.
2025-09-24 17:40:03,142 ; PT3S                                                         ; DEBUG   ; Dx.__init__: BV: RHYS         BVZ: RHYS_BZ      V: V_BVZ_RHYS      constructed with        2 rows and  45 cols.
2025-09-24 17:40:03,164 ; PT3S                                                         ; DEBUG   ; Dx.__init__: BV: RINT         BVZ: RINT_BZ      V: V_BVZ_RINT      constructed with        1 rows and  56 cols.
2025-09-24 17:40:03,179 ; PT3S                                                         ; DEBUG   ; Dx.__init__: BV: RLSR         BVZ: RLSR_BZ      V: V_BVZ_RLSR      constructed with        1 rows and  54 cols.
2025-09-24 17:40:03,201 ; PT3S                                                         ; DEBUG   ; Dx.__init__: BV: RLVG         BVZ: RLVG_BZ      V: V_BVZ_RLVG      constructed with       14 rows and  42 cols.
2025-09-24 17:40:03,227 ; PT3S                                                         ; DEBUG   ; Dx.__init__: BV: RMES         BVZ: RMES_BZ      V: V_BVZ_RMES      constructed with       12 rows and  52 cols.
2025-09-24 17:40:03,235 ; PT3S                                                         ; DEBUG   ; Dx.__init__: BV: RMES_DPTS    BVZ: RMES_DPTS_BZ V: V_BVZ_RMES_DPTS constructed with       23 rows and  29 cols.
2025-09-24 17:40:03,255 ; PT3S                                                         ; DEBUG   ; Dx.__init__: BV: RMMA         BVZ: RMMA_BZ      V: V_BVZ_RMMA      constructed with        1 rows and  55 cols.
2025-09-24 17:40:03,277 ; PT3S                                                         ; DEBUG   ; Dx.__init__: BV: RMUL         BVZ: RMUL_BZ      V: V_BVZ_RMUL      constructed with        1 rows and  43 cols.
2025-09-24 17:40:03,371 ; PT3S                                                         ; DEBUG   ; Dx.__init__: BV: ROHR         BVZ: ROHR_BZ      V: V_BVZ_ROHR      constructed with     1675 rows and  74 cols.
2025-09-24 17:40:03,388 ; PT3S                                                         ; DEBUG   ; Dx.__init__: BV: RPID         BVZ: RPID_BZ      V: V_BVZ_RPID      constructed with        1 rows and  63 cols.
2025-09-24 17:40:03,411 ; PT3S                                                         ; DEBUG   ; Dx.__init__: BV: RPT1         BVZ: RPT1_BZ      V: V_BVZ_RPT1      constructed with        1 rows and  56 cols.
2025-09-24 17:40:03,437 ; PT3S                                                         ; DEBUG   ; Dx.__init__: BV: RSLW         BVZ: RSLW_BZ      V: V_BVZ_RSLW      constructed with       17 rows and  50 cols.
2025-09-24 17:40:03,457 ; PT3S                                                         ; DEBUG   ; Dx.__init__: BV: RSTE         BVZ: RSTE_BZ      V: V_BVZ_RSTE      constructed with        1 rows and 104 cols.
2025-09-24 17:40:03,490 ; PT3S                                                         ; DEBUG   ; Dx.__init__: BV: RSTN         BVZ: RSTN_BZ      V: V_BVZ_RSTN      constructed with       20 rows and  77 cols.
2025-09-24 17:40:03,518 ; PT3S                                                         ; DEBUG   ; Dx.__init__: BV: RTOT         BVZ: RTOT_BZ      V: V_BVZ_RTOT      constructed with        1 rows and  55 cols.
2025-09-24 17:40:03,538 ; PT3S                                                         ; DEBUG   ; Dx.__init__: BV: RUES         BVZ: RUES_BZ      V: V_BVZ_RUES      constructed with      104 rows and  43 cols.
2025-09-24 17:40:03,567 ; PT3S                                                         ; DEBUG   ; Dx.__init__: BV: SIVE         BVZ: SIVE_BZ      V: V_BVZ_SIVE      constructed with        1 rows and  70 cols.
2025-09-24 17:40:03,585 ; PT3S                                                         ; DEBUG   ; Dx.__init__: BV: STRO         BVZ: STRO_BZ      V: V_BVZ_STRO      constructed with        1 rows and  72 cols.
2025-09-24 17:40:03,620 ; PT3S                                                         ; DEBUG   ; Dx.__init__: BV: VENT         BVZ: VENT_BZ      V: V_BVZ_VENT      constructed with      119 rows and  69 cols.
2025-09-24 17:40:03,647 ; PT3S                                                         ; DEBUG   ; Dx.__init__: BV: WIND         BVZ: WIND_BZ      V: V_BVZ_WIND      constructed with        1 rows and  76 cols.
2025-09-24 17:40:03,647 ; PT3S                                                         ; DEBUG   ; Dx.__init__: pair-tables: pairType: _ROWS:
2025-09-24 17:40:03,653 ; PT3S                                                         ; DEBUG   ; Dx.__init__: BV: ANTP         BVZ: ANTP_ROWS    V: V_BVZ_ANTP      constructed with        1 rows and  43 cols.
2025-09-24 17:40:03,672 ; PT3S                                                         ; DEBUG   ; Dx.__init__: BV: AVOS         BVZ: AVOS_ROWS    V: V_BVZ_AVOS      constructed with        3 rows and  43 cols.
2025-09-24 17:40:03,691 ; PT3S                                                         ; DEBUG   ; Dx.__init__: BV: ETAM         BVZ: ETAM_ROWS    V: V_BVZ_ETAM      constructed with        7 rows and  43 cols.
2025-09-24 17:40:03,702 ; PT3S                                                         ; DEBUG   ; Dx.__init__: BV: ETAR         BVZ: ETAR_ROWS    V: V_BVZ_ETAR      constructed with        7 rows and  43 cols.
2025-09-24 17:40:03,722 ; PT3S                                                         ; DEBUG   ; Dx.__init__: BV: ETAU         BVZ: ETAU_ROWS    V: V_BVZ_ETAU      constructed with        7 rows and  43 cols.
2025-09-24 17:40:03,737 ; PT3S                                                         ; DEBUG   ; Dx.__init__: BV: KOMK         BVZ: KOMK_ROWS    V: V_BVZ_KOMK      constructed with        1 rows and  53 cols.
2025-09-24 17:40:03,758 ; PT3S                                                         ; DEBUG   ; Dx.__init__: BV: MAPG         BVZ: MAPG_ROWS    V: V_BVZ_MAPG      constructed with        1 rows and  60 cols.
2025-09-24 17:40:03,770 ; PT3S                                                         ; DEBUG   ; Dx.__init__: BV: PHI2         BVZ: PHI2_ROWS    V: V_BVZ_PHI2      constructed with        8 rows and  44 cols.
2025-09-24 17:40:03,790 ; PT3S                                                         ; DEBUG   ; Dx.__init__: BV: PHIV         BVZ: PHIV_ROWS    V: V_BVZ_PHIV      constructed with       18 rows and  43 cols.
2025-09-24 17:40:03,807 ; PT3S                                                         ; DEBUG   ; Dx.__init__: BV: PUMK         BVZ: PUMK_ROWS    V: V_BVZ_PUMK      constructed with       40 rows and  49 cols.
2025-09-24 17:40:03,821 ; PT3S                                                         ; DEBUG   ; Dx.__init__: BV: RPLAN        BVZ: RPLAN_ROWS   V: V_BVZ_RPLAN     constructed with        1 rows and  54 cols.
2025-09-24 17:40:03,839 ; PT3S                                                         ; DEBUG   ; Dx.__init__: BV: SRAT         BVZ: SRAT_ROWS    V: V_BVZ_SRAT      constructed with      203 rows and  44 cols.
2025-09-24 17:40:03,855 ; PT3S                                                         ; DEBUG   ; Dx.__init__: BV: STOF         BVZ: STOF_ROWS    V: V_BVZ_STOF      constructed with      201 rows and  47 cols.
2025-09-24 17:40:03,871 ; PT3S                                                         ; DEBUG   ; Dx.__init__: BV: TFKT         BVZ: TFKT_ROWS    V: V_BVZ_TFKT      constructed with      116 rows and  43 cols.
2025-09-24 17:40:03,889 ; PT3S                                                         ; DEBUG   ; Dx.__init__: BV: TRFT         BVZ: TRFT_ROWS    V: V_BVZ_TRFT      constructed with        2 rows and  43 cols.
2025-09-24 17:40:03,902 ; PT3S                                                         ; DEBUG   ; Dx.__init__: BV: VARA         BVZ: VARA_ROWS    V: V_BVZ_VARA      constructed with        8 rows and  63 cols.
2025-09-24 17:40:03,920 ; PT3S                                                         ; DEBUG   ; Dx.__init__: BV: ZEP1         BVZ: ZEP1_ROWS    V: V_BVZ_ZEP1      constructed with       45 rows and  46 cols.
2025-09-24 17:40:03,944 ; PT3S                                                         ; DEBUG   ; Dx.__init__: BV: ZEP2         BVZ: ZEP2_ROWS    V: V_BVZ_ZEP2      constructed with       79 rows and  48 cols.
2025-09-24 17:40:03,944 ; PT3S                                                         ; DEBUG   ; Dx.__init__: pair-tables: pairType: _ROWT:
2025-09-24 17:40:03,951 ; PT3S                                                         ; DEBUG   ; Dx.__init__: BV: LFKT         BVZ: LFKT_ROWT    V: V_BVZ_LFKT      constructed with       20 rows and  38 cols.
2025-09-24 17:40:03,968 ; PT3S                                                         ; DEBUG   ; Dx.__init__: BV: PHI1         BVZ: PHI1_ROWT    V: V_BVZ_PHI1      constructed with        4 rows and  38 cols.
2025-09-24 17:40:03,981 ; PT3S                                                         ; DEBUG   ; Dx.__init__: BV: PUMD         BVZ: PUMD_ROWT    V: V_BVZ_PUMD      constructed with        2 rows and  38 cols.
2025-09-24 17:40:03,997 ; PT3S                                                         ; DEBUG   ; Dx.__init__: BV: PVAR         BVZ: PVAR_ROWT    V: V_BVZ_PVAR      constructed with        1 rows and  38 cols.
2025-09-24 17:40:04,002 ; PT3S                                                         ; DEBUG   ; Dx.__init__: BV: QVAR         BVZ: QVAR_ROWT    V: V_BVZ_QVAR      constructed with        1 rows and  38 cols.
2025-09-24 17:40:04,019 ; PT3S                                                         ; DEBUG   ; PT3S.Dx.fHelperCONTetc: pairType ROWT: df RCPL hat keine Spalte ZEIT? Keine Sortierung nach Zeit.
2025-09-24 17:40:04,019 ; PT3S                                                         ; DEBUG   ; Dx.__init__: BV: RCPL         BVZ: RCPL_ROWT    V: V_BVZ_RCPL      constructed with        3 rows and  13 cols.
2025-09-24 17:40:04,035 ; PT3S                                                         ; DEBUG   ; Dx.__init__: BV: SWVT         BVZ: SWVT_ROWT    V: V_BVZ_SWVT      constructed with      316 rows and  38 cols.
2025-09-24 17:40:04,045 ; PT3S                                                         ; DEBUG   ; Dx.__init__: BV: TEVT         BVZ: TEVT_ROWT    V: V_BVZ_TEVT      constructed with        2 rows and  38 cols.
2025-09-24 17:40:04,055 ; PT3S                                                         ; DEBUG   ; Dx.__init__: BV: WEVT         BVZ: WEVT_ROWT    V: V_BVZ_WEVT      constructed with        1 rows and  38 cols.
2025-09-24 17:40:04,068 ; PT3S                                                         ; DEBUG   ; Dx.__init__: BV: WTTR         BVZ: WTTR_ROWT    V: V_BVZ_WTTR      constructed with        0 rows and  45 cols.
2025-09-24 17:40:04,068 ; PT3S                                                         ; DEBUG   ; Dx.__init__: pair-tables: pairType: _ROWD:
2025-09-24 17:40:04,087 ; PT3S                                                         ; DEBUG   ; Dx.__init__: BV: DTRO         BVZ: DTRO_ROWD    V: V_BVZ_DTRO      constructed with       75 rows and  55 cols.
2025-09-24 17:40:04,087 ; PT3S                                                         ; DEBUG   ; Dx.__init__: tables which are not pair-tables:
2025-09-24 17:40:04,093 ; PT3S                                                         ; DEBUG   ; Dx.__init__: table: AB_DEF           V: V_AB_DEF             constructed with        1 rows and  16 cols.
2025-09-24 17:40:04,093 ; PT3S                                                         ; DEBUG   ; Dx.__init__: table: AGSN             V: V_AGSN               constructed with        2 rows and  37 cols.
2025-09-24 17:40:04,105 ; PT3S                                                         ; DEBUG   ; Dx.__init__: table: ARRW             V: V_ARRW               constructed with        5 rows and  52 cols.
2025-09-24 17:40:04,105 ; PT3S                                                         ; DEBUG   ; Dx.__init__: table: ATMO             V: V_ATMO               constructed with        2 rows and  37 cols.
2025-09-24 17:40:04,116 ; PT3S                                                         ; DEBUG   ; Dx.__init__: table: BENUTZER         V: V_BENUTZER           constructed with        0 rows and  26 cols.
2025-09-24 17:40:04,122 ; PT3S                                                         ; DEBUG   ; Dx.__init__: table: BREF             V: V_BREF               constructed with        1 rows and  52 cols.
2025-09-24 17:40:04,135 ; PT3S                                                         ; DEBUG   ; Dx.__init__: table: CIRC             V: V_CIRC               constructed with        1 rows and  52 cols.
2025-09-24 17:40:04,141 ; PT3S                                                         ; DEBUG   ; Dx.__init__: table: CONT             V: V_CONT               constructed with       15 rows and  41 cols.
2025-09-24 17:40:04,152 ; PT3S                                                         ; DEBUG   ; Dx.__init__: table: CRGL             V: V_CRGL               constructed with      111 rows and  53 cols.
2025-09-24 17:40:04,168 ; PT3S                                                         ; DEBUG   ; Dx.__init__: table: DATENEBENE       V: V_DATENEBENE         constructed with        4 rows and  11 cols.
2025-09-24 17:40:04,194 ; PT3S                                                         ; DEBUG   ; Dx.__init__: table: DPGR_DPKT        V: V_DPGR_DPKT          constructed with     3234 rows and  34 cols.
2025-09-24 17:40:04,202 ; PT3S                                                         ; DEBUG   ; Dx.__init__: table: DRNP             V: V_DRNP               constructed with        2 rows and  38 cols.
2025-09-24 17:40:04,204 ; PT3S                                                         ; DEBUG   ; Dx.__init__: table: ELEMENTQUERY     V: V_ELEMENTQUERY       constructed with       57 rows and  36 cols.
2025-09-24 17:40:04,204 ; PT3S                                                         ; DEBUG   ; Dx.__init__: table: FSTF             V: V_FSTF               constructed with        2 rows and  51 cols.
2025-09-24 17:40:04,219 ; PT3S                                                         ; DEBUG   ; Dx.__init__: table: FWBZ             V: V_FWBZ               constructed with        2 rows and  40 cols.
2025-09-24 17:40:04,219 ; PT3S                                                         ; DEBUG   ; Dx.__init__: table: GEOMETRY_COLUMNS V: V_GEOMETRY_COLUMNS   constructed with       13 rows and   7 cols.
2025-09-24 17:40:04,228 ; PT3S                                                         ; DEBUG   ; Dx.__init__: table: GKMP             V: V_GKMP               constructed with        1 rows and  55 cols.
2025-09-24 17:40:04,238 ; PT3S                                                         ; DEBUG   ; Dx.__init__: table: GMIX             V: V_GMIX               constructed with        1 rows and  80 cols.
2025-09-24 17:40:04,238 ; PT3S                                                         ; DEBUG   ; Dx.__init__: table: GRAV             V: V_GRAV               constructed with        2 rows and  35 cols.
2025-09-24 17:40:04,268 ; PT3S                                                         ; DEBUG   ; Dx.__init__: table: GTXT             V: V_GTXT               constructed with      123 rows and  54 cols.
2025-09-24 17:40:04,271 ; PT3S                                                         ; DEBUG   ; Dx.__init__: table: HAUS             V: V_HAUS               constructed with        1 rows and  43 cols.
2025-09-24 17:40:04,271 ; PT3S                                                         ; DEBUG   ; Dx.__init__: table: LAYR             V: V_LAYR               constructed with       21 rows and  38 cols.
2025-09-24 17:40:04,285 ; PT3S                                                         ; DEBUG   ; Dx.__init__: table: LTGR             V: V_LTGR               constructed with        4 rows and  38 cols.
2025-09-24 17:40:04,289 ; PT3S                                                         ; DEBUG   ; Dx.__init__: table: MODELL           V: V_MODELL             constructed with        1 rows and  18 cols.
2025-09-24 17:40:04,328 ; PT3S                                                         ; DEBUG   ; Dx.__init__: table: NRCV             V: V_NRCV               constructed with      420 rows and  61 cols.
2025-09-24 17:40:04,335 ; PT3S                                                         ; DEBUG   ; Dx.__init__: table: OVAL             V: V_OVAL               constructed with        1 rows and  52 cols.
2025-09-24 17:40:04,342 ; PT3S                                                         ; DEBUG   ; Dx.__init__: table: PARV             V: V_PARV               constructed with        2 rows and  45 cols.
2025-09-24 17:40:04,348 ; PT3S                                                         ; DEBUG   ; Dx.__init__: table: PGPR             V: V_PGPR               constructed with        2 rows and  36 cols.
2025-09-24 17:40:04,352 ; PT3S                                                         ; DEBUG   ; Dx.__init__: table: PLYG             V: V_PLYG               constructed with        1 rows and  53 cols.
2025-09-24 17:40:04,368 ; PT3S                                                         ; DEBUG   ; Dx.__init__: table: POLY             V: V_POLY               constructed with       12 rows and  53 cols.
2025-09-24 17:40:04,380 ; PT3S                                                         ; DEBUG   ; Dx.__init__: table: PROZESSE         V: V_PROZESSE           constructed with        0 rows and  21 cols.
2025-09-24 17:40:04,385 ; PT3S                                                         ; DEBUG   ; Dx.__init__: table: PZON             V: V_PZON               constructed with       27 rows and  43 cols.
2025-09-24 17:40:04,673 ; PT3S                                                         ; DEBUG   ; Dx.__init__: table: RCON             V: V_RCON               constructed with        2 rows and  35 cols.
2025-09-24 17:40:04,685 ; PT3S                                                         ; DEBUG   ; Dx.__init__: table: RECT             V: V_RECT               constructed with        5 rows and  52 cols.
2025-09-24 17:40:04,690 ; PT3S                                                         ; DEBUG   ; Dx.__init__: table: REGP             V: V_REGP               constructed with        2 rows and  34 cols.
2025-09-24 17:40:04,690 ; PT3S                                                         ; DEBUG   ; Dx.__init__: table: ROHR_VRTX        V: V_ROHR_VRTX          constructed with        1 rows and  36 cols.
2025-09-24 17:40:04,702 ; PT3S                                                         ; DEBUG   ; Dx.__init__: table: RPFL             V: V_RPFL               constructed with        1 rows and  52 cols.
2025-09-24 17:40:04,702 ; PT3S                                                         ; DEBUG   ; Dx.__init__: table: RRCT             V: V_RRCT               constructed with        1 rows and  52 cols.
2025-09-24 17:40:04,728 ; PT3S                                                         ; DEBUG   ; Dx.__init__: table: SIRGRAF          V: V_SIRGRAF            constructed with        2 rows and  67 cols.
2025-09-24 17:40:04,740 ; PT3S                                                         ; DEBUG   ; Dx.__init__: table: SOKO             V: V_SOKO               constructed with       26 rows and  69 cols.
2025-09-24 17:40:04,744 ; PT3S                                                         ; DEBUG   ; Dx.__init__: table: SPLZ             V: V_SPLZ               constructed with       16 rows and  44 cols.
2025-09-24 17:40:04,755 ; PT3S                                                         ; DEBUG   ; Dx.__init__: table: STRASSE          V: V_STRASSE            constructed with        1 rows and  37 cols.
2025-09-24 17:40:04,759 ; PT3S                                                         ; DEBUG   ; Dx.__init__: table: SYSTEMKONFIG     V: V_SYSTEMKONFIG       constructed with        4 rows and   4 cols.
2025-09-24 17:40:04,766 ; PT3S                                                         ; DEBUG   ; Dx.__init__: table: TIMD             V: V_TIMD               constructed with        2 rows and  40 cols.
2025-09-24 17:40:04,768 ; PT3S                                                         ; DEBUG   ; Dx.__init__: table: TRVA             V: V_TRVA               constructed with        2 rows and  45 cols.
2025-09-24 17:40:04,768 ; PT3S                                                         ; DEBUG   ; Dx.__init__: table: UTMP             V: V_UTMP               constructed with        2 rows and  35 cols.
2025-09-24 17:40:04,781 ; PT3S                                                         ; DEBUG   ; Dx.__init__: table: VARA             V: V_VARA               constructed with        4 rows and  35 cols.
2025-09-24 17:40:04,792 ; PT3S                                                         ; DEBUG   ; Dx.__init__: table: VERB             V: V_VERB               constructed with        2 rows and  74 cols.
2025-09-24 17:40:04,822 ; PT3S                                                         ; DEBUG   ; Dx.__init__: table: VKNO             V: V_VKNO               constructed with      216 rows and  54 cols.
2025-09-24 17:40:04,831 ; PT3S                                                         ; DEBUG   ; Dx.__init__: table: VRCT             V: V_VRCT               constructed with        1 rows and  37 cols.
2025-09-24 17:40:04,837 ; PT3S                                                         ; DEBUG   ; Dx.__init__: table: WBLZ             V: V_WBLZ               constructed with       27 rows and  39 cols.
2025-09-24 17:40:04,839 ; PT3S                                                         ; DEBUG   ; Dx._dfLAYR: Start.
2025-09-24 17:40:04,839 ; PT3S                                                         ; DEBUG   ; PT3S.dxDecodeObjsData.Layr: Start.
2025-09-24 17:40:07,846 ; PT3S                                                         ; DEBUG   ; PT3S.dxDecodeObjsData.Layr: _Done.
2025-09-24 17:40:07,874 ; PT3S                                                         ; DEBUG   ; Dx._dfLAYR: _Done.
2025-09-24 17:40:07,874 ; PT3S                                                         ; DEBUG   ; Dx.__init__: expanding V_BVZ_ROHR with NAME_DTRO, DN, DI, DA, S, KT, PN, Am2, Vm3 ...
2025-09-24 17:40:07,935 ; PT3S                                                         ; DEBUG   ; Dx.__init__: expanding V_BVZ_ROHR: rows before: 1675 rows now: 1675
2025-09-24 17:40:07,935 ; PT3S                                                         ; DEBUG   ; Dx.__init__: V3_ROHR: expanding V_BVZ_ROHR with  NAME_LTGR, NAME_STRASSE, tk_i, NAME_i, tk_k, NAME_k ...
2025-09-24 17:40:07,952 ; PT3S                                                         ; DEBUG   ; Dx.__init__: V3_SWVT: expanding V_BVZ_SWVT ...
2025-09-24 17:40:07,952 ; PT3S                                                         ; DEBUG   ; Dx.__init__: vSWVT handA: ZEIT und/oder W sind Null?!: ZEIT: nan W: 0.0: Null-Wert(e) wird (werden) auf 0. gesetzt.
2025-09-24 17:40:07,952 ; PT3S                                                         ; DEBUG   ; Dx.__init__: vSWVT wDH_RD_A: ZEIT und/oder W sind Null?!: ZEIT: nan W: 4.199999809265137: Null-Wert(e) wird (werden) auf 0. gesetzt.
2025-09-24 17:40:07,968 ; PT3S                                                         ; DEBUG   ; Dx.__init__: vSWVT wNA: ZEIT und/oder W sind Null?!: ZEIT: nan W: 1525.0: Null-Wert(e) wird (werden) auf 0. gesetzt.
2025-09-24 17:40:07,968 ; PT3S                                                         ; DEBUG   ; Dx.__init__: vSWVT wDH_MD_A: ZEIT und/oder W sind Null?!: ZEIT: nan W: 6.980000019073486: Null-Wert(e) wird (werden) auf 0. gesetzt.
2025-09-24 17:40:07,968 ; PT3S                                                         ; DEBUG   ; Dx.__init__: vSWVT wNB: ZEIT und/oder W sind Null?!: ZEIT: nan W: 1255.0: Null-Wert(e) wird (werden) auf 0. gesetzt.
2025-09-24 17:40:07,968 ; PT3S                                                         ; DEBUG   ; Dx.__init__: vSWVT zLeck_RL: ZEIT und/oder W sind Null?!: ZEIT: nan W: 0.0: Null-Wert(e) wird (werden) auf 0. gesetzt.
2025-09-24 17:40:07,968 ; PT3S                                                         ; DEBUG   ; Dx.__init__: vSWVT wLast: ZEIT und/oder W sind Null?!: ZEIT: nan W: 0.9092400074005127: Null-Wert(e) wird (werden) auf 0. gesetzt.
2025-09-24 17:40:07,968 ; PT3S                                                         ; DEBUG   ; Dx.__init__: vSWVT zLeck3: ZEIT und/oder W sind Null?!: ZEIT: nan W: 0.0: Null-Wert(e) wird (werden) auf 0. gesetzt.
2025-09-24 17:40:07,968 ; PT3S                                                         ; DEBUG   ; Dx.__init__: vSWVT zLeckMenge: ZEIT und/oder W sind Null?!: ZEIT: nan W: 0.0: Null-Wert(e) wird (werden) auf 0. gesetzt.
2025-09-24 17:40:07,968 ; PT3S                                                         ; DEBUG   ; Dx.__init__: vSWVT wAutoA: ZEIT und/oder W sind Null?!: ZEIT: nan W: 1.0: Null-Wert(e) wird (werden) auf 0. gesetzt.
2025-09-24 17:40:07,970 ; PT3S                                                         ; DEBUG   ; Dx.__init__: vSWVT zLeck2: ZEIT und/oder W sind Null?!: ZEIT: nan W: 0.0: Null-Wert(e) wird (werden) auf 0. gesetzt.
2025-09-24 17:40:07,970 ; PT3S                                                         ; DEBUG   ; Dx.__init__: vSWVT handB: ZEIT und/oder W sind Null?!: ZEIT: nan W: 0.0: Null-Wert(e) wird (werden) auf 0. gesetzt.
2025-09-24 17:40:07,970 ; PT3S                                                         ; DEBUG   ; Dx.__init__: vSWVT wDH_BA_A: ZEIT und/oder W sind Null?!: ZEIT: nan W: 0.0: Null-Wert(e) wird (werden) auf 0. gesetzt.
2025-09-24 17:40:07,970 ; PT3S                                                         ; DEBUG   ; Dx.__init__: vSWVT zLeck_VL: ZEIT und/oder W sind Null?!: ZEIT: nan W: 0.0: Null-Wert(e) wird (werden) auf 0. gesetzt.
2025-09-24 17:40:07,970 ; PT3S                                                         ; DEBUG   ; Dx.__init__: vSWVT wAutoB: ZEIT und/oder W sind Null?!: ZEIT: nan W: 1849.0: Null-Wert(e) wird (werden) auf 0. gesetzt.
2025-09-24 17:40:07,970 ; PT3S                                                         ; DEBUG   ; Dx.__init__: vSWVT wTRSP: ZEIT und/oder W sind Null?!: ZEIT: nan W: 55.0: Null-Wert(e) wird (werden) auf 0. gesetzt.
2025-09-24 17:40:07,970 ; PT3S                                                         ; DEBUG   ; Dx.__init__: vSWVT zLeck1: ZEIT und/oder W sind Null?!: ZEIT: nan W: 0.0: Null-Wert(e) wird (werden) auf 0. gesetzt.
2025-09-24 17:40:07,970 ; PT3S                                                         ; DEBUG   ; Dx.__init__: V3_ROWT: combining ROWT_tables like V_BVZ_LFKT, V_BVZ_PVAR, ...
2025-09-24 17:40:07,988 ; PT3S                                                         ; DEBUG   ; Dx.__init__: V3_TFKT: ...
2025-09-24 17:40:07,999 ; PT3S                                                         ; DEBUG   ; Dx.__init__: V3_RSLW_SWVT: combining RSLW and SWVT ...
2025-09-24 17:40:08,015 ; PT3S                                                         ; DEBUG   ; Dx.__init__: V3_KNOT: expanding V_BVZ_KNOT with XKOR, YKOR, NAME_LFKT, NAME_PVAR, NAME_PZON,NAME_QVAR,NAME_UTMP,NAME_FSTF,NAME_FQPS ...
2025-09-24 17:40:08,055 ; PT3S                                                         ; DEBUG   ; Dx.__init__:  Converting and creating geometry with x, y coordinates for nodes successful
2025-09-24 17:40:08,135 ; PT3S                                                         ; DEBUG   ; Dx.__init__: V3_FWVB: expanding V_BVZ_FWVB with NAME_LFKT, NAME_ZEP1VL, NAME_ZEP1RL, NAME_TEVT, NAME_TRFT, tk_i, NAME_i, tk_k, NAME_k, ...
2025-09-24 17:40:08,171 ; PT3S                                                         ; DEBUG   ; Dx.__init__: V3_:ROHR,KNOT,FWVB: filterTemplateObjects ...
2025-09-24 17:40:08,171 ; PT3S                                                         ; DEBUG   ; Dx._filterTemplateObjects: Start.
2025-09-24 17:40:08,180 ; PT3S                                                         ; DEBUG   ; Dx._filterTemplateObjects: V3_KNOT: Zeilen vorher: 1562 Zeilen jetzt: 1559
2025-09-24 17:40:08,180 ; PT3S                                                         ; DEBUG   ; Dx._filterTemplateObjects: V3_ROHR: Zeilen vorher: 1672 Zeilen jetzt: 1672
2025-09-24 17:40:08,188 ; PT3S                                                         ; DEBUG   ; Dx._filterTemplateObjects: V3_FWVB: Zeilen vorher: 656 Zeilen jetzt: 656
2025-09-24 17:40:08,188 ; PT3S                                                         ; DEBUG   ; Dx._filterTemplateObjects: _Done.
2025-09-24 17:40:08,188 ; PT3S                                                         ; DEBUG   ; Dx.__init__: V3_VBEL: ...
2025-09-24 17:40:08,254 ; PT3S                                                         ; DEBUG   ; Dx.__init__: FWES final in V3_VBEL-View (2,301) ...
2025-09-24 17:40:08,276 ; PT3S                                                         ; DEBUG   ; Dx.__init__: FWVB final in V3_VBEL-View (656,324) ...
2025-09-24 17:40:08,307 ; PT3S                                                         ; DEBUG   ; Dx.__init__: KLAP final in V3_VBEL-View (5,297) ...
2025-09-24 17:40:08,385 ; PT3S                                                         ; DEBUG   ; Dx.__init__: PGRP final in V3_VBEL-View (2,302) ...
2025-09-24 17:40:08,436 ; PT3S                                                         ; DEBUG   ; Dx.__init__: PUMP final in V3_VBEL-View (3,383) ...
2025-09-24 17:40:08,451 ; PT3S                                                         ; DEBUG   ; Dx.__init__: REGV final in V3_VBEL-View (1,296) ...
2025-09-24 17:40:08,514 ; PT3S                                                         ; DEBUG   ; Dx.__init__: ROHR final in V3_VBEL-View (1672,324) ...
2025-09-24 17:40:08,570 ; PT3S                                                         ; DEBUG   ; Dx.__init__: VENT final in V3_VBEL-View (119,310) ...
2025-09-24 17:40:09,154 ; PT3S                                                         ; DEBUG   ; Dx.__init__: V3_DPKT ...
2025-09-24 17:40:09,218 ; PT3S                                                         ; DEBUG   ; Dx.__init__: V3_RKNOT ...
2025-09-24 17:40:09,261 ; PT3S                                                         ; DEBUG   ; Dx.__init__: V3_RRUES ...
2025-09-24 17:40:09,471 ; PT3S                                                         ; DEBUG   ; Dx.__init__: V3_RVBEL ...
2025-09-24 17:40:09,493 ; PT3S                                                         ; DEBUG   ; Dx.__init__: V3_RVBEL RUES-Verbindungen zur Quelle hin aufloesen ...
2025-09-24 17:40:09,603 ; PT3S                                                         ; DEBUG   ; Dx.__init__: _Done.#########
2025-09-24 17:40:09,603 ; PT3S                                                         ; DEBUG   ; PT3S.dxAndMxHelperFcts.readDxAndMx: detecting MX-Source for dx.dbFile (abspath) c:\users\jablonski\3s\pt3s\PT3S\Examples\Example5.db3 ...
2025-09-24 17:40:09,603 ; PT3S                                                         ; DEBUG   ; PT3S.dxAndMxHelperFcts.readDxAndMx: wDir from dbFile: .\WDExample5
2025-09-24 17:40:09,603 ; PT3S                                                         ; DEBUG   ; PT3S.dxAndMxHelperFcts.readDxAndMx: abspath of wDir from dbFile: c:\users\jablonski\3s\pt3s\PT3S\Examples\WDExample5
2025-09-24 17:40:09,603 ; PT3S                                                         ; DEBUG   ; PT3S.dxAndMxHelperFcts.readDxAndMx: wDirMx from abspath of wDir from dbFile: c:\users\jablonski\3s\pt3s\PT3S\Examples\WDExample5\B1\V0\BZ1
2025-09-24 17:40:09,603 ; PT3S                                                         ; DEBUG   ; PT3S.dxAndMxHelperFcts.readDxAndMx: mx1File: ..\PT3S\Examples\WDExample5\B1\V0\BZ1\M-1-0-1.1.MX1
2025-09-24 17:40:09,603 ; PT3S                                                         ; DEBUG   ; PT3S.dxAndMxHelperFcts.readDxAndMx: corresponding dbFileMxPkl-File: ..\PT3S\Examples\Example5-mx-_PT3S_Examples_WDExample5_B1_V0_BZ1_M_1_0_1_1_MX1.pkl
2025-09-24 17:40:09,603 ; PT3S                                                         ; INFO    ; PT3S.dxAndMxHelperFcts.readDxAndMx: 
+..\PT3S\Examples\Example5.db3 is newer than
+..\PT3S\Examples\WDExample5\B1\V0\BZ1\M-1-0-1.1.MX1:
+SIR 3S' dbFile is newer than SIR 3S' mx1File
+in this case the results are maybe dated or (worse) incompatible to the model
2025-09-24 17:40:19,314 ; PT3S                                                         ; INFO    ; PT3S.dxAndMxHelperFcts.readDxAndMx: Model is being recalculated using C:\3S\SIR 3S\SirCalc-90-14-02-12_Potsdam.fix1_x64\SirCalc.exe
2025-09-24 17:40:19,318 ; PT3S                                                         ; DEBUG   ; Mx.__init__: Start.#########
2025-09-24 17:40:19,319 ; PT3S                                                         ; DEBUG   ; Mx._initWithMx1: Start.
2025-09-24 17:40:19,319 ; PT3S                                                         ; DEBUG   ; Mx._parseMx1: Start.
2025-09-24 17:40:19,370 ; PT3S                                                         ; DEBUG   ; Mx._parseMx1: mx1File: c:\users\jablonski\3s\pt3s\PT3S\Examples\WDExample5\B1\V0\BZ1\M-1-0-1.1.MX1 mx1Df read. Shape: (2329, 22).
2025-09-24 17:40:19,386 ; PT3S                                                         ; DEBUG   ; Mx._parseMx1: mx1Df after some generated Columns: Shape: (2329, 27).
2025-09-24 17:40:19,386 ; PT3S                                                         ; DEBUG   ; Mx._parseMx1: _Done.
2025-09-24 17:40:19,386 ; PT3S                                                         ; DEBUG   ; Mx._parseMx2: Start.
2025-09-24 17:40:19,402 ; PT3S                                                         ; DEBUG   ; Mx._parseMx2: _Done.
2025-09-24 17:40:19,402 ; PT3S                                                         ; DEBUG   ; Mx._buildMxRecordStructUnpackFmtString: Start.
2025-09-24 17:40:19,414 ; PT3S                                                         ; DEBUG   ; Mx._buildMxRecordStructUnpackFmtString: Bytes per MX-Record=586704. Bytes Unpacked=586704 (making up 100.00 Bytes-%).
2025-09-24 17:40:19,415 ; PT3S                                                         ; DEBUG   ; Mx._buildMxRecordStructUnpackFmtString: mx1Df after generated Column: Shape: (2329, 28).
2025-09-24 17:40:19,415 ; PT3S                                                         ; DEBUG   ; Mx._buildMxRecordStructUnpackFmtString: _Done.
2025-09-24 17:40:19,415 ; PT3S                                                         ; DEBUG   ; Mx._buildMxRecordStructUnpackFmtStringPost: Start.
2025-09-24 17:40:19,475 ; PT3S                                                         ; DEBUG   ; Mx._buildMxRecordStructUnpackFmtStringPost: _Done.
2025-09-24 17:40:19,475 ; PT3S                                                         ; DEBUG   ; Mx._initWithMx1: _Done.
2025-09-24 17:40:19,475 ; PT3S                                                         ; DEBUG   ; Mx.__init__: mxsFile c:\users\jablonski\3s\pt3s\PT3S\Examples\WDExample5\B1\V0\BZ1\M-1-0-1.1.MXS exists _and is newer than mx1File c:\users\jablonski\3s\pt3s\PT3S\Examples\WDExample5\B1\V0\BZ1\M-1-0-1.1.MX1 _and NoMxsRead False:
2025-09-24 17:40:19,475 ; PT3S                                                         ; DEBUG   ; Mx.__init__: mxsFile is read.
2025-09-24 17:40:19,475 ; PT3S                                                         ; DEBUG   ; Mx.setResultsToMxsFile: Start.
2025-09-24 17:40:19,475 ; PT3S                                                         ; DEBUG   ; Mx.setResultsToMxsFile: Mxs: Implicit specified.
2025-09-24 17:40:19,475 ; PT3S                                                         ; DEBUG   ; Mx._handleMxsVecsFileDeletion: Start.
2025-09-24 17:40:19,475 ; PT3S                                                         ; DEBUG   ; Mx._handleMxsVecsFileDeletion: Delete H5Dump because Mxs c:\users\jablonski\3s\pt3s\PT3S\Examples\WDExample5\B1\V0\BZ1\M-1-0-1.1.MXS To Read is newer than H5Dump c:\users\jablonski\3s\pt3s\PT3S\Examples\WDExample5\B1\V0\BZ1\M-1-0-1.1.vec.h5 ...
2025-09-24 17:40:19,475 ; PT3S                                                         ; DEBUG   ; Mx._handleMxsVecsFileDeletion: _Done.
2025-09-24 17:40:19,475 ; PT3S                                                         ; DEBUG   ; Mx.setResultsToMxsFile: Mxs: c:\users\jablonski\3s\pt3s\PT3S\Examples\WDExample5\B1\V0\BZ1\M-1-0-1.1.MXS opening ...
2025-09-24 17:40:19,487 ; PT3S                                                         ; INFO    ; Mx.setResultsToMxsFile: Mxs: ..\PT3S\Examples\WDExample5\B1\V0\BZ1\M-1-0-1.1.MXS reading ...
2025-09-24 17:40:19,487 ; PT3S                                                         ; DEBUG   ; Mx._readMxsFile: Start.
2025-09-24 17:40:19,491 ; PT3S                                                         ; DEBUG   ; Mx._readMxsFileSingleRecord: CVERSO: SIR 3S 90-14-02-12 3S Consult, 30827 Garbsen - 24.09.2025 17:40 - M-1-0-1       .
2025-09-24 17:40:19,622 ; PT3S                                                         ; DEBUG   ; Mx._processToDfVecAggs: cSNAPSHOTTYPE STAT     processed to (empty) dfVecAggs with TIMESTAMPL: 2025-09-23 22:00:00+00:00
2025-09-24 17:40:19,634 ; PT3S                                                         ; DEBUG   ; Mx._readMxsFile: TimeNr.      1 read and processed finally=2025-09-23 22:00:00.000000+0000 Values (without TIMESTAMP): 2225 - Actual SNAPSHOTTYPE: STAT. - H5Dump: YES: key=/                   0 not in keys.
2025-09-24 17:40:19,634 ; PT3S                                                         ; DEBUG   ; Mx._readMxsFile: File finished: Records read=1. Last Time read=2025-09-23 22:00:00.000000+0000. MB read=0000.59.
2025-09-24 17:40:19,656 ; PT3S                                                         ; DEBUG   ; Mx._readMxsFile: df.shape(): (1, 2225).
2025-09-24 17:40:19,656 ; PT3S                                                         ; DEBUG   ; All cols of df (non-vector): ['ALLG~~~5613264333403896674~SNAPSHOTTYPE', 'ALLG~~~5613264333403896674~CVERSO', 'ALLG~~~5613264333403896674~EXSTAT', 'ALLG~~~5613264333403896674~KNOT_PHMIN', 'ALLG~~~5613264333403896674~MFVTHUV', 'ALLG~~~5613264333403896674~KNOT_PHMAX', 'ALLG~~~5613264333403896674~NFVHYUV', 'ALLG~~~5613264333403896674~NMELD', 'ALLG~~~5613264333403896674~TAV', 'ALLG~~~5613264333403896674~LINEPACKRATE', 'ALLG~~~5613264333403896674~JWARN', 'ALLG~~~5613264333403896674~KNOT_PHMIN_R', 'ALLG~~~5613264333403896674~ITERHY', 'SIML~~~5151766074450398225~ONLINE', 'ALLG~~~5613264333403896674~TVMINMAX', 'ALLG~~~5613264333403896674~FWVB_TVLMIN', 'ALLG~~~5613264333403896674~KNOT_PHMAX_U', 'ALLG~~~5613264333403896674~KNOT_PHMAX_V', 'ALLG~~~5613264333403896674~KNOT_PHMAX_R', 'SIML~~~5151766074450398225~CALCULATE', 'ALLG~~~5613264333403896674~PAV', 'ALLG~~~5613264333403896674~KNOT_PHMIN_V', 'ALLG~~~5613264333403896674~FWVB_DPHMIN', 'ALLG~~~5613264333403896674~LINEPACKGES', 'ALLG~~~5613264333403896674~NPGREST', 'ALLG~~~5613264333403896674~RHOAV', 'ALLG~~~5613264333403896674~NFVTHUV', 'ALLG~~~5613264333403896674~CPUTIME', 'ALLG~~~5613264333403896674~NFEHL', 'ALLG~~~5613264333403896674~NWARN', 'ALLG~~~5613264333403896674~USRTIME', 'ALLG~~~5613264333403896674~MFVHYUV', 'ALLG~~~5613264333403896674~KNOT_PHMIN_U', 'ALLG~~~5613264333403896674~LINEPACKGEOM', 'ALLG~~~5613264333403896674~NETZABN', 'ALLG~~~5613264333403896674~NETZABNEXITS', 'ALLG~~~5613264333403896674~NETZBEZ', 'KNOT~R-HWNE~~4795746381672176734~PH', 'ROHR~V-1112~V-1113~5501288899222658673~ACALC', 'KNOT~R-2608~~5016786696192534002~PH', 'VENT~R-A2~R-A~4824943414853565007~M', 'ROHR~V-3003~V-3002~5681085285793832581~A', 'ROHR~V-1101~V-1102~5004698181623766396~ACALC', 'ROHR~V-1906~V-1907~5356185598443709142~ACALC', 'RSLW~wNB~~4658075570394029953~SWVT', 'ROHR~V-1127-TS~V-1128~4994405235471537178~ACALC', 'ROHR~V-3006~V-PSRH-P~4862015583387753067~A', 'KNOT~R-2109~~4613066916045834302~PH', 'ROHR~V-1374~V-1406~5174520957372706403~ACALC', 'ROHR~V-1132~V-HWNE~4620633708297269176~ACALC', 'ROHR~V-3007 TS~V-3006~4690719489931701758~ACALC', 'ROHR~V-3006~V-PSRH-P~4862015583387753067~ACALC', 'ROHR~R-1110~R-1111~4705870204270598692~LINEPACK', 'ROHR~V-1632~V-1633~4839074590848573933~A', 'ROHR~V-1902~V-1903~5325585945443514133~ACALC', 'RSLW~wNA~~4991855568438544033~XA', 'ROHR~V-PSRH~V-3004~4632033058261251922~ACALC', 'ROHR~V-1130~V-1131~5289875694503308557~A', 'ROHR~V-1711-TS~V-1712~5593786789536483101~A', 'ROHR~V-1750~V-1751~5614614242767907756~A', 'KNOT~R-1581~~5079761266980445582~PH', 'ROHR~V-1312~V-1376~4688952679374095545~A', 'ROHR~V-1109~V-1110~5011033251103338015~A', 'KNOT~V-3009~~4907988789574075615~PH', 'FWVB~V-3109~R-3109~5460080315477344071~LFH', 'ROHR~V-LEIT~V-3101~5434502281293787536~A', 'ROHR~V-1123~V-1124~5243154599333747993~ACALC', 'ROHR~V-1608~V-1609~5112697000932233715~ACALC', 'ROHR~V-4101V~V-3009~4636165695439427252~ACALC', 'KNOT~V-2109~~5689268576824048593~PH', 'ROHR~R-3008~R-3007~5158013150991786892~LECKMENGE', 'ROHR~V-FREE~V-LEIT~5550218676411411031~A', 'ROHR~V-1712~V-1713~5375492160009047320~A', 'KNOT~R-FREI~~5650079607511343259~PH', 'ROHR~V-3101~V-PRES~5304322063335090418~ACALC', 'ROHR~V-1902~V-1903~5325585945443514133~A', 'KNOT~V-PSRH~~4684824283365167028~PH', 'ROHR~V-3103~V-3104~5025189718580480725~ACALC', 'ROHR~V-1117~V-1851~5623735919445655299~A', 'ROHR~V-3008~V-3007~5495210784952840476~A', 'RSLW~wDH_RD_A~~4622192786925004485~XA', 'ROHR~V-HKW3W~V-DSM~4765605026079309505~ACALC', 'ROHR~V-HKW1H~V-1300~4699001200328718258~ACALC', 'ROHR~V-3008~V-3007~5495210784952840476~LECKEINAUS', 'ROHR~R-3008~R-3007~5158013150991786892~LINEPACK', 'ROHR~R-1905~R-1906~5311481409516587480~LINEPACK', 'KNOT~V-3514~~4873348415381768552~PH', 'ROHR~V-1710~V-1711~5692855717570959557~ACALC', 'ROHR~V-1333 TS~V-1334~5756639220551747288~A', 'KNOT~V-DUEK1~~5714861433911376866~PH', 'ROHR~V-1750~V-1754 TS~4818530042735058701~ACALC', 'ROHR~V-1313~V-1314 TS~5763939304001966241~ACALC', 'FWVB~V-3109~R-3109~5460080315477344071~QMK', 'ROHR~V-1103~V-1104~5265171094395520536~A', 'ROHR~V-3107~V-3001~5148486295119096120~ACALC', 'KNOT~V-PSRH-P~~5523229010387687897~H', 'PUMP~R-A-SS~R-A-DS~5040653781471340703~RHO', 'KNOT~R-1834~~4925832234215032327~PH', 'KNOT~R-PSRH~~5387424823817475491~H', 'ROHR~V-1330~V-1331~5587079558231191666~A', 'FWVB~V-3109~R-3109~5460080315477344071~TK', 'KNOT~V-FREI~~4947005433749386437~PH', 'ROHR~R-1110~R-1111~4705870204270598692~LECKORT', 'RSLW~wTRSP~~5547011912763631199~XA', 'ROHR~V-1114~V-1115~4636129166649865932~A', 'RSLW~wNB~~4658075570394029953~SLWKON', 'ROHR~V-1331~V-1332~4869389739639114344~A', 'KNOT~V-DSM~~5321882407863086773~PH', 'ROHR~V-1120~V-1121~5106564430947788812~ACALC', 'ROHR~V-1128~V-1129~4978523418598950916~ACALC', 'KNOT~V-B~~5152316559510921719~H', 'PUMP~R-A-SS~R-A-DS~5040653781471340703~M', 'RSLW~wNB~~4658075570394029953~XA', 'ROHR~V-3008~V-3007~5495210784952840476~LINEPACKRATE', 'ROHR~V-1900~V-1901~5278328714636521640~ACALC', 'ROHR~V-1102~V-1103~5115828601611667556~ACALC', 'ROHR~V-1406~V-MC01~4730169442804257320~A', 'ROHR~V-1632~V-1633~4839074590848573933~ACALC', 'ROHR~V-1711-TS~V-1712~5593786789536483101~ACALC', 'KNOT~V-IHAF2~~5638140482738772885~PH', 'KLAP~R-DSM~V-DSM~4790996386894195877~PHI', 'ROHR~V-DUEK1~V-DUEK2~5274559558935888609~A', 'ROHR~V-1851~V-1118~5637242171612874192~A', 'ROHR~V-1332~V-1333~5641739904889950875~ACALC', 'VENT~R-A~R-A-SS~5365829655564610747~PHI', 'ROHR~V-3103~V-3104~5025189718580480725~A', 'KNOT~R-PSRH~~5387424823817475491~PH', 'ROHR~V-1116~V-1117~5143321590629696474~ACALC', 'FWVB~V-3109~R-3109~5460080315477344071~W', 'FWVB~V-3109~R-3109~5460080315477344071~DH', 'FWVB~V-3109~R-3109~5460080315477344071~PHIRL', 'KNOT~R-2121~~4627019122152528950~PH', 'FWVB~V-3109~R-3109~5460080315477344071~P1', 'ROHR~V-SUNG~V-3102~4695498570367787594~A', 'ROHR~V-1901~V-1902~5140182131177859644~ACALC', 'ROHR~V-1320~V-1321~5499730738870751316~A', 'ROHR~V-1905~V-1906~5678479042185086221~A', 'ROHR~V-3100~V-FREE~5224370164126613846~A', 'ROHR~V-3008~V-3007~5495210784952840476~LINEPACKGEOM', 'ROHR~V-1316a~V-1316~4697778009767687073~A', 'ROHR~V-1323~V-1324~5747098152360397402~ACALC', 'KNOT~R-1316~~5754407850858230452~PH', 'ROHR~V-3008~V-3007~5495210784952840476~LINEPACK', 'KNOT~R-HWNE~~4795746381672176734~T', 'VENT~R-B~R-B-SS~5670075662910774275~M', 'ROHR~V-HKW3S~V-1907~4931835416053043153~A', 'ROHR~V-1312~V-1313~5753018868790037079~ACALC', 'ROHR~V-1129~V-1130~5039202888104265482~A', 'KNOT~V-2608~~5496595718448995294~PH', 'KNOT~R-DUEK1~~4798590817162431543~PH', 'KNOT~V-B~~5152316559510921719~PH', 'ROHR~V-1324~V-1330~5618925165211384976~A', 'ROHR~V-1116~V-1117~5143321590629696474~A', 'ROHR~V-1750~V-1751~5614614242767907756~ACALC', 'ROHR~V-HKW1H~V-1300~4699001200328718258~A', 'ROHR~V-A2~V-HKW1M~5466846475079662007~A', 'ROHR~V-PSRH~V-3004~4632033058261251922~A', 'KNOT~R-3407~~5166162216000406348~PH', 'ROHR~V-1750~V-1754 TS~4818530042735058701~A', 'ROHR~V-1315~V-1316a~5429089131908356645~A', 'PUMP~R-A-SS~R-A-DS~5040653781471340703~ETA', 'VENT~R-B~R-B-SS~5670075662910774275~PHI', 'PUMP~R-B-SS~R-B-DS~4619979088006137294~QM', 'ROHR~V-1108~V-1109~4651372502066862154~A', 'ROHR~V-1104~V-1105~4973299378226362267~ACALC', 'ROHR~V-HWNE~V-1713~5610817424430152178~ACALC', 'KNOT~R-DUEK2~~4803365353705573537~PH', 'VENT~R-A1~R-A~5722799743087723768~M', 'ROHR~V-1633~V-1634~5503967825802235876~A', 'ROHR~V-MC01~V-1634~5661804503813042514~ACALC', 'WBLZ~WärmeblnzGes~~5640359224799009579~WES', 'KNOT~V-A1~~5011622445515665493~H', 'ROHR~V-1333 TS~V-1334~5756639220551747288~ACALC', 'FWVB~V-3109~R-3109~5460080315477344071~LFKT', 'ROHR~V-PRES TS~V-SUNG~5735010381020153263~A', 'ROHR~V-1712~V-1713~5375492160009047320~ACALC', 'ROHR~V-1751~V-1752~5372960776638190825~ACALC', 'ROHR~V-3105 TS~V-3106~5235651330632372835~ACALC', 'FWVB~V-3109~R-3109~5460080315477344071~PH1', 'KNOT~R-PSRH-P~~4915609493631133953~H', 'KNOT~R-DSM~~4797066872843105139~PH', 'ROHR~V-3106~V-3107~5268415700338371266~ACALC', 'ROHR~R-1110~R-1111~4705870204270598692~LINEPACKGEOM', 'FWVB~V-3109~R-3109~5460080315477344071~WSOLL', 'ROHR~V-1111~V-1112~5304090663095367260~ACALC', 'ROHR~V-3107~V-3001~5148486295119096120~A', 'ROHR~V-1125~V-1126~5169093625668678566~ACALC', 'ROHR~V-3011~V-3010~5166093413434353599~ACALC', 'VENT~V-A~V-A2~4674118055843447186~QM', 'KNOT~V-3407~~5135971168065784188~PH', 'ROHR~V-1106 TS~V-1107~4963361625532825216~ACALC', 'ROHR~V-A2~V-HKW1M~5466846475079662007~ACALC', 'ROHR~R-1110~R-1111~4705870204270598692~LECKMENGE', 'ROHR~V-1709~V-1753~4804291879577188061~ACALC', 'ROHR~V-3101~V-PRES~5304322063335090418~A', 'ROHR~V-1754~V-1756~5311064651419344796~ACALC', 'ROHR~V-1104~V-1105~4973299378226362267~A', 'ROHR~R-3008~R-3007~5158013150991786892~LINEPACKRATE', 'FWVB~V-3109~R-3109~5460080315477344071~PH2', 'ROHR~V-1901~V-1902~5140182131177859644~A', 'KNOT~V-1834~~4847692704153539303~PH', 'ROHR~V-1905~V-1906~5678479042185086221~LECKMENGE', 'ROHR~V-PRES TS~V-SUNG~5735010381020153263~ACALC', 'FWVB~V-3109~R-3109~5460080315477344071~MSOLL', 'FWVB~V-3109~R-3109~5460080315477344071~PH3', 'ROHR~V-1904~V-1905~5254005797806962981~ACALC', 'ROHR~V-1129~V-1130~5039202888104265482~ACALC', 'ROHR~V-1752~V-1753~5731136039135173076~A', 'KNOT~R-2227~~5602252267283504407~PH', 'ROHR~V-1127-TS~V-1128~4994405235471537178~A', 'FWVB~V-3109~R-3109~5460080315477344071~DPH', 'KNOT~R-1115~~5412369121320160721~PH', 'RSLW~wDH_MD_A~~5093705160009582980~XA', 'ROHR~V-1903~V-1904 TS~5039235153285894644~ACALC', 'ROHR~V-1103~V-1104~5265171094395520536~ACALC', 'ROHR~V-1375~V-1376~4975015463634228907~ACALC', 'KNOT~V-HWNE~~5670935278778854984~PH', 'KLAP~R-DSM~V-DSM~4790996386894195877~QM', 'ROHR~V-DSM~V-DUEK1~5559542470435022049~ACALC', 'ROHR~V-1122~V-1123~5031554568670795559~ACALC', 'ROHR~V-1120~V-1121~5106564430947788812~A', 'ROHR~V-HKW3W~V-DSM~4765605026079309505~A', 'ROHR~V-1119~V-1120~5414146693336048598~A', 'ROHR~V-1903~V-1904 TS~5039235153285894644~A', 'ROHR~V-1126~V-1127~5393452012725001763~A', 'ROHR~V-1300~V-1320~5252117185061719956~ACALC', 'RSLW~wNB~~4658075570394029953~WERCK', 'ROHR~V-3008~V-3007~5495210784952840476~LECKMENGE', 'ROHR~V-DUEK1~V-DUEK2~5274559558935888609~ACALC', 'ROHR~V-HKW1T~V-HKW1H~5011723007067669474~A', 'ROHR~V-1330~V-1331~5587079558231191666~ACALC', 'KNOT~A_DH_Beh~~5629781421313935891~T', 'FWVB~V-3109~R-3109~5460080315477344071~P3', 'FWVB~V-3109~R-3109~5460080315477344071~QM13', 'KNOT~V-2227~~4755541119586146843~PH', 'FWVB~V-3109~R-3109~5460080315477344071~QM31', 'ROHR~V-3105 TS~V-3106~5235651330632372835~A', 'ROHR~V-3007 TS~V-3006~4690719489931701758~A', 'FWVB~V-3109~R-3109~5460080315477344071~M', 'RMES~yUWM~~5008805081156446169~XA', 'ROHR~V-1124~V-1125~4808278577657060903~ACALC', 'ROHR~V-1608~V-1609~5112697000932233715~A', 'RSLW~wLast~~5741660563170722352~XA', 'KNOT~V-A2~~5746823048871363597~PH', 'ROHR~V-1300~V-1320~5252117185061719956~A', 'ROHR~V-1904~V-1905~5254005797806962981~A', 'PUMP~R-A-SS~R-A-DS~5040653781471340703~ETAW', 'FWVB~V-3109~R-3109~5460080315477344071~INDUV', 'ROHR~R-1905~R-1906~5311481409516587480~LINEPACKRATE', 'ROHR~R-3008~R-3007~5158013150991786892~LINEPACKGEOM', 'ROHR~V-3009~V-3008~5143225426566593906~ACALC', 'ROHR~V-1316~V-1900~5060990341264188908~ACALC', 'FWVB~V-3109~R-3109~5460080315477344071~QVAR', 'ROHR~V-1608~V-1745~5628767220537494203~ACALC', 'FWVB~V-3109~R-3109~5460080315477344071~TI', 'KNOT~R-3109~~5705925106120239580~PH', 'ROHR~V-3102~V-3103~4807273748930033747~A', 'ROHR~V-FREE~V-LEIT~5550218676411411031~ACALC', 'ROHR~V-3008~V-3007~5495210784952840476~LECKORT', 'RSLW~wNB~~4658075570394029953~W', 'ROHR~V-1710~V-1711~5692855717570959557~A', 'ROHR~V-1609~V-1631~5233178534154049737~A', 'KNOT~V-FREE~~5458440962311607900~PH', 'KNOT~V-HWNE~~5670935278778854984~T', 'ROHR~V-1751~V-1752~5372960776638190825~A', 'ROHR~V-1320~V-1321~5499730738870751316~ACALC', 'ROHR~V-1109~V-1110~5011033251103338015~ACALC', 'PUMP~R-A-SS~R-A-DS~5040653781471340703~DP', 'ROHR~V-1105~V-1106~5558621904229760270~A', 'KNOT~V-3707~~5598431116451407594~PH', 'KNOT~R-3707~~5553155126496008932~PH', 'ROHR~V-1905~V-1906~5678479042185086221~LINEPACK', 'ROHR~R-1110~R-1111~4705870204270598692~LINEPACKRATE', 'ROHR~V-3002~V-3001~5728297962091887832~A', 'ROHR~V-1608~V-1745~5628767220537494203~A', 'ROHR~V-1106 TS~V-1107~4963361625532825216~A', 'ROHR~V-1314~V-1315~5454821006842231745~A', 'ROHR~V-1744~V-1756~5420364618555536046~ACALC', 'KNOT~R-IHAF2~~5484966770615504710~PH', 'FWVB~V-3109~R-3109~5460080315477344071~TVMIN', 'KNOT~R-A2~~4676016747827978218~PH', 'ROHR~V-1374~V-1406~5174520957372706403~A', 'ROHR~V-1631~V-1632 TS~5389229970225116476~ACALC', 'ROHR~V-1323~V-1324~5747098152360397402~A', 'KNOT~R-3514~~5614181028758749810~PH', 'ROHR~V-1128~V-1129~4978523418598950916~A', 'RSLW~wNB~~4658075570394029953~WAKT', 'ROHR~V-1609~V-1631~5233178534154049737~ACALC', 'ROHR~V-1752~V-1753~5731136039135173076~ACALC', 'ROHR~V-4101V~V-3009~4636165695439427252~A', 'ROHR~V-3002~V-3001~5728297962091887832~ACALC', 'ROHR~V-1125~V-1126~5169093625668678566~A', 'ROHR~V-1905~V-1906~5678479042185086221~LINEPACKGEOM', 'ROHR~V-1332~V-1333~5641739904889950875~A', 'ROHR~V-1110~V-1111~5213993202286076270~A', 'ROHR~V-1113 TS~V-1114~5753206182977477252~ACALC', 'ROHR~V-1110~V-1111~5213993202286076270~LECKMENGE', 'ROHR~V-1321~V-1323~5746641877789334226~A', 'ROHR~V-1905~V-1906~5678479042185086221~ACALC', 'ROHR~V-1900~V-1901~5278328714636521640~A', 'ROHR~V-1105~V-1106~5558621904229760270~ACALC', 'ROHR~V-1744~V-1756~5420364618555536046~A', 'FWVB~V-3109~R-3109~5460080315477344071~DP', 'RSLW~wNB~~4658075570394029953~WRCK', 'ROHR~R-1905~R-1906~5311481409516587480~LECKORT', 'ROHR~V-HKW1M~V-1101~5245038666002980172~ACALC', 'PUMP~R-B-SS~R-B-DS~4619979088006137294~RHO', 'KNOT~V-DUEK2~~4845124711971292208~PH', 'KNOT~R-3009~~5758426381762586532~PH', 'FWVB~V-3109~R-3109~5460080315477344071~RHOK', 'KNOT~R-B~~5580659932269400552~T', 'ROHR~V-1121~V-1122~4698976595035875039~A', 'ROHR~V-1851~V-1118~5637242171612874192~ACALC', 'KNOT~V-2121~~4619016391084954904~H', 'KNOT~V-PSRH-P~~5523229010387687897~PH', 'ROHR~V-3009~V-3008~5143225426566593906~A', 'KNOT~A_DH_Beh~~5629781421313935891~PH', 'ROHR~V-1115 TS 16~V-1116~5071643676972366318~ACALC', 'ROHR~V-3104~V-3105~4783532371312344748~A', 'KNOT~V-3109~~5191455435867208827~PH', 'PUMP~R-B-SS~R-B-DS~4619979088006137294~M', 'ROHR~V-1113 TS~V-1114~5753206182977477252~A', 'RLVG~autoA~~4742316320267545359~XA', 'FWVB~V-3109~R-3109~5460080315477344071~QM', 'ROHR~V-1131~V-1132~5648119387078206156~A', 'FWVB~V-3109~R-3109~5460080315477344071~QMI', 'ROHR~V-1316a~V-1316~4697778009767687073~ACALC', 'ROHR~V-3003~V-3002~5681085285793832581~ACALC', 'ROHR~V-1110~V-1111~5213993202286076270~LINEPACKRATE', 'ROHR~V-1119~V-1120~5414146693336048598~ACALC', 'ROHR~V-3011~V-3010~5166093413434353599~A', 'ROHR~V-1334~V-3011~4938816508850774425~ACALC', 'KLAP~R-FREI~V-FREI~4806777794314296005~QM', 'KNOT~V-3008~~4756669223333463683~PH', 'ROHR~V-HWNE~V-1713~5610817424430152178~A', 'ROHR~V-3106~V-3107~5268415700338371266~A', 'ROHR~R-3008~R-3007~5158013150991786892~LECKEINAUS', 'KNOT~R-3121~~5259307178587893401~PH', 'ROHR~V-1709~V-1710~5507130628965289207~ACALC', 'ROHR~V-1375~V-1376~4975015463634228907~A', 'ROHR~V-1111~V-1112~5304090663095367260~A', 'ROHR~V-1312~V-1313~5753018868790037079~A', 'ROHR~V-A1~V-HKW1T~5412023469066050588~A', 'ROHR~V-1314~V-1315~5454821006842231745~ACALC', 'KNOT~R-PSRH-P~~4915609493631133953~PH', 'KNOT~R-2121~~4627019122152528950~H', 'ROHR~V-1334~V-3011~4938816508850774425~A', 'ROHR~R-3008~R-3007~5158013150991786892~LECKORT', 'RSLW~wAutoA~~4849866990207957614~XA', 'ROHR~V-1905~V-1906~5678479042185086221~LECKORT', 'RSLW~wDH_BA_A_RD~~5322890886142492590~XA', 'ROHR~V-1331~V-1332~4869389739639114344~ACALC', 'KNOT~R-PSRH~~5387424823817475491~T', 'ROHR~V-SUNG~V-3102~4695498570367787594~ACALC', 'RLVG~wDH_BA_A_MD~~4873987359791313088~XA', 'PUMP~R-B-SS~R-B-DS~4619979088006137294~ETA', 'KNOT~V-3121~~5096443864654419624~PH', 'ROHR~V-1130~V-1131~5289875694503308557~ACALC', 'ROHR~V-3010~V-4101H~5543675046994096609~ACALC', 'KNOT~V-2100~~5711700714210450446~PH', 'ROHR~V-1906~V-1907~5356185598443709142~A', 'ROHR~V-3010~V-4101H~5543675046994096609~A', 'PUMP~R-A-SS~R-A-DS~5040653781471340703~QM', 'KNOT~V-B~~5152316559510921719~T', 'ROHR~V-HKW1T~V-HKW1H~5011723007067669474~ACALC', 'ROHR~V-1131~V-1132~5648119387078206156~ACALC', 'RSLW~handA~~5194343043762135519~XA', 'PUMP~R-B-SS~R-B-DS~4619979088006137294~ETAW', 'ROHR~V-MC01~V-1634~5661804503813042514~A', 'RSLW~wNB~~4658075570394029953~WEAKT', 'ROHR~V-1257~V-1108~5562327329871667018~ACALC', 'ROHR~V-DSM~V-DUEK1~5559542470435022049~A', 'KNOT~R-2100~~5493516499270992191~PH', 'ROHR~V-HKW1M~V-1101~5245038666002980172~A', 'ROHR~V-1110~V-1111~5213993202286076270~LINEPACK', 'ROHR~V-DUEK2~V-3100~5394098685577633300~A', 'ROHR~V-1374~V-1375 TS~4799160082958818795~ACALC', 'ROHR~V-1110~V-1111~5213993202286076270~LINEPACKGEOM', 'ROHR~R-1905~R-1906~5311481409516587480~LECKEINAUS', 'ROHR~V-1112~V-1113~5501288899222658673~A', 'ROHR~V-1132~V-HWNE~4620633708297269176~A', 'RSLW~wNB~~4658075570394029953~WE', 'ROHR~V-LEIT~V-3101~5434502281293787536~ACALC', 'PUMP~R-B-SS~R-B-DS~4619979088006137294~DP', 'KNOT~V-1581~~5689263250219357827~PH', 'ROHR~V-1905~V-1906~5678479042185086221~LECKEINAUS', 'ROHR~V-3100~V-FREE~5224370164126613846~ACALC', 'KNOT~V-2121~~4619016391084954904~T', 'ROHR~V-1110~V-1111~5213993202286076270~LECKORT', 'ROHR~V-3004~V-3003~5650317390331089147~ACALC', 'ROHR~V-1118 TS~V-1119~5148216817431311962~A', 'ROHR~V-1905~V-1906~5678479042185086221~LINEPACKRATE', 'KNOT~V-1316~~5577763163226118030~PH', 'ROHR~V-1107~V-1257~4987612281867074046~A', 'KNOT~R-1616~~5125457200263754081~PH', 'RSLW~wNB~~4658075570394029953~LFKT', 'ROHR~V-1631~V-1632 TS~5389229970225116476~A', 'KNOT~V-PSRH~~4684824283365167028~H', 'FWVB~V-3109~R-3109~5460080315477344071~P2', 'ROHR~V-A1~V-HKW1T~5412023469066050588~ACALC', 'ROHR~V-1101~V-1102~5004698181623766396~A', 'ROHR~V-1107~V-1257~4987612281867074046~ACALC', 'ROHR~V-1709~V-1710~5507130628965289207~A', 'ROHR~V-3104~V-3105~4783532371312344748~ACALC', 'ROHR~V-1312~V-1376~4688952679374095545~ACALC', 'FWES~R-A1x~V-A1x~5237816858835684263~W', 'ROHR~V-1121~V-1122~4698976595035875039~ACALC', 'KNOT~R-B~~5580659932269400552~H', 'ROHR~V-1709~V-1753~4804291879577188061~A', 'KNOT~V-PSRH~~4684824283365167028~T', 'ROHR~V-1374~V-1375 TS~4799160082958818795~A', 'ROHR~V-DUEK2~V-3100~5394098685577633300~ACALC', 'KNOT~R-FREE~~4785269077486103927~PH', 'RSLW~handB~~4705080808435797677~XA', 'ROHR~V-3102~V-3103~4807273748930033747~ACALC', 'KLAP~R-FREI~V-FREI~4806777794314296005~PHI', 'ROHR~V-1108~V-1109~4651372502066862154~ACALC', 'ROHR~V-1316~V-1900~5060990341264188908~A', 'ROHR~R-1905~R-1906~5311481409516587480~LECKMENGE', 'KNOT~V-3206~~4761478618341136241~PH', 'ROHR~V-1126~V-1127~5393452012725001763~ACALC', 'ROHR~V-1124~V-1125~4808278577657060903~A', 'KNOT~R-A1~~4908454635447464414~H', 'ROHR~V-1324~V-1330~5618925165211384976~ACALC', 'ROHR~V-HKW3S~V-1907~4931835416053043153~ACALC', 'ROHR~V-1744~V-1745~5278721804229128144~ACALC', 'ROHR~V-1102~V-1103~5115828601611667556~A', 'ROHR~V-1406~V-MC01~4730169442804257320~ACALC', 'FWVB~V-3109~R-3109~5460080315477344071~IAKTIV', 'ROHR~V-1744~V-1745~5278721804229128144~A', 'KNOT~V-1616~~5333164254897120297~PH', 'ROHR~V-3008~V-3007~5495210784952840476~ACALC', 'KNOT~R-2121~~4627019122152528950~T', 'FWES~R-B1~V-B1~5175187672733343279~W', 'ROHR~R-1905~R-1906~5311481409516587480~LINEPACKGEOM', 'PUMP~R-B-SS~R-B-DS~4619979088006137294~N', 'ROHR~V-1633~V-1634~5503967825802235876~ACALC', 'WBLZ~WärmeblnzGes~~5640359224799009579~WVB', 'KNOT~A_DH_Beh~~5629781421313935891~RHO', 'KNOT~R-3206~~5486270226486517761~PH', 'KNOT~V-2121~~4619016391084954904~PH', 'ROHR~V-1115 TS 16~V-1116~5071643676972366318~A', 'ROHR~V-1117~V-1851~5623735919445655299~ACALC', 'ROHR~V-1114~V-1115~4636129166649865932~ACALC', 'FWVB~V-3109~R-3109~5460080315477344071~RHOI', 'FWVB~V-3109~R-3109~5460080315477344071~PHIVL', 'ROHR~R-1110~R-1111~4705870204270598692~LECKEINAUS', 'ROHR~V-1257~V-1108~5562327329871667018~A', 'ROHR~V-1123~V-1124~5243154599333747993~A', 'ROHR~V-1110~V-1111~5213993202286076270~ACALC', 'ROHR~V-1122~V-1123~5031554568670795559~A', 'ROHR~V-1110~V-1111~5213993202286076270~LECKEINAUS', 'RSLW~wAutoB~~4771725364091629759~XA', 'ROHR~V-1754~V-1756~5311064651419344796~A', 'ROHR~V-1321~V-1323~5746641877789334226~ACALC', 'ROHR~V-1118 TS~V-1119~5148216817431311962~ACALC', 'ROHR~V-1315~V-1316a~5429089131908356645~ACALC', 'KNOT~R-B~~5580659932269400552~PH', 'ROHR~V-3004~V-3003~5650317390331089147~A', 'PUMP~R-A-SS~R-A-DS~5040653781471340703~N', 'KNOT~V-1115~~5408181737627543521~PH', 'ROHR~V-1313~V-1314 TS~5763939304001966241~A', 'VENT~A_DH_Beh~A_DH_SS~5440202959886247659~QM', 'KNOT~R-3008~~5090254719185410590~PH', 'VENT~R-A~R-A-SS~5365829655564610747~PR', 'VENT~R-B~R-B-SS~5670075662910774275~PR', 'WBLZ~WärmeblnzGes~~5640359224799009579~WVERL', 'PGRP~R-B-SS~R-B1~5392313705862982701~W', 'PGRP~R-B-SS~R-B1~5392313705862982701~X', 'PGRP~R-B-SS~R-B1~5392313705862982701~RART', 'PGRP~R-B-SS~R-B1~5392313705862982701~IZSTPG', 'PGRP~R-B-SS~R-B1~5392313705862982701~IAKTIV', 'RSTN~KA-0121~~4629369982105973579~XE1', 'RSTN~KA-0121~~4629369982105973579~XE2', 'RLVG~autoB~~5013654033692161674~XA', 'VENT~V-B1~V-B~5209651982315015995~QM', 'RSTN~KA-0123~~5489308865477947120~XE1', 'RSTN~KA-0123~~5489308865477947120~XE2', 'RSTN~KA-0122~~5755870926168731188~XE2', 'VENT~V-A1x~V-A~4797023288382331438~QM', 'KNOT~V-A~~4623603109828523070~PH', 'KNOT~V-A~~4623603109828523070~T', 'KNOT~R-A~~5689777741147349735~PH', 'KNOT~R-A~~5689777741147349735~T', 'RSTN~KA-0125~~5500938718165747866~XE1', 'RSTN~KA-0125~~5500938718165747866~XE2', 'RSTN~KA-0126~~5231172097828093578~XE2', 'RSTN~KA-0127~~5681127109787396167~XE1', 'RSTN~KA-0127~~5681127109787396167~XE2', 'PGRP~R-A-SS~R-A1x~4744913295586066104~IAKTIV', 'PGRP~R-A-SS~R-A1x~4744913295586066104~IZSTPG', 'PGRP~R-A-SS~R-A1x~4744913295586066104~W', 'PGRP~R-A-SS~R-A1x~4744913295586066104~X', 'PGRP~R-A-SS~R-A1x~4744913295586066104~RART', 'RMES~DH_pRL~~4794537292702050897~XA', 'RMES~DH_pVL~~5466238509051062967~XA', 'RMES~DH_dp~~5148904734540941229~XA', 'RADD~DH_pM~~5424672340466153741~XA', 'RMES~yWA~~4984139245059309601~XA', 'RMES~yWB~~4816397132143716349~XA', 'VENT~V-A~V-A1~5515498456917658702~QM', 'PUMP~A_DH_SS~A_DH_DS~5076641703445351406~RHO', 'PUMP~A_DH_SS~A_DH_DS~5076641703445351406~M', 'PUMP~A_DH_SS~A_DH_DS~5076641703445351406~N', 'PUMP~A_DH_SS~A_DH_DS~5076641703445351406~ETA', 'PUMP~A_DH_SS~A_DH_DS~5076641703445351406~ETAW', 'PUMP~A_DH_SS~A_DH_DS~5076641703445351406~DP', 'REGV~R-A~A_DH_SS~5318646327833607495~QM', 'PUMP~A_DH_SS~A_DH_DS~5076641703445351406~QM', 'REGV~R-A~A_DH_SS~5318646327833607495~W', 'REGV~R-A~A_DH_SS~5318646327833607495~X', 'REGV~R-A~A_DH_SS~5318646327833607495~RART', 'RSTN~KA-0136~~5624469462977397989~XE1', 'RSTN~KA-0136~~5624469462977397989~XE2', 'RSTN~KA-0137~~4733303314330172771~XE1', 'RSTN~KA-0137~~4733303314330172771~XE2', 'RSTN~KA-0140~~5525351520754567842~XE2', 'RSTN~KA-0140~~5525351520754567842~XE1', 'REGV~R-A~A_DH_SS~5318646327833607495~PHI', 'RSLW~INST~~4790795763730584982~XA', 'RLVG~STAT~~5008855482379216777~XA', 'RSTN~KA-0150~~4880624068243338621~XE1', 'RSTN~KA-0150~~4880624068243338621~XE2', 'RSTN~KA-0156~~4650506974947570771~XE1', 'RSTN~KA-0156~~4650506974947570771~XE2', 'RSTN~KA-0157~~5639626549223879050~XE1', 'RSTN~KA-0157~~5639626549223879050~XE2', 'SWVT~wAutoB~~5637532099392751986~W', 'RLVG~SIM_STAT~~4726547013190527859~XA', 'RLVG~SIM_INST~~5571809484695941196~XA', 'RMES~Leckmenge~~5269602113508464920~XA', 'KNOT~V-1713~~5444471064559368547~DPH', 'KNOT~V-1131~~5074594183838392416~DPH', 'FWVB~V-1334~R-1334~5209801747782974747~PHIRL', 'FWVB~V-3004~R-3004~5173895806656464628~PHIRL', 'SWVT~handA~~4791958075034637588~W', 'SWVT~handB~~4716831806719265523~W', 'PGRP~R-A-SS~R-A1x~4744913295586066104~NPUMPSOLL', 'PGRP~R-B-SS~R-B1~5392313705862982701~NPUMPSOLL', 'FWVB~V-1334~R-1334~5209801747782974747~DP', 'FWVB~V-3004~R-3004~5173895806656464628~DP', 'VENT~R-1711-TS~R-1711~5219556173145291227~PHI', 'VENT~V-1711~V-1711-TS~5198697599443665009~PHI', 'VENT~V-1127~V-1127-TS~5749231425607379757~PHI', 'VENT~R-1127-TS~R-1127~5065367016209070561~PHI', 'VENT~V-1711~V-1711-TS~5198697599443665009~QM', 'VENT~R-1711-TS~R-1711~5219556173145291227~QM', 'VENT~V-1127~V-1127-TS~5749231425607379757~QM', 'VENT~R-1127-TS~R-1127~5065367016209070561~QM', 'KNOT~R-1127-TS~~5108944066977420269~PH', 'KNOT~V-1127-TS~~5591042313243578511~PH', 'KNOT~R-1127~~4997212611405491112~PH', 'KNOT~V-1127~~5258861183398215736~PH', 'KNOT~V-2115~~5700688157225193171~PH', 'KNOT~V-2115~~5700688157225193171~QM', 'ROHR~V-2114 TS~V-2115~5386649059936462519~QMAV', 'KNOT~R-2115~~4689802960562112269~PH', 'KNOT~R-2115~~4689802960562112269~QM', 'ROHR~R-2114 TS~R-2115~5532384114025097923~QMAV', 'KNOT~V-2201~~4890229373327012884~PH', 'ROHR~V-2200 TS~V-2201~5190313568370877639~QMAV', 'KNOT~V-2201~~4890229373327012884~QM', 'KNOT~R-2201~~4721984912513724184~PH', 'KNOT~R-2201~~4721984912513724184~QM', 'ROHR~R-2200 TS~R-2201~5461417690433809414~QMAV', 'KNOT~V-2108~~5434388914180684083~PH', 'ROHR~V-2103 TS~V-2108~4905261610055169276~QMAV', 'KNOT~V-2108~~5434388914180684083~QM', 'KNOT~R-2108~~5137034012688321639~PH', 'KNOT~R-2108~~5137034012688321639~QM', 'ROHR~R-2103 TS~R-2108~5355746807256734000~QMAV', 'KNOT~V-1921~~5272139492480408302~PH', 'ROHR~V-1920 TS~V-1921~5387564938079580848~QMAV', 'KNOT~V-1921~~5272139492480408302~QM', 'KNOT~R-1921~~5181672229813603617~PH', 'KNOT~R-1921~~5181672229813603617~QM', 'ROHR~R-1920 TS~R-1921~5137664207859471062~QMAV', 'KNOT~V-1644~~5581382032624837035~PH', 'ROHR~V-1643-TS~V-1644~5025072897747110287~QMAV', 'KNOT~V-1644~~5581382032624837035~QM', 'KNOT~R-1644~~4904413932100373895~PH', 'KNOT~R-1644~~4904413932100373895~QM', 'ROHR~R-1643-TS~R-1644~5634948917618624776~QMAV', 'KNOT~V-1613~~5407331422844699696~PH', 'ROHR~V-1612~V-1613~5457304778575919253~QMAV', 'KNOT~V-1613~~5407331422844699696~QM', 'KNOT~R-1613~~5749008044439849151~PH', 'KNOT~R-1613~~5749008044439849151~QM', 'ROHR~R-1612~R-1613~5518543472830371829~QMAV', 'KNOT~V-HKW3W~~5354506353376264688~PH', 'ROHR~V-HKW3T TS~V-HKW3W~5295316741917341563~QMAV', 'KNOT~V-HKW3W~~5354506353376264688~QM', 'KNOT~R-HKW3W~~5745920401303765269~PH', 'KNOT~R-HKW3W~~5745920401303765269~QM', 'ROHR~R-HKW3T TS~R-HKW3W~4996469873767852539~QMAV', 'KNOT~V-1903~~4974995785395396438~PH', 'ROHR~V-1903~V-1904 TS~5039235153285894644~QMAV', 'KNOT~V-1903~~4974995785395396438~QM', 'KNOT~R-1903~~5676922994863311686~PH', 'KNOT~R-1903~~5676922994863311686~QM', 'ROHR~R-1903~R-1904 TS~5410354588912795211~QMAV', 'KNOT~V-1128~~5414461524800054484~PH', 'ROHR~V-1127-TS~V-1128~4994405235471537178~QMAV', 'KNOT~V-1128~~5414461524800054484~QM', 'KNOT~R-1128~~5655036113604733349~PH', 'KNOT~R-1128~~5655036113604733349~QM', 'ROHR~R-1127-TS~R-1128~5648820589957167355~QMAV', 'KNOT~V-1712~~4871422842376415078~PH', 'ROHR~V-1711-TS~V-1712~5593786789536483101~QMAV', 'KNOT~V-1712~~4871422842376415078~QM', 'KNOT~R-1712~~5264696012606932013~PH', 'KNOT~R-1712~~5264696012606932013~QM', 'ROHR~R-1711-TS~R-1712~5191765650034605736~QMAV', 'KNOT~V-1750~~5567047119891889984~PH', 'ROHR~V-1750~V-1754 TS~4818530042735058701~QMAV', 'KNOT~V-1750~~5567047119891889984~QM', 'KNOT~R-1750~~5469494313303090622~PH', 'KNOT~R-1750~~5469494313303090622~QM', 'ROHR~R-1750~R-1754 TS~4646511922637207483~QMAV', 'KNOT~V-1704~~4738019548175334640~PH', 'ROHR~V-1703 TS~V-1704~4903902925447484964~QMAV', 'KNOT~V-1704~~4738019548175334640~QM', 'KNOT~R-1704~~4819698841004234148~PH', 'KNOT~R-1704~~4819698841004234148~QM', 'ROHR~R-1703 TS~R-1704~4871662123469659256~QMAV', 'KNOT~V-1707~~4646844463786618911~PH', 'ROHR~V-1122 TS~V-1707~5200924601073804208~QMAV', 'KNOT~V-1707~~4646844463786618911~QM', 'KNOT~R-1707~~4847155082847587195~PH', 'KNOT~R-1707~~4847155082847587195~QM', 'ROHR~R-1122 TS~R-1707~4860388993968820745~QMAV', 'KNOT~V-1721~~4695510289231929564~PH', 'ROHR~V-1720 TS~V-1721~5317785761360669770~QMAV', 'KNOT~V-1721~~4695510289231929564~QM', 'KNOT~R-1721~~5596135131971259935~PH', 'KNOT~R-1721~~5596135131971259935~QM', 'ROHR~R-1720 TS~R-1721~5556440667235966832~QMAV', 'KNOT~V-1374~~5053047766437794171~PH', 'ROHR~V-1374~V-1375 TS~4799160082958818795~QMAV', 'KNOT~V-1374~~5053047766437794171~QM', 'KNOT~R-1374~~4685115071242921296~PH', 'KNOT~R-1374~~4685115071242921296~QM', 'ROHR~R-1374~R-1375 TS~5038401689793381233~QMAV', 'KNOT~V-1431~~4884510430332871593~PH', 'ROHR~V-1304 TS~V-1431~5238020078283565354~QMAV', 'KNOT~V-1431~~4884510430332871593~QM', 'KNOT~R-1431~~4922361408800486405~PH', 'KNOT~R-1431~~4922361408800486405~QM', 'ROHR~R-1304 TS~R-1431~5739272236293058296~QMAV', 'KNOT~V-1372~~5267246667282084348~PH', 'ROHR~V-1371 TS~V-1372~5363697118788759935~QMAV', 'KNOT~V-1372~~5267246667282084348~QM', 'KNOT~R-1372~~4995361628455857162~PH', 'KNOT~R-1372~~4995361628455857162~QM', 'ROHR~R-1371 TS~R-1372~5033157550355745061~QMAV', 'ROHR~V-1308 TS~V-1372~5670456045272797772~QMAV', 'ROHR~R-1308 TS~R-1372~5492978573264817287~QMAV', 'KNOT~V-1404~~4790054445205263240~PH', 'ROHR~V-1403 TS~V-1404~5728314682393508635~QMAV', 'KNOT~V-1404~~4790054445205263240~QM', 'KNOT~R-1404~~5299371859723143610~PH', 'KNOT~R-1404~~5299371859723143610~QM', 'ROHR~R-1403 TS~R-1404~5470730155728541154~QMAV', 'KNOT~V-1114~~4732525992409597169~PH', 'ROHR~V-1113 TS~V-1114~5753206182977477252~QMAV', 'KNOT~V-1114~~4732525992409597169~QM', 'KNOT~R-1114~~5573246892777767083~PH', 'KNOT~R-1114~~5573246892777767083~QM', 'ROHR~R-1113 TS~R-1114~4867140607444302181~QMAV', 'KNOT~V-1700~~5417152761968039132~PH', 'ROHR~V-1117 TS~V-1700~4911452248194347682~QMAV', 'KNOT~V-1700~~5417152761968039132~QM', 'KNOT~R-1700~~5018588879754015367~PH', 'KNOT~R-1700~~5018588879754015367~QM', 'ROHR~R-1117 TS~R-1700~4714009975036689461~QMAV', 'KNOT~V-1600~~4848480926789900328~PH', 'ROHR~V-1115 TS~V-1600~5267184521173506342~QMAV', 'KNOT~V-1600~~4848480926789900328~QM', 'KNOT~R-1600~~5401423581524795109~PH', 'KNOT~R-1600~~5401423581524795109~QM', 'ROHR~R-1115 TS~R-1600~4758052259346742170~QMAV', 'KNOT~V-1631~~5442489876582764655~PH', 'ROHR~V-1631~V-1632 TS~5389229970225116476~QMAV', 'KNOT~V-1631~~5442489876582764655~QM', 'KNOT~R-1631~~5261331651889219534~PH', 'KNOT~R-1631~~5261331651889219534~QM', 'ROHR~R-1631~R-1632 TS~4618706760563289756~QMAV', 'ROHR~V-1580 TS~V-1581~4708691176680769486~QMAV', 'KNOT~V-1581~~5689263250219357827~QM', 'KNOT~R-1581~~5079761266980445582~QM', 'ROHR~R-1580 TS~R-1581~5310983240996962418~QMAV', 'ROHR~V-1127~V-1730 TS~5020755722311903262~QMAV', 'KNOT~V-1127~~5258861183398215736~QM', 'KNOT~R-1127~~4997212611405491112~QM', 'ROHR~R-1127~R-1730 TS~4973578855329213722~QMAV', 'KNOT~V-1729~~5426464899477977103~PH', 'ROHR~V-1708 TS~V-1729~5081038578949793714~QMAV', 'KNOT~V-1729~~5426464899477977103~QM', 'KNOT~R-1729~~5263869945498856501~PH', 'KNOT~R-1729~~5263869945498856501~QM', 'ROHR~R-1708 TS~R-1729~5544546283763282984~QMAV', 'KNOT~V-1119~~5128045753491799259~PH', 'ROHR~V-1118 TS~V-1119~5148216817431311962~QMAV', 'KNOT~V-1119~~5128045753491799259~QM', 'KNOT~R-1119~~5167980240270536670~PH', 'KNOT~R-1119~~5167980240270536670~QM', 'ROHR~R-1118 TS~R-1119~5414193920247468781~QMAV', 'KNOT~V-1350~~5551760012791490446~PH', 'ROHR~V-1334 TS~V-1350~5637569252610606982~QMAV', 'KNOT~V-1350~~5551760012791490446~QM', 'KNOT~R-1350~~5611297855047155145~PH', 'KNOT~R-1350~~5611297855047155145~QM', 'ROHR~R-1334 TS~R-1350~5226828265758714867~QMAV', 'KNOT~V-1313~~4938689558566496726~PH', 'ROHR~V-1313~V-1314 TS~5763939304001966241~QMAV', 'KNOT~V-1313~~4938689558566496726~QM', 'KNOT~R-1313~~4889531955466008443~PH', 'KNOT~R-1313~~4889531955466008443~QM', 'ROHR~R-1313~R-1314 TS~5260898018855122854~QMAV', 'KNOT~V-3201~~5106197396752101885~PH', 'ROHR~V-3200 TS~V-3201~5421381657520644354~QMAV', 'KNOT~V-3201~~5106197396752101885~QM', 'KNOT~R-3201~~5675703941309651920~PH', 'KNOT~R-3201~~5675703941309651920~QM', 'ROHR~R-3200 TS~R-3201~5153087174603294667~QMAV', 'KNOT~V-1511~~5409622605448415940~PH', 'ROHR~V-1510 TS~V-1511~5014415221218994866~QMAV', 'KNOT~V-1511~~5409622605448415940~QM', 'KNOT~R-1511~~5301233623236639278~PH', 'KNOT~R-1511~~5301233623236639278~QM', 'ROHR~R-1510 TS~R-1511~5247248618100187317~QMAV', 'KNOT~V-1116~~5419941292222858592~PH', 'ROHR~V-1115 TS 16~V-1116~5071643676972366318~QMAV', 'KNOT~V-1116~~5419941292222858592~QM', 'KNOT~R-1116~~5647889108378991775~PH', 'KNOT~R-1116~~5647889108378991775~QM', 'ROHR~R-1115 TS 16~R-1116~5339736284634509324~QMAV', 'KNOT~V-1308~~5525125717847968738~PH', 'ROHR~V-1307 TS~V-1308~4875326874014806461~QMAV', 'KNOT~V-1308~~5525125717847968738~QM', 'KNOT~R-1308~~5342533238398689744~PH', 'KNOT~R-1308~~5342533238398689744~QM', 'ROHR~R-1307 TS~R-1308~4943315723458259758~QMAV', 'ROHR~V-1308~V-1309 TS~5098811961066895622~QMAV', 'ROHR~R-1308~R-1309 TS~5315659946039400690~QMAV', 'KNOT~V-1334~~5489003886579673747~PH', 'ROHR~V-1333 TS~V-1334~5756639220551747288~QMAV', 'KNOT~V-1334~~5489003886579673747~QM', 'KNOT~R-1334~~5418650477785169659~PH', 'KNOT~R-1334~~5418650477785169659~QM', 'ROHR~R-1333 TS~R-1334~4829728156340590664~QMAV', 'KNOT~V-1252~~5170008414234980765~PH', 'ROHR~V-1252~V-1251 TS~4868475595485058025~QMAV', 'KNOT~V-1252~~5170008414234980765~QM', 'KNOT~R-1252~~5403107381441738948~PH', 'KNOT~R-1252~~5403107381441738948~QM', 'ROHR~R-1252~R-1251 TS~5641809861382620137~QMAV', 'KNOT~V-1152~~4690348330074566755~PH', 'ROHR~V-1104 TS~V-1152~4923834016757556264~QMAV', 'KNOT~V-1152~~4690348330074566755~QM', 'KNOT~R-1152~~5487202573874735450~PH', 'KNOT~R-1152~~5487202573874735450~QM', 'ROHR~R-1104 TS~R-1152~5346324330434700818~QMAV', 'KNOT~V-1107~~5199152025686144513~PH', 'ROHR~V-1106 TS~V-1107~4963361625532825216~QMAV', 'KNOT~V-1107~~5199152025686144513~QM', 'KNOT~R-1107~~5021262978190991376~PH', 'KNOT~R-1107~~5021262978190991376~QM', 'ROHR~R-1106 TS~R-1107~5481846008187497895~QMAV', 'KNOT~V-1400~~5088123443471304141~PH', 'ROHR~V-1302 TS~V-1400~5289364654905518147~QMAV', 'KNOT~V-1400~~5088123443471304141~QM', 'KNOT~R-1400~~4654024557357532860~PH', 'KNOT~R-1400~~4654024557357532860~QM', 'ROHR~R-1302 TS~R-1400~5371357654971098344~QMAV', 'KNOT~V-1510~~5689669695472257871~PH', 'ROHR~V-1509 TS~V-1510~5406345713344244847~QMAV', 'KNOT~V-1510~~5689669695472257871~QM', 'KNOT~R-1510~~5490136137787422029~PH', 'KNOT~R-1510~~5490136137787422029~QM', 'ROHR~R-1509 TS~R-1510~4960409840097926697~QMAV', 'KNOT~V-1301~~5544459400039206300~PH', 'ROHR~V-1192 TS~V-1301~5091510390990107589~QMAV', 'KNOT~V-1301~~5544459400039206300~QM', 'KNOT~R-1301~~5751079200784066907~PH', 'KNOT~R-1301~~5751079200784066907~QM', 'ROHR~R-1192 TS~R-1301~4620718319392983450~QMAV', 'KNOT~V-3006~~5357090769568023782~PH', 'ROHR~V-3007 TS~V-3006~4690719489931701758~QMAV', 'KNOT~V-3006~~5357090769568023782~QM', 'KNOT~R-3006~~4892601735259440959~PH', 'KNOT~R-3006~~4892601735259440959~QM', 'ROHR~R-3007 TS~R-3006~5146064216081330890~QMAV', 'KNOT~V-3612~~5029011449026239945~PH', 'ROHR~V-3612~V-3614 TS~4917761264527351898~QMAV', 'KNOT~V-3612~~5029011449026239945~QM', 'KNOT~R-3612~~4791094258511437156~PH', 'KNOT~R-3612~~4791094258511437156~QM', 'ROHR~R-3612~R-3614 TS~5494691587988343661~QMAV', 'KNOT~V-3106~~5487494706380924171~PH', 'ROHR~V-3105 TS~V-3106~5235651330632372835~QMAV', 'KNOT~V-3106~~5487494706380924171~QM', 'KNOT~R-3106~~5131521461722407199~PH', 'KNOT~R-3106~~5131521461722407199~QM', 'ROHR~R-3105 TS~R-3106~4952046582510297168~QMAV', 'KNOT~V-1506~~4856150400548314169~PH', 'ROHR~V-1505 TS~V-1506~4840408127551704779~QMAV', 'KNOT~V-1506~~4856150400548314169~QM', 'KNOT~R-1506~~4885321201240242000~PH', 'KNOT~R-1506~~4885321201240242000~QM', 'ROHR~R-1505 TS~R-1506~5115803720755409948~QMAV', 'KNOT~V-1537~~4690565085881743381~PH', 'ROHR~V-1244 TS~V-1537~5115235749140512923~QMAV', 'KNOT~V-1537~~4690565085881743381~QM', 'KNOT~R-1537~~5755714776698119294~PH', 'KNOT~R-1537~~5755714776698119294~QM', 'ROHR~R-1244 TS~R-1537~4659743674799219540~QMAV', 'KNOT~V-1513~~5427622692127003382~PH', 'ROHR~V-1511 TS~V-1513~5332520526459270138~QMAV', 'KNOT~V-1513~~5427622692127003382~QM', 'KNOT~R-1513~~5078316366978519124~PH', 'KNOT~R-1513~~5078316366978519124~QM', 'ROHR~R-1511 TS~R-1513~4700771062280102258~QMAV', 'KNOT~V-SUNG~~4795260837963917966~PH', 'ROHR~V-PRES TS~V-SUNG~5735010381020153263~QMAV', 'KNOT~V-SUNG~~4795260837963917966~QM', 'KNOT~R-SUNG~~5287160530089310885~PH', 'KNOT~R-SUNG~~5287160530089310885~QM', 'ROHR~R-PRES TS~R-SUNG~5617379178328838471~QMAV', 'VENT~R-2114 TS~R-2114~5355203940834444481~QM', 'VENT~R-2114 TS~R-2114~5355203940834444481~PHI', 'VENT~V-2114~V-2114 TS~5760193943997446212~PHI', 'VENT~V-2114~V-2114 TS~5760193943997446212~QM', 'VENT~R-2200 TS~R-2200~5021423632971352692~PHI', 'VENT~R-2200 TS~R-2200~5021423632971352692~QM', 'VENT~V-2200~V-2200 TS~5022085697592945806~PHI', 'VENT~V-2200~V-2200 TS~5022085697592945806~QM', 'VENT~R-2103 TS~R-2103~5672943554454243642~PHI', 'VENT~R-2103 TS~R-2103~5672943554454243642~QM', 'VENT~V-2103~V-2103 TS~5144379867722183691~PHI', 'VENT~V-2103~V-2103 TS~5144379867722183691~QM', 'VENT~R-1920 TS~R-1920~5014193280344475042~PHI', 'VENT~R-1920 TS~R-1920~5014193280344475042~QM', 'VENT~V-1920~V-1920 TS~5086348904423864485~PHI', 'VENT~V-1920~V-1920 TS~5086348904423864485~QM', 'VENT~R-1643-TS~R-1643~5122330381116554076~PHI', 'VENT~R-1643-TS~R-1643~5122330381116554076~QM', 'VENT~V-1643~V-1643-TS~4909233068370375538~PHI', 'VENT~V-1643~V-1643-TS~4909233068370375538~QM', 'VENT~R-1611-TS~R-1611~4825245818877378216~PHI', 'VENT~R-1611-TS~R-1611~4825245818877378216~QM', 'VENT~V-1611~V-1611-TS~5184255944583972283~PHI', 'VENT~V-1611~V-1611-TS~5184255944583972283~QM', 'VENT~R-HKW3T TS~R-HKW3T~5016252379448867392~PHI', 'VENT~R-HKW3T TS~R-HKW3T~5016252379448867392~QM', 'VENT~V-HKW3T~V-HKW3T TS~4748784982654846197~PHI', 'VENT~V-HKW3T~V-HKW3T TS~4748784982654846197~QM', 'VENT~R-1904 TS~R-1904~5366362236165649942~PHI', 'VENT~R-1904 TS~R-1904~5366362236165649942~QM', 'VENT~V-1904~V-1904 TS~4632877310537456802~PHI', 'VENT~V-1904~V-1904 TS~4632877310537456802~QM', 'KNOT~R-1711-TS~~5323968762378032594~PH', 'KNOT~V-1711-TS~~5039458859755370896~PH', 'KNOT~R-1904 TS~~4842730102705367601~PH', 'KNOT~V-1904 TS~~5655040573726646568~PH', 'KNOT~R-HKW3T TS~~5669867370098375565~PH', 'KNOT~V-HKW3T TS~~5626116904341429436~PH', 'KNOT~V-1611-TS~~5422905586690810426~PH', 'KNOT~R-1611-TS~~5266793177564809822~PH', 'KNOT~V-1643-TS~~5494856247482742405~PH', 'KNOT~R-1643-TS~~5111230035325075434~PH', 'KNOT~V-1920 TS~~5309672723662309909~PH', 'KNOT~R-1920 TS~~5744502134749730513~PH', 'KNOT~V-2103 TS~~5223009236639544169~PH', 'KNOT~R-2103 TS~~5000750797972609947~PH', 'KNOT~V-2200 TS~~5461269215591210616~PH', 'KNOT~R-2200 TS~~5602478336846299948~PH', 'KNOT~V-2114 TS~~5650863998811736068~PH', 'KNOT~R-2114 TS~~5442754363950538205~PH', 'VENT~V-1754~V-1754 TS~5108114724706997657~PHI', 'VENT~R-1754 TS~R-1754~4932464323984444866~PHI', 'VENT~V-1754~V-1754 TS~5108114724706997657~QM', 'VENT~R-1754 TS~R-1754~4932464323984444866~QM', 'KNOT~V-1754 TS~~4715091783184927746~PH', 'KNOT~R-1754 TS~~5204246723942290368~PH', 'VENT~V-1703~V-1703 TS~5636342328882569033~PHI', 'VENT~R-1703 TS~R-1703~5621411294583641869~PHI', 'VENT~V-1703~V-1703 TS~5636342328882569033~QM', 'VENT~R-1703 TS~R-1703~5621411294583641869~QM', 'KNOT~R-1703 TS~~5370443031556434012~PH', 'KNOT~V-1703 TS~~4714868577861995734~PH', 'VENT~R-1122 TS~R-1122~5262657954010749181~PHI', 'VENT~V-1122~V-1122 TS~5755273915817960808~PHI', 'VENT~R-1122 TS~R-1122~5262657954010749181~QM', 'VENT~V-1122~V-1122 TS~5755273915817960808~QM', 'KNOT~V-1122 TS~~4889196392122975229~PH', 'KNOT~R-1122 TS~~5656252266974241997~PH', 'VENT~V-1720~V-1720 TS~4625628972938432459~QM', 'VENT~R-1720 TS~R-1720~5267022734744502922~QM', 'VENT~V-1720~V-1720 TS~4625628972938432459~PHI', 'VENT~R-1720 TS~R-1720~5267022734744502922~PHI', 'KNOT~V-1720 TS~~4692267193522498556~PH', 'KNOT~R-1720 TS~~5482387136487338930~PH', 'VENT~R-1375 TS~R-1375~4891547935785634467~PHI', 'VENT~V-1375~V-1375 TS~5611193972839170516~PHI', 'VENT~R-1375 TS~R-1375~4891547935785634467~QM', 'VENT~V-1375~V-1375 TS~5611193972839170516~QM', 'KNOT~V-1375 TS~~5395195692820400032~PH', 'KNOT~R-1375 TS~~5382229606695086617~PH', 'VENT~R-1304 TS~R-1304~5318078967911877439~PHI', 'VENT~V-1304~V-1304 TS~5268785481984585309~PHI', 'VENT~R-1304 TS~R-1304~5318078967911877439~QM', 'VENT~V-1304~V-1304 TS~5268785481984585309~QM', 'KNOT~V-1304 TS~~4700769780016482462~PH', 'KNOT~R-1304 TS~~4933264814443564473~PH', 'VENT~R-1371 TS~R-1371~5552645075634240196~PHI', 'VENT~V-1371~V-1371 TS~5007721049268953552~PHI', 'VENT~R-1371 TS~R-1371~5552645075634240196~QM', 'VENT~V-1371~V-1371 TS~5007721049268953552~QM', 'KNOT~V-1371 TS~~5040685249222528828~PH', 'KNOT~R-1371 TS~~5204602656383901020~PH', 'VENT~R-1308 TS~R-1308~4770877336064503085~PHI', 'VENT~V-1308~V-1308 TS~5377687748016331599~PHI', 'VENT~R-1308 TS~R-1308~4770877336064503085~QM', 'VENT~V-1308~V-1308 TS~5377687748016331599~QM', 'KNOT~V-1308 TS~~5398837071191369601~PH', 'KNOT~R-1308 TS~~5267507971320228594~PH', 'VENT~R-1403 TS~R-1403~5221016205547585087~PHI', 'VENT~V-1403~V-1403 TS~5749751062642520976~PHI', 'VENT~R-1403 TS~R-1403~5221016205547585087~QM', 'VENT~V-1403~V-1403 TS~5749751062642520976~QM', 'KNOT~V-1403 TS~~5644335726065425693~PH', 'KNOT~R-1403 TS~~4655772110656291818~PH', 'VENT~R-1113 TS~R-1113~5134188920276509651~PHI', 'VENT~V-1113~V-1113 TS~4772186813165306084~PHI', 'VENT~R-1113 TS~R-1113~5134188920276509651~QM', 'VENT~V-1113~V-1113 TS~4772186813165306084~QM', 'KNOT~V-1113 TS~~5295662925240869173~PH', 'KNOT~R-1113 TS~~4952002424700948039~PH', 'VENT~R-1117 TS~R-1117~5393321617338660440~PHI', 'VENT~V-1117~V-1117 TS~5302538591475552989~PHI', 'VENT~R-1117 TS~R-1117~5393321617338660440~QM', 'VENT~V-1117~V-1117 TS~5302538591475552989~QM', 'KNOT~V-1117 TS~~5131624559118847737~PH', 'KNOT~R-1117 TS~~5458569235452269753~PH', 'VENT~R-1115 TS~R-1115~5078441577974480239~PHI', 'VENT~V-1115~V-1115 TS~5334762202641789748~PHI', 'VENT~R-1115 TS~R-1115~5078441577974480239~QM', 'VENT~V-1115~V-1115 TS~5334762202641789748~QM', 'KNOT~V-1115 TS~~5760728086343019905~PH', 'KNOT~R-1115 TS~~4822458321318982266~PH', 'VENT~R-1632 TS~R-1632~5653456267662192560~PHI', 'VENT~V-1632~V-1632 TS~5724986031806040607~PHI', 'VENT~R-1632 TS~R-1632~5653456267662192560~QM', 'VENT~V-1632~V-1632 TS~5724986031806040607~QM', 'KNOT~V-1632 TS~~4760570904552782538~PH', 'KNOT~R-1632 TS~~5736176394567220306~PH', 'VENT~R-1580 TS~R-1580~4834690407551933334~PHI', 'VENT~V-1580~V-1580 TS~5143007569910119480~PHI', 'VENT~R-1580 TS~R-1580~4834690407551933334~QM', 'VENT~V-1580~V-1580 TS~5143007569910119480~QM', 'KNOT~V-1580 TS~~4666686999950144786~PH', 'KNOT~R-1580 TS~~4871286163590237304~PH', 'VENT~R-1730 TS~R-1730~5161434510407687872~PHI', 'VENT~V-1730~V-1730 TS~5389356393000365590~PHI', 'VENT~R-1730 TS~R-1730~5161434510407687872~QM', 'VENT~V-1730~V-1730 TS~5389356393000365590~QM', 'KNOT~V-1730 TS~~5716582368539258909~PH', 'KNOT~R-1730 TS~~5047826313816278710~PH', 'VENT~R-1708 TS~R-1708~5368029909783340225~PHI', 'VENT~V-1708~V-1708 TS~4651475465207370821~PHI', 'VENT~R-1708 TS~R-1708~5368029909783340225~QM', 'VENT~V-1708~V-1708 TS~4651475465207370821~QM', 'KNOT~V-1708 TS~~4999488044591364568~PH', 'KNOT~R-1708 TS~~4937071198031701000~PH', 'VENT~R-1118 TS~R-1118~4860672584658800525~PHI', 'VENT~V-1118~V-1118 TS~5134978298374039447~PHI', 'VENT~R-1118 TS~R-1118~4860672584658800525~QM', 'VENT~V-1118~V-1118 TS~5134978298374039447~QM', 'KNOT~V-1118 TS~~4634224623057201220~PH', 'KNOT~R-1118 TS~~4877569976739867279~PH', 'VENT~R-1334 TS~R-1334~4724556615875151731~PHI', 'VENT~R-1334 TS~R-1334~4724556615875151731~QM', 'VENT~V-1334~V-1334 TS~5671439182552530721~PHI', 'VENT~V-1334~V-1334 TS~5671439182552530721~QM', 'KNOT~V-1334 TS~~4688754708619557811~PH', 'KNOT~R-1334 TS~~4837088795972015790~PH', 'VENT~R-1314 TS~R-1314~5695493589549147481~PHI', 'VENT~R-1314 TS~R-1314~5695493589549147481~QM', 'VENT~V-1314~V-1314 TS~5648659467315253789~PHI', 'VENT~V-1314~V-1314 TS~5648659467315253789~QM', 'KNOT~V-1314 TS~~4938678534306948119~PH', 'KNOT~R-1314 TS~~5543152403108374908~PH', 'VENT~R-3200 TS~R-3200~5586824511649782229~PHI', 'VENT~R-3200 TS~R-3200~5586824511649782229~QM', 'VENT~V-3200~V-3200 TS~4977302196262691970~PHI', 'VENT~V-3200~V-3200 TS~4977302196262691970~QM', 'KNOT~V-3200 TS~~4810773982469705556~PH', 'KNOT~R-3200 TS~~5564648889203192287~PH', 'VENT~R-1510 TS~R-1510~5403928062661758030~PHI', 'VENT~R-1510 TS~R-1510~5403928062661758030~QM', 'VENT~V-1510~V-1510 TS~4956000635150784120~PHI', 'VENT~V-1510~V-1510 TS~4956000635150784120~QM', 'KNOT~V-1510 TS~~4798956885858729953~PH', 'KNOT~R-1510 TS~~5518384311185361111~PH', 'KNOT~V-1115 TS 16~~4825698248521372919~PH', 'KNOT~R-1115 TS 16~~4821125984755216505~PH', 'VENT~R-1115 TS 16~R-1115~5352717721765583502~PHI', 'VENT~R-1115 TS 16~R-1115~5352717721765583502~QM', 'VENT~V-1115~V-1115 TS 16~4967759272256350857~PHI', 'VENT~V-1115~V-1115 TS 16~4967759272256350857~QM', 'VENT~R-1307 TS~R-1307~4959359833947915571~PHI', 'VENT~R-1307 TS~R-1307~4959359833947915571~QM', 'VENT~V-1307~V-1307 TS~4971857521283232600~PHI', 'VENT~V-1307~V-1307 TS~4971857521283232600~QM', 'KNOT~V-1307 TS~~5615048211634621618~PH', 'KNOT~R-1307 TS~~4878824023369561413~PH', 'VENT~R-1309 TS~R-1309~4979920036046083412~PHI', 'VENT~R-1309 TS~R-1309~4979920036046083412~QM', 'VENT~V-1309~V-1309 TS~4936651803022048599~PHI', 'VENT~V-1309~V-1309 TS~4936651803022048599~QM', 'KNOT~V-1309 TS~~5263180678376141268~PH', 'KNOT~R-1309 TS~~5253141828684778079~PH', 'VENT~R-1333 TS~R-1333~4846490422424081430~PHI', 'VENT~R-1333 TS~R-1333~4846490422424081430~QM', 'VENT~V-1333~V-1333 TS~5096712557447885228~PHI', 'VENT~V-1333~V-1333 TS~5096712557447885228~QM', 'KNOT~R-1333 TS~~5528724774248248311~PH', 'KNOT~V-1333 TS~~4803192704881544539~PH', 'VENT~R-1251 TS~R-1251~5399023270541434688~PHI', 'VENT~R-1251 TS~R-1251~5399023270541434688~QM', 'VENT~V-1251~V-1251 TS~5627165606590442989~PHI', 'VENT~V-1251~V-1251 TS~5627165606590442989~QM', 'KNOT~V-1251 TS~~5431316036269035309~PH', 'KNOT~R-1251 TS~~5303979032519205849~PH', 'VENT~R-1104 TS~R-1104~5486173139641020481~PHI', 'VENT~R-1104 TS~R-1104~5486173139641020481~QM', 'VENT~V-1104~V-1104 TS~4918271548164306665~PHI', 'VENT~V-1104~V-1104 TS~4918271548164306665~QM', 'KNOT~V-1104 TS~~5232332179122565338~PH', 'KNOT~R-1104 TS~~4651194005978887980~PH', 'VENT~R-1106 TS~R-1106~5200094991149567481~PHI', 'VENT~R-1106 TS~R-1106~5200094991149567481~QM', 'VENT~V-1106~V-1106 TS~4736937791717091836~PHI', 'VENT~V-1106~V-1106 TS~4736937791717091836~QM', 'VENT~R-1302 TS~R-1302~4941745543543360213~PHI', 'VENT~R-1302 TS~R-1302~4941745543543360213~QM', 'VENT~V-1302~V-1302 TS~4756898474349214964~PHI', 'VENT~V-1302~V-1302 TS~4756898474349214964~QM', 'VENT~R-1509 TS~R-1509~5426103948019692623~PHI', 'VENT~R-1509 TS~R-1509~5426103948019692623~QM', 'VENT~V-1509~V-1509 TS~4822676560945098485~PHI', 'VENT~V-1509~V-1509 TS~4822676560945098485~QM', 'KNOT~R-1106 TS~~5347824907156938659~PH', 'KNOT~V-1106 TS~~5357320101270682446~PH', 'KNOT~V-1302 TS~~5373686699870698431~PH', 'KNOT~R-1302 TS~~4958577241260086108~PH', 'KNOT~V-1509 TS~~4649587401239089097~PH', 'KNOT~R-1509 TS~~5651264148890299138~PH', 'VENT~R-1192 TS~R-1192~5132157583825727255~PHI', 'VENT~R-1192 TS~R-1192~5132157583825727255~QM', 'VENT~V-1192~V-1192 TS~5403478266793975666~PHI', 'VENT~V-1192~V-1192 TS~5403478266793975666~QM', 'KNOT~V-1192 TS~~5535193633788361478~PH', 'KNOT~R-1192 TS~~5289653888944065976~PH', 'VENT~R-3007 TS~R-3007~5193920684056460570~PHI', 'VENT~R-3007 TS~R-3007~5193920684056460570~QM', 'VENT~V-3007~V-3007 TS~4957426273739347428~PHI', 'VENT~V-3007~V-3007 TS~4957426273739347428~QM', 'KNOT~V-3007 TS~~5726199920504510375~PH', 'KNOT~R-3007 TS~~4678194193103891315~PH', 'VENT~R-3614 TS~R-3614~5357063556224143613~PHI', 'VENT~R-3614 TS~R-3614~5357063556224143613~QM', 'VENT~V-3614~V-3614 TS~5322152704070824767~PHI', 'VENT~V-3614~V-3614 TS~5322152704070824767~QM', 'KNOT~V-3614 TS~~5240516126680964219~PH', 'KNOT~R-3614 TS~~5727428549527888029~PH', 'VENT~R-3105 TS~R-3105~5741620681544204278~PHI', 'VENT~R-3105 TS~R-3105~5741620681544204278~QM', 'VENT~V-3105~V-3105 TS~5511781420253452267~PHI', 'VENT~V-3105~V-3105 TS~5511781420253452267~QM', 'KNOT~V-3105 TS~~5465377790656857485~PH', 'KNOT~R-3105 TS~~5315851593258150121~PH', 'VENT~R-1505 TS~R-1505~5349165743102387989~PHI', 'VENT~R-1505 TS~R-1505~5349165743102387989~QM', 'VENT~V-1505~V-1505 TS~5565658376405586292~PHI', 'VENT~V-1505~V-1505 TS~5565658376405586292~QM', 'KNOT~V-1505 TS~~4627006270620635842~PH', 'KNOT~R-1505 TS~~5034408169078498833~PH', 'VENT~R-1244 TS~R-1244~5357342008386276454~PHI', 'VENT~R-1244 TS~R-1244~5357342008386276454~QM', 'VENT~V-1244~V-1244 TS~4920261921264412444~PHI', 'VENT~V-1244~V-1244 TS~4920261921264412444~QM', 'KNOT~V-1244 TS~~4958239628575607122~PH', 'KNOT~R-1244 TS~~5190150164139722188~PH', 'VENT~R-1511 TS~R-1511~5296247899945385978~PHI', 'VENT~R-1511 TS~R-1511~5296247899945385978~QM', 'VENT~V-1511~V-1511 TS~5273997753630087625~PHI', 'VENT~V-1511~V-1511 TS~5273997753630087625~QM', 'KNOT~V-1511 TS~~5252686662859669178~PH', 'KNOT~R-1511 TS~~5614191905792604650~PH', 'VENT~R-PRES TS~R-PRES~5130633968829717396~PHI', 'VENT~R-PRES TS~R-PRES~5130633968829717396~QM', 'VENT~V-PRES~V-PRES TS~5156048357346454524~PHI', 'VENT~V-PRES~V-PRES TS~5156048357346454524~QM', 'KNOT~V-PRES TS~~5601895437753960986~PH', 'KNOT~R-PRES TS~~4737515641155254094~PH', 'VENT~R-1502 TS~R-1502~5524453012721100974~PHI', 'VENT~R-1502 TS~R-1502~5524453012721100974~QM', 'VENT~V-1502~V-1502 TS~4685259600121278291~PHI', 'VENT~V-1502~V-1502 TS~4685259600121278291~QM', 'KNOT~V-1502 TS~~4969231543931510259~PH', 'KNOT~R-1502 TS~~5147254168279984407~PH', 'VENT~R-3107 TS~R-3107~5651233135714136755~PHI', 'VENT~R-3107 TS~R-3107~5651233135714136755~QM', 'VENT~V-3107~V-3107 TS~4873903332865051213~PHI', 'VENT~V-3107~V-3107 TS~4873903332865051213~QM', 'KNOT~V-3107 TS~~5093248464207503110~PH', 'KNOT~R-3107 TS~~5267317611758867267~PH', 'VENT~R-3107 TS 25~R-3107~4801530531674439057~PHI', 'VENT~R-3107 TS 25~R-3107~4801530531674439057~QM', 'VENT~V-3107~V-3107 TS 25~5323073121528163819~PHI', 'VENT~V-3107~V-3107 TS 25~5323073121528163819~QM', 'KNOT~R-3107 TS 25~~5322477349772075450~PH', 'KNOT~V-3107 TS 25~~4748404786406964209~PH', 'VENT~R-3306 TS~R-3306~4907220424587485894~PHI', 'VENT~R-3306 TS~R-3306~4907220424587485894~QM', 'VENT~V-3306~V-3306 TS~5724431918466912875~PHI', 'VENT~V-3306~V-3306 TS~5724431918466912875~QM', 'KNOT~V-3306 TS~~5524372468946832093~PH', 'KNOT~R-3306 TS~~5733371532701512468~PH', 'VENT~R-3400 TS~R-3400~5562554288955600320~PHI', 'VENT~R-3400 TS~R-3400~5562554288955600320~QM', 'VENT~V-3400~V-3400 TS~5350437531075570921~PHI', 'VENT~V-3400~V-3400 TS~5350437531075570921~QM', 'KNOT~R-3400 TS~~5649673474297384806~PH', 'KNOT~V-3400 TS~~4993345350482955278~PH', 'KNOT~V-2114 TS~~5650863998811736068~QM', 'KNOT~R-2114 TS~~5442754363950538205~QM', 'KNOT~V-2200 TS~~5461269215591210616~QM', 'KNOT~R-2200 TS~~5602478336846299948~QM', 'KNOT~V-2103 TS~~5223009236639544169~QM', 'KNOT~R-2103 TS~~5000750797972609947~QM', 'KNOT~V-1920 TS~~5309672723662309909~QM', 'KNOT~R-1920 TS~~5744502134749730513~QM', 'KNOT~V-1643-TS~~5494856247482742405~QM', 'KNOT~R-1643-TS~~5111230035325075434~QM', 'KNOT~V-1611-TS~~5422905586690810426~QM', 'KNOT~R-1611-TS~~5266793177564809822~QM', 'KNOT~V-HKW3T TS~~5626116904341429436~QM', 'KNOT~R-HKW3T TS~~5669867370098375565~QM', 'KNOT~V-1904 TS~~5655040573726646568~QM', 'KNOT~R-1904 TS~~4842730102705367601~QM', 'KNOT~V-1127-TS~~5591042313243578511~QM', 'KNOT~R-1127-TS~~5108944066977420269~QM', 'KNOT~V-1711-TS~~5039458859755370896~QM', 'KNOT~R-1711-TS~~5323968762378032594~QM', 'KNOT~V-1754 TS~~4715091783184927746~QM', 'KNOT~R-1754 TS~~5204246723942290368~QM', 'KNOT~V-1703 TS~~4714868577861995734~QM', 'KNOT~R-1703 TS~~5370443031556434012~QM', 'KNOT~V-1122 TS~~4889196392122975229~QM', 'KNOT~R-1122 TS~~5656252266974241997~QM', 'KNOT~V-1720 TS~~4692267193522498556~QM', 'KNOT~R-1720 TS~~5482387136487338930~QM', 'KNOT~V-1375 TS~~5395195692820400032~QM', 'KNOT~R-1375 TS~~5382229606695086617~QM', 'KNOT~V-1304 TS~~4700769780016482462~QM', 'KNOT~R-1304 TS~~4933264814443564473~QM', 'KNOT~V-1308 TS~~5398837071191369601~QM', 'KNOT~R-1308 TS~~5267507971320228594~QM', 'KNOT~V-1371 TS~~5040685249222528828~QM', 'KNOT~R-1371 TS~~5204602656383901020~QM', 'KNOT~V-1113 TS~~5295662925240869173~QM', 'KNOT~R-1113 TS~~4952002424700948039~QM', 'KNOT~V-1403 TS~~5644335726065425693~QM', 'KNOT~R-1403 TS~~4655772110656291818~QM', 'KNOT~V-1115 TS~~5760728086343019905~QM', 'KNOT~R-1115 TS~~4822458321318982266~QM', 'KNOT~V-1117 TS~~5131624559118847737~QM', 'KNOT~R-1117 TS~~5458569235452269753~QM', 'KNOT~V-1632 TS~~4760570904552782538~QM', 'KNOT~R-1632 TS~~5736176394567220306~QM', 'KNOT~V-1118 TS~~4634224623057201220~QM', 'KNOT~R-1118 TS~~4877569976739867279~QM', 'KNOT~V-1580 TS~~4666686999950144786~QM', 'KNOT~R-1580 TS~~4871286163590237304~QM', 'KNOT~V-1708 TS~~4999488044591364568~QM', 'KNOT~R-1708 TS~~4937071198031701000~QM', 'KNOT~V-1730 TS~~5716582368539258909~QM', 'KNOT~R-1730 TS~~5047826313816278710~QM', 'KNOT~V-1314 TS~~4938678534306948119~QM', 'KNOT~R-1314 TS~~5543152403108374908~QM', 'KNOT~V-1334 TS~~4688754708619557811~QM', 'KNOT~R-1334 TS~~4837088795972015790~QM', 'KNOT~V-3200 TS~~4810773982469705556~QM', 'KNOT~R-3200 TS~~5564648889203192287~QM', 'KNOT~V-1115 TS 16~~4825698248521372919~QM', 'KNOT~R-1115 TS 16~~4821125984755216505~QM', 'KNOT~V-1510 TS~~4798956885858729953~QM', 'KNOT~R-1510 TS~~5518384311185361111~QM', 'KNOT~V-1307 TS~~5615048211634621618~QM', 'KNOT~R-1307 TS~~4878824023369561413~QM', 'KNOT~V-1309 TS~~5263180678376141268~QM', 'KNOT~R-1309 TS~~5253141828684778079~QM', 'KNOT~V-1333 TS~~4803192704881544539~QM', 'KNOT~R-1333 TS~~5528724774248248311~QM', 'KNOT~V-1104 TS~~5232332179122565338~QM', 'KNOT~R-1104 TS~~4651194005978887980~QM', 'KNOT~V-1106 TS~~5357320101270682446~QM', 'KNOT~R-1106 TS~~5347824907156938659~QM', 'KNOT~V-1251 TS~~5431316036269035309~QM', 'KNOT~R-1251 TS~~5303979032519205849~QM', 'KNOT~V-1302 TS~~5373686699870698431~QM', 'KNOT~R-1302 TS~~4958577241260086108~QM', 'KNOT~V-1509 TS~~4649587401239089097~QM', 'KNOT~R-1509 TS~~5651264148890299138~QM', 'KNOT~V-1192 TS~~5535193633788361478~QM', 'KNOT~R-1192 TS~~5289653888944065976~QM', 'KNOT~V-3007 TS~~5726199920504510375~QM', 'KNOT~R-3007 TS~~4678194193103891315~QM', 'KNOT~V-3105 TS~~5465377790656857485~QM', 'KNOT~R-3105 TS~~5315851593258150121~QM', 'KNOT~V-3614 TS~~5240516126680964219~QM', 'KNOT~R-3614 TS~~5727428549527888029~QM', 'KNOT~V-1244 TS~~4958239628575607122~QM', 'KNOT~R-1244 TS~~5190150164139722188~QM', 'KNOT~V-1505 TS~~4627006270620635842~QM', 'KNOT~R-1505 TS~~5034408169078498833~QM', 'KNOT~V-1511 TS~~5252686662859669178~QM', 'KNOT~R-1511 TS~~5614191905792604650~QM', 'KNOT~V-PRES TS~~5601895437753960986~QM', 'KNOT~R-PRES TS~~4737515641155254094~QM', 'KNOT~V-1502 TS~~4969231543931510259~QM', 'KNOT~R-1502 TS~~5147254168279984407~QM', 'KNOT~V-3107 TS~~5093248464207503110~QM', 'KNOT~R-3107 TS~~5267317611758867267~QM', 'KNOT~V-3107 TS 25~~4748404786406964209~QM', 'KNOT~R-3107 TS 25~~5322477349772075450~QM', 'KNOT~V-3306 TS~~5524372468946832093~QM', 'KNOT~R-3306 TS~~5733371532701512468~QM', 'KNOT~V-3400 TS~~4993345350482955278~QM', 'KNOT~R-3400 TS~~5649673474297384806~QM', 'KNOT~V-2114 TS~~5650863998811736068~DP', 'KNOT~V-2200 TS~~5461269215591210616~DP', 'KNOT~V-2103 TS~~5223009236639544169~DP', 'KNOT~V-1920 TS~~5309672723662309909~DP', 'KNOT~V-1611-TS~~5422905586690810426~DP', 'KNOT~V-1643-TS~~5494856247482742405~DP', 'KNOT~V-HKW3T TS~~5626116904341429436~DP', 'KNOT~V-1904 TS~~5655040573726646568~DP', 'KNOT~V-1127-TS~~5591042313243578511~DP', 'KNOT~V-1711-TS~~5039458859755370896~DP', 'KNOT~V-1122 TS~~4889196392122975229~DP', 'KNOT~V-1703 TS~~4714868577861995734~DP', 'KNOT~V-1720 TS~~4692267193522498556~DP', 'KNOT~V-1754 TS~~4715091783184927746~DP', 'KNOT~V-1113 TS~~5295662925240869173~DP', 'KNOT~V-1304 TS~~4700769780016482462~DP', 'KNOT~V-1308 TS~~5398837071191369601~DP', 'KNOT~V-1371 TS~~5040685249222528828~DP', 'KNOT~V-1375 TS~~5395195692820400032~DP', 'KNOT~V-1403 TS~~5644335726065425693~DP', 'KNOT~V-1115 TS~~5760728086343019905~DP', 'KNOT~V-1117 TS~~5131624559118847737~DP', 'KNOT~V-1632 TS~~4760570904552782538~DP', 'KNOT~V-1118 TS~~4634224623057201220~DP', 'KNOT~V-1580 TS~~4666686999950144786~DP', 'KNOT~V-1708 TS~~4999488044591364568~DP', 'KNOT~V-1730 TS~~5716582368539258909~DP', 'KNOT~V-1314 TS~~4938678534306948119~DP', 'KNOT~V-1334 TS~~4688754708619557811~DP', 'KNOT~V-3200 TS~~4810773982469705556~DP', 'KNOT~V-1115 TS 16~~4825698248521372919~DP', 'KNOT~V-1510 TS~~4798956885858729953~DP', 'KNOT~V-1307 TS~~5615048211634621618~DP', 'KNOT~V-1309 TS~~5263180678376141268~DP', 'KNOT~V-1333 TS~~4803192704881544539~DP', 'KNOT~V-1104 TS~~5232332179122565338~DP', 'KNOT~V-1106 TS~~5357320101270682446~DP', 'KNOT~V-1251 TS~~5431316036269035309~DP', 'KNOT~V-1302 TS~~5373686699870698431~DP', 'KNOT~V-1509 TS~~4649587401239089097~DP', 'KNOT~V-1192 TS~~5535193633788361478~DP', 'KNOT~V-3007 TS~~5726199920504510375~DP', 'KNOT~V-3105 TS~~5465377790656857485~DP', 'KNOT~V-3614 TS~~5240516126680964219~DP', 'KNOT~V-1244 TS~~4958239628575607122~DP', 'KNOT~V-1505 TS~~4627006270620635842~DP', 'KNOT~V-1511 TS~~5252686662859669178~DP', 'KNOT~V-PRES TS~~5601895437753960986~DP', 'KNOT~V-1502 TS~~4969231543931510259~DP', 'KNOT~V-3107 TS~~5093248464207503110~DP', 'KNOT~V-3107 TS 25~~4748404786406964209~DP', 'KNOT~V-3306 TS~~5524372468946832093~DP', 'KNOT~V-3400 TS~~4993345350482955278~DP', 'KNOT~V-2103~~4957087579441028336~DP', 'KNOT~V-HKW3T~~4998871319940598201~DP', 'KNOT~V-1904~~5682272575705488895~DP', 'KNOT~R-2114 TS~~5442754363950538205~DP', 'KNOT~R-2200 TS~~5602478336846299948~DP', 'KNOT~R-2103 TS~~5000750797972609947~DP', 'KNOT~R-1920 TS~~5744502134749730513~DP', 'KNOT~R-1611-TS~~5266793177564809822~DP', 'KNOT~R-1643-TS~~5111230035325075434~DP', 'KNOT~R-HKW3T TS~~5669867370098375565~DP', 'KNOT~R-1904 TS~~4842730102705367601~DP', 'KNOT~R-1127-TS~~5108944066977420269~DP', 'KNOT~R-1711-TS~~5323968762378032594~DP', 'KNOT~R-1122 TS~~5656252266974241997~DP', 'KNOT~R-1703 TS~~5370443031556434012~DP', 'KNOT~R-1720 TS~~5482387136487338930~DP', 'KNOT~R-1754 TS~~5204246723942290368~DP', 'KNOT~R-1113 TS~~4952002424700948039~DP', 'KNOT~R-1304 TS~~4933264814443564473~DP', 'KNOT~R-1308 TS~~5267507971320228594~DP', 'KNOT~R-1371 TS~~5204602656383901020~DP', 'KNOT~R-1375 TS~~5382229606695086617~DP', 'KNOT~R-1403 TS~~4655772110656291818~DP', 'KNOT~R-1115 TS~~4822458321318982266~DP', 'KNOT~R-1117 TS~~5458569235452269753~DP', 'KNOT~R-1632 TS~~5736176394567220306~DP', 'KNOT~R-1118 TS~~4877569976739867279~DP', 'KNOT~R-1580 TS~~4871286163590237304~DP', 'KNOT~R-1708 TS~~4937071198031701000~DP', 'KNOT~R-1730 TS~~5047826313816278710~DP', 'KNOT~R-1314 TS~~5543152403108374908~DP', 'KNOT~R-1334 TS~~4837088795972015790~DP', 'KNOT~R-3200 TS~~5564648889203192287~DP', 'KNOT~R-1115 TS 16~~4821125984755216505~DP', 'KNOT~R-1510 TS~~5518384311185361111~DP', 'KNOT~R-1307 TS~~4878824023369561413~DP', 'KNOT~R-1309 TS~~5253141828684778079~DP', 'KNOT~R-1333 TS~~5528724774248248311~DP', 'KNOT~R-1104 TS~~4651194005978887980~DP', 'KNOT~R-1106 TS~~5347824907156938659~DP', 'KNOT~R-1251 TS~~5303979032519205849~DP', 'KNOT~R-1302 TS~~4958577241260086108~DP', 'KNOT~R-1509 TS~~5651264148890299138~DP', 'KNOT~R-1192 TS~~5289653888944065976~DP', 'KNOT~R-3007 TS~~4678194193103891315~DP', 'KNOT~R-3105 TS~~5315851593258150121~DP', 'KNOT~R-3614 TS~~5727428549527888029~DP', 'KNOT~R-1244 TS~~5190150164139722188~DP', 'KNOT~R-1505 TS~~5034408169078498833~DP', 'KNOT~R-1511 TS~~5614191905792604650~DP', 'KNOT~R-PRES TS~~4737515641155254094~DP', 'KNOT~R-1502 TS~~5147254168279984407~DP', 'KNOT~R-3107 TS~~5267317611758867267~DP', 'KNOT~R-3107 TS 25~~5322477349772075450~DP', 'KNOT~R-3306 TS~~5733371532701512468~DP', 'KNOT~R-3400 TS~~5649673474297384806~DP', 'KNOT~R-2103~~4925394623358565552~DP', 'KNOT~R-HKW3T~~5233361229874136148~DP', 'KNOT~R-1904~~5167502772377138407~DP', 'KNOT~V-2103~~4957087579441028336~PH', 'KNOT~V-HKW3T~~4998871319940598201~PH', 'KNOT~V-1904~~5682272575705488895~PH', 'KNOT~R-2103~~4925394623358565552~PH', 'KNOT~R-HKW3T~~5233361229874136148~PH', 'KNOT~R-1904~~5167502772377138407~PH', 'KNOT~V-2114 TS~~5650863998811736068~PH_EIN', 'KNOT~V-2200 TS~~5461269215591210616~PH_EIN', 'KNOT~V-2103 TS~~5223009236639544169~PH_EIN', 'KNOT~V-1920 TS~~5309672723662309909~PH_EIN', 'KNOT~V-1611-TS~~5422905586690810426~PH_EIN', 'KNOT~V-1643-TS~~5494856247482742405~PH_EIN', 'KNOT~V-HKW3T TS~~5626116904341429436~PH_EIN', 'KNOT~V-1904 TS~~5655040573726646568~PH_EIN', 'KNOT~V-1127-TS~~5591042313243578511~PH_EIN', 'KNOT~V-1711-TS~~5039458859755370896~PH_EIN', 'KNOT~V-1122 TS~~4889196392122975229~PH_EIN', 'KNOT~V-1703 TS~~4714868577861995734~PH_EIN', 'KNOT~V-1720 TS~~4692267193522498556~PH_EIN', 'KNOT~V-1754 TS~~4715091783184927746~PH_EIN', 'KNOT~V-1113 TS~~5295662925240869173~PH_EIN', 'KNOT~V-1304 TS~~4700769780016482462~PH_EIN', 'KNOT~V-1308 TS~~5398837071191369601~PH_EIN', 'KNOT~V-1371 TS~~5040685249222528828~PH_EIN', 'KNOT~V-1375 TS~~5395195692820400032~PH_EIN', 'KNOT~V-1403 TS~~5644335726065425693~PH_EIN', 'KNOT~V-1115 TS~~5760728086343019905~PH_EIN', 'KNOT~V-1117 TS~~5131624559118847737~PH_EIN', 'KNOT~V-1632 TS~~4760570904552782538~PH_EIN', 'KNOT~V-1118 TS~~4634224623057201220~PH_EIN', 'KNOT~V-1580 TS~~4666686999950144786~PH_EIN', 'KNOT~V-1708 TS~~4999488044591364568~PH_EIN', 'KNOT~V-1730 TS~~5716582368539258909~PH_EIN', 'KNOT~V-1314 TS~~4938678534306948119~PH_EIN', 'KNOT~V-1334 TS~~4688754708619557811~PH_EIN', 'KNOT~V-3200 TS~~4810773982469705556~PH_EIN', 'KNOT~V-1115 TS 16~~4825698248521372919~PH_EIN', 'KNOT~V-1510 TS~~4798956885858729953~PH_EIN', 'KNOT~V-1307 TS~~5615048211634621618~PH_EIN', 'KNOT~V-1309 TS~~5263180678376141268~PH_EIN', 'KNOT~V-1333 TS~~4803192704881544539~PH_EIN', 'KNOT~V-1104 TS~~5232332179122565338~PH_EIN', 'KNOT~V-1106 TS~~5357320101270682446~PH_EIN', 'KNOT~V-1251 TS~~5431316036269035309~PH_EIN', 'KNOT~V-1302 TS~~5373686699870698431~PH_EIN', 'KNOT~V-1509 TS~~4649587401239089097~PH_EIN', 'KNOT~V-1192 TS~~5535193633788361478~PH_EIN', 'KNOT~V-3007 TS~~5726199920504510375~PH_EIN', 'KNOT~V-3105 TS~~5465377790656857485~PH_EIN', 'KNOT~V-3614 TS~~5240516126680964219~PH_EIN', 'KNOT~V-1244 TS~~4958239628575607122~PH_EIN', 'KNOT~V-1505 TS~~4627006270620635842~PH_EIN', 'KNOT~V-1511 TS~~5252686662859669178~PH_EIN', 'KNOT~V-PRES TS~~5601895437753960986~PH_EIN', 'KNOT~V-1502 TS~~4969231543931510259~PH_EIN', 'KNOT~V-3107 TS~~5093248464207503110~PH_EIN', 'KNOT~V-3107 TS 25~~4748404786406964209~PH_EIN', 'KNOT~V-3306 TS~~5524372468946832093~PH_EIN', 'KNOT~V-3400 TS~~4993345350482955278~PH_EIN', 'KNOT~V-2103~~4957087579441028336~PH_EIN', 'KNOT~V-HKW3T~~4998871319940598201~PH_EIN', 'KNOT~V-1904~~5682272575705488895~PH_EIN', 'KNOT~R-2114 TS~~5442754363950538205~PH_EIN', 'KNOT~R-2200 TS~~5602478336846299948~PH_EIN', 'KNOT~R-2103 TS~~5000750797972609947~PH_EIN', 'KNOT~R-1920 TS~~5744502134749730513~PH_EIN', 'KNOT~R-1611-TS~~5266793177564809822~PH_EIN', 'KNOT~R-1643-TS~~5111230035325075434~PH_EIN', 'KNOT~R-HKW3T TS~~5669867370098375565~PH_EIN', 'KNOT~R-1904 TS~~4842730102705367601~PH_EIN', 'KNOT~R-1127-TS~~5108944066977420269~PH_EIN', 'KNOT~R-1711-TS~~5323968762378032594~PH_EIN', 'KNOT~R-1122 TS~~5656252266974241997~PH_EIN', 'KNOT~R-1703 TS~~5370443031556434012~PH_EIN', 'KNOT~R-1720 TS~~5482387136487338930~PH_EIN', 'KNOT~R-1754 TS~~5204246723942290368~PH_EIN', 'KNOT~R-1113 TS~~4952002424700948039~PH_EIN', 'KNOT~R-1304 TS~~4933264814443564473~PH_EIN', 'KNOT~R-1308 TS~~5267507971320228594~PH_EIN', 'KNOT~R-1371 TS~~5204602656383901020~PH_EIN', 'KNOT~R-1375 TS~~5382229606695086617~PH_EIN', 'KNOT~R-1403 TS~~4655772110656291818~PH_EIN', 'KNOT~R-1115 TS~~4822458321318982266~PH_EIN', 'KNOT~R-1117 TS~~5458569235452269753~PH_EIN', 'KNOT~R-1632 TS~~5736176394567220306~PH_EIN', 'KNOT~R-1118 TS~~4877569976739867279~PH_EIN', 'KNOT~R-1580 TS~~4871286163590237304~PH_EIN', 'KNOT~R-1708 TS~~4937071198031701000~PH_EIN', 'KNOT~R-1730 TS~~5047826313816278710~PH_EIN', 'KNOT~R-1314 TS~~5543152403108374908~PH_EIN', 'KNOT~R-1334 TS~~4837088795972015790~PH_EIN', 'KNOT~R-3200 TS~~5564648889203192287~PH_EIN', 'KNOT~R-1115 TS 16~~4821125984755216505~PH_EIN', 'KNOT~R-1510 TS~~5518384311185361111~PH_EIN', 'KNOT~R-1307 TS~~4878824023369561413~PH_EIN', 'KNOT~R-1309 TS~~5253141828684778079~PH_EIN', 'KNOT~R-1333 TS~~5528724774248248311~PH_EIN', 'KNOT~R-1104 TS~~4651194005978887980~PH_EIN', 'KNOT~R-1106 TS~~5347824907156938659~PH_EIN', 'KNOT~R-1251 TS~~5303979032519205849~PH_EIN', 'KNOT~R-1302 TS~~4958577241260086108~PH_EIN', 'KNOT~R-1509 TS~~5651264148890299138~PH_EIN', 'KNOT~R-1192 TS~~5289653888944065976~PH_EIN', 'KNOT~R-3007 TS~~4678194193103891315~PH_EIN', 'KNOT~R-3105 TS~~5315851593258150121~PH_EIN', 'KNOT~R-3614 TS~~5727428549527888029~PH_EIN', 'KNOT~R-1244 TS~~5190150164139722188~PH_EIN', 'KNOT~R-1505 TS~~5034408169078498833~PH_EIN', 'KNOT~R-1511 TS~~5614191905792604650~PH_EIN', 'KNOT~R-PRES TS~~4737515641155254094~PH_EIN', 'KNOT~R-1502 TS~~5147254168279984407~PH_EIN', 'KNOT~R-3107 TS~~5267317611758867267~PH_EIN', 'KNOT~R-3107 TS 25~~5322477349772075450~PH_EIN', 'KNOT~R-3306 TS~~5733371532701512468~PH_EIN', 'KNOT~R-3400 TS~~5649673474297384806~PH_EIN', 'KNOT~R-2103~~4925394623358565552~PH_EIN', 'KNOT~R-HKW3T~~5233361229874136148~PH_EIN', 'KNOT~R-1904~~5167502772377138407~PH_EIN', 'KNOT~V-2103~~4957087579441028336~QM', 'KNOT~V-HKW3T~~4998871319940598201~QM', 'KNOT~V-1904~~5682272575705488895~QM', 'KNOT~R-2103~~4925394623358565552~QM', 'KNOT~R-HKW3T~~5233361229874136148~QM', 'KNOT~R-1904~~5167502772377138407~QM', 'VENT~V-2114~V-2114 TS~5760193943997446212~AUF', 'VENT~V-2200~V-2200 TS~5022085697592945806~AUF', 'VENT~V-2103~V-2103 TS~5144379867722183691~AUF', 'VENT~V-1920~V-1920 TS~5086348904423864485~AUF', 'VENT~V-1611~V-1611-TS~5184255944583972283~AUF', 'VENT~V-1643~V-1643-TS~4909233068370375538~AUF', 'VENT~V-HKW3T~V-HKW3T TS~4748784982654846197~AUF', 'VENT~V-1904~V-1904 TS~4632877310537456802~AUF', 'VENT~V-1127~V-1127-TS~5749231425607379757~AUF', 'VENT~V-1711~V-1711-TS~5198697599443665009~AUF', 'VENT~V-1122~V-1122 TS~5755273915817960808~AUF', 'VENT~V-1703~V-1703 TS~5636342328882569033~AUF', 'VENT~V-1720~V-1720 TS~4625628972938432459~AUF', 'VENT~V-1754~V-1754 TS~5108114724706997657~AUF', 'VENT~V-1113~V-1113 TS~4772186813165306084~AUF', 'VENT~V-1304~V-1304 TS~5268785481984585309~AUF', 'VENT~V-1308~V-1308 TS~5377687748016331599~AUF', 'VENT~V-1371~V-1371 TS~5007721049268953552~AUF', 'VENT~V-1375~V-1375 TS~5611193972839170516~AUF', 'VENT~V-1403~V-1403 TS~5749751062642520976~AUF', 'VENT~V-1115~V-1115 TS~5334762202641789748~AUF', 'VENT~V-1117~V-1117 TS~5302538591475552989~AUF', 'VENT~V-1632~V-1632 TS~5724986031806040607~AUF', 'VENT~V-1118~V-1118 TS~5134978298374039447~AUF', 'VENT~V-1580~V-1580 TS~5143007569910119480~AUF', 'VENT~V-1708~V-1708 TS~4651475465207370821~AUF', 'VENT~V-1730~V-1730 TS~5389356393000365590~AUF', 'VENT~V-1314~V-1314 TS~5648659467315253789~AUF', 'VENT~V-1334~V-1334 TS~5671439182552530721~AUF', 'VENT~V-3200~V-3200 TS~4977302196262691970~AUF', 'VENT~V-1115~V-1115 TS 16~4967759272256350857~AUF', 'VENT~V-1510~V-1510 TS~4956000635150784120~AUF', 'VENT~V-1307~V-1307 TS~4971857521283232600~AUF', 'VENT~V-1309~V-1309 TS~4936651803022048599~AUF', 'VENT~V-1333~V-1333 TS~5096712557447885228~AUF', 'VENT~V-1104~V-1104 TS~4918271548164306665~AUF', 'VENT~V-1106~V-1106 TS~4736937791717091836~AUF', 'VENT~V-1251~V-1251 TS~5627165606590442989~AUF', 'VENT~V-1302~V-1302 TS~4756898474349214964~AUF', 'VENT~V-1509~V-1509 TS~4822676560945098485~AUF', 'VENT~V-1192~V-1192 TS~5403478266793975666~AUF', 'VENT~V-3007~V-3007 TS~4957426273739347428~AUF', 'VENT~V-3105~V-3105 TS~5511781420253452267~AUF', 'VENT~V-3614~V-3614 TS~5322152704070824767~AUF', 'VENT~V-1244~V-1244 TS~4920261921264412444~AUF', 'VENT~V-1505~V-1505 TS~5565658376405586292~AUF', 'VENT~V-1511~V-1511 TS~5273997753630087625~AUF', 'VENT~V-PRES~V-PRES TS~5156048357346454524~AUF', 'VENT~V-1502~V-1502 TS~4685259600121278291~AUF', 'VENT~V-3107~V-3107 TS~4873903332865051213~AUF', 'VENT~V-3107~V-3107 TS 25~5323073121528163819~AUF', 'VENT~V-3306~V-3306 TS~5724431918466912875~AUF', 'VENT~V-3400~V-3400 TS~5350437531075570921~AUF', 'VENT~R-2114 TS~R-2114~5355203940834444481~AUF', 'VENT~R-2200 TS~R-2200~5021423632971352692~AUF', 'VENT~R-2103 TS~R-2103~5672943554454243642~AUF', 'VENT~R-1920 TS~R-1920~5014193280344475042~AUF', 'VENT~R-1611-TS~R-1611~4825245818877378216~AUF', 'VENT~R-1643-TS~R-1643~5122330381116554076~AUF', 'VENT~R-HKW3T TS~R-HKW3T~5016252379448867392~AUF', 'VENT~R-1904 TS~R-1904~5366362236165649942~AUF', 'VENT~R-1127-TS~R-1127~5065367016209070561~AUF', 'VENT~R-1711-TS~R-1711~5219556173145291227~AUF', 'VENT~R-1122 TS~R-1122~5262657954010749181~AUF', 'VENT~R-1703 TS~R-1703~5621411294583641869~AUF', 'VENT~R-1720 TS~R-1720~5267022734744502922~AUF', 'VENT~R-1754 TS~R-1754~4932464323984444866~AUF', 'VENT~R-1113 TS~R-1113~5134188920276509651~AUF', 'VENT~R-1304 TS~R-1304~5318078967911877439~AUF', 'VENT~R-1308 TS~R-1308~4770877336064503085~AUF', 'VENT~R-1371 TS~R-1371~5552645075634240196~AUF', 'VENT~R-1375 TS~R-1375~4891547935785634467~AUF', 'VENT~R-1403 TS~R-1403~5221016205547585087~AUF', 'VENT~R-1115 TS~R-1115~5078441577974480239~AUF', 'VENT~R-1117 TS~R-1117~5393321617338660440~AUF', 'VENT~R-1632 TS~R-1632~5653456267662192560~AUF', 'VENT~R-1118 TS~R-1118~4860672584658800525~AUF', 'VENT~R-1580 TS~R-1580~4834690407551933334~AUF', 'VENT~R-1708 TS~R-1708~5368029909783340225~AUF', 'VENT~R-1730 TS~R-1730~5161434510407687872~AUF', 'VENT~R-1314 TS~R-1314~5695493589549147481~AUF', 'VENT~R-1334 TS~R-1334~4724556615875151731~AUF', 'VENT~R-3200 TS~R-3200~5586824511649782229~AUF', 'VENT~R-1115 TS 16~R-1115~5352717721765583502~AUF', 'VENT~R-1510 TS~R-1510~5403928062661758030~AUF', 'VENT~R-1307 TS~R-1307~4959359833947915571~AUF', 'VENT~R-1309 TS~R-1309~4979920036046083412~AUF', 'VENT~R-1333 TS~R-1333~4846490422424081430~AUF', 'VENT~R-1104 TS~R-1104~5486173139641020481~AUF', 'VENT~R-1106 TS~R-1106~5200094991149567481~AUF', 'VENT~R-1251 TS~R-1251~5399023270541434688~AUF', 'VENT~R-1302 TS~R-1302~4941745543543360213~AUF', 'VENT~R-1509 TS~R-1509~5426103948019692623~AUF', 'VENT~R-1192 TS~R-1192~5132157583825727255~AUF', 'VENT~R-3007 TS~R-3007~5193920684056460570~AUF', 'VENT~R-3105 TS~R-3105~5741620681544204278~AUF', 'VENT~R-3614 TS~R-3614~5357063556224143613~AUF', 'VENT~R-1244 TS~R-1244~5357342008386276454~AUF', 'VENT~R-1505 TS~R-1505~5349165743102387989~AUF', 'VENT~R-1511 TS~R-1511~5296247899945385978~AUF', 'VENT~R-PRES TS~R-PRES~5130633968829717396~AUF', 'VENT~R-1502 TS~R-1502~5524453012721100974~AUF', 'VENT~R-3107 TS~R-3107~5651233135714136755~AUF', 'VENT~R-3107 TS 25~R-3107~4801530531674439057~AUF', 'VENT~R-3306 TS~R-3306~4907220424587485894~AUF', 'VENT~R-3400 TS~R-3400~5562554288955600320~AUF', 'VENT~V-2114~V-2114 TS~5760193943997446212~AUFZU', 'VENT~V-2200~V-2200 TS~5022085697592945806~AUFZU', 'VENT~V-2103~V-2103 TS~5144379867722183691~AUFZU', 'VENT~V-1920~V-1920 TS~5086348904423864485~AUFZU', 'VENT~V-1611~V-1611-TS~5184255944583972283~AUFZU', 'VENT~V-1643~V-1643-TS~4909233068370375538~AUFZU', 'VENT~V-HKW3T~V-HKW3T TS~4748784982654846197~AUFZU', 'VENT~V-1904~V-1904 TS~4632877310537456802~AUFZU', 'VENT~V-1127~V-1127-TS~5749231425607379757~AUFZU', 'VENT~V-1711~V-1711-TS~5198697599443665009~AUFZU', 'VENT~V-1122~V-1122 TS~5755273915817960808~AUFZU', 'VENT~V-1703~V-1703 TS~5636342328882569033~AUFZU', 'VENT~V-1720~V-1720 TS~4625628972938432459~AUFZU', 'VENT~V-1754~V-1754 TS~5108114724706997657~AUFZU', 'VENT~V-1113~V-1113 TS~4772186813165306084~AUFZU', 'VENT~V-1304~V-1304 TS~5268785481984585309~AUFZU', 'VENT~V-1308~V-1308 TS~5377687748016331599~AUFZU', 'VENT~V-1371~V-1371 TS~5007721049268953552~AUFZU', 'VENT~V-1375~V-1375 TS~5611193972839170516~AUFZU', 'VENT~V-1403~V-1403 TS~5749751062642520976~AUFZU', 'VENT~V-1115~V-1115 TS~5334762202641789748~AUFZU', 'VENT~V-1117~V-1117 TS~5302538591475552989~AUFZU', 'VENT~V-1632~V-1632 TS~5724986031806040607~AUFZU', 'VENT~V-1118~V-1118 TS~5134978298374039447~AUFZU', 'VENT~V-1580~V-1580 TS~5143007569910119480~AUFZU', 'VENT~V-1708~V-1708 TS~4651475465207370821~AUFZU', 'VENT~V-1730~V-1730 TS~5389356393000365590~AUFZU', 'VENT~V-1314~V-1314 TS~5648659467315253789~AUFZU', 'VENT~V-1334~V-1334 TS~5671439182552530721~AUFZU', 'VENT~V-3200~V-3200 TS~4977302196262691970~AUFZU', 'VENT~V-1115~V-1115 TS 16~4967759272256350857~AUFZU', 'VENT~V-1510~V-1510 TS~4956000635150784120~AUFZU', 'VENT~V-1307~V-1307 TS~4971857521283232600~AUFZU', 'VENT~V-1309~V-1309 TS~4936651803022048599~AUFZU', 'VENT~V-1333~V-1333 TS~5096712557447885228~AUFZU', 'VENT~V-1104~V-1104 TS~4918271548164306665~AUFZU', 'VENT~V-1106~V-1106 TS~4736937791717091836~AUFZU', 'VENT~V-1251~V-1251 TS~5627165606590442989~AUFZU', 'VENT~V-1302~V-1302 TS~4756898474349214964~AUFZU', 'VENT~V-1509~V-1509 TS~4822676560945098485~AUFZU', 'VENT~V-1192~V-1192 TS~5403478266793975666~AUFZU', 'VENT~V-3007~V-3007 TS~4957426273739347428~AUFZU', 'VENT~V-3105~V-3105 TS~5511781420253452267~AUFZU', 'VENT~V-3614~V-3614 TS~5322152704070824767~AUFZU', 'VENT~V-1244~V-1244 TS~4920261921264412444~AUFZU', 'VENT~V-1505~V-1505 TS~5565658376405586292~AUFZU', 'VENT~V-1511~V-1511 TS~5273997753630087625~AUFZU', 'VENT~V-PRES~V-PRES TS~5156048357346454524~AUFZU', 'VENT~V-1502~V-1502 TS~4685259600121278291~AUFZU', 'VENT~V-3107~V-3107 TS~4873903332865051213~AUFZU', 'VENT~V-3107~V-3107 TS 25~5323073121528163819~AUFZU', 'VENT~V-3306~V-3306 TS~5724431918466912875~AUFZU', 'VENT~V-3400~V-3400 TS~5350437531075570921~AUFZU', 'VENT~R-2114 TS~R-2114~5355203940834444481~AUFZU', 'VENT~R-2200 TS~R-2200~5021423632971352692~AUFZU', 'VENT~R-2103 TS~R-2103~5672943554454243642~AUFZU', 'VENT~R-1920 TS~R-1920~5014193280344475042~AUFZU', 'VENT~R-1611-TS~R-1611~4825245818877378216~AUFZU', 'VENT~R-1643-TS~R-1643~5122330381116554076~AUFZU', 'VENT~R-HKW3T TS~R-HKW3T~5016252379448867392~AUFZU', 'VENT~R-1904 TS~R-1904~5366362236165649942~AUFZU', 'VENT~R-1127-TS~R-1127~5065367016209070561~AUFZU', 'VENT~R-1711-TS~R-1711~5219556173145291227~AUFZU', 'VENT~R-1122 TS~R-1122~5262657954010749181~AUFZU', 'VENT~R-1703 TS~R-1703~5621411294583641869~AUFZU', 'VENT~R-1720 TS~R-1720~5267022734744502922~AUFZU', 'VENT~R-1754 TS~R-1754~4932464323984444866~AUFZU', 'VENT~R-1113 TS~R-1113~5134188920276509651~AUFZU', 'VENT~R-1304 TS~R-1304~5318078967911877439~AUFZU', 'VENT~R-1308 TS~R-1308~4770877336064503085~AUFZU', 'VENT~R-1371 TS~R-1371~5552645075634240196~AUFZU', 'VENT~R-1375 TS~R-1375~4891547935785634467~AUFZU', 'VENT~R-1403 TS~R-1403~5221016205547585087~AUFZU', 'VENT~R-1115 TS~R-1115~5078441577974480239~AUFZU', 'VENT~R-1117 TS~R-1117~5393321617338660440~AUFZU', 'VENT~R-1632 TS~R-1632~5653456267662192560~AUFZU', 'VENT~R-1118 TS~R-1118~4860672584658800525~AUFZU', 'VENT~R-1580 TS~R-1580~4834690407551933334~AUFZU', 'VENT~R-1708 TS~R-1708~5368029909783340225~AUFZU', 'VENT~R-1730 TS~R-1730~5161434510407687872~AUFZU', 'VENT~R-1314 TS~R-1314~5695493589549147481~AUFZU', 'VENT~R-1334 TS~R-1334~4724556615875151731~AUFZU', 'VENT~R-3200 TS~R-3200~5586824511649782229~AUFZU', 'VENT~R-1115 TS 16~R-1115~5352717721765583502~AUFZU', 'VENT~R-1510 TS~R-1510~5403928062661758030~AUFZU', 'VENT~R-1307 TS~R-1307~4959359833947915571~AUFZU', 'VENT~R-1309 TS~R-1309~4979920036046083412~AUFZU', 'VENT~R-1333 TS~R-1333~4846490422424081430~AUFZU', 'VENT~R-1104 TS~R-1104~5486173139641020481~AUFZU', 'VENT~R-1106 TS~R-1106~5200094991149567481~AUFZU', 'VENT~R-1251 TS~R-1251~5399023270541434688~AUFZU', 'VENT~R-1302 TS~R-1302~4941745543543360213~AUFZU', 'VENT~R-1509 TS~R-1509~5426103948019692623~AUFZU', 'VENT~R-1192 TS~R-1192~5132157583825727255~AUFZU', 'VENT~R-3007 TS~R-3007~5193920684056460570~AUFZU', 'VENT~R-3105 TS~R-3105~5741620681544204278~AUFZU', 'VENT~R-3614 TS~R-3614~5357063556224143613~AUFZU', 'VENT~R-1244 TS~R-1244~5357342008386276454~AUFZU', 'VENT~R-1505 TS~R-1505~5349165743102387989~AUFZU', 'VENT~R-1511 TS~R-1511~5296247899945385978~AUFZU', 'VENT~R-PRES TS~R-PRES~5130633968829717396~AUFZU', 'VENT~R-1502 TS~R-1502~5524453012721100974~AUFZU', 'VENT~R-3107 TS~R-3107~5651233135714136755~AUFZU', 'VENT~R-3107 TS 25~R-3107~4801530531674439057~AUFZU', 'VENT~R-3306 TS~R-3306~4907220424587485894~AUFZU', 'VENT~R-3400 TS~R-3400~5562554288955600320~AUFZU', 'VENT~V-2114~V-2114 TS~5760193943997446212~OEFFNET', 'VENT~V-2200~V-2200 TS~5022085697592945806~OEFFNET', 'VENT~V-2103~V-2103 TS~5144379867722183691~OEFFNET', 'VENT~V-1920~V-1920 TS~5086348904423864485~OEFFNET', 'VENT~V-1611~V-1611-TS~5184255944583972283~OEFFNET', 'VENT~V-1643~V-1643-TS~4909233068370375538~OEFFNET', 'VENT~V-HKW3T~V-HKW3T TS~4748784982654846197~OEFFNET', 'VENT~V-1904~V-1904 TS~4632877310537456802~OEFFNET', 'VENT~V-1127~V-1127-TS~5749231425607379757~OEFFNET', 'VENT~V-1711~V-1711-TS~5198697599443665009~OEFFNET', 'VENT~V-1122~V-1122 TS~5755273915817960808~OEFFNET', 'VENT~V-1703~V-1703 TS~5636342328882569033~OEFFNET', 'VENT~V-1720~V-1720 TS~4625628972938432459~OEFFNET', 'VENT~V-1754~V-1754 TS~5108114724706997657~OEFFNET', 'VENT~V-1113~V-1113 TS~4772186813165306084~OEFFNET', 'VENT~V-1304~V-1304 TS~5268785481984585309~OEFFNET', 'VENT~V-1308~V-1308 TS~5377687748016331599~OEFFNET', 'VENT~V-1371~V-1371 TS~5007721049268953552~OEFFNET', 'VENT~V-1375~V-1375 TS~5611193972839170516~OEFFNET', 'VENT~V-1403~V-1403 TS~5749751062642520976~OEFFNET', 'VENT~V-1115~V-1115 TS~5334762202641789748~OEFFNET', 'VENT~V-1117~V-1117 TS~5302538591475552989~OEFFNET', 'VENT~V-1632~V-1632 TS~5724986031806040607~OEFFNET', 'VENT~V-1118~V-1118 TS~5134978298374039447~OEFFNET', 'VENT~V-1580~V-1580 TS~5143007569910119480~OEFFNET', 'VENT~V-1708~V-1708 TS~4651475465207370821~OEFFNET', 'VENT~V-1730~V-1730 TS~5389356393000365590~OEFFNET', 'VENT~V-1314~V-1314 TS~5648659467315253789~OEFFNET', 'VENT~V-1334~V-1334 TS~5671439182552530721~OEFFNET', 'VENT~V-3200~V-3200 TS~4977302196262691970~OEFFNET', 'VENT~V-1115~V-1115 TS 16~4967759272256350857~OEFFNET', 'VENT~V-1510~V-1510 TS~4956000635150784120~OEFFNET', 'VENT~V-1307~V-1307 TS~4971857521283232600~OEFFNET', 'VENT~V-1309~V-1309 TS~4936651803022048599~OEFFNET', 'VENT~V-1333~V-1333 TS~5096712557447885228~OEFFNET', 'VENT~V-1104~V-1104 TS~4918271548164306665~OEFFNET', 'VENT~V-1106~V-1106 TS~4736937791717091836~OEFFNET', 'VENT~V-1251~V-1251 TS~5627165606590442989~OEFFNET', 'VENT~V-1302~V-1302 TS~4756898474349214964~OEFFNET', 'VENT~V-1509~V-1509 TS~4822676560945098485~OEFFNET', 'VENT~V-1192~V-1192 TS~5403478266793975666~OEFFNET', 'VENT~V-3007~V-3007 TS~4957426273739347428~OEFFNET', 'VENT~V-3105~V-3105 TS~5511781420253452267~OEFFNET', 'VENT~V-3614~V-3614 TS~5322152704070824767~OEFFNET', 'VENT~V-1244~V-1244 TS~4920261921264412444~OEFFNET', 'VENT~V-1505~V-1505 TS~5565658376405586292~OEFFNET', 'VENT~V-1511~V-1511 TS~5273997753630087625~OEFFNET', 'VENT~V-PRES~V-PRES TS~5156048357346454524~OEFFNET', 'VENT~V-1502~V-1502 TS~4685259600121278291~OEFFNET', 'VENT~V-3107~V-3107 TS~4873903332865051213~OEFFNET', 'VENT~V-3107~V-3107 TS 25~5323073121528163819~OEFFNET', 'VENT~V-3306~V-3306 TS~5724431918466912875~OEFFNET', 'VENT~V-3400~V-3400 TS~5350437531075570921~OEFFNET', 'VENT~R-2114 TS~R-2114~5355203940834444481~OEFFNET', 'VENT~R-2200 TS~R-2200~5021423632971352692~OEFFNET', 'VENT~R-2103 TS~R-2103~5672943554454243642~OEFFNET', 'VENT~R-1920 TS~R-1920~5014193280344475042~OEFFNET', 'VENT~R-1611-TS~R-1611~4825245818877378216~OEFFNET', 'VENT~R-1643-TS~R-1643~5122330381116554076~OEFFNET', 'VENT~R-HKW3T TS~R-HKW3T~5016252379448867392~OEFFNET', 'VENT~R-1904 TS~R-1904~5366362236165649942~OEFFNET', 'VENT~R-1127-TS~R-1127~5065367016209070561~OEFFNET', 'VENT~R-1711-TS~R-1711~5219556173145291227~OEFFNET', 'VENT~R-1122 TS~R-1122~5262657954010749181~OEFFNET', 'VENT~R-1703 TS~R-1703~5621411294583641869~OEFFNET', 'VENT~R-1720 TS~R-1720~5267022734744502922~OEFFNET', 'VENT~R-1754 TS~R-1754~4932464323984444866~OEFFNET', 'VENT~R-1113 TS~R-1113~5134188920276509651~OEFFNET', 'VENT~R-1304 TS~R-1304~5318078967911877439~OEFFNET', 'VENT~R-1308 TS~R-1308~4770877336064503085~OEFFNET', 'VENT~R-1371 TS~R-1371~5552645075634240196~OEFFNET', 'VENT~R-1375 TS~R-1375~4891547935785634467~OEFFNET', 'VENT~R-1403 TS~R-1403~5221016205547585087~OEFFNET', 'VENT~R-1115 TS~R-1115~5078441577974480239~OEFFNET', 'VENT~R-1117 TS~R-1117~5393321617338660440~OEFFNET', 'VENT~R-1632 TS~R-1632~5653456267662192560~OEFFNET', 'VENT~R-1118 TS~R-1118~4860672584658800525~OEFFNET', 'VENT~R-1580 TS~R-1580~4834690407551933334~OEFFNET', 'VENT~R-1708 TS~R-1708~5368029909783340225~OEFFNET', 'VENT~R-1730 TS~R-1730~5161434510407687872~OEFFNET', 'VENT~R-1314 TS~R-1314~5695493589549147481~OEFFNET', 'VENT~R-1334 TS~R-1334~4724556615875151731~OEFFNET', 'VENT~R-3200 TS~R-3200~5586824511649782229~OEFFNET', 'VENT~R-1115 TS 16~R-1115~5352717721765583502~OEFFNET', 'VENT~R-1510 TS~R-1510~5403928062661758030~OEFFNET', 'VENT~R-1307 TS~R-1307~4959359833947915571~OEFFNET', 'VENT~R-1309 TS~R-1309~4979920036046083412~OEFFNET', 'VENT~R-1333 TS~R-1333~4846490422424081430~OEFFNET', 'VENT~R-1104 TS~R-1104~5486173139641020481~OEFFNET', 'VENT~R-1106 TS~R-1106~5200094991149567481~OEFFNET', 'VENT~R-1251 TS~R-1251~5399023270541434688~OEFFNET', 'VENT~R-1302 TS~R-1302~4941745543543360213~OEFFNET', 'VENT~R-1509 TS~R-1509~5426103948019692623~OEFFNET', 'VENT~R-1192 TS~R-1192~5132157583825727255~OEFFNET', 'VENT~R-3007 TS~R-3007~5193920684056460570~OEFFNET', 'VENT~R-3105 TS~R-3105~5741620681544204278~OEFFNET', 'VENT~R-3614 TS~R-3614~5357063556224143613~OEFFNET', 'VENT~R-1244 TS~R-1244~5357342008386276454~OEFFNET', 'VENT~R-1505 TS~R-1505~5349165743102387989~OEFFNET', 'VENT~R-1511 TS~R-1511~5296247899945385978~OEFFNET', 'VENT~R-PRES TS~R-PRES~5130633968829717396~OEFFNET', 'VENT~R-1502 TS~R-1502~5524453012721100974~OEFFNET', 'VENT~R-3107 TS~R-3107~5651233135714136755~OEFFNET', 'VENT~R-3107 TS 25~R-3107~4801530531674439057~OEFFNET', 'VENT~R-3306 TS~R-3306~4907220424587485894~OEFFNET', 'VENT~R-3400 TS~R-3400~5562554288955600320~OEFFNET', 'VENT~V-2114~V-2114 TS~5760193943997446212~SCHLIESST', 'VENT~V-2200~V-2200 TS~5022085697592945806~SCHLIESST', 'VENT~V-2103~V-2103 TS~5144379867722183691~SCHLIESST', 'VENT~V-1920~V-1920 TS~5086348904423864485~SCHLIESST', 'VENT~V-1611~V-1611-TS~5184255944583972283~SCHLIESST', 'VENT~V-1643~V-1643-TS~4909233068370375538~SCHLIESST', 'VENT~V-HKW3T~V-HKW3T TS~4748784982654846197~SCHLIESST', 'VENT~V-1904~V-1904 TS~4632877310537456802~SCHLIESST', 'VENT~V-1127~V-1127-TS~5749231425607379757~SCHLIESST', 'VENT~V-1711~V-1711-TS~5198697599443665009~SCHLIESST', 'VENT~V-1122~V-1122 TS~5755273915817960808~SCHLIESST', 'VENT~V-1703~V-1703 TS~5636342328882569033~SCHLIESST', 'VENT~V-1720~V-1720 TS~4625628972938432459~SCHLIESST', 'VENT~V-1754~V-1754 TS~5108114724706997657~SCHLIESST', 'VENT~V-1113~V-1113 TS~4772186813165306084~SCHLIESST', 'VENT~V-1304~V-1304 TS~5268785481984585309~SCHLIESST', 'VENT~V-1308~V-1308 TS~5377687748016331599~SCHLIESST', 'VENT~V-1371~V-1371 TS~5007721049268953552~SCHLIESST', 'VENT~V-1375~V-1375 TS~5611193972839170516~SCHLIESST', 'VENT~V-1403~V-1403 TS~5749751062642520976~SCHLIESST', 'VENT~V-1115~V-1115 TS~5334762202641789748~SCHLIESST', 'VENT~V-1117~V-1117 TS~5302538591475552989~SCHLIESST', 'VENT~V-1632~V-1632 TS~5724986031806040607~SCHLIESST', 'VENT~V-1118~V-1118 TS~5134978298374039447~SCHLIESST', 'VENT~V-1580~V-1580 TS~5143007569910119480~SCHLIESST', 'VENT~V-1708~V-1708 TS~4651475465207370821~SCHLIESST', 'VENT~V-1730~V-1730 TS~5389356393000365590~SCHLIESST', 'VENT~V-1314~V-1314 TS~5648659467315253789~SCHLIESST', 'VENT~V-1334~V-1334 TS~5671439182552530721~SCHLIESST', 'VENT~V-3200~V-3200 TS~4977302196262691970~SCHLIESST', 'VENT~V-1115~V-1115 TS 16~4967759272256350857~SCHLIESST', 'VENT~V-1510~V-1510 TS~4956000635150784120~SCHLIESST', 'VENT~V-1307~V-1307 TS~4971857521283232600~SCHLIESST', 'VENT~V-1309~V-1309 TS~4936651803022048599~SCHLIESST', 'VENT~V-1333~V-1333 TS~5096712557447885228~SCHLIESST', 'VENT~V-1104~V-1104 TS~4918271548164306665~SCHLIESST', 'VENT~V-1106~V-1106 TS~4736937791717091836~SCHLIESST', 'VENT~V-1251~V-1251 TS~5627165606590442989~SCHLIESST', 'VENT~V-1302~V-1302 TS~4756898474349214964~SCHLIESST', 'VENT~V-1509~V-1509 TS~4822676560945098485~SCHLIESST', 'VENT~V-1192~V-1192 TS~5403478266793975666~SCHLIESST', 'VENT~V-3007~V-3007 TS~4957426273739347428~SCHLIESST', 'VENT~V-3105~V-3105 TS~5511781420253452267~SCHLIESST', 'VENT~V-3614~V-3614 TS~5322152704070824767~SCHLIESST', 'VENT~V-1244~V-1244 TS~4920261921264412444~SCHLIESST', 'VENT~V-1505~V-1505 TS~5565658376405586292~SCHLIESST', 'VENT~V-1511~V-1511 TS~5273997753630087625~SCHLIESST', 'VENT~V-PRES~V-PRES TS~5156048357346454524~SCHLIESST', 'VENT~V-1502~V-1502 TS~4685259600121278291~SCHLIESST', 'VENT~V-3107~V-3107 TS~4873903332865051213~SCHLIESST', 'VENT~V-3107~V-3107 TS 25~5323073121528163819~SCHLIESST', 'VENT~V-3306~V-3306 TS~5724431918466912875~SCHLIESST', 'VENT~V-3400~V-3400 TS~5350437531075570921~SCHLIESST', 'VENT~R-2114 TS~R-2114~5355203940834444481~SCHLIESST', 'VENT~R-2200 TS~R-2200~5021423632971352692~SCHLIESST', 'VENT~R-2103 TS~R-2103~5672943554454243642~SCHLIESST', 'VENT~R-1920 TS~R-1920~5014193280344475042~SCHLIESST', 'VENT~R-1611-TS~R-1611~4825245818877378216~SCHLIESST', 'VENT~R-1643-TS~R-1643~5122330381116554076~SCHLIESST', 'VENT~R-HKW3T TS~R-HKW3T~5016252379448867392~SCHLIESST', 'VENT~R-1904 TS~R-1904~5366362236165649942~SCHLIESST', 'VENT~R-1127-TS~R-1127~5065367016209070561~SCHLIESST', 'VENT~R-1711-TS~R-1711~5219556173145291227~SCHLIESST', 'VENT~R-1122 TS~R-1122~5262657954010749181~SCHLIESST', 'VENT~R-1703 TS~R-1703~5621411294583641869~SCHLIESST', 'VENT~R-1720 TS~R-1720~5267022734744502922~SCHLIESST', 'VENT~R-1754 TS~R-1754~4932464323984444866~SCHLIESST', 'VENT~R-1113 TS~R-1113~5134188920276509651~SCHLIESST', 'VENT~R-1304 TS~R-1304~5318078967911877439~SCHLIESST', 'VENT~R-1308 TS~R-1308~4770877336064503085~SCHLIESST', 'VENT~R-1371 TS~R-1371~5552645075634240196~SCHLIESST', 'VENT~R-1375 TS~R-1375~4891547935785634467~SCHLIESST', 'VENT~R-1403 TS~R-1403~5221016205547585087~SCHLIESST', 'VENT~R-1115 TS~R-1115~5078441577974480239~SCHLIESST', 'VENT~R-1117 TS~R-1117~5393321617338660440~SCHLIESST', 'VENT~R-1632 TS~R-1632~5653456267662192560~SCHLIESST', 'VENT~R-1118 TS~R-1118~4860672584658800525~SCHLIESST', 'VENT~R-1580 TS~R-1580~4834690407551933334~SCHLIESST', 'VENT~R-1708 TS~R-1708~5368029909783340225~SCHLIESST', 'VENT~R-1730 TS~R-1730~5161434510407687872~SCHLIESST', 'VENT~R-1314 TS~R-1314~5695493589549147481~SCHLIESST', 'VENT~R-1334 TS~R-1334~4724556615875151731~SCHLIESST', 'VENT~R-3200 TS~R-3200~5586824511649782229~SCHLIESST', 'VENT~R-1115 TS 16~R-1115~5352717721765583502~SCHLIESST', 'VENT~R-1510 TS~R-1510~5403928062661758030~SCHLIESST', 'VENT~R-1307 TS~R-1307~4959359833947915571~SCHLIESST', 'VENT~R-1309 TS~R-1309~4979920036046083412~SCHLIESST', 'VENT~R-1333 TS~R-1333~4846490422424081430~SCHLIESST', 'VENT~R-1104 TS~R-1104~5486173139641020481~SCHLIESST', 'VENT~R-1106 TS~R-1106~5200094991149567481~SCHLIESST', 'VENT~R-1251 TS~R-1251~5399023270541434688~SCHLIESST', 'VENT~R-1302 TS~R-1302~4941745543543360213~SCHLIESST', 'VENT~R-1509 TS~R-1509~5426103948019692623~SCHLIESST', 'VENT~R-1192 TS~R-1192~5132157583825727255~SCHLIESST', 'VENT~R-3007 TS~R-3007~5193920684056460570~SCHLIESST', 'VENT~R-3105 TS~R-3105~5741620681544204278~SCHLIESST', 'VENT~R-3614 TS~R-3614~5357063556224143613~SCHLIESST', 'VENT~R-1244 TS~R-1244~5357342008386276454~SCHLIESST', 'VENT~R-1505 TS~R-1505~5349165743102387989~SCHLIESST', 'VENT~R-1511 TS~R-1511~5296247899945385978~SCHLIESST', 'VENT~R-PRES TS~R-PRES~5130633968829717396~SCHLIESST', 'VENT~R-1502 TS~R-1502~5524453012721100974~SCHLIESST', 'VENT~R-3107 TS~R-3107~5651233135714136755~SCHLIESST', 'VENT~R-3107 TS 25~R-3107~4801530531674439057~SCHLIESST', 'VENT~R-3306 TS~R-3306~4907220424587485894~SCHLIESST', 'VENT~R-3400 TS~R-3400~5562554288955600320~SCHLIESST', 'VENT~V-2114~V-2114 TS~5760193943997446212~V', 'VENT~V-2200~V-2200 TS~5022085697592945806~V', 'VENT~V-2103~V-2103 TS~5144379867722183691~V', 'VENT~V-1920~V-1920 TS~5086348904423864485~V', 'VENT~V-1611~V-1611-TS~5184255944583972283~V', 'VENT~V-1643~V-1643-TS~4909233068370375538~V', 'VENT~V-HKW3T~V-HKW3T TS~4748784982654846197~V', 'VENT~V-1904~V-1904 TS~4632877310537456802~V', 'VENT~V-1127~V-1127-TS~5749231425607379757~V', 'VENT~V-1711~V-1711-TS~5198697599443665009~V', 'VENT~V-1122~V-1122 TS~5755273915817960808~V', 'VENT~V-1703~V-1703 TS~5636342328882569033~V', 'VENT~V-1720~V-1720 TS~4625628972938432459~V', 'VENT~V-1754~V-1754 TS~5108114724706997657~V', 'VENT~V-1113~V-1113 TS~4772186813165306084~V', 'VENT~V-1304~V-1304 TS~5268785481984585309~V', 'VENT~V-1308~V-1308 TS~5377687748016331599~V', 'VENT~V-1371~V-1371 TS~5007721049268953552~V', 'VENT~V-1375~V-1375 TS~5611193972839170516~V', 'VENT~V-1403~V-1403 TS~5749751062642520976~V', 'VENT~V-1115~V-1115 TS~5334762202641789748~V', 'VENT~V-1117~V-1117 TS~5302538591475552989~V', 'VENT~V-1632~V-1632 TS~5724986031806040607~V', 'VENT~V-1118~V-1118 TS~5134978298374039447~V', 'VENT~V-1580~V-1580 TS~5143007569910119480~V', 'VENT~V-1708~V-1708 TS~4651475465207370821~V', 'VENT~V-1730~V-1730 TS~5389356393000365590~V', 'VENT~V-1314~V-1314 TS~5648659467315253789~V', 'VENT~V-1334~V-1334 TS~5671439182552530721~V', 'VENT~V-3200~V-3200 TS~4977302196262691970~V', 'VENT~V-1115~V-1115 TS 16~4967759272256350857~V', 'VENT~V-1510~V-1510 TS~4956000635150784120~V', 'VENT~V-1307~V-1307 TS~4971857521283232600~V', 'VENT~V-1309~V-1309 TS~4936651803022048599~V', 'VENT~V-1333~V-1333 TS~5096712557447885228~V', 'VENT~V-1104~V-1104 TS~4918271548164306665~V', 'VENT~V-1106~V-1106 TS~4736937791717091836~V', 'VENT~V-1251~V-1251 TS~5627165606590442989~V', 'VENT~V-1302~V-1302 TS~4756898474349214964~V', 'VENT~V-1509~V-1509 TS~4822676560945098485~V', 'VENT~V-1192~V-1192 TS~5403478266793975666~V', 'VENT~V-3007~V-3007 TS~4957426273739347428~V', 'VENT~V-3105~V-3105 TS~5511781420253452267~V', 'VENT~V-3614~V-3614 TS~5322152704070824767~V', 'VENT~V-1244~V-1244 TS~4920261921264412444~V', 'VENT~V-1505~V-1505 TS~5565658376405586292~V', 'VENT~V-1511~V-1511 TS~5273997753630087625~V', 'VENT~V-PRES~V-PRES TS~5156048357346454524~V', 'VENT~V-1502~V-1502 TS~4685259600121278291~V', 'VENT~V-3107~V-3107 TS~4873903332865051213~V', 'VENT~V-3107~V-3107 TS 25~5323073121528163819~V', 'VENT~V-3306~V-3306 TS~5724431918466912875~V', 'VENT~V-3400~V-3400 TS~5350437531075570921~V', 'VENT~R-2114 TS~R-2114~5355203940834444481~V', 'VENT~R-2200 TS~R-2200~5021423632971352692~V', 'VENT~R-2103 TS~R-2103~5672943554454243642~V', 'VENT~R-1920 TS~R-1920~5014193280344475042~V', 'VENT~R-1611-TS~R-1611~4825245818877378216~V', 'VENT~R-1643-TS~R-1643~5122330381116554076~V', 'VENT~R-HKW3T TS~R-HKW3T~5016252379448867392~V', 'VENT~R-1904 TS~R-1904~5366362236165649942~V', 'VENT~R-1127-TS~R-1127~5065367016209070561~V', 'VENT~R-1711-TS~R-1711~5219556173145291227~V', 'VENT~R-1122 TS~R-1122~5262657954010749181~V', 'VENT~R-1703 TS~R-1703~5621411294583641869~V', 'VENT~R-1720 TS~R-1720~5267022734744502922~V', 'VENT~R-1754 TS~R-1754~4932464323984444866~V', 'VENT~R-1113 TS~R-1113~5134188920276509651~V', 'VENT~R-1304 TS~R-1304~5318078967911877439~V', 'VENT~R-1308 TS~R-1308~4770877336064503085~V', 'VENT~R-1371 TS~R-1371~5552645075634240196~V', 'VENT~R-1375 TS~R-1375~4891547935785634467~V', 'VENT~R-1403 TS~R-1403~5221016205547585087~V', 'VENT~R-1115 TS~R-1115~5078441577974480239~V', 'VENT~R-1117 TS~R-1117~5393321617338660440~V', 'VENT~R-1632 TS~R-1632~5653456267662192560~V', 'VENT~R-1118 TS~R-1118~4860672584658800525~V', 'VENT~R-1580 TS~R-1580~4834690407551933334~V', 'VENT~R-1708 TS~R-1708~5368029909783340225~V', 'VENT~R-1730 TS~R-1730~5161434510407687872~V', 'VENT~R-1314 TS~R-1314~5695493589549147481~V', 'VENT~R-1334 TS~R-1334~4724556615875151731~V', 'VENT~R-3200 TS~R-3200~5586824511649782229~V', 'VENT~R-1115 TS 16~R-1115~5352717721765583502~V', 'VENT~R-1510 TS~R-1510~5403928062661758030~V', 'VENT~R-1307 TS~R-1307~4959359833947915571~V', 'VENT~R-1309 TS~R-1309~4979920036046083412~V', 'VENT~R-1333 TS~R-1333~4846490422424081430~V', 'VENT~R-1104 TS~R-1104~5486173139641020481~V', 'VENT~R-1106 TS~R-1106~5200094991149567481~V', 'VENT~R-1251 TS~R-1251~5399023270541434688~V', 'VENT~R-1302 TS~R-1302~4941745543543360213~V', 'VENT~R-1509 TS~R-1509~5426103948019692623~V', 'VENT~R-1192 TS~R-1192~5132157583825727255~V', 'VENT~R-3007 TS~R-3007~5193920684056460570~V', 'VENT~R-3105 TS~R-3105~5741620681544204278~V', 'VENT~R-3614 TS~R-3614~5357063556224143613~V', 'VENT~R-1244 TS~R-1244~5357342008386276454~V', 'VENT~R-1505 TS~R-1505~5349165743102387989~V', 'VENT~R-1511 TS~R-1511~5296247899945385978~V', 'VENT~R-PRES TS~R-PRES~5130633968829717396~V', 'VENT~R-1502 TS~R-1502~5524453012721100974~V', 'VENT~R-3107 TS~R-3107~5651233135714136755~V', 'VENT~R-3107 TS 25~R-3107~4801530531674439057~V', 'VENT~R-3306 TS~R-3306~4907220424587485894~V', 'VENT~R-3400 TS~R-3400~5562554288955600320~V', 'VENT~V-2114~V-2114 TS~5760193943997446212~ZU', 'VENT~V-2200~V-2200 TS~5022085697592945806~ZU', 'VENT~V-2103~V-2103 TS~5144379867722183691~ZU', 'VENT~V-1920~V-1920 TS~5086348904423864485~ZU', 'VENT~V-1611~V-1611-TS~5184255944583972283~ZU', 'VENT~V-1643~V-1643-TS~4909233068370375538~ZU', 'VENT~V-HKW3T~V-HKW3T TS~4748784982654846197~ZU', 'VENT~V-1904~V-1904 TS~4632877310537456802~ZU', 'VENT~V-1127~V-1127-TS~5749231425607379757~ZU', 'VENT~V-1711~V-1711-TS~5198697599443665009~ZU', 'VENT~V-1122~V-1122 TS~5755273915817960808~ZU', 'VENT~V-1703~V-1703 TS~5636342328882569033~ZU', 'VENT~V-1720~V-1720 TS~4625628972938432459~ZU', 'VENT~V-1754~V-1754 TS~5108114724706997657~ZU', 'VENT~V-1113~V-1113 TS~4772186813165306084~ZU', 'VENT~V-1304~V-1304 TS~5268785481984585309~ZU', 'VENT~V-1308~V-1308 TS~5377687748016331599~ZU', 'VENT~V-1371~V-1371 TS~5007721049268953552~ZU', 'VENT~V-1375~V-1375 TS~5611193972839170516~ZU', 'VENT~V-1403~V-1403 TS~5749751062642520976~ZU', 'VENT~V-1115~V-1115 TS~5334762202641789748~ZU', 'VENT~V-1117~V-1117 TS~5302538591475552989~ZU', 'VENT~V-1632~V-1632 TS~5724986031806040607~ZU', 'VENT~V-1118~V-1118 TS~5134978298374039447~ZU', 'VENT~V-1580~V-1580 TS~5143007569910119480~ZU', 'VENT~V-1708~V-1708 TS~4651475465207370821~ZU', 'VENT~V-1730~V-1730 TS~5389356393000365590~ZU', 'VENT~V-1314~V-1314 TS~5648659467315253789~ZU', 'VENT~V-1334~V-1334 TS~5671439182552530721~ZU', 'VENT~V-3200~V-3200 TS~4977302196262691970~ZU', 'VENT~V-1115~V-1115 TS 16~4967759272256350857~ZU', 'VENT~V-1510~V-1510 TS~4956000635150784120~ZU', 'VENT~V-1307~V-1307 TS~4971857521283232600~ZU', 'VENT~V-1309~V-1309 TS~4936651803022048599~ZU', 'VENT~V-1333~V-1333 TS~5096712557447885228~ZU', 'VENT~V-1104~V-1104 TS~4918271548164306665~ZU', 'VENT~V-1106~V-1106 TS~4736937791717091836~ZU', 'VENT~V-1251~V-1251 TS~5627165606590442989~ZU', 'VENT~V-1302~V-1302 TS~4756898474349214964~ZU', 'VENT~V-1509~V-1509 TS~4822676560945098485~ZU', 'VENT~V-1192~V-1192 TS~5403478266793975666~ZU', 'VENT~V-3007~V-3007 TS~4957426273739347428~ZU', 'VENT~V-3105~V-3105 TS~5511781420253452267~ZU', 'VENT~V-3614~V-3614 TS~5322152704070824767~ZU', 'VENT~V-1244~V-1244 TS~4920261921264412444~ZU', 'VENT~V-1505~V-1505 TS~5565658376405586292~ZU', 'VENT~V-1511~V-1511 TS~5273997753630087625~ZU', 'VENT~V-PRES~V-PRES TS~5156048357346454524~ZU', 'VENT~V-1502~V-1502 TS~4685259600121278291~ZU', 'VENT~V-3107~V-3107 TS~4873903332865051213~ZU', 'VENT~V-3107~V-3107 TS 25~5323073121528163819~ZU', 'VENT~V-3306~V-3306 TS~5724431918466912875~ZU', 'VENT~V-3400~V-3400 TS~5350437531075570921~ZU', 'VENT~R-2114 TS~R-2114~5355203940834444481~ZU', 'VENT~R-2200 TS~R-2200~5021423632971352692~ZU', 'VENT~R-2103 TS~R-2103~5672943554454243642~ZU', 'VENT~R-1920 TS~R-1920~5014193280344475042~ZU', 'VENT~R-1611-TS~R-1611~4825245818877378216~ZU', 'VENT~R-1643-TS~R-1643~5122330381116554076~ZU', 'VENT~R-HKW3T TS~R-HKW3T~5016252379448867392~ZU', 'VENT~R-1904 TS~R-1904~5366362236165649942~ZU', 'VENT~R-1127-TS~R-1127~5065367016209070561~ZU', 'VENT~R-1711-TS~R-1711~5219556173145291227~ZU', 'VENT~R-1122 TS~R-1122~5262657954010749181~ZU', 'VENT~R-1703 TS~R-1703~5621411294583641869~ZU', 'VENT~R-1720 TS~R-1720~5267022734744502922~ZU', 'VENT~R-1754 TS~R-1754~4932464323984444866~ZU', 'VENT~R-1113 TS~R-1113~5134188920276509651~ZU', 'VENT~R-1304 TS~R-1304~5318078967911877439~ZU', 'VENT~R-1308 TS~R-1308~4770877336064503085~ZU', 'VENT~R-1371 TS~R-1371~5552645075634240196~ZU', 'VENT~R-1375 TS~R-1375~4891547935785634467~ZU', 'VENT~R-1403 TS~R-1403~5221016205547585087~ZU', 'VENT~R-1115 TS~R-1115~5078441577974480239~ZU', 'VENT~R-1117 TS~R-1117~5393321617338660440~ZU', 'VENT~R-1632 TS~R-1632~5653456267662192560~ZU', 'VENT~R-1118 TS~R-1118~4860672584658800525~ZU', 'VENT~R-1580 TS~R-1580~4834690407551933334~ZU', 'VENT~R-1708 TS~R-1708~5368029909783340225~ZU', 'VENT~R-1730 TS~R-1730~5161434510407687872~ZU', 'VENT~R-1314 TS~R-1314~5695493589549147481~ZU', 'VENT~R-1334 TS~R-1334~4724556615875151731~ZU', 'VENT~R-3200 TS~R-3200~5586824511649782229~ZU', 'VENT~R-1115 TS 16~R-1115~5352717721765583502~ZU', 'VENT~R-1510 TS~R-1510~5403928062661758030~ZU', 'VENT~R-1307 TS~R-1307~4959359833947915571~ZU', 'VENT~R-1309 TS~R-1309~4979920036046083412~ZU', 'VENT~R-1333 TS~R-1333~4846490422424081430~ZU', 'VENT~R-1104 TS~R-1104~5486173139641020481~ZU', 'VENT~R-1106 TS~R-1106~5200094991149567481~ZU', 'VENT~R-1251 TS~R-1251~5399023270541434688~ZU', 'VENT~R-1302 TS~R-1302~4941745543543360213~ZU', 'VENT~R-1509 TS~R-1509~5426103948019692623~ZU', 'VENT~R-1192 TS~R-1192~5132157583825727255~ZU', 'VENT~R-3007 TS~R-3007~5193920684056460570~ZU', 'VENT~R-3105 TS~R-3105~5741620681544204278~ZU', 'VENT~R-3614 TS~R-3614~5357063556224143613~ZU', 'VENT~R-1244 TS~R-1244~5357342008386276454~ZU', 'VENT~R-1505 TS~R-1505~5349165743102387989~ZU', 'VENT~R-1511 TS~R-1511~5296247899945385978~ZU', 'VENT~R-PRES TS~R-PRES~5130633968829717396~ZU', 'VENT~R-1502 TS~R-1502~5524453012721100974~ZU', 'VENT~R-3107 TS~R-3107~5651233135714136755~ZU', 'VENT~R-3107 TS 25~R-3107~4801530531674439057~ZU', 'VENT~R-3306 TS~R-3306~4907220424587485894~ZU', 'VENT~R-3400 TS~R-3400~5562554288955600320~ZU', 'VENT~V-2114~V-2114 TS~5760193943997446212~LAEUFT', 'VENT~V-2200~V-2200 TS~5022085697592945806~LAEUFT', 'VENT~V-2103~V-2103 TS~5144379867722183691~LAEUFT', 'VENT~V-1920~V-1920 TS~5086348904423864485~LAEUFT', 'VENT~V-1611~V-1611-TS~5184255944583972283~LAEUFT', 'VENT~V-1643~V-1643-TS~4909233068370375538~LAEUFT', 'VENT~V-HKW3T~V-HKW3T TS~4748784982654846197~LAEUFT', 'VENT~V-1904~V-1904 TS~4632877310537456802~LAEUFT', 'VENT~V-1127~V-1127-TS~5749231425607379757~LAEUFT', 'VENT~V-1711~V-1711-TS~5198697599443665009~LAEUFT', 'VENT~V-1122~V-1122 TS~5755273915817960808~LAEUFT', 'VENT~V-1703~V-1703 TS~5636342328882569033~LAEUFT', 'VENT~V-1720~V-1720 TS~4625628972938432459~LAEUFT', 'VENT~V-1754~V-1754 TS~5108114724706997657~LAEUFT', 'VENT~V-1113~V-1113 TS~4772186813165306084~LAEUFT', 'VENT~V-1304~V-1304 TS~5268785481984585309~LAEUFT', 'VENT~V-1308~V-1308 TS~5377687748016331599~LAEUFT', 'VENT~V-1371~V-1371 TS~5007721049268953552~LAEUFT', 'VENT~V-1375~V-1375 TS~5611193972839170516~LAEUFT', 'VENT~V-1403~V-1403 TS~5749751062642520976~LAEUFT', 'VENT~V-1115~V-1115 TS~5334762202641789748~LAEUFT', 'VENT~V-1117~V-1117 TS~5302538591475552989~LAEUFT', 'VENT~V-1632~V-1632 TS~5724986031806040607~LAEUFT', 'VENT~V-1118~V-1118 TS~5134978298374039447~LAEUFT', 'VENT~V-1580~V-1580 TS~5143007569910119480~LAEUFT', 'VENT~V-1708~V-1708 TS~4651475465207370821~LAEUFT', 'VENT~V-1730~V-1730 TS~5389356393000365590~LAEUFT', 'VENT~V-1314~V-1314 TS~5648659467315253789~LAEUFT', 'VENT~V-1334~V-1334 TS~5671439182552530721~LAEUFT', 'VENT~V-3200~V-3200 TS~4977302196262691970~LAEUFT', 'VENT~V-1115~V-1115 TS 16~4967759272256350857~LAEUFT', 'VENT~V-1510~V-1510 TS~4956000635150784120~LAEUFT', 'VENT~V-1307~V-1307 TS~4971857521283232600~LAEUFT', 'VENT~V-1309~V-1309 TS~4936651803022048599~LAEUFT', 'VENT~V-1333~V-1333 TS~5096712557447885228~LAEUFT', 'VENT~V-1104~V-1104 TS~4918271548164306665~LAEUFT', 'VENT~V-1106~V-1106 TS~4736937791717091836~LAEUFT', 'VENT~V-1251~V-1251 TS~5627165606590442989~LAEUFT', 'VENT~V-1302~V-1302 TS~4756898474349214964~LAEUFT', 'VENT~V-1509~V-1509 TS~4822676560945098485~LAEUFT', 'VENT~V-1192~V-1192 TS~5403478266793975666~LAEUFT', 'VENT~V-3007~V-3007 TS~4957426273739347428~LAEUFT', 'VENT~V-3105~V-3105 TS~5511781420253452267~LAEUFT', 'VENT~V-3614~V-3614 TS~5322152704070824767~LAEUFT', 'VENT~V-1244~V-1244 TS~4920261921264412444~LAEUFT', 'VENT~V-1505~V-1505 TS~5565658376405586292~LAEUFT', 'VENT~V-1511~V-1511 TS~5273997753630087625~LAEUFT', 'VENT~V-PRES~V-PRES TS~5156048357346454524~LAEUFT', 'VENT~V-1502~V-1502 TS~4685259600121278291~LAEUFT', 'VENT~V-3107~V-3107 TS~4873903332865051213~LAEUFT', 'VENT~V-3107~V-3107 TS 25~5323073121528163819~LAEUFT', 'VENT~V-3306~V-3306 TS~5724431918466912875~LAEUFT', 'VENT~V-3400~V-3400 TS~5350437531075570921~LAEUFT', 'VENT~R-2114 TS~R-2114~5355203940834444481~LAEUFT', 'VENT~R-2200 TS~R-2200~5021423632971352692~LAEUFT', 'VENT~R-2103 TS~R-2103~5672943554454243642~LAEUFT', 'VENT~R-1920 TS~R-1920~5014193280344475042~LAEUFT', 'VENT~R-1611-TS~R-1611~4825245818877378216~LAEUFT', 'VENT~R-1643-TS~R-1643~5122330381116554076~LAEUFT', 'VENT~R-HKW3T TS~R-HKW3T~5016252379448867392~LAEUFT', 'VENT~R-1904 TS~R-1904~5366362236165649942~LAEUFT', 'VENT~R-1127-TS~R-1127~5065367016209070561~LAEUFT', 'VENT~R-1711-TS~R-1711~5219556173145291227~LAEUFT', 'VENT~R-1122 TS~R-1122~5262657954010749181~LAEUFT', 'VENT~R-1703 TS~R-1703~5621411294583641869~LAEUFT', 'VENT~R-1720 TS~R-1720~5267022734744502922~LAEUFT', 'VENT~R-1754 TS~R-1754~4932464323984444866~LAEUFT', 'VENT~R-1113 TS~R-1113~5134188920276509651~LAEUFT', 'VENT~R-1304 TS~R-1304~5318078967911877439~LAEUFT', 'VENT~R-1308 TS~R-1308~4770877336064503085~LAEUFT', 'VENT~R-1371 TS~R-1371~5552645075634240196~LAEUFT', 'VENT~R-1375 TS~R-1375~4891547935785634467~LAEUFT', 'VENT~R-1403 TS~R-1403~5221016205547585087~LAEUFT', 'VENT~R-1115 TS~R-1115~5078441577974480239~LAEUFT', 'VENT~R-1117 TS~R-1117~5393321617338660440~LAEUFT', 'VENT~R-1632 TS~R-1632~5653456267662192560~LAEUFT', 'VENT~R-1118 TS~R-1118~4860672584658800525~LAEUFT', 'VENT~R-1580 TS~R-1580~4834690407551933334~LAEUFT', 'VENT~R-1708 TS~R-1708~5368029909783340225~LAEUFT', 'VENT~R-1730 TS~R-1730~5161434510407687872~LAEUFT', 'VENT~R-1314 TS~R-1314~5695493589549147481~LAEUFT', 'VENT~R-1334 TS~R-1334~4724556615875151731~LAEUFT', 'VENT~R-3200 TS~R-3200~5586824511649782229~LAEUFT', 'VENT~R-1115 TS 16~R-1115~5352717721765583502~LAEUFT', 'VENT~R-1510 TS~R-1510~5403928062661758030~LAEUFT', 'VENT~R-1307 TS~R-1307~4959359833947915571~LAEUFT', 'VENT~R-1309 TS~R-1309~4979920036046083412~LAEUFT', 'VENT~R-1333 TS~R-1333~4846490422424081430~LAEUFT', 'VENT~R-1104 TS~R-1104~5486173139641020481~LAEUFT', 'VENT~R-1106 TS~R-1106~5200094991149567481~LAEUFT', 'VENT~R-1251 TS~R-1251~5399023270541434688~LAEUFT', 'VENT~R-1302 TS~R-1302~4941745543543360213~LAEUFT', 'VENT~R-1509 TS~R-1509~5426103948019692623~LAEUFT', 'VENT~R-1192 TS~R-1192~5132157583825727255~LAEUFT', 'VENT~R-3007 TS~R-3007~5193920684056460570~LAEUFT', 'VENT~R-3105 TS~R-3105~5741620681544204278~LAEUFT', 'VENT~R-3614 TS~R-3614~5357063556224143613~LAEUFT', 'VENT~R-1244 TS~R-1244~5357342008386276454~LAEUFT', 'VENT~R-1505 TS~R-1505~5349165743102387989~LAEUFT', 'VENT~R-1511 TS~R-1511~5296247899945385978~LAEUFT', 'VENT~R-PRES TS~R-PRES~5130633968829717396~LAEUFT', 'VENT~R-1502 TS~R-1502~5524453012721100974~LAEUFT', 'VENT~R-3107 TS~R-3107~5651233135714136755~LAEUFT', 'VENT~R-3107 TS 25~R-3107~4801530531674439057~LAEUFT', 'VENT~R-3306 TS~R-3306~4907220424587485894~LAEUFT', 'VENT~R-3400 TS~R-3400~5562554288955600320~LAEUFT', 'RLVG~KA-0142~~4694635591162963688~XE1', 'RLVG~KA-0142~~4694635591162963688~XA', 'RLVG~KA-0142~~4694635591162963688~XE2', 'RSTN~KA-0160~~5478195820337003050~XE2']
2025-09-24 17:40:19,656 ; PT3S                                                         ; DEBUG   ; Mx._readMxsFile: _Done.
2025-09-24 17:40:19,656 ; PT3S                                                         ; DEBUG   ; Mx.setResultsToMxsFile: Mxs: c:\users\jablonski\3s\pt3s\PT3S\Examples\WDExample5\B1\V0\BZ1\M-1-0-1.1.MXS: Assigned.     df Shape: (1, 2225).
2025-09-24 17:40:19,656 ; PT3S                                                         ; DEBUG   ; Mx.setResultsToMxsFile: RESULT after c:\users\jablonski\3s\pt3s\PT3S\Examples\WDExample5\B1\V0\BZ1\M-1-0-1.1.MXS: df Shape: (1, 2225) First Time: 2025-09-23 22:00:00+00:00 Last Time: 2025-09-23 22:00:00+00:00.
2025-09-24 17:40:19,675 ; PT3S                                                         ; DEBUG   ; Mx.setResultsToMxsFile: _Done.
2025-09-24 17:40:19,675 ; PT3S                                                         ; DEBUG   ; Mx.__init__: _Done.#########
2025-09-24 17:40:19,675 ; PT3S                                                         ; DEBUG   ; PT3S.dxAndMxHelperFcts.readDxAndMx: MX read ok so far.
2025-09-24 17:40:19,675 ; PT3S                                                         ; DEBUG   ; PT3S.dxAndMxHelperFcts.processMxVectorResults: Start.
2025-09-24 17:40:19,675 ; PT3S                                                         ; DEBUG   ; PT3S.dxAndMxHelperFcts.processMxVectorResults: _Done.
2025-09-24 17:40:19,675 ; PT3S                                                         ; DEBUG   ; dxWithMx.__init__: Start.
2025-09-24 17:40:19,675 ; PT3S                                                         ; DEBUG   ; PT3S.dxDecodeObjsData.Wblz: Start.
2025-09-24 17:40:19,675 ; PT3S                                                         ; DEBUG   ; PT3S.dxDecodeObjsData.Wblz: no WBLZs available ...
2025-09-24 17:40:19,675 ; PT3S                                                         ; DEBUG   ; PT3S.dxDecodeObjsData.Wblz: _Done.
2025-09-24 17:40:19,675 ; PT3S                                                         ; DEBUG   ; PT3S.dxDecodeObjsData.Agsn: Start.
2025-09-24 17:40:20,035 ; PT3S                                                         ; DEBUG   ; PT3S.dxDecodeObjsData.Agsn: _Done.
2025-09-24 17:40:20,054 ; PT3S                                                         ; INFO    ; dxWithMx.__init__: Example5: processing dx and mx ...
2025-09-24 17:40:20,054 ; PT3S                                                         ; DEBUG   ; Dx.MxSync: Start.
2025-09-24 17:40:20,204 ; PT3S                                                         ; DEBUG   ; Dx.MxSync: _Done.
2025-09-24 17:40:20,239 ; PT3S                                                         ; DEBUG   ; Dx.MxAdd: Start.
2025-09-24 17:40:20,239 ; PT3S                                                         ; DEBUG   ; Dx.MxAdd: dfName: V3_KNOT: read Results:
2025-09-24 17:40:20,247 ; PT3S                                                         ; DEBUG   ; All cols of ^KNOT: [('STAT', 'KNOT~*~*~*~BCIND', Timestamp('2025-09-23 22:00:00'), Timestamp('2025-09-23 22:00:00')), ('STAT', 'KNOT~*~*~*~DP', Timestamp('2025-09-23 22:00:00'), Timestamp('2025-09-23 22:00:00')), ('STAT', 'KNOT~*~*~*~DPH', Timestamp('2025-09-23 22:00:00'), Timestamp('2025-09-23 22:00:00')), ('STAT', 'KNOT~*~*~*~ESQUELLSP', Timestamp('2025-09-23 22:00:00'), Timestamp('2025-09-23 22:00:00')), ('STAT', 'KNOT~*~*~*~H', Timestamp('2025-09-23 22:00:00'), Timestamp('2025-09-23 22:00:00')), ('STAT', 'KNOT~*~*~*~HMAX_INST', Timestamp('2025-09-23 22:00:00'), Timestamp('2025-09-23 22:00:00')), ('STAT', 'KNOT~*~*~*~HMIN_INST', Timestamp('2025-09-23 22:00:00'), Timestamp('2025-09-23 22:00:00')), ('STAT', 'KNOT~*~*~*~IAKTIV', Timestamp('2025-09-23 22:00:00'), Timestamp('2025-09-23 22:00:00')), ('STAT', 'KNOT~*~*~*~P', Timestamp('2025-09-23 22:00:00'), Timestamp('2025-09-23 22:00:00')), ('STAT', 'KNOT~*~*~*~PDAMPF', Timestamp('2025-09-23 22:00:00'), Timestamp('2025-09-23 22:00:00')), ('STAT', 'KNOT~*~*~*~PH', Timestamp('2025-09-23 22:00:00'), Timestamp('2025-09-23 22:00:00')), ('STAT', 'KNOT~*~*~*~PH_EIN', Timestamp('2025-09-23 22:00:00'), Timestamp('2025-09-23 22:00:00')), ('STAT', 'KNOT~*~*~*~PH_MIN', Timestamp('2025-09-23 22:00:00'), Timestamp('2025-09-23 22:00:00')), ('STAT', 'KNOT~*~*~*~PMAX_INST', Timestamp('2025-09-23 22:00:00'), Timestamp('2025-09-23 22:00:00')), ('STAT', 'KNOT~*~*~*~PMIN_INST', Timestamp('2025-09-23 22:00:00'), Timestamp('2025-09-23 22:00:00')), ('STAT', 'KNOT~*~*~*~QM', Timestamp('2025-09-23 22:00:00'), Timestamp('2025-09-23 22:00:00')), ('STAT', 'KNOT~*~*~*~RHO', Timestamp('2025-09-23 22:00:00'), Timestamp('2025-09-23 22:00:00')), ('STAT', 'KNOT~*~*~*~T', Timestamp('2025-09-23 22:00:00'), Timestamp('2025-09-23 22:00:00')), ('STAT', 'KNOT~*~*~*~TTR', Timestamp('2025-09-23 22:00:00'), Timestamp('2025-09-23 22:00:00')), ('STAT', 'KNOT~*~*~*~VOLD', Timestamp('2025-09-23 22:00:00'), Timestamp('2025-09-23 22:00:00'))]
2025-09-24 17:40:20,256 ; PT3S                                                         ; DEBUG   ; Dx.MxAdd: dfName: V3_ROHR: read Results:
2025-09-24 17:40:20,269 ; PT3S                                                         ; DEBUG   ; All cols of ^ROHR~: [('STAT', 'ROHR~*~*~*~ETAAV', Timestamp('2025-09-23 22:00:00'), Timestamp('2025-09-23 22:00:00')), ('STAT', 'ROHR~*~*~*~IAKTIV', Timestamp('2025-09-23 22:00:00'), Timestamp('2025-09-23 22:00:00')), ('STAT', 'ROHR~*~*~*~IRTRENN', Timestamp('2025-09-23 22:00:00'), Timestamp('2025-09-23 22:00:00')), ('STAT', 'ROHR~*~*~*~JV', Timestamp('2025-09-23 22:00:00'), Timestamp('2025-09-23 22:00:00')), ('STAT', 'ROHR~*~*~*~LAMBDA', Timestamp('2025-09-23 22:00:00'), Timestamp('2025-09-23 22:00:00')), ('STAT', 'ROHR~*~*~*~LECKEINAUS', Timestamp('2025-09-23 22:00:00'), Timestamp('2025-09-23 22:00:00')), ('STAT', 'ROHR~*~*~*~LECKMENGE', Timestamp('2025-09-23 22:00:00'), Timestamp('2025-09-23 22:00:00')), ('STAT', 'ROHR~*~*~*~LECKORT', Timestamp('2025-09-23 22:00:00'), Timestamp('2025-09-23 22:00:00')), ('STAT', 'ROHR~*~*~*~PDAMPF', Timestamp('2025-09-23 22:00:00'), Timestamp('2025-09-23 22:00:00')), ('STAT', 'ROHR~*~*~*~PHR', Timestamp('2025-09-23 22:00:00'), Timestamp('2025-09-23 22:00:00')), ('STAT', 'ROHR~*~*~*~PMIN', Timestamp('2025-09-23 22:00:00'), Timestamp('2025-09-23 22:00:00')), ('STAT', 'ROHR~*~*~*~QI2', Timestamp('2025-09-23 22:00:00'), Timestamp('2025-09-23 22:00:00')), ('STAT', 'ROHR~*~*~*~QK2', Timestamp('2025-09-23 22:00:00'), Timestamp('2025-09-23 22:00:00')), ('STAT', 'ROHR~*~*~*~QMAV', Timestamp('2025-09-23 22:00:00'), Timestamp('2025-09-23 22:00:00')), ('STAT', 'ROHR~*~*~*~QMI', Timestamp('2025-09-23 22:00:00'), Timestamp('2025-09-23 22:00:00')), ('STAT', 'ROHR~*~*~*~QMK', Timestamp('2025-09-23 22:00:00'), Timestamp('2025-09-23 22:00:00')), ('STAT', 'ROHR~*~*~*~RHOAV', Timestamp('2025-09-23 22:00:00'), Timestamp('2025-09-23 22:00:00')), ('STAT', 'ROHR~*~*~*~VAV', Timestamp('2025-09-23 22:00:00'), Timestamp('2025-09-23 22:00:00')), ('STAT', 'ROHR~*~*~*~VI', Timestamp('2025-09-23 22:00:00'), Timestamp('2025-09-23 22:00:00')), ('STAT', 'ROHR~*~*~*~VK', Timestamp('2025-09-23 22:00:00'), Timestamp('2025-09-23 22:00:00')), ('STAT', 'ROHR~*~*~*~VOLDA', Timestamp('2025-09-23 22:00:00'), Timestamp('2025-09-23 22:00:00')), ('STAT', 'ROHR~*~*~*~WVL', Timestamp('2025-09-23 22:00:00'), Timestamp('2025-09-23 22:00:00'))]
2025-09-24 17:40:20,272 ; PT3S                                                         ; DEBUG   ; Dx.MxAdd: dfName: V3_FWVB: read Results:
2025-09-24 17:40:20,272 ; PT3S                                                         ; DEBUG   ; All cols of ^FWVB: [('STAT', 'FWVB~*~*~*~DP', Timestamp('2025-09-23 22:00:00'), Timestamp('2025-09-23 22:00:00')), ('STAT', 'FWVB~*~*~*~IAKTIV', Timestamp('2025-09-23 22:00:00'), Timestamp('2025-09-23 22:00:00')), ('STAT', 'FWVB~*~*~*~INDUV', Timestamp('2025-09-23 22:00:00'), Timestamp('2025-09-23 22:00:00')), ('STAT', 'FWVB~*~*~*~PHIRL', Timestamp('2025-09-23 22:00:00'), Timestamp('2025-09-23 22:00:00')), ('STAT', 'FWVB~*~*~*~PHIVL', Timestamp('2025-09-23 22:00:00'), Timestamp('2025-09-23 22:00:00')), ('STAT', 'FWVB~*~*~*~QM', Timestamp('2025-09-23 22:00:00'), Timestamp('2025-09-23 22:00:00')), ('STAT', 'FWVB~*~*~*~W', Timestamp('2025-09-23 22:00:00'), Timestamp('2025-09-23 22:00:00')), ('STAT', 'FWVB~*~*~*~WSOLL', Timestamp('2025-09-23 22:00:00'), Timestamp('2025-09-23 22:00:00'))]
2025-09-24 17:40:20,281 ; PT3S                                                         ; DEBUG   ; Dx.MxAdd: dfName: V3_ROHR: addNodeData:
2025-09-24 17:40:20,297 ; PT3S                                                         ; DEBUG   ; Dx.MxAdd: dfName: V3_FWVB: addNodeData:
2025-09-24 17:40:20,305 ; PT3S                                                         ; DEBUG   ; Mx.getVecAggsResultsForAttributeType: Start.
2025-09-24 17:40:20,305 ; PT3S                                                         ; DEBUG   ; Mx.getVecAggsResultsForAttributeType: Sir3sIDsMatching: ['FWES~*~*~*~QM', 'FWVB~*~*~*~QM', 'KLAP~*~*~*~QM', 'KNOT~*~*~*~QM', 'PUMP~*~*~*~QM', 'REGV~*~*~*~QM', 'ROHR~*~*~*~QMAV', 'VENT~*~*~*~QM']
2025-09-24 17:40:20,305 ; PT3S                                                         ; DEBUG   ; Mx.getVecAggsResultsForAttributeType: choosen Name of 'common' ATTR: QM.
2025-09-24 17:40:20,347 ; PT3S                                                         ; DEBUG   ; Mx.getVecAggsResultsForAttributeType: _Done.
2025-09-24 17:40:20,354 ; PT3S                                                         ; DEBUG   ; Dx.MxAdd: Exception: Line: 1655: <class 'KeyError'>: 'OBEH': Edge-Type OBEH: adding Vec-Results for ~QMA{0,1}V{0,1}$ failed (maybe because not available in mx).
2025-09-24 17:40:20,354 ; PT3S                                                         ; DEBUG   ; Dx.MxAdd: Exception: Line: 1655: <class 'KeyError'>: 'PGRP': Edge-Type PGRP: adding Vec-Results for ~QMA{0,1}V{0,1}$ failed (maybe because not available in mx).
2025-09-24 17:40:20,417 ; PT3S                                                         ; DEBUG   ; Mx.getVecAggsResultsForAttributeType: Start.
2025-09-24 17:40:20,418 ; PT3S                                                         ; DEBUG   ; Mx.getVecAggsResultsForAttributeType: Sir3sIDsMatching: []
2025-09-24 17:40:20,418 ; PT3S                                                         ; DEBUG   ; Mx.getVecAggsResultsForAttributeType: _Done.
2025-09-24 17:40:20,418 ; PT3S                                                         ; DEBUG   ; Dx.MxAdd: Exception: Line: 1655: <class 'KeyError'>: 'FWES': Edge-Type FWES: adding Vec-Results for ~MA{0,1}V{0,1}$ failed (maybe because not available in mx).
2025-09-24 17:40:20,419 ; PT3S                                                         ; DEBUG   ; Dx.MxAdd: Exception: Line: 1655: <class 'KeyError'>: 'FWVB': Edge-Type FWVB: adding Vec-Results for ~MA{0,1}V{0,1}$ failed (maybe because not available in mx).
2025-09-24 17:40:20,419 ; PT3S                                                         ; DEBUG   ; Dx.MxAdd: Exception: Line: 1655: <class 'KeyError'>: 'KLAP': Edge-Type KLAP: adding Vec-Results for ~MA{0,1}V{0,1}$ failed (maybe because not available in mx).
2025-09-24 17:40:20,419 ; PT3S                                                         ; DEBUG   ; Dx.MxAdd: Exception: Line: 1655: <class 'KeyError'>: 'OBEH': Edge-Type OBEH: adding Vec-Results for ~MA{0,1}V{0,1}$ failed (maybe because not available in mx).
2025-09-24 17:40:20,419 ; PT3S                                                         ; DEBUG   ; Dx.MxAdd: Exception: Line: 1655: <class 'KeyError'>: 'PGRP': Edge-Type PGRP: adding Vec-Results for ~MA{0,1}V{0,1}$ failed (maybe because not available in mx).
2025-09-24 17:40:20,419 ; PT3S                                                         ; DEBUG   ; Dx.MxAdd: Exception: Line: 1655: <class 'KeyError'>: 'PUMP': Edge-Type PUMP: adding Vec-Results for ~MA{0,1}V{0,1}$ failed (maybe because not available in mx).
2025-09-24 17:40:20,419 ; PT3S                                                         ; DEBUG   ; Dx.MxAdd: Exception: Line: 1655: <class 'KeyError'>: 'REGV': Edge-Type REGV: adding Vec-Results for ~MA{0,1}V{0,1}$ failed (maybe because not available in mx).
2025-09-24 17:40:20,419 ; PT3S                                                         ; DEBUG   ; Dx.MxAdd: Exception: Line: 1655: <class 'KeyError'>: 'ROHR': Edge-Type ROHR: adding Vec-Results for ~MA{0,1}V{0,1}$ failed (maybe because not available in mx).
2025-09-24 17:40:20,419 ; PT3S                                                         ; DEBUG   ; Dx.MxAdd: Exception: Line: 1655: <class 'KeyError'>: 'VENT': Edge-Type VENT: adding Vec-Results for ~MA{0,1}V{0,1}$ failed (maybe because not available in mx).
2025-09-24 17:40:20,521 ; PT3S                                                         ; DEBUG   ; Dx.MxAdd: _Done.
2025-09-24 17:40:20,522 ; PT3S                                                         ; DEBUG   ; dxWithMx._V3_ROHR: Start.
2025-09-24 17:40:20,551 ; PT3S                                                         ; DEBUG   ; dxWithMx._V3_ROHR: Constructing of V3_ROHR['QMAVAbs'] ok so far.
2025-09-24 17:40:20,576 ; PT3S                                                         ; DEBUG   ; dxWithMx._V3_ROHR: Constructing of V3_ROHR['VAVAbs'] ok so far.
2025-09-24 17:40:20,608 ; PT3S                                                         ; DEBUG   ; dxWithMx._V3_ROHR: Constructing of V3_ROHR['PHRAbs'] ok so far.
2025-09-24 17:40:20,640 ; PT3S                                                         ; DEBUG   ; dxWithMx._V3_ROHR: Constructing of V3_ROHR['JVAbs'] ok so far.
2025-09-24 17:40:20,640 ; PT3S                                                         ; DEBUG   ; dxWithMx._V3_ROHR: Exception: Line: 334: <class 'KeyError'>: ('STAT', 'ROHR~*~*~*~MAV', Timestamp('2025-09-23 22:00:00'), Timestamp('2025-09-23 22:00:00'))
2025-09-24 17:40:20,640 ; PT3S                                                         ; DEBUG   ; dxWithMx._V3_ROHR: Constructing col MAV=STAT ROHR~*~*~*~MAV in V3_ROHR failed.
2025-09-24 17:40:20,640 ; PT3S                                                         ; DEBUG   ; dxWithMx._V3_ROHR: Constructing of V3_ROHR['LAMBDA'] ok so far.
2025-09-24 17:40:20,640 ; PT3S                                                         ; DEBUG   ; dxWithMx._V3_ROHR: _Done.
2025-09-24 17:40:20,640 ; PT3S                                                         ; DEBUG   ; dxWithMx._V3_KNOT: Start.
2025-09-24 17:40:20,640 ; PT3S                                                         ; DEBUG   ; All cols of df_V3_KNOT['pk', 'fkDE', 'rk', 'tk', 'NAME', 'KTYP', 'XKOR', 'YKOR', 'ZKOR', 'QM_EIN', 'LFAKT', 'fkPZON', 'fkFSTF', 'fkUTMP', 'fkFQPS', 'fkCONT', 'fk2LKNOT', 'BESCHREIBUNG', 'GEOMWKB', 'DELETED', 'SELECT1', 'IDREFERENZ', 'KENNUNG', 'IPLANUNG', 'KVR', 'DRAKONZ', 'pk_BZ', 'fkDE_BZ', 'fk', 'fkPVAR', 'fkQVAR', 'fkLFKT', 'PH_EIN', 'TM', 'TE', 'PH_MIN', 'GRAF', 'MId', 'MText', 'Basis', 'Variante', 'BZ', 'Geaendert', 'Erstellt', 'pk_VMBZ', 'fkBASIS', 'fkVARIANTE', 'fkBZ', 'MZ', 'MT', 'pk_CONT', 'fkDE_CONT', 'rk_CONT', 'tk_CONT', 'ID_CONT', 'NAME_CONT', 'IDPARENT_CONT', 'rkPARENT_CONT', 'LFDNR_CONT', 'GRAF_CONT', 'FONT_CONT', 'GEOM_CONT', 'DELETED_CONT', 'SELECT1_CONT', 'IDREFERENZ_CONT', 'GEOMWKB_converted', 'pk_VKNO', 'fkDE_VKNO', 'rk_VKNO', 'fkKNOT_VKNO', 'fkCONT_VKNO', 'SHOWNAME_VKNO', 'POSNAME_VKNO', 'POINTINSERTX_VKNO', 'POINTINSERTY_VKNO', 'SYMBOLFACT_VKNO', 'DISPLAYMODE_VKNO', 'DELETED_VKNO', 'SELECT1_VKNO', 'MId_VKNO', 'MText_VKNO', 'Basis_VKNO', 'Variante_VKNO', 'BZ_VKNO', 'Geaendert_VKNO', 'Erstellt_VKNO', 'pk_VMBASIS_VKNO', 'fkBASIS_VKNO', 'fkVARIANTE_VKNO', 'fkBZ_VKNO', 'MZ_VKNO', 'MT_VKNO', 'MId_VMVARIANTE_VKNO', 'MText_VMVARIANTE_VKNO', 'Basis_VMVARIANTE_VKNO', 'Variante_VMVARIANTE_VKNO', 'BZ_VMVARIANTE_VKNO', 'Geaendert_VMVARIANTE_VKNO', 'Erstellt_VMVARIANTE_VKNO', 'pk_VMVARIANTE_VKNO', 'fkBASIS_VMVARIANTE_VKNO', 'fkVARIANTE_VMVARIANTE_VKNO', 'fkBZ_VMVARIANTE_VKNO', 'MZ_VMVARIANTE_VKNO', 'MT_VMVARIANTE_VKNO', 'pk_CONT_VKNO', 'fkDE_CONT_VKNO', 'rk_CONT_VKNO', 'tk_CONT_VKNO', 'ID_CONT_VKNO', 'NAME_CONT_VKNO', 'IDPARENT_CONT_VKNO', 'rkPARENT_CONT_VKNO', 'LFDNR_CONT_VKNO', 'GRAF_CONT_VKNO', 'FONT_CONT_VKNO', 'GEOM_CONT_VKNO', 'DELETED_CONT_VKNO', 'SELECT1_CONT_VKNO', 'IDREFERENZ_CONT_VKNO', 'NAME_LFKT', 'NAME_PVAR', 'NAME_PZON', 'NAME_QVAR', 'NAME_UTMP', 'NAME_FSTF', 'NAME_FQPS', 'mx2Idx', ('STAT', 'KNOT~*~*~*~BCIND', Timestamp('2025-09-23 22:00:00'), Timestamp('2025-09-23 22:00:00')), ('STAT', 'KNOT~*~*~*~DP', Timestamp('2025-09-23 22:00:00'), Timestamp('2025-09-23 22:00:00')), ('STAT', 'KNOT~*~*~*~DPH', Timestamp('2025-09-23 22:00:00'), Timestamp('2025-09-23 22:00:00')), ('STAT', 'KNOT~*~*~*~ESQUELLSP', Timestamp('2025-09-23 22:00:00'), Timestamp('2025-09-23 22:00:00')), ('STAT', 'KNOT~*~*~*~H', Timestamp('2025-09-23 22:00:00'), Timestamp('2025-09-23 22:00:00')), ('STAT', 'KNOT~*~*~*~HMAX_INST', Timestamp('2025-09-23 22:00:00'), Timestamp('2025-09-23 22:00:00')), ('STAT', 'KNOT~*~*~*~HMIN_INST', Timestamp('2025-09-23 22:00:00'), Timestamp('2025-09-23 22:00:00')), ('STAT', 'KNOT~*~*~*~IAKTIV', Timestamp('2025-09-23 22:00:00'), Timestamp('2025-09-23 22:00:00')), ('STAT', 'KNOT~*~*~*~P', Timestamp('2025-09-23 22:00:00'), Timestamp('2025-09-23 22:00:00')), ('STAT', 'KNOT~*~*~*~PDAMPF', Timestamp('2025-09-23 22:00:00'), Timestamp('2025-09-23 22:00:00')), ('STAT', 'KNOT~*~*~*~PH', Timestamp('2025-09-23 22:00:00'), Timestamp('2025-09-23 22:00:00')), ('STAT', 'KNOT~*~*~*~PH_EIN', Timestamp('2025-09-23 22:00:00'), Timestamp('2025-09-23 22:00:00')), ('STAT', 'KNOT~*~*~*~PH_MIN', Timestamp('2025-09-23 22:00:00'), Timestamp('2025-09-23 22:00:00')), ('STAT', 'KNOT~*~*~*~PMAX_INST', Timestamp('2025-09-23 22:00:00'), Timestamp('2025-09-23 22:00:00')), ('STAT', 'KNOT~*~*~*~PMIN_INST', Timestamp('2025-09-23 22:00:00'), Timestamp('2025-09-23 22:00:00')), ('STAT', 'KNOT~*~*~*~QM', Timestamp('2025-09-23 22:00:00'), Timestamp('2025-09-23 22:00:00')), ('STAT', 'KNOT~*~*~*~RHO', Timestamp('2025-09-23 22:00:00'), Timestamp('2025-09-23 22:00:00')), ('STAT', 'KNOT~*~*~*~T', Timestamp('2025-09-23 22:00:00'), Timestamp('2025-09-23 22:00:00')), ('STAT', 'KNOT~*~*~*~TTR', Timestamp('2025-09-23 22:00:00'), Timestamp('2025-09-23 22:00:00')), ('STAT', 'KNOT~*~*~*~VOLD', Timestamp('2025-09-23 22:00:00'), Timestamp('2025-09-23 22:00:00'))]
2025-09-24 17:40:20,640 ; PT3S                                                         ; DEBUG   ; dxWithMx._V3_KNOT: Constructing of V3_KNOT['PH'] ok so far.
2025-09-24 17:40:20,640 ; PT3S                                                         ; DEBUG   ; dxWithMx._V3_KNOT: Constructing of V3_KNOT['QM'] ok so far.
2025-09-24 17:40:20,640 ; PT3S                                                         ; DEBUG   ; qs: True
2025-09-24 17:40:20,648 ; PT3S                                                         ; DEBUG   ; dxWithMx._V3_KNOT: Constructing of V3_KNOT['srcvector'] ok so far.
2025-09-24 17:40:20,648 ; PT3S                                                         ; DEBUG   ; dxWithMx._V3_KNOT: Constructing of V3_KNOT['T'] ok so far.
2025-09-24 17:40:20,648 ; PT3S                                                         ; DEBUG   ; dxWithMx._V3_KNOT: Exception: Line: 800: <class 'KeyError'>: ('STAT', 'KNOT~*~*~*~M', Timestamp('2025-09-23 22:00:00'), Timestamp('2025-09-23 22:00:00'))
2025-09-24 17:40:20,648 ; PT3S                                                         ; DEBUG   ; dxWithMx._V3_KNOT: Constructing col M in V3_KNOT failed.
2025-09-24 17:40:20,648 ; PT3S                                                         ; DEBUG   ; dxWithMx._V3_KNOT: Constructing of V3_KNOT['TTR'] ok so far.
2025-09-24 17:40:20,754 ; PT3S                                                         ; DEBUG   ; Cols of df_V3_KNOT: ['pk', 'fkDE', 'rk', 'tk', 'NAME', 'KTYP', 'XKOR', 'YKOR', 'ZKOR', 'QM_EIN', 'LFAKT', 'fkPZON', 'fkFSTF', 'fkUTMP', 'fkFQPS', 'fkCONT', 'fk2LKNOT', 'BESCHREIBUNG', 'GEOMWKB', 'DELETED', 'SELECT1', 'IDREFERENZ', 'KENNUNG', 'IPLANUNG', 'KVR', 'DRAKONZ', 'pk_BZ', 'fkDE_BZ', 'fk', 'fkPVAR', 'fkQVAR', 'fkLFKT', 'PH_EIN', 'TM', 'TE', 'PH_MIN', 'GRAF', 'MId', 'MText', 'Basis', 'Variante', 'BZ', 'Geaendert', 'Erstellt', 'pk_VMBZ', 'fkBASIS', 'fkVARIANTE', 'fkBZ', 'MZ', 'MT', 'pk_CONT', 'fkDE_CONT', 'rk_CONT', 'tk_CONT', 'ID_CONT', 'NAME_CONT', 'IDPARENT_CONT', 'rkPARENT_CONT', 'LFDNR_CONT', 'GRAF_CONT', 'FONT_CONT', 'GEOM_CONT', 'DELETED_CONT', 'SELECT1_CONT', 'IDREFERENZ_CONT', 'GEOMWKB_converted', 'pk_VKNO', 'fkDE_VKNO', 'rk_VKNO', 'fkKNOT_VKNO', 'fkCONT_VKNO', 'SHOWNAME_VKNO', 'POSNAME_VKNO', 'POINTINSERTX_VKNO', 'POINTINSERTY_VKNO', 'SYMBOLFACT_VKNO', 'DISPLAYMODE_VKNO', 'DELETED_VKNO', 'SELECT1_VKNO', 'MId_VKNO', 'MText_VKNO', 'Basis_VKNO', 'Variante_VKNO', 'BZ_VKNO', 'Geaendert_VKNO', 'Erstellt_VKNO', 'pk_VMBASIS_VKNO', 'fkBASIS_VKNO', 'fkVARIANTE_VKNO', 'fkBZ_VKNO', 'MZ_VKNO', 'MT_VKNO', 'MId_VMVARIANTE_VKNO', 'MText_VMVARIANTE_VKNO', 'Basis_VMVARIANTE_VKNO', 'Variante_VMVARIANTE_VKNO', 'BZ_VMVARIANTE_VKNO', 'Geaendert_VMVARIANTE_VKNO', 'Erstellt_VMVARIANTE_VKNO', 'pk_VMVARIANTE_VKNO', 'fkBASIS_VMVARIANTE_VKNO', 'fkVARIANTE_VMVARIANTE_VKNO', 'fkBZ_VMVARIANTE_VKNO', 'MZ_VMVARIANTE_VKNO', 'MT_VMVARIANTE_VKNO', 'pk_CONT_VKNO', 'fkDE_CONT_VKNO', 'rk_CONT_VKNO', 'tk_CONT_VKNO', 'ID_CONT_VKNO', 'NAME_CONT_VKNO', 'IDPARENT_CONT_VKNO', 'rkPARENT_CONT_VKNO', 'LFDNR_CONT_VKNO', 'GRAF_CONT_VKNO', 'FONT_CONT_VKNO', 'GEOM_CONT_VKNO', 'DELETED_CONT_VKNO', 'SELECT1_CONT_VKNO', 'IDREFERENZ_CONT_VKNO', 'NAME_LFKT', 'NAME_PVAR', 'NAME_PZON', 'NAME_QVAR', 'NAME_UTMP', 'NAME_FSTF', 'NAME_FQPS', 'mx2Idx', 'PH', 'QM', 'srcvector', 'T', 'TTR', '_merge', 'dPH']
2025-09-24 17:40:20,754 ; PT3S                                                         ; DEBUG   ; dxWithMx._V3_KNOT: Constructing of V3_KNOT[dPH] ok so far.
2025-09-24 17:40:20,754 ; PT3S                                                         ; DEBUG   ; dxWithMx._V3_KNOT: _Done.
2025-09-24 17:40:20,754 ; PT3S                                                         ; DEBUG   ; dxWithMx._V3_VBEL: Start.
2025-09-24 17:40:20,754 ; PT3S                                                         ; DEBUG   ; dxWithMx._V3_VBEL: Constructing of V3_VBEL['QM'] ok so far.
2025-09-24 17:40:20,754 ; PT3S                                                         ; DEBUG   ; dxWithMx._V3_VBEL: Exception: Line: 944: <class 'KeyError'>: "('STAT', 'M', Timestamp('2025-09-23 22:00:00'), Timestamp('2025-09-23 22:00:00'))"
2025-09-24 17:40:20,754 ; PT3S                                                         ; DEBUG   ; dxWithMx._V3_VBEL: Constructing col M in V3_VBEL failed.
2025-09-24 17:40:20,754 ; PT3S                                                         ; DEBUG   ; dxWithMx._V3_VBEL: Constructing of V3_VBEL['PH_i'] ok so far.
2025-09-24 17:40:20,754 ; PT3S                                                         ; DEBUG   ; dxWithMx._V3_VBEL: Constructing of V3_VBEL['PH_k'] ok so far.
2025-09-24 17:40:20,754 ; PT3S                                                         ; DEBUG   ; dxWithMx._V3_VBEL: Constructing of V3_VBEL['T_i'] ok so far.
2025-09-24 17:40:20,754 ; PT3S                                                         ; DEBUG   ; dxWithMx._V3_VBEL: Constructing of V3_VBEL['T_k'] ok so far.
2025-09-24 17:40:20,754 ; PT3S                                                         ; DEBUG   ; dxWithMx._V3_VBEL: Constructing of V3_VBEL['H_i'] ok so far.
2025-09-24 17:40:20,754 ; PT3S                                                         ; DEBUG   ; dxWithMx._V3_VBEL: Constructing of V3_VBEL['H_k'] ok so far.
2025-09-24 17:40:20,754 ; PT3S                                                         ; DEBUG   ; dxWithMx._V3_VBEL: Constructing of V3_VBEL['RHO_i'] ok so far.
2025-09-24 17:40:20,754 ; PT3S                                                         ; DEBUG   ; dxWithMx._V3_VBEL: Constructing of V3_VBEL['RHO_k'] ok so far.
2025-09-24 17:40:20,754 ; PT3S                                                         ; DEBUG   ; dxWithMx._V3_VBEL: Constructing of V3_VBEL['mlc_i'] ok so far.
2025-09-24 17:40:20,754 ; PT3S                                                         ; DEBUG   ; dxWithMx._V3_VBEL: Constructing of V3_VBEL['mlc_k'] ok so far.
2025-09-24 17:40:20,754 ; PT3S                                                         ; DEBUG   ; dxWithMx._V3_VBEL: _Done.
2025-09-24 17:40:20,772 ; PT3S                                                         ; DEBUG   ; dxWithMx._V3_FWVB: Start.
2025-09-24 17:40:20,772 ; PT3S                                                         ; DEBUG   ; dxWithMx._V3_FWVB: Constructing of V3_FWVB['W'] ok so far.
2025-09-24 17:40:20,772 ; PT3S                                                         ; DEBUG   ; dxWithMx._V3_FWVB: Constructing of V3_FWVB['QM'] ok so far.
2025-09-24 17:40:20,772 ; PT3S                                                         ; DEBUG   ; dxWithMx._V3_FWVB: Constructing of V3_FWVB['PH_i'] ok so far.
2025-09-24 17:40:20,772 ; PT3S                                                         ; DEBUG   ; dxWithMx._V3_FWVB: Constructing of V3_FWVB['PH_k'] ok so far.
2025-09-24 17:40:20,772 ; PT3S                                                         ; DEBUG   ; dxWithMx._V3_FWVB: Constructing of V3_FWVB['T_i'] ok so far.
2025-09-24 17:40:20,772 ; PT3S                                                         ; DEBUG   ; dxWithMx._V3_FWVB: Constructing of V3_FWVB['T_k'] ok so far.
2025-09-24 17:40:20,772 ; PT3S                                                         ; DEBUG   ; dxWithMx._V3_FWVB: _Done.
2025-09-24 17:40:20,772 ; PT3S                                                         ; DEBUG   ; dxWithMx._V3_ROHRVEC: Start.
2025-09-24 17:40:21,069 ; PT3S                                                         ; DEBUG   ; dxWithMx._V3_ROHRVEC: _Done.
2025-09-24 17:40:21,069 ; PT3S                                                         ; DEBUG   ; dxWithMx.__init__: Constructing of V3_ROHRVEC ok so far.
2025-09-24 17:40:21,069 ; PT3S                                                         ; DEBUG   ; dxWithMx.__init__: Adding MX-Results to V3_WBLZ: no such results.
2025-09-24 17:40:21,069 ; PT3S                                                         ; DEBUG   ; dxWithMx._gdfs: Start.
2025-09-24 17:40:21,069 ; PT3S                                                         ; DEBUG   ; dxWithMx._gdfs: crs reading failed.
2025-09-24 17:40:21,104 ; PT3S                                                         ; DEBUG   ; dxWithMx._gdfs: Constructing of gdfs ok so far.
2025-09-24 17:40:21,104 ; PT3S                                                         ; DEBUG   ; dxWithMx._gdfs: _Done.
2025-09-24 17:40:21,104 ; PT3S                                                         ; DEBUG   ; dxWithMx._G: Start.
2025-09-24 17:40:21,872 ; PT3S                                                         ; DEBUG   ; dxWithMx._G: Constructing NetworkX Graph G ok so far.
2025-09-24 17:40:21,872 ; PT3S                                                         ; DEBUG   ; dxWithMx._G: Constructing NetworkX Graph G nodeposDct ok so far.
2025-09-24 17:40:21,872 ; PT3S                                                         ; DEBUG   ; dxWithMx._G: _Done.
2025-09-24 17:40:21,886 ; PT3S                                                         ; DEBUG   ; dxWithMx._GSig: Start.
2025-09-24 17:40:21,910 ; PT3S                                                         ; DEBUG   ; dxWithMx._GSig: Constructing NetworkX Graph GSig ok so far.
2025-09-24 17:40:21,910 ; PT3S                                                         ; DEBUG   ; dxWithMx._GSig: _Done.
2025-09-24 17:40:21,911 ; PT3S                                                         ; DEBUG   ; dxWithMx._V3_AGSN: Start.
2025-09-24 17:40:21,944 ; PT3S                                                         ; DEBUG   ; dxWithMx._V3_AGSN: dfAGSN.columns.to_list(): zugeh. Sachspalten _n angelegt: ['ZKOR_n', 'BESCHREIBUNG_n', 'KVR_n']
2025-09-24 17:40:21,951 ; PT3S                                                         ; DEBUG   ; dxWithMx._V3_AGSN: dfAGSN.columns.to_list(): zugeh. Ergspalten _n angelegt: ["('STAT', 'KNOT~*~*~*~PH', Timestamp('2025-09-23 22:00:00'), Timestamp('2025-09-23 22:00:00'))_n", "('STAT', 'KNOT~*~*~*~H', Timestamp('2025-09-23 22:00:00'), Timestamp('2025-09-23 22:00:00'))_n", "('STAT', 'KNOT~*~*~*~T', Timestamp('2025-09-23 22:00:00'), Timestamp('2025-09-23 22:00:00'))_n", "('STAT', 'KNOT~*~*~*~RHO', Timestamp('2025-09-23 22:00:00'), Timestamp('2025-09-23 22:00:00'))_n", 'PH_n', 'T_n', 'H_n', 'RHO_n', 'mlc_n']
2025-09-24 17:40:23,823 ; PT3S                                                         ; DEBUG   ; dxWithMx._V3_AGSN: dfAGSN.columns.to_list(): zugeh. Ergspalten mlc _n angelegt: ["('STAT', 'mlc', Timestamp('2025-09-23 22:00:00'), Timestamp('2025-09-23 22:00:00'))_n"]
2025-09-24 17:40:23,969 ; PT3S                                                         ; DEBUG   ; dxWithMx._V3_AGSN: tuple-cols:
2025-09-24 17:40:23,969 ; PT3S                                                         ; DEBUG   ; dxWithMx._V3_AGSN: str-cols:
2025-09-24 17:40:23,969 ; PT3S                                                         ; DEBUG   ; dxWithMx._V3_AGSN: Pos
2025-09-24 17:40:23,969 ; PT3S                                                         ; DEBUG   ; dxWithMx._V3_AGSN: pk
2025-09-24 17:40:23,969 ; PT3S                                                         ; DEBUG   ; dxWithMx._V3_AGSN: tk
2025-09-24 17:40:23,969 ; PT3S                                                         ; DEBUG   ; dxWithMx._V3_AGSN: LFDNR
2025-09-24 17:40:23,969 ; PT3S                                                         ; DEBUG   ; dxWithMx._V3_AGSN: NAME
2025-09-24 17:40:23,969 ; PT3S                                                         ; DEBUG   ; dxWithMx._V3_AGSN: XL
2025-09-24 17:40:23,969 ; PT3S                                                         ; DEBUG   ; dxWithMx._V3_AGSN: compNr
2025-09-24 17:40:23,969 ; PT3S                                                         ; DEBUG   ; dxWithMx._V3_AGSN: nextNODE
2025-09-24 17:40:23,969 ; PT3S                                                         ; DEBUG   ; dxWithMx._V3_AGSN: OBJTYPE
2025-09-24 17:40:23,969 ; PT3S                                                         ; DEBUG   ; dxWithMx._V3_AGSN: OBJID
2025-09-24 17:40:23,969 ; PT3S                                                         ; DEBUG   ; dxWithMx._V3_AGSN: L
2025-09-24 17:40:23,969 ; PT3S                                                         ; DEBUG   ; dxWithMx._V3_AGSN: DN
2025-09-24 17:40:23,969 ; PT3S                                                         ; DEBUG   ; dxWithMx._V3_AGSN: Am2
2025-09-24 17:40:23,969 ; PT3S                                                         ; DEBUG   ; dxWithMx._V3_AGSN: Vm3
2025-09-24 17:40:23,969 ; PT3S                                                         ; DEBUG   ; dxWithMx._V3_AGSN: NAME_CONT
2025-09-24 17:40:23,969 ; PT3S                                                         ; DEBUG   ; dxWithMx._V3_AGSN: NAME_i
2025-09-24 17:40:23,969 ; PT3S                                                         ; DEBUG   ; dxWithMx._V3_AGSN: NAME_k
2025-09-24 17:40:23,969 ; PT3S                                                         ; DEBUG   ; dxWithMx._V3_AGSN: ZKOR_n
2025-09-24 17:40:23,969 ; PT3S                                                         ; DEBUG   ; dxWithMx._V3_AGSN: BESCHREIBUNG_n
2025-09-24 17:40:23,969 ; PT3S                                                         ; DEBUG   ; dxWithMx._V3_AGSN: KVR_n
2025-09-24 17:40:23,969 ; PT3S                                                         ; DEBUG   ; dxWithMx._V3_AGSN: LSum
2025-09-24 17:40:23,969 ; PT3S                                                         ; DEBUG   ; dxWithMx._V3_AGSN: direction
2025-09-24 17:40:23,969 ; PT3S                                                         ; DEBUG   ; dxWithMx._V3_AGSN: ('STAT', 'QM', Timestamp('2025-09-23 22:00:00'), Timestamp('2025-09-23 22:00:00'))
2025-09-24 17:40:23,969 ; PT3S                                                         ; DEBUG   ; dxWithMx._V3_AGSN: QM
2025-09-24 17:40:23,969 ; PT3S                                                         ; DEBUG   ; dxWithMx._V3_AGSN: ('STAT', 'KNOT~*~*~*~PH', Timestamp('2025-09-23 22:00:00'), Timestamp('2025-09-23 22:00:00'))_n
2025-09-24 17:40:23,969 ; PT3S                                                         ; DEBUG   ; dxWithMx._V3_AGSN: ('STAT', 'KNOT~*~*~*~H', Timestamp('2025-09-23 22:00:00'), Timestamp('2025-09-23 22:00:00'))_n
2025-09-24 17:40:23,984 ; PT3S                                                         ; DEBUG   ; dxWithMx._V3_AGSN: ('STAT', 'KNOT~*~*~*~T', Timestamp('2025-09-23 22:00:00'), Timestamp('2025-09-23 22:00:00'))_n
2025-09-24 17:40:23,984 ; PT3S                                                         ; DEBUG   ; dxWithMx._V3_AGSN: ('STAT', 'KNOT~*~*~*~RHO', Timestamp('2025-09-23 22:00:00'), Timestamp('2025-09-23 22:00:00'))_n
2025-09-24 17:40:23,984 ; PT3S                                                         ; DEBUG   ; dxWithMx._V3_AGSN: PH_n
2025-09-24 17:40:23,985 ; PT3S                                                         ; DEBUG   ; dxWithMx._V3_AGSN: T_n
2025-09-24 17:40:23,985 ; PT3S                                                         ; DEBUG   ; dxWithMx._V3_AGSN: H_n
2025-09-24 17:40:23,985 ; PT3S                                                         ; DEBUG   ; dxWithMx._V3_AGSN: RHO_n
2025-09-24 17:40:23,985 ; PT3S                                                         ; DEBUG   ; dxWithMx._V3_AGSN: mlc_n
2025-09-24 17:40:23,985 ; PT3S                                                         ; DEBUG   ; dxWithMx._V3_AGSN: ('STAT', 'mlc', Timestamp('2025-09-23 22:00:00'), Timestamp('2025-09-23 22:00:00'))_n
2025-09-24 17:40:23,985 ; PT3S                                                         ; DEBUG   ; dxWithMx._V3_AGSN: _Done.
2025-09-24 17:40:23,985 ; PT3S                                                         ; DEBUG   ; dxWithMx._V3_AGSNVEC: Start.
2025-09-24 17:40:23,985 ; PT3S                                                         ; DEBUG   ; dxWithMx._V3_AGSNVEC: self.V3_ROHRVEC: tuple-cols:
2025-09-24 17:40:23,985 ; PT3S                                                         ; DEBUG   ; dxWithMx._V3_AGSNVEC: ('STAT', 'ROHR~*~*~*~ETAAV', Timestamp('2025-09-23 22:00:00'), Timestamp('2025-09-23 22:00:00'))
2025-09-24 17:40:23,985 ; PT3S                                                         ; DEBUG   ; dxWithMx._V3_AGSNVEC: ('STAT', 'ROHR~*~*~*~IAKTIV', Timestamp('2025-09-23 22:00:00'), Timestamp('2025-09-23 22:00:00'))
2025-09-24 17:40:23,985 ; PT3S                                                         ; DEBUG   ; dxWithMx._V3_AGSNVEC: ('STAT', 'ROHR~*~*~*~IRTRENN', Timestamp('2025-09-23 22:00:00'), Timestamp('2025-09-23 22:00:00'))
2025-09-24 17:40:23,985 ; PT3S                                                         ; DEBUG   ; dxWithMx._V3_AGSNVEC: ('STAT', 'ROHR~*~*~*~JV', Timestamp('2025-09-23 22:00:00'), Timestamp('2025-09-23 22:00:00'))
2025-09-24 17:40:23,985 ; PT3S                                                         ; DEBUG   ; dxWithMx._V3_AGSNVEC: ('STAT', 'ROHR~*~*~*~LAMBDA', Timestamp('2025-09-23 22:00:00'), Timestamp('2025-09-23 22:00:00'))
2025-09-24 17:40:23,985 ; PT3S                                                         ; DEBUG   ; dxWithMx._V3_AGSNVEC: ('STAT', 'ROHR~*~*~*~LECKEINAUS', Timestamp('2025-09-23 22:00:00'), Timestamp('2025-09-23 22:00:00'))
2025-09-24 17:40:23,985 ; PT3S                                                         ; DEBUG   ; dxWithMx._V3_AGSNVEC: ('STAT', 'ROHR~*~*~*~LECKMENGE', Timestamp('2025-09-23 22:00:00'), Timestamp('2025-09-23 22:00:00'))
2025-09-24 17:40:23,985 ; PT3S                                                         ; DEBUG   ; dxWithMx._V3_AGSNVEC: ('STAT', 'ROHR~*~*~*~LECKORT', Timestamp('2025-09-23 22:00:00'), Timestamp('2025-09-23 22:00:00'))
2025-09-24 17:40:23,985 ; PT3S                                                         ; DEBUG   ; dxWithMx._V3_AGSNVEC: ('STAT', 'ROHR~*~*~*~PDAMPF', Timestamp('2025-09-23 22:00:00'), Timestamp('2025-09-23 22:00:00'))
2025-09-24 17:40:23,985 ; PT3S                                                         ; DEBUG   ; dxWithMx._V3_AGSNVEC: ('STAT', 'ROHR~*~*~*~PHR', Timestamp('2025-09-23 22:00:00'), Timestamp('2025-09-23 22:00:00'))
2025-09-24 17:40:23,985 ; PT3S                                                         ; DEBUG   ; dxWithMx._V3_AGSNVEC: ('STAT', 'ROHR~*~*~*~PMIN', Timestamp('2025-09-23 22:00:00'), Timestamp('2025-09-23 22:00:00'))
2025-09-24 17:40:23,985 ; PT3S                                                         ; DEBUG   ; dxWithMx._V3_AGSNVEC: ('STAT', 'ROHR~*~*~*~QI2', Timestamp('2025-09-23 22:00:00'), Timestamp('2025-09-23 22:00:00'))
2025-09-24 17:40:23,985 ; PT3S                                                         ; DEBUG   ; dxWithMx._V3_AGSNVEC: ('STAT', 'ROHR~*~*~*~QK2', Timestamp('2025-09-23 22:00:00'), Timestamp('2025-09-23 22:00:00'))
2025-09-24 17:40:23,985 ; PT3S                                                         ; DEBUG   ; dxWithMx._V3_AGSNVEC: ('STAT', 'ROHR~*~*~*~QMAV', Timestamp('2025-09-23 22:00:00'), Timestamp('2025-09-23 22:00:00'))
2025-09-24 17:40:23,985 ; PT3S                                                         ; DEBUG   ; dxWithMx._V3_AGSNVEC: ('STAT', 'ROHR~*~*~*~QMI', Timestamp('2025-09-23 22:00:00'), Timestamp('2025-09-23 22:00:00'))
2025-09-24 17:40:23,985 ; PT3S                                                         ; DEBUG   ; dxWithMx._V3_AGSNVEC: ('STAT', 'ROHR~*~*~*~QMK', Timestamp('2025-09-23 22:00:00'), Timestamp('2025-09-23 22:00:00'))
2025-09-24 17:40:23,985 ; PT3S                                                         ; DEBUG   ; dxWithMx._V3_AGSNVEC: ('STAT', 'ROHR~*~*~*~RHOAV', Timestamp('2025-09-23 22:00:00'), Timestamp('2025-09-23 22:00:00'))
2025-09-24 17:40:23,985 ; PT3S                                                         ; DEBUG   ; dxWithMx._V3_AGSNVEC: ('STAT', 'ROHR~*~*~*~VAV', Timestamp('2025-09-23 22:00:00'), Timestamp('2025-09-23 22:00:00'))
2025-09-24 17:40:23,985 ; PT3S                                                         ; DEBUG   ; dxWithMx._V3_AGSNVEC: ('STAT', 'ROHR~*~*~*~VI', Timestamp('2025-09-23 22:00:00'), Timestamp('2025-09-23 22:00:00'))
2025-09-24 17:40:23,985 ; PT3S                                                         ; DEBUG   ; dxWithMx._V3_AGSNVEC: ('STAT', 'ROHR~*~*~*~VK', Timestamp('2025-09-23 22:00:00'), Timestamp('2025-09-23 22:00:00'))
2025-09-24 17:40:23,985 ; PT3S                                                         ; DEBUG   ; dxWithMx._V3_AGSNVEC: ('STAT', 'ROHR~*~*~*~VOLDA', Timestamp('2025-09-23 22:00:00'), Timestamp('2025-09-23 22:00:00'))
2025-09-24 17:40:23,985 ; PT3S                                                         ; DEBUG   ; dxWithMx._V3_AGSNVEC: ('STAT', 'ROHR~*~*~*~WVL', Timestamp('2025-09-23 22:00:00'), Timestamp('2025-09-23 22:00:00'))
2025-09-24 17:40:23,985 ; PT3S                                                         ; DEBUG   ; dxWithMx._V3_AGSNVEC: ('STAT', 'ROHR~*~*~*~MVEC', Timestamp('2025-09-23 22:00:00'), Timestamp('2025-09-23 22:00:00'))
2025-09-24 17:40:23,985 ; PT3S                                                         ; DEBUG   ; dxWithMx._V3_AGSNVEC: ('STAT', 'ROHR~*~*~*~PVEC', Timestamp('2025-09-23 22:00:00'), Timestamp('2025-09-23 22:00:00'))
2025-09-24 17:40:23,985 ; PT3S                                                         ; DEBUG   ; dxWithMx._V3_AGSNVEC: ('STAT', 'ROHR~*~*~*~PVECMAX_INST', Timestamp('2025-09-23 22:00:00'), Timestamp('2025-09-23 22:00:00'))
2025-09-24 17:40:23,985 ; PT3S                                                         ; DEBUG   ; dxWithMx._V3_AGSNVEC: ('STAT', 'ROHR~*~*~*~PVECMIN_INST', Timestamp('2025-09-23 22:00:00'), Timestamp('2025-09-23 22:00:00'))
2025-09-24 17:40:23,985 ; PT3S                                                         ; DEBUG   ; dxWithMx._V3_AGSNVEC: ('STAT', 'ROHR~*~*~*~RHOVEC', Timestamp('2025-09-23 22:00:00'), Timestamp('2025-09-23 22:00:00'))
2025-09-24 17:40:23,985 ; PT3S                                                         ; DEBUG   ; dxWithMx._V3_AGSNVEC: ('STAT', 'ROHR~*~*~*~TVEC', Timestamp('2025-09-23 22:00:00'), Timestamp('2025-09-23 22:00:00'))
2025-09-24 17:40:23,985 ; PT3S                                                         ; DEBUG   ; dxWithMx._V3_AGSNVEC: ('STAT', 'manPVEC', Timestamp('2025-09-23 22:00:00'), Timestamp('2025-09-23 22:00:00'))
2025-09-24 17:40:23,985 ; PT3S                                                         ; DEBUG   ; dxWithMx._V3_AGSNVEC: ('STAT', 'mlcPVEC', Timestamp('2025-09-23 22:00:00'), Timestamp('2025-09-23 22:00:00'))
2025-09-24 17:40:23,985 ; PT3S                                                         ; DEBUG   ; dxWithMx._V3_AGSNVEC: ('STAT', 'barBzgPVEC', Timestamp('2025-09-23 22:00:00'), Timestamp('2025-09-23 22:00:00'))
2025-09-24 17:40:23,985 ; PT3S                                                         ; DEBUG   ; dxWithMx._V3_AGSNVEC: ('STAT', 'manPVECMAX_INST', Timestamp('2025-09-23 22:00:00'), Timestamp('2025-09-23 22:00:00'))
2025-09-24 17:40:23,985 ; PT3S                                                         ; DEBUG   ; dxWithMx._V3_AGSNVEC: ('STAT', 'mlcPVECMAX_INST', Timestamp('2025-09-23 22:00:00'), Timestamp('2025-09-23 22:00:00'))
2025-09-24 17:40:23,985 ; PT3S                                                         ; DEBUG   ; dxWithMx._V3_AGSNVEC: ('STAT', 'barBzgPVECMAX_INST', Timestamp('2025-09-23 22:00:00'), Timestamp('2025-09-23 22:00:00'))
2025-09-24 17:40:23,985 ; PT3S                                                         ; DEBUG   ; dxWithMx._V3_AGSNVEC: ('STAT', 'manPVECMIN_INST', Timestamp('2025-09-23 22:00:00'), Timestamp('2025-09-23 22:00:00'))
2025-09-24 17:40:23,985 ; PT3S                                                         ; DEBUG   ; dxWithMx._V3_AGSNVEC: ('STAT', 'mlcPVECMIN_INST', Timestamp('2025-09-23 22:00:00'), Timestamp('2025-09-23 22:00:00'))
2025-09-24 17:40:23,985 ; PT3S                                                         ; DEBUG   ; dxWithMx._V3_AGSNVEC: ('STAT', 'barBzgPVECMIN_INST', Timestamp('2025-09-23 22:00:00'), Timestamp('2025-09-23 22:00:00'))
2025-09-24 17:40:23,985 ; PT3S                                                         ; DEBUG   ; dxWithMx._V3_AGSNVEC: ('STAT', 'QMVEC', Timestamp('2025-09-23 22:00:00'), Timestamp('2025-09-23 22:00:00'))
2025-09-24 17:40:23,985 ; PT3S                                                         ; DEBUG   ; dxWithMx._V3_AGSNVEC: ('STAT', 'tMVEC', Timestamp('2025-09-23 22:00:00'), Timestamp('2025-09-23 22:00:00'))
2025-09-24 17:40:23,985 ; PT3S                                                         ; DEBUG   ; dxWithMx._V3_AGSNVEC: self.V3_ROHRVEC: str-cols:
2025-09-24 17:40:23,985 ; PT3S                                                         ; DEBUG   ; dxWithMx._V3_AGSNVEC: pk
2025-09-24 17:40:23,985 ; PT3S                                                         ; DEBUG   ; dxWithMx._V3_AGSNVEC: fkDE
2025-09-24 17:40:23,985 ; PT3S                                                         ; DEBUG   ; dxWithMx._V3_AGSNVEC: rk
2025-09-24 17:40:23,985 ; PT3S                                                         ; DEBUG   ; dxWithMx._V3_AGSNVEC: tk
2025-09-24 17:40:23,985 ; PT3S                                                         ; DEBUG   ; dxWithMx._V3_AGSNVEC: fkKI
2025-09-24 17:40:23,985 ; PT3S                                                         ; DEBUG   ; dxWithMx._V3_AGSNVEC: fkKK
2025-09-24 17:40:23,985 ; PT3S                                                         ; DEBUG   ; dxWithMx._V3_AGSNVEC: fkDTRO_ROWD
2025-09-24 17:40:23,985 ; PT3S                                                         ; DEBUG   ; dxWithMx._V3_AGSNVEC: fkLTGR
2025-09-24 17:40:23,985 ; PT3S                                                         ; DEBUG   ; dxWithMx._V3_AGSNVEC: fkSTRASSE
2025-09-24 17:40:23,985 ; PT3S                                                         ; DEBUG   ; dxWithMx._V3_AGSNVEC: L
2025-09-24 17:40:23,985 ; PT3S                                                         ; DEBUG   ; dxWithMx._V3_AGSNVEC: LZU
2025-09-24 17:40:23,985 ; PT3S                                                         ; DEBUG   ; dxWithMx._V3_AGSNVEC: RAU
2025-09-24 17:40:23,985 ; PT3S                                                         ; DEBUG   ; dxWithMx._V3_AGSNVEC: JLAMBS
2025-09-24 17:40:23,985 ; PT3S                                                         ; DEBUG   ; dxWithMx._V3_AGSNVEC: LAMBDA0
2025-09-24 17:40:23,985 ; PT3S                                                         ; DEBUG   ; dxWithMx._V3_AGSNVEC: ZEIN
2025-09-24 17:40:23,985 ; PT3S                                                         ; DEBUG   ; dxWithMx._V3_AGSNVEC: ZAUS
2025-09-24 17:40:23,985 ; PT3S                                                         ; DEBUG   ; dxWithMx._V3_AGSNVEC: ZUML
2025-09-24 17:40:23,985 ; PT3S                                                         ; DEBUG   ; dxWithMx._V3_AGSNVEC: ASOLL
2025-09-24 17:40:23,985 ; PT3S                                                         ; DEBUG   ; dxWithMx._V3_AGSNVEC: INDSCHALL
2025-09-24 17:40:23,985 ; PT3S                                                         ; DEBUG   ; dxWithMx._V3_AGSNVEC: BAUJAHR
2025-09-24 17:40:23,985 ; PT3S                                                         ; DEBUG   ; dxWithMx._V3_AGSNVEC: HAL
2025-09-24 17:40:23,985 ; PT3S                                                         ; DEBUG   ; dxWithMx._V3_AGSNVEC: fkCONT
2025-09-24 17:40:23,985 ; PT3S                                                         ; DEBUG   ; dxWithMx._V3_AGSNVEC: fk2LROHR
2025-09-24 17:40:23,985 ; PT3S                                                         ; DEBUG   ; dxWithMx._V3_AGSNVEC: BESCHREIBUNG
2025-09-24 17:40:23,985 ; PT3S                                                         ; DEBUG   ; dxWithMx._V3_AGSNVEC: GEOMWKB
2025-09-24 17:40:23,985 ; PT3S                                                         ; DEBUG   ; dxWithMx._V3_AGSNVEC: DELETED
2025-09-24 17:40:23,985 ; PT3S                                                         ; DEBUG   ; dxWithMx._V3_AGSNVEC: SELECT1
2025-09-24 17:40:23,985 ; PT3S                                                         ; DEBUG   ; dxWithMx._V3_AGSNVEC: IDREFERENZ
2025-09-24 17:40:23,985 ; PT3S                                                         ; DEBUG   ; dxWithMx._V3_AGSNVEC: KENNUNG
2025-09-24 17:40:23,985 ; PT3S                                                         ; DEBUG   ; dxWithMx._V3_AGSNVEC: IPLANUNG
2025-09-24 17:40:24,000 ; PT3S                                                         ; DEBUG   ; dxWithMx._V3_AGSNVEC: KVR
2025-09-24 17:40:24,000 ; PT3S                                                         ; DEBUG   ; dxWithMx._V3_AGSNVEC: pk_BZ
2025-09-24 17:40:24,000 ; PT3S                                                         ; DEBUG   ; dxWithMx._V3_AGSNVEC: fkDE_BZ
2025-09-24 17:40:24,000 ; PT3S                                                         ; DEBUG   ; dxWithMx._V3_AGSNVEC: fk
2025-09-24 17:40:24,000 ; PT3S                                                         ; DEBUG   ; dxWithMx._V3_AGSNVEC: QSVB
2025-09-24 17:40:24,000 ; PT3S                                                         ; DEBUG   ; dxWithMx._V3_AGSNVEC: IRTRENN
2025-09-24 17:40:24,000 ; PT3S                                                         ; DEBUG   ; dxWithMx._V3_AGSNVEC: LECKSTATUS
2025-09-24 17:40:24,000 ; PT3S                                                         ; DEBUG   ; dxWithMx._V3_AGSNVEC: LECKSTART
2025-09-24 17:40:24,000 ; PT3S                                                         ; DEBUG   ; dxWithMx._V3_AGSNVEC: LECKEND
2025-09-24 17:40:24,001 ; PT3S                                                         ; DEBUG   ; dxWithMx._V3_AGSNVEC: LECKORT
2025-09-24 17:40:24,002 ; PT3S                                                         ; DEBUG   ; dxWithMx._V3_AGSNVEC: LECKMENGE
2025-09-24 17:40:24,002 ; PT3S                                                         ; DEBUG   ; dxWithMx._V3_AGSNVEC: IMPTNZ
2025-09-24 17:40:24,002 ; PT3S                                                         ; DEBUG   ; dxWithMx._V3_AGSNVEC: ZVLIMPTNZ
2025-09-24 17:40:24,002 ; PT3S                                                         ; DEBUG   ; dxWithMx._V3_AGSNVEC: KANTENZV
2025-09-24 17:40:24,002 ; PT3S                                                         ; DEBUG   ; dxWithMx._V3_AGSNVEC: GEOM
2025-09-24 17:40:24,002 ; PT3S                                                         ; DEBUG   ; dxWithMx._V3_AGSNVEC: GRAF
2025-09-24 17:40:24,002 ; PT3S                                                         ; DEBUG   ; dxWithMx._V3_AGSNVEC: MId
2025-09-24 17:40:24,002 ; PT3S                                                         ; DEBUG   ; dxWithMx._V3_AGSNVEC: MText
2025-09-24 17:40:24,002 ; PT3S                                                         ; DEBUG   ; dxWithMx._V3_AGSNVEC: Basis
2025-09-24 17:40:24,002 ; PT3S                                                         ; DEBUG   ; dxWithMx._V3_AGSNVEC: Variante
2025-09-24 17:40:24,002 ; PT3S                                                         ; DEBUG   ; dxWithMx._V3_AGSNVEC: BZ
2025-09-24 17:40:24,002 ; PT3S                                                         ; DEBUG   ; dxWithMx._V3_AGSNVEC: Geaendert
2025-09-24 17:40:24,002 ; PT3S                                                         ; DEBUG   ; dxWithMx._V3_AGSNVEC: Erstellt
2025-09-24 17:40:24,002 ; PT3S                                                         ; DEBUG   ; dxWithMx._V3_AGSNVEC: pk_VMBZ
2025-09-24 17:40:24,002 ; PT3S                                                         ; DEBUG   ; dxWithMx._V3_AGSNVEC: fkBASIS
2025-09-24 17:40:24,002 ; PT3S                                                         ; DEBUG   ; dxWithMx._V3_AGSNVEC: fkVARIANTE
2025-09-24 17:40:24,002 ; PT3S                                                         ; DEBUG   ; dxWithMx._V3_AGSNVEC: fkBZ
2025-09-24 17:40:24,002 ; PT3S                                                         ; DEBUG   ; dxWithMx._V3_AGSNVEC: MZ
2025-09-24 17:40:24,002 ; PT3S                                                         ; DEBUG   ; dxWithMx._V3_AGSNVEC: MT
2025-09-24 17:40:24,002 ; PT3S                                                         ; DEBUG   ; dxWithMx._V3_AGSNVEC: pk_CONT
2025-09-24 17:40:24,002 ; PT3S                                                         ; DEBUG   ; dxWithMx._V3_AGSNVEC: fkDE_CONT
2025-09-24 17:40:24,002 ; PT3S                                                         ; DEBUG   ; dxWithMx._V3_AGSNVEC: rk_CONT
2025-09-24 17:40:24,002 ; PT3S                                                         ; DEBUG   ; dxWithMx._V3_AGSNVEC: tk_CONT
2025-09-24 17:40:24,002 ; PT3S                                                         ; DEBUG   ; dxWithMx._V3_AGSNVEC: ID_CONT
2025-09-24 17:40:24,002 ; PT3S                                                         ; DEBUG   ; dxWithMx._V3_AGSNVEC: NAME_CONT
2025-09-24 17:40:24,002 ; PT3S                                                         ; DEBUG   ; dxWithMx._V3_AGSNVEC: IDPARENT_CONT
2025-09-24 17:40:24,002 ; PT3S                                                         ; DEBUG   ; dxWithMx._V3_AGSNVEC: rkPARENT_CONT
2025-09-24 17:40:24,002 ; PT3S                                                         ; DEBUG   ; dxWithMx._V3_AGSNVEC: LFDNR_CONT
2025-09-24 17:40:24,002 ; PT3S                                                         ; DEBUG   ; dxWithMx._V3_AGSNVEC: GRAF_CONT
2025-09-24 17:40:24,002 ; PT3S                                                         ; DEBUG   ; dxWithMx._V3_AGSNVEC: FONT_CONT
2025-09-24 17:40:24,002 ; PT3S                                                         ; DEBUG   ; dxWithMx._V3_AGSNVEC: GEOM_CONT
2025-09-24 17:40:24,002 ; PT3S                                                         ; DEBUG   ; dxWithMx._V3_AGSNVEC: DELETED_CONT
2025-09-24 17:40:24,002 ; PT3S                                                         ; DEBUG   ; dxWithMx._V3_AGSNVEC: SELECT1_CONT
2025-09-24 17:40:24,002 ; PT3S                                                         ; DEBUG   ; dxWithMx._V3_AGSNVEC: IDREFERENZ_CONT
2025-09-24 17:40:24,002 ; PT3S                                                         ; DEBUG   ; dxWithMx._V3_AGSNVEC: NAME_DTRO
2025-09-24 17:40:24,002 ; PT3S                                                         ; DEBUG   ; dxWithMx._V3_AGSNVEC: DN
2025-09-24 17:40:24,002 ; PT3S                                                         ; DEBUG   ; dxWithMx._V3_AGSNVEC: DI
2025-09-24 17:40:24,002 ; PT3S                                                         ; DEBUG   ; dxWithMx._V3_AGSNVEC: DA
2025-09-24 17:40:24,002 ; PT3S                                                         ; DEBUG   ; dxWithMx._V3_AGSNVEC: S
2025-09-24 17:40:24,002 ; PT3S                                                         ; DEBUG   ; dxWithMx._V3_AGSNVEC: KT
2025-09-24 17:40:24,002 ; PT3S                                                         ; DEBUG   ; dxWithMx._V3_AGSNVEC: PN
2025-09-24 17:40:24,002 ; PT3S                                                         ; DEBUG   ; dxWithMx._V3_AGSNVEC: Am2
2025-09-24 17:40:24,002 ; PT3S                                                         ; DEBUG   ; dxWithMx._V3_AGSNVEC: Vm3
2025-09-24 17:40:24,002 ; PT3S                                                         ; DEBUG   ; dxWithMx._V3_AGSNVEC: NAME_LTGR
2025-09-24 17:40:24,002 ; PT3S                                                         ; DEBUG   ; dxWithMx._V3_AGSNVEC: NAME_STRASSE
2025-09-24 17:40:24,002 ; PT3S                                                         ; DEBUG   ; dxWithMx._V3_AGSNVEC: tk_i
2025-09-24 17:40:24,002 ; PT3S                                                         ; DEBUG   ; dxWithMx._V3_AGSNVEC: NAME_i
2025-09-24 17:40:24,002 ; PT3S                                                         ; DEBUG   ; dxWithMx._V3_AGSNVEC: tk_k
2025-09-24 17:40:24,002 ; PT3S                                                         ; DEBUG   ; dxWithMx._V3_AGSNVEC: NAME_k
2025-09-24 17:40:24,002 ; PT3S                                                         ; DEBUG   ; dxWithMx._V3_AGSNVEC: mx2NofPts
2025-09-24 17:40:24,002 ; PT3S                                                         ; DEBUG   ; dxWithMx._V3_AGSNVEC: dL
2025-09-24 17:40:24,002 ; PT3S                                                         ; DEBUG   ; dxWithMx._V3_AGSNVEC: mx2Idx
2025-09-24 17:40:24,002 ; PT3S                                                         ; DEBUG   ; dxWithMx._V3_AGSNVEC: ('STAT', 'KNOT~*~*~*~PH', Timestamp('2025-09-23 22:00:00'), Timestamp('2025-09-23 22:00:00'))_i
2025-09-24 17:40:24,002 ; PT3S                                                         ; DEBUG   ; dxWithMx._V3_AGSNVEC: ('STAT', 'KNOT~*~*~*~H', Timestamp('2025-09-23 22:00:00'), Timestamp('2025-09-23 22:00:00'))_i
2025-09-24 17:40:24,002 ; PT3S                                                         ; DEBUG   ; dxWithMx._V3_AGSNVEC: ('STAT', 'KNOT~*~*~*~T', Timestamp('2025-09-23 22:00:00'), Timestamp('2025-09-23 22:00:00'))_i
2025-09-24 17:40:24,002 ; PT3S                                                         ; DEBUG   ; dxWithMx._V3_AGSNVEC: ('STAT', 'KNOT~*~*~*~RHO', Timestamp('2025-09-23 22:00:00'), Timestamp('2025-09-23 22:00:00'))_i
2025-09-24 17:40:24,002 ; PT3S                                                         ; DEBUG   ; dxWithMx._V3_AGSNVEC: ('STAT', 'KNOT~*~*~*~PH', Timestamp('2025-09-23 22:00:00'), Timestamp('2025-09-23 22:00:00'))_k
2025-09-24 17:40:24,002 ; PT3S                                                         ; DEBUG   ; dxWithMx._V3_AGSNVEC: ('STAT', 'KNOT~*~*~*~H', Timestamp('2025-09-23 22:00:00'), Timestamp('2025-09-23 22:00:00'))_k
2025-09-24 17:40:24,002 ; PT3S                                                         ; DEBUG   ; dxWithMx._V3_AGSNVEC: ('STAT', 'KNOT~*~*~*~T', Timestamp('2025-09-23 22:00:00'), Timestamp('2025-09-23 22:00:00'))_k
2025-09-24 17:40:24,002 ; PT3S                                                         ; DEBUG   ; dxWithMx._V3_AGSNVEC: ('STAT', 'KNOT~*~*~*~RHO', Timestamp('2025-09-23 22:00:00'), Timestamp('2025-09-23 22:00:00'))_k
2025-09-24 17:40:24,002 ; PT3S                                                         ; DEBUG   ; dxWithMx._V3_AGSNVEC: QMAVAbs
2025-09-24 17:40:24,002 ; PT3S                                                         ; DEBUG   ; dxWithMx._V3_AGSNVEC: VAVAbs
2025-09-24 17:40:24,002 ; PT3S                                                         ; DEBUG   ; dxWithMx._V3_AGSNVEC: PHRAbs
2025-09-24 17:40:24,002 ; PT3S                                                         ; DEBUG   ; dxWithMx._V3_AGSNVEC: JVAbs
2025-09-24 17:40:24,002 ; PT3S                                                         ; DEBUG   ; dxWithMx._V3_AGSNVEC: LAMBDA
2025-09-24 17:40:24,002 ; PT3S                                                         ; DEBUG   ; dxWithMx._V3_AGSNVEC: IptIdx
2025-09-24 17:40:24,002 ; PT3S                                                         ; DEBUG   ; dxWithMx._V3_AGSNVEC: SVEC
2025-09-24 17:40:24,002 ; PT3S                                                         ; DEBUG   ; dxWithMx._V3_AGSNVEC: SVECRev
2025-09-24 17:40:24,002 ; PT3S                                                         ; DEBUG   ; dxWithMx._V3_AGSNVEC: IptIdxAsNo
2025-09-24 17:40:24,002 ; PT3S                                                         ; DEBUG   ; dxWithMx._V3_AGSNVEC: IptIdxAsNoRev
2025-09-24 17:40:24,002 ; PT3S                                                         ; DEBUG   ; dxWithMx._V3_AGSNVEC: ZVEC
2025-09-24 17:40:24,772 ; PT3S                                                         ; DEBUG   ; dxWithMx._V3_AGSNVEC_mapExistingColWithVecResults: Start.
2025-09-24 17:40:24,772 ; PT3S                                                         ; DEBUG   ; mapping PH_n with ('STAT', 'manPVEC', Timestamp('2025-09-23 22:00:00'), Timestamp('2025-09-23 22:00:00'))
2025-09-24 17:40:24,816 ; PT3S                                                         ; DEBUG   ; dxWithMx._V3_AGSNVEC_mapExistingColWithVecResults: _Done.
2025-09-24 17:40:24,817 ; PT3S                                                         ; DEBUG   ; dxWithMx._V3_AGSNVEC_mapExistingColWithVecResults: Start.
2025-09-24 17:40:24,817 ; PT3S                                                         ; DEBUG   ; mapping mlc_n with ('STAT', 'mlcPVEC', Timestamp('2025-09-23 22:00:00'), Timestamp('2025-09-23 22:00:00'))
2025-09-24 17:40:24,852 ; PT3S                                                         ; DEBUG   ; dxWithMx._V3_AGSNVEC_mapExistingColWithVecResults: _Done.
2025-09-24 17:40:24,854 ; PT3S                                                         ; DEBUG   ; dxWithMx._V3_AGSNVEC_mapExistingColWithVecResults: Start.
2025-09-24 17:40:24,854 ; PT3S                                                         ; DEBUG   ; mapping H_n with ('STAT', 'barBzgPVEC', Timestamp('2025-09-23 22:00:00'), Timestamp('2025-09-23 22:00:00'))
2025-09-24 17:40:24,886 ; PT3S                                                         ; DEBUG   ; dxWithMx._V3_AGSNVEC_mapExistingColWithVecResults: _Done.
2025-09-24 17:40:24,886 ; PT3S                                                         ; DEBUG   ; dxWithMx._V3_AGSNVEC_mapExistingColWithVecResults: Start.
2025-09-24 17:40:24,886 ; PT3S                                                         ; DEBUG   ; mapping T_n with ('STAT', 'ROHR~*~*~*~TVEC', Timestamp('2025-09-23 22:00:00'), Timestamp('2025-09-23 22:00:00'))
2025-09-24 17:40:24,922 ; PT3S                                                         ; DEBUG   ; dxWithMx._V3_AGSNVEC_mapExistingColWithVecResults: _Done.
2025-09-24 17:40:24,922 ; PT3S                                                         ; DEBUG   ; dxWithMx._V3_AGSNVEC: IDQM=5.0 (t/h). tMVEC wird verwendet fuer das Mapping in VBEL-QM.
2025-09-24 17:40:24,922 ; PT3S                                                         ; DEBUG   ; dxWithMx._V3_AGSNVEC_mapExistingColWithVecResults: Start.
2025-09-24 17:40:24,922 ; PT3S                                                         ; DEBUG   ; mapping QM with ('STAT', 'tMVEC', Timestamp('2025-09-23 22:00:00'), Timestamp('2025-09-23 22:00:00'))
2025-09-24 17:40:24,960 ; PT3S                                                         ; DEBUG   ; dxWithMx._V3_AGSNVEC_mapExistingColWithVecResults: _Done.
2025-09-24 17:40:24,960 ; PT3S                                                         ; DEBUG   ; dxWithMx._V3_AGSNVEC: tuple-cols vor min, max, end:
2025-09-24 17:40:24,960 ; PT3S                                                         ; DEBUG   ; dxWithMx._V3_AGSNVEC: ('STAT', 'ROHR~*~*~*~ETAAV', Timestamp('2025-09-23 22:00:00'), Timestamp('2025-09-23 22:00:00'))
2025-09-24 17:40:24,960 ; PT3S                                                         ; DEBUG   ; dxWithMx._V3_AGSNVEC: ('STAT', 'ROHR~*~*~*~IAKTIV', Timestamp('2025-09-23 22:00:00'), Timestamp('2025-09-23 22:00:00'))
2025-09-24 17:40:24,960 ; PT3S                                                         ; DEBUG   ; dxWithMx._V3_AGSNVEC: ('STAT', 'ROHR~*~*~*~IRTRENN', Timestamp('2025-09-23 22:00:00'), Timestamp('2025-09-23 22:00:00'))
2025-09-24 17:40:24,960 ; PT3S                                                         ; DEBUG   ; dxWithMx._V3_AGSNVEC: ('STAT', 'ROHR~*~*~*~JV', Timestamp('2025-09-23 22:00:00'), Timestamp('2025-09-23 22:00:00'))
2025-09-24 17:40:24,960 ; PT3S                                                         ; DEBUG   ; dxWithMx._V3_AGSNVEC: ('STAT', 'ROHR~*~*~*~LAMBDA', Timestamp('2025-09-23 22:00:00'), Timestamp('2025-09-23 22:00:00'))
2025-09-24 17:40:24,960 ; PT3S                                                         ; DEBUG   ; dxWithMx._V3_AGSNVEC: ('STAT', 'ROHR~*~*~*~LECKEINAUS', Timestamp('2025-09-23 22:00:00'), Timestamp('2025-09-23 22:00:00'))
2025-09-24 17:40:24,960 ; PT3S                                                         ; DEBUG   ; dxWithMx._V3_AGSNVEC: ('STAT', 'ROHR~*~*~*~LECKMENGE', Timestamp('2025-09-23 22:00:00'), Timestamp('2025-09-23 22:00:00'))
2025-09-24 17:40:24,960 ; PT3S                                                         ; DEBUG   ; dxWithMx._V3_AGSNVEC: ('STAT', 'ROHR~*~*~*~LECKORT', Timestamp('2025-09-23 22:00:00'), Timestamp('2025-09-23 22:00:00'))
2025-09-24 17:40:24,960 ; PT3S                                                         ; DEBUG   ; dxWithMx._V3_AGSNVEC: ('STAT', 'ROHR~*~*~*~PDAMPF', Timestamp('2025-09-23 22:00:00'), Timestamp('2025-09-23 22:00:00'))
2025-09-24 17:40:24,960 ; PT3S                                                         ; DEBUG   ; dxWithMx._V3_AGSNVEC: ('STAT', 'ROHR~*~*~*~PHR', Timestamp('2025-09-23 22:00:00'), Timestamp('2025-09-23 22:00:00'))
2025-09-24 17:40:24,960 ; PT3S                                                         ; DEBUG   ; dxWithMx._V3_AGSNVEC: ('STAT', 'ROHR~*~*~*~PMIN', Timestamp('2025-09-23 22:00:00'), Timestamp('2025-09-23 22:00:00'))
2025-09-24 17:40:24,960 ; PT3S                                                         ; DEBUG   ; dxWithMx._V3_AGSNVEC: ('STAT', 'ROHR~*~*~*~QI2', Timestamp('2025-09-23 22:00:00'), Timestamp('2025-09-23 22:00:00'))
2025-09-24 17:40:24,960 ; PT3S                                                         ; DEBUG   ; dxWithMx._V3_AGSNVEC: ('STAT', 'ROHR~*~*~*~QK2', Timestamp('2025-09-23 22:00:00'), Timestamp('2025-09-23 22:00:00'))
2025-09-24 17:40:24,960 ; PT3S                                                         ; DEBUG   ; dxWithMx._V3_AGSNVEC: ('STAT', 'ROHR~*~*~*~QMAV', Timestamp('2025-09-23 22:00:00'), Timestamp('2025-09-23 22:00:00'))
2025-09-24 17:40:24,960 ; PT3S                                                         ; DEBUG   ; dxWithMx._V3_AGSNVEC: ('STAT', 'ROHR~*~*~*~QMI', Timestamp('2025-09-23 22:00:00'), Timestamp('2025-09-23 22:00:00'))
2025-09-24 17:40:24,960 ; PT3S                                                         ; DEBUG   ; dxWithMx._V3_AGSNVEC: ('STAT', 'ROHR~*~*~*~QMK', Timestamp('2025-09-23 22:00:00'), Timestamp('2025-09-23 22:00:00'))
2025-09-24 17:40:24,960 ; PT3S                                                         ; DEBUG   ; dxWithMx._V3_AGSNVEC: ('STAT', 'ROHR~*~*~*~RHOAV', Timestamp('2025-09-23 22:00:00'), Timestamp('2025-09-23 22:00:00'))
2025-09-24 17:40:24,968 ; PT3S                                                         ; DEBUG   ; dxWithMx._V3_AGSNVEC: ('STAT', 'ROHR~*~*~*~VAV', Timestamp('2025-09-23 22:00:00'), Timestamp('2025-09-23 22:00:00'))
2025-09-24 17:40:24,968 ; PT3S                                                         ; DEBUG   ; dxWithMx._V3_AGSNVEC: ('STAT', 'ROHR~*~*~*~VI', Timestamp('2025-09-23 22:00:00'), Timestamp('2025-09-23 22:00:00'))
2025-09-24 17:40:24,969 ; PT3S                                                         ; DEBUG   ; dxWithMx._V3_AGSNVEC: ('STAT', 'ROHR~*~*~*~VK', Timestamp('2025-09-23 22:00:00'), Timestamp('2025-09-23 22:00:00'))
2025-09-24 17:40:24,969 ; PT3S                                                         ; DEBUG   ; dxWithMx._V3_AGSNVEC: ('STAT', 'ROHR~*~*~*~VOLDA', Timestamp('2025-09-23 22:00:00'), Timestamp('2025-09-23 22:00:00'))
2025-09-24 17:40:24,969 ; PT3S                                                         ; DEBUG   ; dxWithMx._V3_AGSNVEC: ('STAT', 'ROHR~*~*~*~WVL', Timestamp('2025-09-23 22:00:00'), Timestamp('2025-09-23 22:00:00'))
2025-09-24 17:40:24,969 ; PT3S                                                         ; DEBUG   ; dxWithMx._V3_AGSNVEC: ('STAT', 'ROHR~*~*~*~MVEC', Timestamp('2025-09-23 22:00:00'), Timestamp('2025-09-23 22:00:00'))
2025-09-24 17:40:24,969 ; PT3S                                                         ; DEBUG   ; dxWithMx._V3_AGSNVEC: ('STAT', 'ROHR~*~*~*~PVEC', Timestamp('2025-09-23 22:00:00'), Timestamp('2025-09-23 22:00:00'))
2025-09-24 17:40:24,969 ; PT3S                                                         ; DEBUG   ; dxWithMx._V3_AGSNVEC: ('STAT', 'ROHR~*~*~*~PVECMAX_INST', Timestamp('2025-09-23 22:00:00'), Timestamp('2025-09-23 22:00:00'))
2025-09-24 17:40:24,969 ; PT3S                                                         ; DEBUG   ; dxWithMx._V3_AGSNVEC: ('STAT', 'ROHR~*~*~*~PVECMIN_INST', Timestamp('2025-09-23 22:00:00'), Timestamp('2025-09-23 22:00:00'))
2025-09-24 17:40:24,969 ; PT3S                                                         ; DEBUG   ; dxWithMx._V3_AGSNVEC: ('STAT', 'ROHR~*~*~*~RHOVEC', Timestamp('2025-09-23 22:00:00'), Timestamp('2025-09-23 22:00:00'))
2025-09-24 17:40:24,969 ; PT3S                                                         ; DEBUG   ; dxWithMx._V3_AGSNVEC: ('STAT', 'ROHR~*~*~*~TVEC', Timestamp('2025-09-23 22:00:00'), Timestamp('2025-09-23 22:00:00'))
2025-09-24 17:40:24,969 ; PT3S                                                         ; DEBUG   ; dxWithMx._V3_AGSNVEC: ('STAT', 'manPVEC', Timestamp('2025-09-23 22:00:00'), Timestamp('2025-09-23 22:00:00'))
2025-09-24 17:40:24,969 ; PT3S                                                         ; DEBUG   ; dxWithMx._V3_AGSNVEC: ('STAT', 'mlcPVEC', Timestamp('2025-09-23 22:00:00'), Timestamp('2025-09-23 22:00:00'))
2025-09-24 17:40:24,969 ; PT3S                                                         ; DEBUG   ; dxWithMx._V3_AGSNVEC: ('STAT', 'barBzgPVEC', Timestamp('2025-09-23 22:00:00'), Timestamp('2025-09-23 22:00:00'))
2025-09-24 17:40:24,969 ; PT3S                                                         ; DEBUG   ; dxWithMx._V3_AGSNVEC: ('STAT', 'manPVECMAX_INST', Timestamp('2025-09-23 22:00:00'), Timestamp('2025-09-23 22:00:00'))
2025-09-24 17:40:24,969 ; PT3S                                                         ; DEBUG   ; dxWithMx._V3_AGSNVEC: ('STAT', 'mlcPVECMAX_INST', Timestamp('2025-09-23 22:00:00'), Timestamp('2025-09-23 22:00:00'))
2025-09-24 17:40:24,969 ; PT3S                                                         ; DEBUG   ; dxWithMx._V3_AGSNVEC: ('STAT', 'barBzgPVECMAX_INST', Timestamp('2025-09-23 22:00:00'), Timestamp('2025-09-23 22:00:00'))
2025-09-24 17:40:24,969 ; PT3S                                                         ; DEBUG   ; dxWithMx._V3_AGSNVEC: ('STAT', 'manPVECMIN_INST', Timestamp('2025-09-23 22:00:00'), Timestamp('2025-09-23 22:00:00'))
2025-09-24 17:40:24,969 ; PT3S                                                         ; DEBUG   ; dxWithMx._V3_AGSNVEC: ('STAT', 'mlcPVECMIN_INST', Timestamp('2025-09-23 22:00:00'), Timestamp('2025-09-23 22:00:00'))
2025-09-24 17:40:24,969 ; PT3S                                                         ; DEBUG   ; dxWithMx._V3_AGSNVEC: ('STAT', 'barBzgPVECMIN_INST', Timestamp('2025-09-23 22:00:00'), Timestamp('2025-09-23 22:00:00'))
2025-09-24 17:40:24,974 ; PT3S                                                         ; DEBUG   ; dxWithMx._V3_AGSNVEC: ('STAT', 'QMVEC', Timestamp('2025-09-23 22:00:00'), Timestamp('2025-09-23 22:00:00'))
2025-09-24 17:40:24,974 ; PT3S                                                         ; DEBUG   ; dxWithMx._V3_AGSNVEC: ('STAT', 'tMVEC', Timestamp('2025-09-23 22:00:00'), Timestamp('2025-09-23 22:00:00'))
2025-09-24 17:40:24,974 ; PT3S                                                         ; DEBUG   ; dxWithMx._V3_AGSNVEC: str-cols vor min, max, end:
2025-09-24 17:40:24,974 ; PT3S                                                         ; DEBUG   ; dxWithMx._V3_AGSNVEC: Pos
2025-09-24 17:40:24,974 ; PT3S                                                         ; DEBUG   ; dxWithMx._V3_AGSNVEC: pk
2025-09-24 17:40:24,974 ; PT3S                                                         ; DEBUG   ; dxWithMx._V3_AGSNVEC: tk
2025-09-24 17:40:24,974 ; PT3S                                                         ; DEBUG   ; dxWithMx._V3_AGSNVEC: LFDNR
2025-09-24 17:40:24,974 ; PT3S                                                         ; DEBUG   ; dxWithMx._V3_AGSNVEC: NAME
2025-09-24 17:40:24,974 ; PT3S                                                         ; DEBUG   ; dxWithMx._V3_AGSNVEC: XL
2025-09-24 17:40:24,974 ; PT3S                                                         ; DEBUG   ; dxWithMx._V3_AGSNVEC: compNr
2025-09-24 17:40:24,974 ; PT3S                                                         ; DEBUG   ; dxWithMx._V3_AGSNVEC: nextNODE
2025-09-24 17:40:24,974 ; PT3S                                                         ; DEBUG   ; dxWithMx._V3_AGSNVEC: OBJTYPE
2025-09-24 17:40:24,974 ; PT3S                                                         ; DEBUG   ; dxWithMx._V3_AGSNVEC: OBJID
2025-09-24 17:40:24,974 ; PT3S                                                         ; DEBUG   ; dxWithMx._V3_AGSNVEC: L
2025-09-24 17:40:24,974 ; PT3S                                                         ; DEBUG   ; dxWithMx._V3_AGSNVEC: DN
2025-09-24 17:40:24,974 ; PT3S                                                         ; DEBUG   ; dxWithMx._V3_AGSNVEC: Am2
2025-09-24 17:40:24,974 ; PT3S                                                         ; DEBUG   ; dxWithMx._V3_AGSNVEC: Vm3
2025-09-24 17:40:24,976 ; PT3S                                                         ; DEBUG   ; dxWithMx._V3_AGSNVEC: NAME_CONT
2025-09-24 17:40:24,976 ; PT3S                                                         ; DEBUG   ; dxWithMx._V3_AGSNVEC: NAME_i
2025-09-24 17:40:24,976 ; PT3S                                                         ; DEBUG   ; dxWithMx._V3_AGSNVEC: NAME_k
2025-09-24 17:40:24,976 ; PT3S                                                         ; DEBUG   ; dxWithMx._V3_AGSNVEC: ZKOR_n
2025-09-24 17:40:24,976 ; PT3S                                                         ; DEBUG   ; dxWithMx._V3_AGSNVEC: BESCHREIBUNG_n
2025-09-24 17:40:24,976 ; PT3S                                                         ; DEBUG   ; dxWithMx._V3_AGSNVEC: KVR_n
2025-09-24 17:40:24,976 ; PT3S                                                         ; DEBUG   ; dxWithMx._V3_AGSNVEC: LSum
2025-09-24 17:40:24,976 ; PT3S                                                         ; DEBUG   ; dxWithMx._V3_AGSNVEC: direction
2025-09-24 17:40:24,976 ; PT3S                                                         ; DEBUG   ; dxWithMx._V3_AGSNVEC: ('STAT', 'QM', Timestamp('2025-09-23 22:00:00'), Timestamp('2025-09-23 22:00:00'))
2025-09-24 17:40:24,976 ; PT3S                                                         ; DEBUG   ; dxWithMx._V3_AGSNVEC: QM
2025-09-24 17:40:24,976 ; PT3S                                                         ; DEBUG   ; dxWithMx._V3_AGSNVEC: ('STAT', 'KNOT~*~*~*~PH', Timestamp('2025-09-23 22:00:00'), Timestamp('2025-09-23 22:00:00'))_n
2025-09-24 17:40:24,976 ; PT3S                                                         ; DEBUG   ; dxWithMx._V3_AGSNVEC: ('STAT', 'KNOT~*~*~*~H', Timestamp('2025-09-23 22:00:00'), Timestamp('2025-09-23 22:00:00'))_n
2025-09-24 17:40:24,976 ; PT3S                                                         ; DEBUG   ; dxWithMx._V3_AGSNVEC: ('STAT', 'KNOT~*~*~*~T', Timestamp('2025-09-23 22:00:00'), Timestamp('2025-09-23 22:00:00'))_n
2025-09-24 17:40:24,976 ; PT3S                                                         ; DEBUG   ; dxWithMx._V3_AGSNVEC: ('STAT', 'KNOT~*~*~*~RHO', Timestamp('2025-09-23 22:00:00'), Timestamp('2025-09-23 22:00:00'))_n
2025-09-24 17:40:24,976 ; PT3S                                                         ; DEBUG   ; dxWithMx._V3_AGSNVEC: PH_n
2025-09-24 17:40:24,976 ; PT3S                                                         ; DEBUG   ; dxWithMx._V3_AGSNVEC: T_n
2025-09-24 17:40:24,976 ; PT3S                                                         ; DEBUG   ; dxWithMx._V3_AGSNVEC: H_n
2025-09-24 17:40:24,976 ; PT3S                                                         ; DEBUG   ; dxWithMx._V3_AGSNVEC: RHO_n
2025-09-24 17:40:24,976 ; PT3S                                                         ; DEBUG   ; dxWithMx._V3_AGSNVEC: mlc_n
2025-09-24 17:40:24,976 ; PT3S                                                         ; DEBUG   ; dxWithMx._V3_AGSNVEC: ('STAT', 'mlc', Timestamp('2025-09-23 22:00:00'), Timestamp('2025-09-23 22:00:00'))_n
2025-09-24 17:40:24,976 ; PT3S                                                         ; DEBUG   ; dxWithMx._V3_AGSNVEC: pk_ROHRVEC
2025-09-24 17:40:24,976 ; PT3S                                                         ; DEBUG   ; dxWithMx._V3_AGSNVEC: fkDE
2025-09-24 17:40:24,976 ; PT3S                                                         ; DEBUG   ; dxWithMx._V3_AGSNVEC: rk
2025-09-24 17:40:24,976 ; PT3S                                                         ; DEBUG   ; dxWithMx._V3_AGSNVEC: tk_ROHRVEC
2025-09-24 17:40:24,976 ; PT3S                                                         ; DEBUG   ; dxWithMx._V3_AGSNVEC: fkKI
2025-09-24 17:40:24,976 ; PT3S                                                         ; DEBUG   ; dxWithMx._V3_AGSNVEC: fkKK
2025-09-24 17:40:24,976 ; PT3S                                                         ; DEBUG   ; dxWithMx._V3_AGSNVEC: fkDTRO_ROWD
2025-09-24 17:40:24,976 ; PT3S                                                         ; DEBUG   ; dxWithMx._V3_AGSNVEC: fkLTGR
2025-09-24 17:40:24,976 ; PT3S                                                         ; DEBUG   ; dxWithMx._V3_AGSNVEC: fkSTRASSE
2025-09-24 17:40:24,976 ; PT3S                                                         ; DEBUG   ; dxWithMx._V3_AGSNVEC: L_ROHRVEC
2025-09-24 17:40:24,976 ; PT3S                                                         ; DEBUG   ; dxWithMx._V3_AGSNVEC: LZU
2025-09-24 17:40:24,976 ; PT3S                                                         ; DEBUG   ; dxWithMx._V3_AGSNVEC: RAU
2025-09-24 17:40:24,976 ; PT3S                                                         ; DEBUG   ; dxWithMx._V3_AGSNVEC: JLAMBS
2025-09-24 17:40:24,976 ; PT3S                                                         ; DEBUG   ; dxWithMx._V3_AGSNVEC: LAMBDA0
2025-09-24 17:40:24,976 ; PT3S                                                         ; DEBUG   ; dxWithMx._V3_AGSNVEC: ZEIN
2025-09-24 17:40:24,976 ; PT3S                                                         ; DEBUG   ; dxWithMx._V3_AGSNVEC: ZAUS
2025-09-24 17:40:24,976 ; PT3S                                                         ; DEBUG   ; dxWithMx._V3_AGSNVEC: ZUML
2025-09-24 17:40:24,976 ; PT3S                                                         ; DEBUG   ; dxWithMx._V3_AGSNVEC: ASOLL
2025-09-24 17:40:24,976 ; PT3S                                                         ; DEBUG   ; dxWithMx._V3_AGSNVEC: INDSCHALL
2025-09-24 17:40:24,976 ; PT3S                                                         ; DEBUG   ; dxWithMx._V3_AGSNVEC: BAUJAHR
2025-09-24 17:40:24,976 ; PT3S                                                         ; DEBUG   ; dxWithMx._V3_AGSNVEC: HAL
2025-09-24 17:40:24,976 ; PT3S                                                         ; DEBUG   ; dxWithMx._V3_AGSNVEC: fkCONT
2025-09-24 17:40:24,976 ; PT3S                                                         ; DEBUG   ; dxWithMx._V3_AGSNVEC: fk2LROHR
2025-09-24 17:40:24,976 ; PT3S                                                         ; DEBUG   ; dxWithMx._V3_AGSNVEC: BESCHREIBUNG
2025-09-24 17:40:24,976 ; PT3S                                                         ; DEBUG   ; dxWithMx._V3_AGSNVEC: GEOMWKB
2025-09-24 17:40:24,976 ; PT3S                                                         ; DEBUG   ; dxWithMx._V3_AGSNVEC: DELETED
2025-09-24 17:40:24,976 ; PT3S                                                         ; DEBUG   ; dxWithMx._V3_AGSNVEC: SELECT1
2025-09-24 17:40:24,976 ; PT3S                                                         ; DEBUG   ; dxWithMx._V3_AGSNVEC: IDREFERENZ
2025-09-24 17:40:24,976 ; PT3S                                                         ; DEBUG   ; dxWithMx._V3_AGSNVEC: KENNUNG
2025-09-24 17:40:24,976 ; PT3S                                                         ; DEBUG   ; dxWithMx._V3_AGSNVEC: IPLANUNG
2025-09-24 17:40:24,976 ; PT3S                                                         ; DEBUG   ; dxWithMx._V3_AGSNVEC: KVR
2025-09-24 17:40:24,976 ; PT3S                                                         ; DEBUG   ; dxWithMx._V3_AGSNVEC: pk_BZ
2025-09-24 17:40:24,976 ; PT3S                                                         ; DEBUG   ; dxWithMx._V3_AGSNVEC: fkDE_BZ
2025-09-24 17:40:24,976 ; PT3S                                                         ; DEBUG   ; dxWithMx._V3_AGSNVEC: fk
2025-09-24 17:40:24,976 ; PT3S                                                         ; DEBUG   ; dxWithMx._V3_AGSNVEC: QSVB
2025-09-24 17:40:24,976 ; PT3S                                                         ; DEBUG   ; dxWithMx._V3_AGSNVEC: IRTRENN
2025-09-24 17:40:24,976 ; PT3S                                                         ; DEBUG   ; dxWithMx._V3_AGSNVEC: LECKSTATUS
2025-09-24 17:40:24,976 ; PT3S                                                         ; DEBUG   ; dxWithMx._V3_AGSNVEC: LECKSTART
2025-09-24 17:40:24,976 ; PT3S                                                         ; DEBUG   ; dxWithMx._V3_AGSNVEC: LECKEND
2025-09-24 17:40:24,976 ; PT3S                                                         ; DEBUG   ; dxWithMx._V3_AGSNVEC: LECKORT
2025-09-24 17:40:24,976 ; PT3S                                                         ; DEBUG   ; dxWithMx._V3_AGSNVEC: LECKMENGE
2025-09-24 17:40:24,984 ; PT3S                                                         ; DEBUG   ; dxWithMx._V3_AGSNVEC: IMPTNZ
2025-09-24 17:40:24,984 ; PT3S                                                         ; DEBUG   ; dxWithMx._V3_AGSNVEC: ZVLIMPTNZ
2025-09-24 17:40:24,984 ; PT3S                                                         ; DEBUG   ; dxWithMx._V3_AGSNVEC: KANTENZV
2025-09-24 17:40:24,984 ; PT3S                                                         ; DEBUG   ; dxWithMx._V3_AGSNVEC: GEOM
2025-09-24 17:40:24,985 ; PT3S                                                         ; DEBUG   ; dxWithMx._V3_AGSNVEC: GRAF
2025-09-24 17:40:24,985 ; PT3S                                                         ; DEBUG   ; dxWithMx._V3_AGSNVEC: MId
2025-09-24 17:40:24,985 ; PT3S                                                         ; DEBUG   ; dxWithMx._V3_AGSNVEC: MText
2025-09-24 17:40:24,985 ; PT3S                                                         ; DEBUG   ; dxWithMx._V3_AGSNVEC: Basis
2025-09-24 17:40:24,985 ; PT3S                                                         ; DEBUG   ; dxWithMx._V3_AGSNVEC: Variante
2025-09-24 17:40:24,987 ; PT3S                                                         ; DEBUG   ; dxWithMx._V3_AGSNVEC: BZ
2025-09-24 17:40:24,987 ; PT3S                                                         ; DEBUG   ; dxWithMx._V3_AGSNVEC: Geaendert
2025-09-24 17:40:24,987 ; PT3S                                                         ; DEBUG   ; dxWithMx._V3_AGSNVEC: Erstellt
2025-09-24 17:40:24,988 ; PT3S                                                         ; DEBUG   ; dxWithMx._V3_AGSNVEC: pk_VMBZ
2025-09-24 17:40:24,988 ; PT3S                                                         ; DEBUG   ; dxWithMx._V3_AGSNVEC: fkBASIS
2025-09-24 17:40:24,988 ; PT3S                                                         ; DEBUG   ; dxWithMx._V3_AGSNVEC: fkVARIANTE
2025-09-24 17:40:24,988 ; PT3S                                                         ; DEBUG   ; dxWithMx._V3_AGSNVEC: fkBZ
2025-09-24 17:40:24,988 ; PT3S                                                         ; DEBUG   ; dxWithMx._V3_AGSNVEC: MZ
2025-09-24 17:40:24,989 ; PT3S                                                         ; DEBUG   ; dxWithMx._V3_AGSNVEC: MT
2025-09-24 17:40:24,989 ; PT3S                                                         ; DEBUG   ; dxWithMx._V3_AGSNVEC: pk_CONT
2025-09-24 17:40:24,989 ; PT3S                                                         ; DEBUG   ; dxWithMx._V3_AGSNVEC: fkDE_CONT
2025-09-24 17:40:24,989 ; PT3S                                                         ; DEBUG   ; dxWithMx._V3_AGSNVEC: rk_CONT
2025-09-24 17:40:24,989 ; PT3S                                                         ; DEBUG   ; dxWithMx._V3_AGSNVEC: tk_CONT
2025-09-24 17:40:24,989 ; PT3S                                                         ; DEBUG   ; dxWithMx._V3_AGSNVEC: ID_CONT
2025-09-24 17:40:24,989 ; PT3S                                                         ; DEBUG   ; dxWithMx._V3_AGSNVEC: NAME_CONT_ROHRVEC
2025-09-24 17:40:24,989 ; PT3S                                                         ; DEBUG   ; dxWithMx._V3_AGSNVEC: IDPARENT_CONT
2025-09-24 17:40:24,989 ; PT3S                                                         ; DEBUG   ; dxWithMx._V3_AGSNVEC: rkPARENT_CONT
2025-09-24 17:40:24,990 ; PT3S                                                         ; DEBUG   ; dxWithMx._V3_AGSNVEC: LFDNR_CONT
2025-09-24 17:40:24,990 ; PT3S                                                         ; DEBUG   ; dxWithMx._V3_AGSNVEC: GRAF_CONT
2025-09-24 17:40:24,990 ; PT3S                                                         ; DEBUG   ; dxWithMx._V3_AGSNVEC: FONT_CONT
2025-09-24 17:40:24,990 ; PT3S                                                         ; DEBUG   ; dxWithMx._V3_AGSNVEC: GEOM_CONT
2025-09-24 17:40:24,990 ; PT3S                                                         ; DEBUG   ; dxWithMx._V3_AGSNVEC: DELETED_CONT
2025-09-24 17:40:24,990 ; PT3S                                                         ; DEBUG   ; dxWithMx._V3_AGSNVEC: SELECT1_CONT
2025-09-24 17:40:24,990 ; PT3S                                                         ; DEBUG   ; dxWithMx._V3_AGSNVEC: IDREFERENZ_CONT
2025-09-24 17:40:24,990 ; PT3S                                                         ; DEBUG   ; dxWithMx._V3_AGSNVEC: NAME_DTRO
2025-09-24 17:40:24,990 ; PT3S                                                         ; DEBUG   ; dxWithMx._V3_AGSNVEC: DN_ROHRVEC
2025-09-24 17:40:24,990 ; PT3S                                                         ; DEBUG   ; dxWithMx._V3_AGSNVEC: DI
2025-09-24 17:40:24,991 ; PT3S                                                         ; DEBUG   ; dxWithMx._V3_AGSNVEC: DA
2025-09-24 17:40:24,991 ; PT3S                                                         ; DEBUG   ; dxWithMx._V3_AGSNVEC: S
2025-09-24 17:40:24,991 ; PT3S                                                         ; DEBUG   ; dxWithMx._V3_AGSNVEC: KT
2025-09-24 17:40:24,991 ; PT3S                                                         ; DEBUG   ; dxWithMx._V3_AGSNVEC: PN
2025-09-24 17:40:24,991 ; PT3S                                                         ; DEBUG   ; dxWithMx._V3_AGSNVEC: Am2_ROHRVEC
2025-09-24 17:40:24,991 ; PT3S                                                         ; DEBUG   ; dxWithMx._V3_AGSNVEC: Vm3_ROHRVEC
2025-09-24 17:40:24,991 ; PT3S                                                         ; DEBUG   ; dxWithMx._V3_AGSNVEC: NAME_LTGR
2025-09-24 17:40:24,991 ; PT3S                                                         ; DEBUG   ; dxWithMx._V3_AGSNVEC: NAME_STRASSE
2025-09-24 17:40:24,991 ; PT3S                                                         ; DEBUG   ; dxWithMx._V3_AGSNVEC: tk_i
2025-09-24 17:40:24,992 ; PT3S                                                         ; DEBUG   ; dxWithMx._V3_AGSNVEC: NAME_i_ROHRVEC
2025-09-24 17:40:24,992 ; PT3S                                                         ; DEBUG   ; dxWithMx._V3_AGSNVEC: tk_k
2025-09-24 17:40:24,992 ; PT3S                                                         ; DEBUG   ; dxWithMx._V3_AGSNVEC: NAME_k_ROHRVEC
2025-09-24 17:40:24,992 ; PT3S                                                         ; DEBUG   ; dxWithMx._V3_AGSNVEC: mx2NofPts
2025-09-24 17:40:24,992 ; PT3S                                                         ; DEBUG   ; dxWithMx._V3_AGSNVEC: dL
2025-09-24 17:40:24,992 ; PT3S                                                         ; DEBUG   ; dxWithMx._V3_AGSNVEC: mx2Idx
2025-09-24 17:40:24,992 ; PT3S                                                         ; DEBUG   ; dxWithMx._V3_AGSNVEC: ('STAT', 'KNOT~*~*~*~PH', Timestamp('2025-09-23 22:00:00'), Timestamp('2025-09-23 22:00:00'))_i
2025-09-24 17:40:24,992 ; PT3S                                                         ; DEBUG   ; dxWithMx._V3_AGSNVEC: ('STAT', 'KNOT~*~*~*~H', Timestamp('2025-09-23 22:00:00'), Timestamp('2025-09-23 22:00:00'))_i
2025-09-24 17:40:24,992 ; PT3S                                                         ; DEBUG   ; dxWithMx._V3_AGSNVEC: ('STAT', 'KNOT~*~*~*~T', Timestamp('2025-09-23 22:00:00'), Timestamp('2025-09-23 22:00:00'))_i
2025-09-24 17:40:24,993 ; PT3S                                                         ; DEBUG   ; dxWithMx._V3_AGSNVEC: ('STAT', 'KNOT~*~*~*~RHO', Timestamp('2025-09-23 22:00:00'), Timestamp('2025-09-23 22:00:00'))_i
2025-09-24 17:40:24,993 ; PT3S                                                         ; DEBUG   ; dxWithMx._V3_AGSNVEC: ('STAT', 'KNOT~*~*~*~PH', Timestamp('2025-09-23 22:00:00'), Timestamp('2025-09-23 22:00:00'))_k
2025-09-24 17:40:24,993 ; PT3S                                                         ; DEBUG   ; dxWithMx._V3_AGSNVEC: ('STAT', 'KNOT~*~*~*~H', Timestamp('2025-09-23 22:00:00'), Timestamp('2025-09-23 22:00:00'))_k
2025-09-24 17:40:24,993 ; PT3S                                                         ; DEBUG   ; dxWithMx._V3_AGSNVEC: ('STAT', 'KNOT~*~*~*~T', Timestamp('2025-09-23 22:00:00'), Timestamp('2025-09-23 22:00:00'))_k
2025-09-24 17:40:24,993 ; PT3S                                                         ; DEBUG   ; dxWithMx._V3_AGSNVEC: ('STAT', 'KNOT~*~*~*~RHO', Timestamp('2025-09-23 22:00:00'), Timestamp('2025-09-23 22:00:00'))_k
2025-09-24 17:40:24,993 ; PT3S                                                         ; DEBUG   ; dxWithMx._V3_AGSNVEC: QMAVAbs
2025-09-24 17:40:24,993 ; PT3S                                                         ; DEBUG   ; dxWithMx._V3_AGSNVEC: VAVAbs
2025-09-24 17:40:24,993 ; PT3S                                                         ; DEBUG   ; dxWithMx._V3_AGSNVEC: PHRAbs
2025-09-24 17:40:24,993 ; PT3S                                                         ; DEBUG   ; dxWithMx._V3_AGSNVEC: JVAbs
2025-09-24 17:40:24,993 ; PT3S                                                         ; DEBUG   ; dxWithMx._V3_AGSNVEC: LAMBDA
2025-09-24 17:40:24,994 ; PT3S                                                         ; DEBUG   ; dxWithMx._V3_AGSNVEC: IptIdx
2025-09-24 17:40:24,994 ; PT3S                                                         ; DEBUG   ; dxWithMx._V3_AGSNVEC: SVEC
2025-09-24 17:40:24,994 ; PT3S                                                         ; DEBUG   ; dxWithMx._V3_AGSNVEC: IptIdxAsNo
2025-09-24 17:40:24,994 ; PT3S                                                         ; DEBUG   ; dxWithMx._V3_AGSNVEC: ZVEC
2025-09-24 17:40:24,994 ; PT3S                                                         ; DEBUG   ; dxWithMx._V3_AGSNVEC_addNewCols: Start.
2025-09-24 17:40:24,995 ; PT3S                                                         ; DEBUG   ; dxWithMx._V3_AGSNVEC_addNewCols: Exception: Line: 2186: <class 'KeyError'>: "None of [Index(['('TMIN', 'KNOT~*~*~*~T', Timestamp('2025-09-23 22:00:00'), Timestamp('2025-09-23 22:00:00'))_n', ('TMIN', 'ROHR~*~*~*~TVEC', 2025-09-23 22:00:00, 2025-09-23 22:00:00)], dtype='object')] are in the [columns]"
2025-09-24 17:40:24,995 ; PT3S                                                         ; DEBUG   ; dxWithMx._V3_AGSNVEC_addNewCols: colNameNewFlat:T_n_min: Spaltenpaare NCHT extrahiert:
2025-09-24 17:40:24,995 ; PT3S                                                         ; DEBUG   ; dxWithMx._V3_AGSNVEC_addNewCols: referencing ('TMIN', 'KNOT~*~*~*~T', Timestamp('2025-09-23 22:00:00'), Timestamp('2025-09-23 22:00:00'))_n and ('TMIN', 'ROHR~*~*~*~TVEC', Timestamp('2025-09-23 22:00:00'), Timestamp('2025-09-23 22:00:00')) FAILED
2025-09-24 17:40:24,997 ; PT3S                                                         ; DEBUG   ; dxWithMx._V3_AGSNVEC_addNewCols: Exception: Line: 2186: <class 'KeyError'>: "None of [Index(['('TMAX', 'KNOT~*~*~*~T', Timestamp('2025-09-23 22:00:00'), Timestamp('2025-09-23 22:00:00'))_n', ('TMAX', 'ROHR~*~*~*~TVEC', 2025-09-23 22:00:00, 2025-09-23 22:00:00)], dtype='object')] are in the [columns]"
2025-09-24 17:40:24,997 ; PT3S                                                         ; DEBUG   ; dxWithMx._V3_AGSNVEC_addNewCols: colNameNewFlat:T_n_max: Spaltenpaare NCHT extrahiert:
2025-09-24 17:40:24,998 ; PT3S                                                         ; DEBUG   ; dxWithMx._V3_AGSNVEC_addNewCols: referencing ('TMAX', 'KNOT~*~*~*~T', Timestamp('2025-09-23 22:00:00'), Timestamp('2025-09-23 22:00:00'))_n and ('TMAX', 'ROHR~*~*~*~TVEC', Timestamp('2025-09-23 22:00:00'), Timestamp('2025-09-23 22:00:00')) FAILED
2025-09-24 17:40:24,998 ; PT3S                                                         ; DEBUG   ; dxWithMx._V3_AGSNVEC_addNewCols: Exception: Line: 2186: <class 'KeyError'>: "None of [Index(['('TIME', 'KNOT~*~*~*~T', Timestamp('2025-09-23 22:00:00'), Timestamp('2025-09-23 22:00:00'))_n', ('TIME', 'ROHR~*~*~*~TVEC', 2025-09-23 22:00:00, 2025-09-23 22:00:00)], dtype='object')] are in the [columns]"
2025-09-24 17:40:24,998 ; PT3S                                                         ; DEBUG   ; dxWithMx._V3_AGSNVEC_addNewCols: colNameNewFlat:T_n_end: Spaltenpaare NCHT extrahiert:
2025-09-24 17:40:24,998 ; PT3S                                                         ; DEBUG   ; dxWithMx._V3_AGSNVEC_addNewCols: referencing ('TIME', 'KNOT~*~*~*~T', Timestamp('2025-09-23 22:00:00'), Timestamp('2025-09-23 22:00:00'))_n and ('TIME', 'ROHR~*~*~*~TVEC', Timestamp('2025-09-23 22:00:00'), Timestamp('2025-09-23 22:00:00')) FAILED
2025-09-24 17:40:24,998 ; PT3S                                                         ; DEBUG   ; dxWithMx._V3_AGSNVEC_addNewCols: Exception: Line: 2186: <class 'KeyError'>: "None of [Index(['('TMIN', 'KNOT~*~*~*~PH', Timestamp('2025-09-23 22:00:00'), Timestamp('2025-09-23 22:00:00'))_n', ('TMIN', 'manPVEC', 2025-09-23 22:00:00, 2025-09-23 22:00:00)], dtype='object')] are in the [columns]"
2025-09-24 17:40:24,998 ; PT3S                                                         ; DEBUG   ; dxWithMx._V3_AGSNVEC_addNewCols: colNameNewFlat:PH_n_min: Spaltenpaare NCHT extrahiert:
2025-09-24 17:40:24,998 ; PT3S                                                         ; DEBUG   ; dxWithMx._V3_AGSNVEC_addNewCols: referencing ('TMIN', 'KNOT~*~*~*~PH', Timestamp('2025-09-23 22:00:00'), Timestamp('2025-09-23 22:00:00'))_n and ('TMIN', 'manPVEC', Timestamp('2025-09-23 22:00:00'), Timestamp('2025-09-23 22:00:00')) FAILED
2025-09-24 17:40:24,998 ; PT3S                                                         ; DEBUG   ; dxWithMx._V3_AGSNVEC_addNewCols: Exception: Line: 2186: <class 'KeyError'>: "None of [Index(['('TMAX', 'KNOT~*~*~*~PH', Timestamp('2025-09-23 22:00:00'), Timestamp('2025-09-23 22:00:00'))_n', ('TMAX', 'manPVEC', 2025-09-23 22:00:00, 2025-09-23 22:00:00)], dtype='object')] are in the [columns]"
2025-09-24 17:40:25,002 ; PT3S                                                         ; DEBUG   ; dxWithMx._V3_AGSNVEC_addNewCols: colNameNewFlat:PH_n_max: Spaltenpaare NCHT extrahiert:
2025-09-24 17:40:25,002 ; PT3S                                                         ; DEBUG   ; dxWithMx._V3_AGSNVEC_addNewCols: referencing ('TMAX', 'KNOT~*~*~*~PH', Timestamp('2025-09-23 22:00:00'), Timestamp('2025-09-23 22:00:00'))_n and ('TMAX', 'manPVEC', Timestamp('2025-09-23 22:00:00'), Timestamp('2025-09-23 22:00:00')) FAILED
2025-09-24 17:40:25,002 ; PT3S                                                         ; DEBUG   ; dxWithMx._V3_AGSNVEC_addNewCols: Exception: Line: 2186: <class 'KeyError'>: "None of [Index(['('TIME', 'KNOT~*~*~*~PH', Timestamp('2025-09-23 22:00:00'), Timestamp('2025-09-23 22:00:00'))_n', ('TIME', 'manPVEC', 2025-09-23 22:00:00, 2025-09-23 22:00:00)], dtype='object')] are in the [columns]"
2025-09-24 17:40:25,005 ; PT3S                                                         ; DEBUG   ; dxWithMx._V3_AGSNVEC_addNewCols: colNameNewFlat:PH_n_end: Spaltenpaare NCHT extrahiert:
2025-09-24 17:40:25,005 ; PT3S                                                         ; DEBUG   ; dxWithMx._V3_AGSNVEC_addNewCols: referencing ('TIME', 'KNOT~*~*~*~PH', Timestamp('2025-09-23 22:00:00'), Timestamp('2025-09-23 22:00:00'))_n and ('TIME', 'manPVEC', Timestamp('2025-09-23 22:00:00'), Timestamp('2025-09-23 22:00:00')) FAILED
2025-09-24 17:40:25,005 ; PT3S                                                         ; DEBUG   ; dxWithMx._V3_AGSNVEC_addNewCols: Exception: Line: 2186: <class 'KeyError'>: "None of [Index(['('TMIN', 'mlc', Timestamp('2025-09-23 22:00:00'), Timestamp('2025-09-23 22:00:00'))_n', ('TMIN', 'mlcPVEC', 2025-09-23 22:00:00, 2025-09-23 22:00:00)], dtype='object')] are in the [columns]"
2025-09-24 17:40:25,005 ; PT3S                                                         ; DEBUG   ; dxWithMx._V3_AGSNVEC_addNewCols: colNameNewFlat:mlc_n_min: Spaltenpaare NCHT extrahiert:
2025-09-24 17:40:25,005 ; PT3S                                                         ; DEBUG   ; dxWithMx._V3_AGSNVEC_addNewCols: referencing ('TMIN', 'mlc', Timestamp('2025-09-23 22:00:00'), Timestamp('2025-09-23 22:00:00'))_n and ('TMIN', 'mlcPVEC', Timestamp('2025-09-23 22:00:00'), Timestamp('2025-09-23 22:00:00')) FAILED
2025-09-24 17:40:25,005 ; PT3S                                                         ; DEBUG   ; dxWithMx._V3_AGSNVEC_addNewCols: Exception: Line: 2186: <class 'KeyError'>: "None of [Index(['('TMAX', 'mlc', Timestamp('2025-09-23 22:00:00'), Timestamp('2025-09-23 22:00:00'))_n', ('TMAX', 'mlcPVEC', 2025-09-23 22:00:00, 2025-09-23 22:00:00)], dtype='object')] are in the [columns]"
2025-09-24 17:40:25,007 ; PT3S                                                         ; DEBUG   ; dxWithMx._V3_AGSNVEC_addNewCols: colNameNewFlat:mlc_n_max: Spaltenpaare NCHT extrahiert:
2025-09-24 17:40:25,007 ; PT3S                                                         ; DEBUG   ; dxWithMx._V3_AGSNVEC_addNewCols: referencing ('TMAX', 'mlc', Timestamp('2025-09-23 22:00:00'), Timestamp('2025-09-23 22:00:00'))_n and ('TMAX', 'mlcPVEC', Timestamp('2025-09-23 22:00:00'), Timestamp('2025-09-23 22:00:00')) FAILED
2025-09-24 17:40:25,007 ; PT3S                                                         ; DEBUG   ; dxWithMx._V3_AGSNVEC_addNewCols: Exception: Line: 2186: <class 'KeyError'>: "None of [Index(['('TIME', 'mlc', Timestamp('2025-09-23 22:00:00'), Timestamp('2025-09-23 22:00:00'))_n', ('TIME', 'mlcPVEC', 2025-09-23 22:00:00, 2025-09-23 22:00:00)], dtype='object')] are in the [columns]"
2025-09-24 17:40:25,007 ; PT3S                                                         ; DEBUG   ; dxWithMx._V3_AGSNVEC_addNewCols: colNameNewFlat:mlc_n_end: Spaltenpaare NCHT extrahiert:
2025-09-24 17:40:25,007 ; PT3S                                                         ; DEBUG   ; dxWithMx._V3_AGSNVEC_addNewCols: referencing ('TIME', 'mlc', Timestamp('2025-09-23 22:00:00'), Timestamp('2025-09-23 22:00:00'))_n and ('TIME', 'mlcPVEC', Timestamp('2025-09-23 22:00:00'), Timestamp('2025-09-23 22:00:00')) FAILED
2025-09-24 17:40:25,007 ; PT3S                                                         ; DEBUG   ; dxWithMx._V3_AGSNVEC_addNewCols: Exception: Line: 2186: <class 'KeyError'>: "None of [Index(['('TMIN', 'H', Timestamp('2025-09-23 22:00:00'), Timestamp('2025-09-23 22:00:00'))_n', ('TMIN', 'barBzgPVEC', 2025-09-23 22:00:00, 2025-09-23 22:00:00)], dtype='object')] are in the [columns]"
2025-09-24 17:40:25,007 ; PT3S                                                         ; DEBUG   ; dxWithMx._V3_AGSNVEC_addNewCols: colNameNewFlat:H_n_min: Spaltenpaare NCHT extrahiert:
2025-09-24 17:40:25,007 ; PT3S                                                         ; DEBUG   ; dxWithMx._V3_AGSNVEC_addNewCols: referencing ('TMIN', 'H', Timestamp('2025-09-23 22:00:00'), Timestamp('2025-09-23 22:00:00'))_n and ('TMIN', 'barBzgPVEC', Timestamp('2025-09-23 22:00:00'), Timestamp('2025-09-23 22:00:00')) FAILED
2025-09-24 17:40:25,007 ; PT3S                                                         ; DEBUG   ; dxWithMx._V3_AGSNVEC_addNewCols: Exception: Line: 2186: <class 'KeyError'>: "None of [Index(['('TMAX', 'H', Timestamp('2025-09-23 22:00:00'), Timestamp('2025-09-23 22:00:00'))_n', ('TMAX', 'barBzgPVEC', 2025-09-23 22:00:00, 2025-09-23 22:00:00)], dtype='object')] are in the [columns]"
2025-09-24 17:40:25,007 ; PT3S                                                         ; DEBUG   ; dxWithMx._V3_AGSNVEC_addNewCols: colNameNewFlat:H_n_max: Spaltenpaare NCHT extrahiert:
2025-09-24 17:40:25,007 ; PT3S                                                         ; DEBUG   ; dxWithMx._V3_AGSNVEC_addNewCols: referencing ('TMAX', 'H', Timestamp('2025-09-23 22:00:00'), Timestamp('2025-09-23 22:00:00'))_n and ('TMAX', 'barBzgPVEC', Timestamp('2025-09-23 22:00:00'), Timestamp('2025-09-23 22:00:00')) FAILED
2025-09-24 17:40:25,007 ; PT3S                                                         ; DEBUG   ; dxWithMx._V3_AGSNVEC_addNewCols: Exception: Line: 2186: <class 'KeyError'>: "None of [Index(['('TIME', 'H', Timestamp('2025-09-23 22:00:00'), Timestamp('2025-09-23 22:00:00'))_n', ('TIME', 'barBzgPVEC', 2025-09-23 22:00:00, 2025-09-23 22:00:00)], dtype='object')] are in the [columns]"
2025-09-24 17:40:25,007 ; PT3S                                                         ; DEBUG   ; dxWithMx._V3_AGSNVEC_addNewCols: colNameNewFlat:H_n_end: Spaltenpaare NCHT extrahiert:
2025-09-24 17:40:25,007 ; PT3S                                                         ; DEBUG   ; dxWithMx._V3_AGSNVEC_addNewCols: referencing ('TIME', 'H', Timestamp('2025-09-23 22:00:00'), Timestamp('2025-09-23 22:00:00'))_n and ('TIME', 'barBzgPVEC', Timestamp('2025-09-23 22:00:00'), Timestamp('2025-09-23 22:00:00')) FAILED
2025-09-24 17:40:25,007 ; PT3S                                                         ; DEBUG   ; dxWithMx._V3_AGSNVEC_addNewCols: Exception: Line: 2186: <class 'KeyError'>: "None of [Index(['('TMIN', 'QM', Timestamp('2025-09-23 22:00:00'), Timestamp('2025-09-23 22:00:00'))', ('TMIN', 'tMVEC', 2025-09-23 22:00:00, 2025-09-23 22:00:00)], dtype='object')] are in the [columns]"
2025-09-24 17:40:25,007 ; PT3S                                                         ; DEBUG   ; dxWithMx._V3_AGSNVEC_addNewCols: colNameNewFlat:QM_min: Spaltenpaare NCHT extrahiert:
2025-09-24 17:40:25,007 ; PT3S                                                         ; DEBUG   ; dxWithMx._V3_AGSNVEC_addNewCols: referencing ('TMIN', 'QM', Timestamp('2025-09-23 22:00:00'), Timestamp('2025-09-23 22:00:00')) and ('TMIN', 'tMVEC', Timestamp('2025-09-23 22:00:00'), Timestamp('2025-09-23 22:00:00')) FAILED
2025-09-24 17:40:25,007 ; PT3S                                                         ; DEBUG   ; dxWithMx._V3_AGSNVEC_addNewCols: Exception: Line: 2186: <class 'KeyError'>: "None of [Index(['('TMAX', 'QM', Timestamp('2025-09-23 22:00:00'), Timestamp('2025-09-23 22:00:00'))', ('TMAX', 'tMVEC', 2025-09-23 22:00:00, 2025-09-23 22:00:00)], dtype='object')] are in the [columns]"
2025-09-24 17:40:25,007 ; PT3S                                                         ; DEBUG   ; dxWithMx._V3_AGSNVEC_addNewCols: colNameNewFlat:QM_max: Spaltenpaare NCHT extrahiert:
2025-09-24 17:40:25,007 ; PT3S                                                         ; DEBUG   ; dxWithMx._V3_AGSNVEC_addNewCols: referencing ('TMAX', 'QM', Timestamp('2025-09-23 22:00:00'), Timestamp('2025-09-23 22:00:00')) and ('TMAX', 'tMVEC', Timestamp('2025-09-23 22:00:00'), Timestamp('2025-09-23 22:00:00')) FAILED
2025-09-24 17:40:25,007 ; PT3S                                                         ; DEBUG   ; dxWithMx._V3_AGSNVEC_addNewCols: Exception: Line: 2186: <class 'KeyError'>: "None of [Index(['('TIME', 'QM', Timestamp('2025-09-23 22:00:00'), Timestamp('2025-09-23 22:00:00'))', ('TIME', 'tMVEC', 2025-09-23 22:00:00, 2025-09-23 22:00:00)], dtype='object')] are in the [columns]"
2025-09-24 17:40:25,007 ; PT3S                                                         ; DEBUG   ; dxWithMx._V3_AGSNVEC_addNewCols: colNameNewFlat:QM_end: Spaltenpaare NCHT extrahiert:
2025-09-24 17:40:25,007 ; PT3S                                                         ; DEBUG   ; dxWithMx._V3_AGSNVEC_addNewCols: referencing ('TIME', 'QM', Timestamp('2025-09-23 22:00:00'), Timestamp('2025-09-23 22:00:00')) and ('TIME', 'tMVEC', Timestamp('2025-09-23 22:00:00'), Timestamp('2025-09-23 22:00:00')) FAILED
2025-09-24 17:40:25,007 ; PT3S                                                         ; DEBUG   ; dxWithMx._V3_AGSNVEC_addNewCols: _Done.
2025-09-24 17:40:25,007 ; PT3S                                                         ; DEBUG   ; dxWithMx._V3_AGSNVEC: Starting to filter columns based on timestamps.
2025-09-24 17:40:25,007 ; PT3S                                                         ; DEBUG   ; dxWithMx._V3_AGSNVEC: Unique timestamps sorted: []
2025-09-24 17:40:25,007 ; PT3S                                                         ; DEBUG   ; dxWithMx._V3_AGSNVEC: tuple-cols:
2025-09-24 17:40:25,007 ; PT3S                                                         ; DEBUG   ; dxWithMx._V3_AGSNVEC: ('STAT', 'ROHR~*~*~*~ETAAV', Timestamp('2025-09-23 22:00:00'), Timestamp('2025-09-23 22:00:00'))
2025-09-24 17:40:25,007 ; PT3S                                                         ; DEBUG   ; dxWithMx._V3_AGSNVEC: ('STAT', 'ROHR~*~*~*~IAKTIV', Timestamp('2025-09-23 22:00:00'), Timestamp('2025-09-23 22:00:00'))
2025-09-24 17:40:25,007 ; PT3S                                                         ; DEBUG   ; dxWithMx._V3_AGSNVEC: ('STAT', 'ROHR~*~*~*~IRTRENN', Timestamp('2025-09-23 22:00:00'), Timestamp('2025-09-23 22:00:00'))
2025-09-24 17:40:25,007 ; PT3S                                                         ; DEBUG   ; dxWithMx._V3_AGSNVEC: ('STAT', 'ROHR~*~*~*~JV', Timestamp('2025-09-23 22:00:00'), Timestamp('2025-09-23 22:00:00'))
2025-09-24 17:40:25,018 ; PT3S                                                         ; DEBUG   ; dxWithMx._V3_AGSNVEC: ('STAT', 'ROHR~*~*~*~LAMBDA', Timestamp('2025-09-23 22:00:00'), Timestamp('2025-09-23 22:00:00'))
2025-09-24 17:40:25,018 ; PT3S                                                         ; DEBUG   ; dxWithMx._V3_AGSNVEC: ('STAT', 'ROHR~*~*~*~LECKEINAUS', Timestamp('2025-09-23 22:00:00'), Timestamp('2025-09-23 22:00:00'))
2025-09-24 17:40:25,018 ; PT3S                                                         ; DEBUG   ; dxWithMx._V3_AGSNVEC: ('STAT', 'ROHR~*~*~*~LECKMENGE', Timestamp('2025-09-23 22:00:00'), Timestamp('2025-09-23 22:00:00'))
2025-09-24 17:40:25,018 ; PT3S                                                         ; DEBUG   ; dxWithMx._V3_AGSNVEC: ('STAT', 'ROHR~*~*~*~LECKORT', Timestamp('2025-09-23 22:00:00'), Timestamp('2025-09-23 22:00:00'))
2025-09-24 17:40:25,019 ; PT3S                                                         ; DEBUG   ; dxWithMx._V3_AGSNVEC: ('STAT', 'ROHR~*~*~*~PDAMPF', Timestamp('2025-09-23 22:00:00'), Timestamp('2025-09-23 22:00:00'))
2025-09-24 17:40:25,019 ; PT3S                                                         ; DEBUG   ; dxWithMx._V3_AGSNVEC: ('STAT', 'ROHR~*~*~*~PHR', Timestamp('2025-09-23 22:00:00'), Timestamp('2025-09-23 22:00:00'))
2025-09-24 17:40:25,019 ; PT3S                                                         ; DEBUG   ; dxWithMx._V3_AGSNVEC: ('STAT', 'ROHR~*~*~*~PMIN', Timestamp('2025-09-23 22:00:00'), Timestamp('2025-09-23 22:00:00'))
2025-09-24 17:40:25,019 ; PT3S                                                         ; DEBUG   ; dxWithMx._V3_AGSNVEC: ('STAT', 'ROHR~*~*~*~QI2', Timestamp('2025-09-23 22:00:00'), Timestamp('2025-09-23 22:00:00'))
2025-09-24 17:40:25,019 ; PT3S                                                         ; DEBUG   ; dxWithMx._V3_AGSNVEC: ('STAT', 'ROHR~*~*~*~QK2', Timestamp('2025-09-23 22:00:00'), Timestamp('2025-09-23 22:00:00'))
2025-09-24 17:40:25,019 ; PT3S                                                         ; DEBUG   ; dxWithMx._V3_AGSNVEC: ('STAT', 'ROHR~*~*~*~QMAV', Timestamp('2025-09-23 22:00:00'), Timestamp('2025-09-23 22:00:00'))
2025-09-24 17:40:25,019 ; PT3S                                                         ; DEBUG   ; dxWithMx._V3_AGSNVEC: ('STAT', 'ROHR~*~*~*~QMI', Timestamp('2025-09-23 22:00:00'), Timestamp('2025-09-23 22:00:00'))
2025-09-24 17:40:25,021 ; PT3S                                                         ; DEBUG   ; dxWithMx._V3_AGSNVEC: ('STAT', 'ROHR~*~*~*~QMK', Timestamp('2025-09-23 22:00:00'), Timestamp('2025-09-23 22:00:00'))
2025-09-24 17:40:25,021 ; PT3S                                                         ; DEBUG   ; dxWithMx._V3_AGSNVEC: ('STAT', 'ROHR~*~*~*~RHOAV', Timestamp('2025-09-23 22:00:00'), Timestamp('2025-09-23 22:00:00'))
2025-09-24 17:40:25,021 ; PT3S                                                         ; DEBUG   ; dxWithMx._V3_AGSNVEC: ('STAT', 'ROHR~*~*~*~VAV', Timestamp('2025-09-23 22:00:00'), Timestamp('2025-09-23 22:00:00'))
2025-09-24 17:40:25,021 ; PT3S                                                         ; DEBUG   ; dxWithMx._V3_AGSNVEC: ('STAT', 'ROHR~*~*~*~VI', Timestamp('2025-09-23 22:00:00'), Timestamp('2025-09-23 22:00:00'))
2025-09-24 17:40:25,022 ; PT3S                                                         ; DEBUG   ; dxWithMx._V3_AGSNVEC: ('STAT', 'ROHR~*~*~*~VK', Timestamp('2025-09-23 22:00:00'), Timestamp('2025-09-23 22:00:00'))
2025-09-24 17:40:25,022 ; PT3S                                                         ; DEBUG   ; dxWithMx._V3_AGSNVEC: ('STAT', 'ROHR~*~*~*~VOLDA', Timestamp('2025-09-23 22:00:00'), Timestamp('2025-09-23 22:00:00'))
2025-09-24 17:40:25,022 ; PT3S                                                         ; DEBUG   ; dxWithMx._V3_AGSNVEC: ('STAT', 'ROHR~*~*~*~WVL', Timestamp('2025-09-23 22:00:00'), Timestamp('2025-09-23 22:00:00'))
2025-09-24 17:40:25,022 ; PT3S                                                         ; DEBUG   ; dxWithMx._V3_AGSNVEC: ('STAT', 'ROHR~*~*~*~MVEC', Timestamp('2025-09-23 22:00:00'), Timestamp('2025-09-23 22:00:00'))
2025-09-24 17:40:25,022 ; PT3S                                                         ; DEBUG   ; dxWithMx._V3_AGSNVEC: ('STAT', 'ROHR~*~*~*~PVEC', Timestamp('2025-09-23 22:00:00'), Timestamp('2025-09-23 22:00:00'))
2025-09-24 17:40:25,022 ; PT3S                                                         ; DEBUG   ; dxWithMx._V3_AGSNVEC: ('STAT', 'ROHR~*~*~*~PVECMAX_INST', Timestamp('2025-09-23 22:00:00'), Timestamp('2025-09-23 22:00:00'))
2025-09-24 17:40:25,022 ; PT3S                                                         ; DEBUG   ; dxWithMx._V3_AGSNVEC: ('STAT', 'ROHR~*~*~*~PVECMIN_INST', Timestamp('2025-09-23 22:00:00'), Timestamp('2025-09-23 22:00:00'))
2025-09-24 17:40:25,022 ; PT3S                                                         ; DEBUG   ; dxWithMx._V3_AGSNVEC: ('STAT', 'ROHR~*~*~*~RHOVEC', Timestamp('2025-09-23 22:00:00'), Timestamp('2025-09-23 22:00:00'))
2025-09-24 17:40:25,022 ; PT3S                                                         ; DEBUG   ; dxWithMx._V3_AGSNVEC: ('STAT', 'ROHR~*~*~*~TVEC', Timestamp('2025-09-23 22:00:00'), Timestamp('2025-09-23 22:00:00'))
2025-09-24 17:40:25,022 ; PT3S                                                         ; DEBUG   ; dxWithMx._V3_AGSNVEC: ('STAT', 'manPVEC', Timestamp('2025-09-23 22:00:00'), Timestamp('2025-09-23 22:00:00'))
2025-09-24 17:40:25,022 ; PT3S                                                         ; DEBUG   ; dxWithMx._V3_AGSNVEC: ('STAT', 'mlcPVEC', Timestamp('2025-09-23 22:00:00'), Timestamp('2025-09-23 22:00:00'))
2025-09-24 17:40:25,022 ; PT3S                                                         ; DEBUG   ; dxWithMx._V3_AGSNVEC: ('STAT', 'barBzgPVEC', Timestamp('2025-09-23 22:00:00'), Timestamp('2025-09-23 22:00:00'))
2025-09-24 17:40:25,022 ; PT3S                                                         ; DEBUG   ; dxWithMx._V3_AGSNVEC: ('STAT', 'manPVECMAX_INST', Timestamp('2025-09-23 22:00:00'), Timestamp('2025-09-23 22:00:00'))
2025-09-24 17:40:25,022 ; PT3S                                                         ; DEBUG   ; dxWithMx._V3_AGSNVEC: ('STAT', 'mlcPVECMAX_INST', Timestamp('2025-09-23 22:00:00'), Timestamp('2025-09-23 22:00:00'))
2025-09-24 17:40:25,022 ; PT3S                                                         ; DEBUG   ; dxWithMx._V3_AGSNVEC: ('STAT', 'barBzgPVECMAX_INST', Timestamp('2025-09-23 22:00:00'), Timestamp('2025-09-23 22:00:00'))
2025-09-24 17:40:25,022 ; PT3S                                                         ; DEBUG   ; dxWithMx._V3_AGSNVEC: ('STAT', 'manPVECMIN_INST', Timestamp('2025-09-23 22:00:00'), Timestamp('2025-09-23 22:00:00'))
2025-09-24 17:40:25,022 ; PT3S                                                         ; DEBUG   ; dxWithMx._V3_AGSNVEC: ('STAT', 'mlcPVECMIN_INST', Timestamp('2025-09-23 22:00:00'), Timestamp('2025-09-23 22:00:00'))
2025-09-24 17:40:25,022 ; PT3S                                                         ; DEBUG   ; dxWithMx._V3_AGSNVEC: ('STAT', 'barBzgPVECMIN_INST', Timestamp('2025-09-23 22:00:00'), Timestamp('2025-09-23 22:00:00'))
2025-09-24 17:40:25,022 ; PT3S                                                         ; DEBUG   ; dxWithMx._V3_AGSNVEC: ('STAT', 'QMVEC', Timestamp('2025-09-23 22:00:00'), Timestamp('2025-09-23 22:00:00'))
2025-09-24 17:40:25,022 ; PT3S                                                         ; DEBUG   ; dxWithMx._V3_AGSNVEC: ('STAT', 'tMVEC', Timestamp('2025-09-23 22:00:00'), Timestamp('2025-09-23 22:00:00'))
2025-09-24 17:40:25,022 ; PT3S                                                         ; DEBUG   ; dxWithMx._V3_AGSNVEC: str-cols:
2025-09-24 17:40:25,022 ; PT3S                                                         ; DEBUG   ; dxWithMx._V3_AGSNVEC: Pos
2025-09-24 17:40:25,022 ; PT3S                                                         ; DEBUG   ; dxWithMx._V3_AGSNVEC: pk
2025-09-24 17:40:25,022 ; PT3S                                                         ; DEBUG   ; dxWithMx._V3_AGSNVEC: tk
2025-09-24 17:40:25,022 ; PT3S                                                         ; DEBUG   ; dxWithMx._V3_AGSNVEC: LFDNR
2025-09-24 17:40:25,022 ; PT3S                                                         ; DEBUG   ; dxWithMx._V3_AGSNVEC: NAME
2025-09-24 17:40:25,022 ; PT3S                                                         ; DEBUG   ; dxWithMx._V3_AGSNVEC: XL
2025-09-24 17:40:25,022 ; PT3S                                                         ; DEBUG   ; dxWithMx._V3_AGSNVEC: compNr
2025-09-24 17:40:25,022 ; PT3S                                                         ; DEBUG   ; dxWithMx._V3_AGSNVEC: nextNODE
2025-09-24 17:40:25,022 ; PT3S                                                         ; DEBUG   ; dxWithMx._V3_AGSNVEC: OBJTYPE
2025-09-24 17:40:25,022 ; PT3S                                                         ; DEBUG   ; dxWithMx._V3_AGSNVEC: OBJID
2025-09-24 17:40:25,022 ; PT3S                                                         ; DEBUG   ; dxWithMx._V3_AGSNVEC: L
2025-09-24 17:40:25,022 ; PT3S                                                         ; DEBUG   ; dxWithMx._V3_AGSNVEC: DN
2025-09-24 17:40:25,022 ; PT3S                                                         ; DEBUG   ; dxWithMx._V3_AGSNVEC: Am2
2025-09-24 17:40:25,022 ; PT3S                                                         ; DEBUG   ; dxWithMx._V3_AGSNVEC: Vm3
2025-09-24 17:40:25,022 ; PT3S                                                         ; DEBUG   ; dxWithMx._V3_AGSNVEC: NAME_CONT
2025-09-24 17:40:25,022 ; PT3S                                                         ; DEBUG   ; dxWithMx._V3_AGSNVEC: NAME_i
2025-09-24 17:40:25,022 ; PT3S                                                         ; DEBUG   ; dxWithMx._V3_AGSNVEC: NAME_k
2025-09-24 17:40:25,022 ; PT3S                                                         ; DEBUG   ; dxWithMx._V3_AGSNVEC: ZKOR_n
2025-09-24 17:40:25,022 ; PT3S                                                         ; DEBUG   ; dxWithMx._V3_AGSNVEC: BESCHREIBUNG_n
2025-09-24 17:40:25,022 ; PT3S                                                         ; DEBUG   ; dxWithMx._V3_AGSNVEC: KVR_n
2025-09-24 17:40:25,022 ; PT3S                                                         ; DEBUG   ; dxWithMx._V3_AGSNVEC: LSum
2025-09-24 17:40:25,022 ; PT3S                                                         ; DEBUG   ; dxWithMx._V3_AGSNVEC: direction
2025-09-24 17:40:25,022 ; PT3S                                                         ; DEBUG   ; dxWithMx._V3_AGSNVEC: ('STAT', 'QM', Timestamp('2025-09-23 22:00:00'), Timestamp('2025-09-23 22:00:00'))
2025-09-24 17:40:25,022 ; PT3S                                                         ; DEBUG   ; dxWithMx._V3_AGSNVEC: QM
2025-09-24 17:40:25,022 ; PT3S                                                         ; DEBUG   ; dxWithMx._V3_AGSNVEC: ('STAT', 'KNOT~*~*~*~PH', Timestamp('2025-09-23 22:00:00'), Timestamp('2025-09-23 22:00:00'))_n
2025-09-24 17:40:25,022 ; PT3S                                                         ; DEBUG   ; dxWithMx._V3_AGSNVEC: ('STAT', 'KNOT~*~*~*~H', Timestamp('2025-09-23 22:00:00'), Timestamp('2025-09-23 22:00:00'))_n
2025-09-24 17:40:25,022 ; PT3S                                                         ; DEBUG   ; dxWithMx._V3_AGSNVEC: ('STAT', 'KNOT~*~*~*~T', Timestamp('2025-09-23 22:00:00'), Timestamp('2025-09-23 22:00:00'))_n
2025-09-24 17:40:25,022 ; PT3S                                                         ; DEBUG   ; dxWithMx._V3_AGSNVEC: ('STAT', 'KNOT~*~*~*~RHO', Timestamp('2025-09-23 22:00:00'), Timestamp('2025-09-23 22:00:00'))_n
2025-09-24 17:40:25,022 ; PT3S                                                         ; DEBUG   ; dxWithMx._V3_AGSNVEC: PH_n
2025-09-24 17:40:25,022 ; PT3S                                                         ; DEBUG   ; dxWithMx._V3_AGSNVEC: T_n
2025-09-24 17:40:25,022 ; PT3S                                                         ; DEBUG   ; dxWithMx._V3_AGSNVEC: H_n
2025-09-24 17:40:25,022 ; PT3S                                                         ; DEBUG   ; dxWithMx._V3_AGSNVEC: RHO_n
2025-09-24 17:40:25,022 ; PT3S                                                         ; DEBUG   ; dxWithMx._V3_AGSNVEC: mlc_n
2025-09-24 17:40:25,022 ; PT3S                                                         ; DEBUG   ; dxWithMx._V3_AGSNVEC: ('STAT', 'mlc', Timestamp('2025-09-23 22:00:00'), Timestamp('2025-09-23 22:00:00'))_n
2025-09-24 17:40:25,022 ; PT3S                                                         ; DEBUG   ; dxWithMx._V3_AGSNVEC: pk_ROHRVEC
2025-09-24 17:40:25,022 ; PT3S                                                         ; DEBUG   ; dxWithMx._V3_AGSNVEC: fkDE
2025-09-24 17:40:25,022 ; PT3S                                                         ; DEBUG   ; dxWithMx._V3_AGSNVEC: rk
2025-09-24 17:40:25,022 ; PT3S                                                         ; DEBUG   ; dxWithMx._V3_AGSNVEC: tk_ROHRVEC
2025-09-24 17:40:25,022 ; PT3S                                                         ; DEBUG   ; dxWithMx._V3_AGSNVEC: fkKI
2025-09-24 17:40:25,022 ; PT3S                                                         ; DEBUG   ; dxWithMx._V3_AGSNVEC: fkKK
2025-09-24 17:40:25,022 ; PT3S                                                         ; DEBUG   ; dxWithMx._V3_AGSNVEC: fkDTRO_ROWD
2025-09-24 17:40:25,022 ; PT3S                                                         ; DEBUG   ; dxWithMx._V3_AGSNVEC: fkLTGR
2025-09-24 17:40:25,022 ; PT3S                                                         ; DEBUG   ; dxWithMx._V3_AGSNVEC: fkSTRASSE
2025-09-24 17:40:25,022 ; PT3S                                                         ; DEBUG   ; dxWithMx._V3_AGSNVEC: L_ROHRVEC
2025-09-24 17:40:25,022 ; PT3S                                                         ; DEBUG   ; dxWithMx._V3_AGSNVEC: LZU
2025-09-24 17:40:25,022 ; PT3S                                                         ; DEBUG   ; dxWithMx._V3_AGSNVEC: RAU
2025-09-24 17:40:25,022 ; PT3S                                                         ; DEBUG   ; dxWithMx._V3_AGSNVEC: JLAMBS
2025-09-24 17:40:25,022 ; PT3S                                                         ; DEBUG   ; dxWithMx._V3_AGSNVEC: LAMBDA0
2025-09-24 17:40:25,022 ; PT3S                                                         ; DEBUG   ; dxWithMx._V3_AGSNVEC: ZEIN
2025-09-24 17:40:25,022 ; PT3S                                                         ; DEBUG   ; dxWithMx._V3_AGSNVEC: ZAUS
2025-09-24 17:40:25,022 ; PT3S                                                         ; DEBUG   ; dxWithMx._V3_AGSNVEC: ZUML
2025-09-24 17:40:25,022 ; PT3S                                                         ; DEBUG   ; dxWithMx._V3_AGSNVEC: ASOLL
2025-09-24 17:40:25,022 ; PT3S                                                         ; DEBUG   ; dxWithMx._V3_AGSNVEC: INDSCHALL
2025-09-24 17:40:25,022 ; PT3S                                                         ; DEBUG   ; dxWithMx._V3_AGSNVEC: BAUJAHR
2025-09-24 17:40:25,022 ; PT3S                                                         ; DEBUG   ; dxWithMx._V3_AGSNVEC: HAL
2025-09-24 17:40:25,022 ; PT3S                                                         ; DEBUG   ; dxWithMx._V3_AGSNVEC: fkCONT
2025-09-24 17:40:25,022 ; PT3S                                                         ; DEBUG   ; dxWithMx._V3_AGSNVEC: fk2LROHR
2025-09-24 17:40:25,022 ; PT3S                                                         ; DEBUG   ; dxWithMx._V3_AGSNVEC: BESCHREIBUNG
2025-09-24 17:40:25,022 ; PT3S                                                         ; DEBUG   ; dxWithMx._V3_AGSNVEC: GEOMWKB
2025-09-24 17:40:25,022 ; PT3S                                                         ; DEBUG   ; dxWithMx._V3_AGSNVEC: DELETED
2025-09-24 17:40:25,022 ; PT3S                                                         ; DEBUG   ; dxWithMx._V3_AGSNVEC: SELECT1
2025-09-24 17:40:25,022 ; PT3S                                                         ; DEBUG   ; dxWithMx._V3_AGSNVEC: IDREFERENZ
2025-09-24 17:40:25,022 ; PT3S                                                         ; DEBUG   ; dxWithMx._V3_AGSNVEC: KENNUNG
2025-09-24 17:40:25,022 ; PT3S                                                         ; DEBUG   ; dxWithMx._V3_AGSNVEC: IPLANUNG
2025-09-24 17:40:25,022 ; PT3S                                                         ; DEBUG   ; dxWithMx._V3_AGSNVEC: KVR
2025-09-24 17:40:25,022 ; PT3S                                                         ; DEBUG   ; dxWithMx._V3_AGSNVEC: pk_BZ
2025-09-24 17:40:25,022 ; PT3S                                                         ; DEBUG   ; dxWithMx._V3_AGSNVEC: fkDE_BZ
2025-09-24 17:40:25,022 ; PT3S                                                         ; DEBUG   ; dxWithMx._V3_AGSNVEC: fk
2025-09-24 17:40:25,022 ; PT3S                                                         ; DEBUG   ; dxWithMx._V3_AGSNVEC: QSVB
2025-09-24 17:40:25,022 ; PT3S                                                         ; DEBUG   ; dxWithMx._V3_AGSNVEC: IRTRENN
2025-09-24 17:40:25,022 ; PT3S                                                         ; DEBUG   ; dxWithMx._V3_AGSNVEC: LECKSTATUS
2025-09-24 17:40:25,022 ; PT3S                                                         ; DEBUG   ; dxWithMx._V3_AGSNVEC: LECKSTART
2025-09-24 17:40:25,035 ; PT3S                                                         ; DEBUG   ; dxWithMx._V3_AGSNVEC: LECKEND
2025-09-24 17:40:25,035 ; PT3S                                                         ; DEBUG   ; dxWithMx._V3_AGSNVEC: LECKORT
2025-09-24 17:40:25,035 ; PT3S                                                         ; DEBUG   ; dxWithMx._V3_AGSNVEC: LECKMENGE
2025-09-24 17:40:25,036 ; PT3S                                                         ; DEBUG   ; dxWithMx._V3_AGSNVEC: IMPTNZ
2025-09-24 17:40:25,036 ; PT3S                                                         ; DEBUG   ; dxWithMx._V3_AGSNVEC: ZVLIMPTNZ
2025-09-24 17:40:25,036 ; PT3S                                                         ; DEBUG   ; dxWithMx._V3_AGSNVEC: KANTENZV
2025-09-24 17:40:25,036 ; PT3S                                                         ; DEBUG   ; dxWithMx._V3_AGSNVEC: GEOM
2025-09-24 17:40:25,036 ; PT3S                                                         ; DEBUG   ; dxWithMx._V3_AGSNVEC: GRAF
2025-09-24 17:40:25,036 ; PT3S                                                         ; DEBUG   ; dxWithMx._V3_AGSNVEC: MId
2025-09-24 17:40:25,036 ; PT3S                                                         ; DEBUG   ; dxWithMx._V3_AGSNVEC: MText
2025-09-24 17:40:25,036 ; PT3S                                                         ; DEBUG   ; dxWithMx._V3_AGSNVEC: Basis
2025-09-24 17:40:25,036 ; PT3S                                                         ; DEBUG   ; dxWithMx._V3_AGSNVEC: Variante
2025-09-24 17:40:25,036 ; PT3S                                                         ; DEBUG   ; dxWithMx._V3_AGSNVEC: BZ
2025-09-24 17:40:25,038 ; PT3S                                                         ; DEBUG   ; dxWithMx._V3_AGSNVEC: Geaendert
2025-09-24 17:40:25,038 ; PT3S                                                         ; DEBUG   ; dxWithMx._V3_AGSNVEC: Erstellt
2025-09-24 17:40:25,038 ; PT3S                                                         ; DEBUG   ; dxWithMx._V3_AGSNVEC: pk_VMBZ
2025-09-24 17:40:25,038 ; PT3S                                                         ; DEBUG   ; dxWithMx._V3_AGSNVEC: fkBASIS
2025-09-24 17:40:25,038 ; PT3S                                                         ; DEBUG   ; dxWithMx._V3_AGSNVEC: fkVARIANTE
2025-09-24 17:40:25,038 ; PT3S                                                         ; DEBUG   ; dxWithMx._V3_AGSNVEC: fkBZ
2025-09-24 17:40:25,038 ; PT3S                                                         ; DEBUG   ; dxWithMx._V3_AGSNVEC: MZ
2025-09-24 17:40:25,038 ; PT3S                                                         ; DEBUG   ; dxWithMx._V3_AGSNVEC: MT
2025-09-24 17:40:25,038 ; PT3S                                                         ; DEBUG   ; dxWithMx._V3_AGSNVEC: pk_CONT
2025-09-24 17:40:25,038 ; PT3S                                                         ; DEBUG   ; dxWithMx._V3_AGSNVEC: fkDE_CONT
2025-09-24 17:40:25,038 ; PT3S                                                         ; DEBUG   ; dxWithMx._V3_AGSNVEC: rk_CONT
2025-09-24 17:40:25,038 ; PT3S                                                         ; DEBUG   ; dxWithMx._V3_AGSNVEC: tk_CONT
2025-09-24 17:40:25,038 ; PT3S                                                         ; DEBUG   ; dxWithMx._V3_AGSNVEC: ID_CONT
2025-09-24 17:40:25,038 ; PT3S                                                         ; DEBUG   ; dxWithMx._V3_AGSNVEC: NAME_CONT_ROHRVEC
2025-09-24 17:40:25,038 ; PT3S                                                         ; DEBUG   ; dxWithMx._V3_AGSNVEC: IDPARENT_CONT
2025-09-24 17:40:25,038 ; PT3S                                                         ; DEBUG   ; dxWithMx._V3_AGSNVEC: rkPARENT_CONT
2025-09-24 17:40:25,038 ; PT3S                                                         ; DEBUG   ; dxWithMx._V3_AGSNVEC: LFDNR_CONT
2025-09-24 17:40:25,038 ; PT3S                                                         ; DEBUG   ; dxWithMx._V3_AGSNVEC: GRAF_CONT
2025-09-24 17:40:25,038 ; PT3S                                                         ; DEBUG   ; dxWithMx._V3_AGSNVEC: FONT_CONT
2025-09-24 17:40:25,038 ; PT3S                                                         ; DEBUG   ; dxWithMx._V3_AGSNVEC: GEOM_CONT
2025-09-24 17:40:25,038 ; PT3S                                                         ; DEBUG   ; dxWithMx._V3_AGSNVEC: DELETED_CONT
2025-09-24 17:40:25,038 ; PT3S                                                         ; DEBUG   ; dxWithMx._V3_AGSNVEC: SELECT1_CONT
2025-09-24 17:40:25,038 ; PT3S                                                         ; DEBUG   ; dxWithMx._V3_AGSNVEC: IDREFERENZ_CONT
2025-09-24 17:40:25,038 ; PT3S                                                         ; DEBUG   ; dxWithMx._V3_AGSNVEC: NAME_DTRO
2025-09-24 17:40:25,038 ; PT3S                                                         ; DEBUG   ; dxWithMx._V3_AGSNVEC: DN_ROHRVEC
2025-09-24 17:40:25,038 ; PT3S                                                         ; DEBUG   ; dxWithMx._V3_AGSNVEC: DI
2025-09-24 17:40:25,038 ; PT3S                                                         ; DEBUG   ; dxWithMx._V3_AGSNVEC: DA
2025-09-24 17:40:25,038 ; PT3S                                                         ; DEBUG   ; dxWithMx._V3_AGSNVEC: S
2025-09-24 17:40:25,038 ; PT3S                                                         ; DEBUG   ; dxWithMx._V3_AGSNVEC: KT
2025-09-24 17:40:25,038 ; PT3S                                                         ; DEBUG   ; dxWithMx._V3_AGSNVEC: PN
2025-09-24 17:40:25,038 ; PT3S                                                         ; DEBUG   ; dxWithMx._V3_AGSNVEC: Am2_ROHRVEC
2025-09-24 17:40:25,038 ; PT3S                                                         ; DEBUG   ; dxWithMx._V3_AGSNVEC: Vm3_ROHRVEC
2025-09-24 17:40:25,038 ; PT3S                                                         ; DEBUG   ; dxWithMx._V3_AGSNVEC: NAME_LTGR
2025-09-24 17:40:25,038 ; PT3S                                                         ; DEBUG   ; dxWithMx._V3_AGSNVEC: NAME_STRASSE
2025-09-24 17:40:25,038 ; PT3S                                                         ; DEBUG   ; dxWithMx._V3_AGSNVEC: tk_i
2025-09-24 17:40:25,038 ; PT3S                                                         ; DEBUG   ; dxWithMx._V3_AGSNVEC: NAME_i_ROHRVEC
2025-09-24 17:40:25,038 ; PT3S                                                         ; DEBUG   ; dxWithMx._V3_AGSNVEC: tk_k
2025-09-24 17:40:25,038 ; PT3S                                                         ; DEBUG   ; dxWithMx._V3_AGSNVEC: NAME_k_ROHRVEC
2025-09-24 17:40:25,038 ; PT3S                                                         ; DEBUG   ; dxWithMx._V3_AGSNVEC: mx2NofPts
2025-09-24 17:40:25,038 ; PT3S                                                         ; DEBUG   ; dxWithMx._V3_AGSNVEC: dL
2025-09-24 17:40:25,038 ; PT3S                                                         ; DEBUG   ; dxWithMx._V3_AGSNVEC: mx2Idx
2025-09-24 17:40:25,038 ; PT3S                                                         ; DEBUG   ; dxWithMx._V3_AGSNVEC: ('STAT', 'KNOT~*~*~*~PH', Timestamp('2025-09-23 22:00:00'), Timestamp('2025-09-23 22:00:00'))_i
2025-09-24 17:40:25,038 ; PT3S                                                         ; DEBUG   ; dxWithMx._V3_AGSNVEC: ('STAT', 'KNOT~*~*~*~H', Timestamp('2025-09-23 22:00:00'), Timestamp('2025-09-23 22:00:00'))_i
2025-09-24 17:40:25,038 ; PT3S                                                         ; DEBUG   ; dxWithMx._V3_AGSNVEC: ('STAT', 'KNOT~*~*~*~T', Timestamp('2025-09-23 22:00:00'), Timestamp('2025-09-23 22:00:00'))_i
2025-09-24 17:40:25,038 ; PT3S                                                         ; DEBUG   ; dxWithMx._V3_AGSNVEC: ('STAT', 'KNOT~*~*~*~RHO', Timestamp('2025-09-23 22:00:00'), Timestamp('2025-09-23 22:00:00'))_i
2025-09-24 17:40:25,038 ; PT3S                                                         ; DEBUG   ; dxWithMx._V3_AGSNVEC: ('STAT', 'KNOT~*~*~*~PH', Timestamp('2025-09-23 22:00:00'), Timestamp('2025-09-23 22:00:00'))_k
2025-09-24 17:40:25,038 ; PT3S                                                         ; DEBUG   ; dxWithMx._V3_AGSNVEC: ('STAT', 'KNOT~*~*~*~H', Timestamp('2025-09-23 22:00:00'), Timestamp('2025-09-23 22:00:00'))_k
2025-09-24 17:40:25,038 ; PT3S                                                         ; DEBUG   ; dxWithMx._V3_AGSNVEC: ('STAT', 'KNOT~*~*~*~T', Timestamp('2025-09-23 22:00:00'), Timestamp('2025-09-23 22:00:00'))_k
2025-09-24 17:40:25,038 ; PT3S                                                         ; DEBUG   ; dxWithMx._V3_AGSNVEC: ('STAT', 'KNOT~*~*~*~RHO', Timestamp('2025-09-23 22:00:00'), Timestamp('2025-09-23 22:00:00'))_k
2025-09-24 17:40:25,038 ; PT3S                                                         ; DEBUG   ; dxWithMx._V3_AGSNVEC: QMAVAbs
2025-09-24 17:40:25,038 ; PT3S                                                         ; DEBUG   ; dxWithMx._V3_AGSNVEC: VAVAbs
2025-09-24 17:40:25,038 ; PT3S                                                         ; DEBUG   ; dxWithMx._V3_AGSNVEC: PHRAbs
2025-09-24 17:40:25,038 ; PT3S                                                         ; DEBUG   ; dxWithMx._V3_AGSNVEC: JVAbs
2025-09-24 17:40:25,038 ; PT3S                                                         ; DEBUG   ; dxWithMx._V3_AGSNVEC: LAMBDA
2025-09-24 17:40:25,038 ; PT3S                                                         ; DEBUG   ; dxWithMx._V3_AGSNVEC: IptIdx
2025-09-24 17:40:25,038 ; PT3S                                                         ; DEBUG   ; dxWithMx._V3_AGSNVEC: SVEC
2025-09-24 17:40:25,038 ; PT3S                                                         ; DEBUG   ; dxWithMx._V3_AGSNVEC: IptIdxAsNo
2025-09-24 17:40:25,038 ; PT3S                                                         ; DEBUG   ; dxWithMx._V3_AGSNVEC: ZVEC
2025-09-24 17:40:25,038 ; PT3S                                                         ; DEBUG   ; dxWithMx._V3_AGSNVEC: _Done.
2025-09-24 17:40:25,038 ; PT3S                                                         ; DEBUG   ; dxWithMx.__init__: _Done.
2025-09-24 17:40:25,038 ; PT3S                                                         ; DEBUG   ; PT3S.dxAndMxHelperFcts.readDxAndMx: _Done.
mp('2025-09-23 22:00:00'), Timestamp('2025-09-23 22:00:00'))
dxWithMx._V3_AGSNVEC_mapExistingColWithVecResults: _Done.
dxWithMx._V3_AGSNVEC: IDQM=5.0 (t/h). tMVEC wird verwendet fuer das Mapping in VBEL-QM.
dxWithMx._V3_AGSNVEC_mapExistingColWithVecResults: Start.
mapping QM with ('STAT', 'tMVEC', Timestamp('2025-09-23 22:00:00'), Timestamp('2025-09-23 22:00:00'))
dxWithMx._V3_AGSNVEC_mapExistingColWithVecResults: _Done.
dxWithMx._V3_AGSNVEC: tuple-cols vor min, max, end:
dxWithMx._V3_AGSNVEC: ('STAT', 'ROHR~*~*~*~ETAAV', Timestamp('2025-09-23 22:00:00'), Timestamp('2025-09-23 22:00:00'))
dxWithMx._V3_AGSNVEC: ('STAT', 'ROHR~*~*~*~IAKTIV', Timestamp('2025-09-23 22:00:00'), Timestamp('2025-09-23 22:00:00'))
dxWithMx._V3_AGSNVEC: ('STAT', 'ROHR~*~*~*~IRTRENN', Timestamp('2025-09-23 22:00:00'), Timestamp('2025-09-23 22:00:00'))
dxWithMx._V3_AGSNVEC: ('STAT', 'ROHR~*~*~*~JV', Timestamp('2025-09-23 22:00:00'), Timestamp('2025-09-23 22:00:00'))
dxWithMx._V3_AGSNVEC: ('STAT', 'ROHR~*~*~*~LAMBDA', Timestamp('2025-09-23 22:00:00'), Timestamp('2025-09-23 22:00:00'))
dxWithMx._V3_AGSNVEC: ('STAT', 'ROHR~*~*~*~LECKEINAUS', Timestamp('2025-09-23 22:00:00'), Timestamp('2025-09-23 22:00:00'))
dxWithMx._V3_AGSNVEC: ('STAT', 'ROHR~*~*~*~LECKMENGE', Timestamp('2025-09-23 22:00:00'), Timestamp('2025-09-23 22:00:00'))
dxWithMx._V3_AGSNVEC: ('STAT', 'ROHR~*~*~*~LECKORT', Timestamp('2025-09-23 22:00:00'), Timestamp('2025-09-23 22:00:00'))
dxWithMx._V3_AGSNVEC: ('STAT', 'ROHR~*~*~*~PDAMPF', Timestamp('2025-09-23 22:00:00'), Timestamp('2025-09-23 22:00:00'))
dxWithMx._V3_AGSNVEC: ('STAT', 'ROHR~*~*~*~PHR', Timestamp('2025-09-23 22:00:00'), Timestamp('2025-09-23 22:00:00'))
dxWithMx._V3_AGSNVEC: ('STAT', 'ROHR~*~*~*~PMIN', Timestamp('2025-09-23 22:00:00'), Timestamp('2025-09-23 22:00:00'))
dxWithMx._V3_AGSNVEC: ('STAT', 'ROHR~*~*~*~QI2', Timestamp('2025-09-23 22:00:00'), Timestamp('2025-09-23 22:00:00'))
dxWithMx._V3_AGSNVEC: ('STAT', 'ROHR~*~*~*~QK2', Timestamp('2025-09-23 22:00:00'), Timestamp('2025-09-23 22:00:00'))
dxWithMx._V3_AGSNVEC: ('STAT', 'ROHR~*~*~*~QMAV', Timestamp('2025-09-23 22:00:00'), Timestamp('2025-09-23 22:00:00'))
dxWithMx._V3_AGSNVEC: ('STAT', 'ROHR~*~*~*~QMI', Timestamp('2025-09-23 22:00:00'), Timestamp('2025-09-23 22:00:00'))
dxWithMx._V3_AGSNVEC: ('STAT', 'ROHR~*~*~*~QMK', Timestamp('2025-09-23 22:00:00'), Timestamp('2025-09-23 22:00:00'))
dxWithMx._V3_AGSNVEC: ('STAT', 'ROHR~*~*~*~RHOAV', Timestamp('2025-09-23 22:00:00'), Timestamp('2025-09-23 22:00:00'))
dxWithMx._V3_AGSNVEC: ('STAT', 'ROHR~*~*~*~VAV', Timestamp('2025-09-23 22:00:00'), Timestamp('2025-09-23 22:00:00'))
dxWithMx._V3_AGSNVEC: ('STAT', 'ROHR~*~*~*~VI', Timestamp('2025-09-23 22:00:00'), Timestamp('2025-09-23 22:00:00'))
dxWithMx._V3_AGSNVEC: ('STAT', 'ROHR~*~*~*~VK', Timestamp('2025-09-23 22:00:00'), Timestamp('2025-09-23 22:00:00'))
dxWithMx._V3_AGSNVEC: ('STAT', 'ROHR~*~*~*~VOLDA', Timestamp('2025-09-23 22:00:00'), Timestamp('2025-09-23 22:00:00'))
dxWithMx._V3_AGSNVEC: ('STAT', 'ROHR~*~*~*~WVL', Timestamp('2025-09-23 22:00:00'), Timestamp('2025-09-23 22:00:00'))
dxWithMx._V3_AGSNVEC: ('STAT', 'ROHR~*~*~*~MVEC', Timestamp('2025-09-23 22:00:00'), Timestamp('2025-09-23 22:00:00'))
dxWithMx._V3_AGSNVEC: ('STAT', 'ROHR~*~*~*~PVEC', Timestamp('2025-09-23 22:00:00'), Timestamp('2025-09-23 22:00:00'))
dxWithMx._V3_AGSNVEC: ('STAT', 'ROHR~*~*~*~PVECMAX_INST', Timestamp('2025-09-23 22:00:00'), Timestamp('2025-09-23 22:00:00'))
dxWithMx._V3_AGSNVEC: ('STAT', 'ROHR~*~*~*~PVECMIN_INST', Timestamp('2025-09-23 22:00:00'), Timestamp('2025-09-23 22:00:00'))
dxWithMx._V3_AGSNVEC: ('STAT', 'ROHR~*~*~*~RHOVEC', Timestamp('2025-09-23 22:00:00'), Timestamp('2025-09-23 22:00:00'))
dxWithMx._V3_AGSNVEC: ('STAT', 'ROHR~*~*~*~TVEC', Timestamp('2025-09-23 22:00:00'), Timestamp('2025-09-23 22:00:00'))
dxWithMx._V3_AGSNVEC: ('STAT', 'manPVEC', Timestamp('2025-09-23 22:00:00'), Timestamp('2025-09-23 22:00:00'))
dxWithMx._V3_AGSNVEC: ('STAT', 'mlcPVEC', Timestamp('2025-09-23 22:00:00'), Timestamp('2025-09-23 22:00:00'))
dxWithMx._V3_AGSNVEC: ('STAT', 'barBzgPVEC', Timestamp('2025-09-23 22:00:00'), Timestamp('2025-09-23 22:00:00'))
dxWithMx._V3_AGSNVEC: ('STAT', 'manPVECMAX_INST', Timestamp('2025-09-23 22:00:00'), Timestamp('2025-09-23 22:00:00'))
dxWithMx._V3_AGSNVEC: ('STAT', 'mlcPVECMAX_INST', Timestamp('2025-09-23 22:00:00'), Timestamp('2025-09-23 22:00:00'))
dxWithMx._V3_AGSNVEC: ('STAT', 'barBzgPVECMAX_INST', Timestamp('2025-09-23 22:00:00'), Timestamp('2025-09-23 22:00:00'))
dxWithMx._V3_AGSNVEC: ('STAT', 'manPVECMIN_INST', Timestamp('2025-09-23 22:00:00'), Timestamp('2025-09-23 22:00:00'))
dxWithMx._V3_AGSNVEC: ('STAT', 'mlcPVECMIN_INST', Timestamp('2025-09-23 22:00:00'), Timestamp('2025-09-23 22:00:00'))
dxWithMx._V3_AGSNVEC: ('STAT', 'barBzgPVECMIN_INST', Timestamp('2025-09-23 22:00:00'), Timestamp('2025-09-23 22:00:00'))
dxWithMx._V3_AGSNVEC: ('STAT', 'QMVEC', Timestamp('2025-09-23 22:00:00'), Timestamp('2025-09-23 22:00:00'))
dxWithMx._V3_AGSNVEC: ('STAT', 'tMVEC', Timestamp('2025-09-23 22:00:00'), Timestamp('2025-09-23 22:00:00'))
dxWithMx._V3_AGSNVEC: str-cols vor min, max, end:
dxWithMx._V3_AGSNVEC: Pos
dxWithMx._V3_AGSNVEC: pk
dxWithMx._V3_AGSNVEC: tk
dxWithMx._V3_AGSNVEC: LFDNR
dxWithMx._V3_AGSNVEC: NAME
dxWithMx._V3_AGSNVEC: XL
dxWithMx._V3_AGSNVEC: compNr
dxWithMx._V3_AGSNVEC: nextNODE
dxWithMx._V3_AGSNVEC: OBJTYPE
dxWithMx._V3_AGSNVEC: OBJID
dxWithMx._V3_AGSNVEC: L
dxWithMx._V3_AGSNVEC: DN
dxWithMx._V3_AGSNVEC: Am2
dxWithMx._V3_AGSNVEC: Vm3
dxWithMx._V3_AGSNVEC: NAME_CONT
dxWithMx._V3_AGSNVEC: NAME_i
dxWithMx._V3_AGSNVEC: NAME_k
dxWithMx._V3_AGSNVEC: ZKOR_n
dxWithMx._V3_AGSNVEC: BESCHREIBUNG_n
dxWithMx._V3_AGSNVEC: KVR_n
dxWithMx._V3_AGSNVEC: LSum
dxWithMx._V3_AGSNVEC: direction
dxWithMx._V3_AGSNVEC: ('STAT', 'QM', Timestamp('2025-09-23 22:00:00'), Timestamp('2025-09-23 22:00:00'))
dxWithMx._V3_AGSNVEC: QM
dxWithMx._V3_AGSNVEC: ('STAT', 'KNOT~*~*~*~PH', Timestamp('2025-09-23 22:00:00'), Timestamp('2025-09-23 22:00:00'))_n
dxWithMx._V3_AGSNVEC: ('STAT', 'KNOT~*~*~*~H', Timestamp('2025-09-23 22:00:00'), Timestamp('2025-09-23 22:00:00'))_n
dxWithMx._V3_AGSNVEC: ('STAT', 'KNOT~*~*~*~T', Timestamp('2025-09-23 22:00:00'), Timestamp('2025-09-23 22:00:00'))_n
dxWithMx._V3_AGSNVEC: ('STAT', 'KNOT~*~*~*~RHO', Timestamp('2025-09-23 22:00:00'), Timestamp('2025-09-23 22:00:00'))_n
dxWithMx._V3_AGSNVEC: PH_n
dxWithMx._V3_AGSNVEC: T_n
dxWithMx._V3_AGSNVEC: H_n
dxWithMx._V3_AGSNVEC: RHO_n
dxWithMx._V3_AGSNVEC: mlc_n
dxWithMx._V3_AGSNVEC: ('STAT', 'mlc', Timestamp('2025-09-23 22:00:00'), Timestamp('2025-09-23 22:00:00'))_n
dxWithMx._V3_AGSNVEC: pk_ROHRVEC
dxWithMx._V3_AGSNVEC: fkDE
dxWithMx._V3_AGSNVEC: rk
dxWithMx._V3_AGSNVEC: tk_ROHRVEC
dxWithMx._V3_AGSNVEC: fkKI
dxWithMx._V3_AGSNVEC: fkKK
dxWithMx._V3_AGSNVEC: fkDTRO_ROWD
dxWithMx._V3_AGSNVEC: fkLTGR
dxWithMx._V3_AGSNVEC: fkSTRASSE
dxWithMx._V3_AGSNVEC: L_ROHRVEC
dxWithMx._V3_AGSNVEC: LZU
dxWithMx._V3_AGSNVEC: RAU
dxWithMx._V3_AGSNVEC: JLAMBS
dxWithMx._V3_AGSNVEC: LAMBDA0
dxWithMx._V3_AGSNVEC: ZEIN
dxWithMx._V3_AGSNVEC: ZAUS
dxWithMx._V3_AGSNVEC: ZUML
dxWithMx._V3_AGSNVEC: ASOLL
dxWithMx._V3_AGSNVEC: INDSCHALL
dxWithMx._V3_AGSNVEC: BAUJAHR
dxWithMx._V3_AGSNVEC: HAL
dxWithMx._V3_AGSNVEC: fkCONT
dxWithMx._V3_AGSNVEC: fk2LROHR
dxWithMx._V3_AGSNVEC: BESCHREIBUNG
dxWithMx._V3_AGSNVEC: GEOMWKB
dxWithMx._V3_AGSNVEC: DELETED
dxWithMx._V3_AGSNVEC: SELECT1
dxWithMx._V3_AGSNVEC: IDREFERENZ
dxWithMx._V3_AGSNVEC: KENNUNG
dxWithMx._V3_AGSNVEC: IPLANUNG
dxWithMx._V3_AGSNVEC: KVR
dxWithMx._V3_AGSNVEC: pk_BZ
dxWithMx._V3_AGSNVEC: fkDE_BZ
dxWithMx._V3_AGSNVEC: fk
dxWithMx._V3_AGSNVEC: QSVB
dxWithMx._V3_AGSNVEC: IRTRENN
dxWithMx._V3_AGSNVEC: LECKSTATUS
dxWithMx._V3_AGSNVEC: LECKSTART
dxWithMx._V3_AGSNVEC: LECKEND
dxWithMx._V3_AGSNVEC: LECKORT
dxWithMx._V3_AGSNVEC: LECKMENGE
dxWithMx._V3_AGSNVEC: IMPTNZ
dxWithMx._V3_AGSNVEC: ZVLIMPTNZ
dxWithMx._V3_AGSNVEC: KANTENZV
dxWithMx._V3_AGSNVEC: GEOM
dxWithMx._V3_AGSNVEC: GRAF
dxWithMx._V3_AGSNVEC: MId
dxWithMx._V3_AGSNVEC: MText
dxWithMx._V3_AGSNVEC: Basis
dxWithMx._V3_AGSNVEC: Variante
dxWithMx._V3_AGSNVEC: BZ
dxWithMx._V3_AGSNVEC: Geaendert
dxWithMx._V3_AGSNVEC: Erstellt
dxWithMx._V3_AGSNVEC: pk_VMBZ
dxWithMx._V3_AGSNVEC: fkBASIS
dxWithMx._V3_AGSNVEC: fkVARIANTE
dxWithMx._V3_AGSNVEC: fkBZ
dxWithMx._V3_AGSNVEC: MZ
dxWithMx._V3_AGSNVEC: MT
dxWithMx._V3_AGSNVEC: pk_CONT
dxWithMx._V3_AGSNVEC: fkDE_CONT
dxWithMx._V3_AGSNVEC: rk_CONT
dxWithMx._V3_AGSNVEC: tk_CONT
dxWithMx._V3_AGSNVEC: ID_CONT
dxWithMx._V3_AGSNVEC: NAME_CONT_ROHRVEC
dxWithMx._V3_AGSNVEC: IDPARENT_CONT
dxWithMx._V3_AGSNVEC: rkPARENT_CONT
dxWithMx._V3_AGSNVEC: LFDNR_CONT
dxWithMx._V3_AGSNVEC: GRAF_CONT
dxWithMx._V3_AGSNVEC: FONT_CONT
dxWithMx._V3_AGSNVEC: GEOM_CONT
dxWithMx._V3_AGSNVEC: DELETED_CONT
dxWithMx._V3_AGSNVEC: SELECT1_CONT
dxWithMx._V3_AGSNVEC: IDREFERENZ_CONT
dxWithMx._V3_AGSNVEC: NAME_DTRO
dxWithMx._V3_AGSNVEC: DN_ROHRVEC
dxWithMx._V3_AGSNVEC: DI
dxWithMx._V3_AGSNVEC: DA
dxWithMx._V3_AGSNVEC: S
dxWithMx._V3_AGSNVEC: KT
dxWithMx._V3_AGSNVEC: PN
dxWithMx._V3_AGSNVEC: Am2_ROHRVEC
dxWithMx._V3_AGSNVEC: Vm3_ROHRVEC
dxWithMx._V3_AGSNVEC: NAME_LTGR
dxWithMx._V3_AGSNVEC: NAME_STRASSE
dxWithMx._V3_AGSNVEC: tk_i
dxWithMx._V3_AGSNVEC: NAME_i_ROHRVEC
dxWithMx._V3_AGSNVEC: tk_k
dxWithMx._V3_AGSNVEC: NAME_k_ROHRVEC
dxWithMx._V3_AGSNVEC: mx2NofPts
dxWithMx._V3_AGSNVEC: dL
dxWithMx._V3_AGSNVEC: mx2Idx
dxWithMx._V3_AGSNVEC: ('STAT', 'KNOT~*~*~*~PH', Timestamp('2025-09-23 22:00:00'), Timestamp('2025-09-23 22:00:00'))_i
dxWithMx._V3_AGSNVEC: ('STAT', 'KNOT~*~*~*~H', Timestamp('2025-09-23 22:00:00'), Timestamp('2025-09-23 22:00:00'))_i
dxWithMx._V3_AGSNVEC: ('STAT', 'KNOT~*~*~*~T', Timestamp('2025-09-23 22:00:00'), Timestamp('2025-09-23 22:00:00'))_i
dxWithMx._V3_AGSNVEC: ('STAT', 'KNOT~*~*~*~RHO', Timestamp('2025-09-23 22:00:00'), Timestamp('2025-09-23 22:00:00'))_i
dxWithMx._V3_AGSNVEC: ('STAT', 'KNOT~*~*~*~PH', Timestamp('2025-09-23 22:00:00'), Timestamp('2025-09-23 22:00:00'))_k
dxWithMx._V3_AGSNVEC: ('STAT', 'KNOT~*~*~*~H', Timestamp('2025-09-23 22:00:00'), Timestamp('2025-09-23 22:00:00'))_k
dxWithMx._V3_AGSNVEC: ('STAT', 'KNOT~*~*~*~T', Timestamp('2025-09-23 22:00:00'), Timestamp('2025-09-23 22:00:00'))_k
dxWithMx._V3_AGSNVEC: ('STAT', 'KNOT~*~*~*~RHO', Timestamp('2025-09-23 22:00:00'), Timestamp('2025-09-23 22:00:00'))_k
dxWithMx._V3_AGSNVEC: QMAVAbs
dxWithMx._V3_AGSNVEC: VAVAbs
dxWithMx._V3_AGSNVEC: PHRAbs
dxWithMx._V3_AGSNVEC: JVAbs
dxWithMx._V3_AGSNVEC: LAMBDA
dxWithMx._V3_AGSNVEC: IptIdx
dxWithMx._V3_AGSNVEC: SVEC
dxWithMx._V3_AGSNVEC: IptIdxAsNo
dxWithMx._V3_AGSNVEC: ZVEC
dxWithMx._V3_AGSNVEC_addNewCols: Start.
dxWithMx._V3_AGSNVEC_addNewCols: Exception: Line: 2186: <class 'KeyError'>: "None of [Index(['('TMIN', 'KNOT~*~*~*~T', Timestamp('2025-09-23 22:00:00'), Timestamp('2025-09-23 22:00:00'))_n', ('TMIN', 'ROHR~*~*~*~TVEC', 2025-09-23 22:00:00, 2025-09-23 22:00:00)], dtype='object')] are in the [columns]"
dxWithMx._V3_AGSNVEC_addNewCols: colNameNewFlat:T_n_min: Spaltenpaare NCHT extrahiert:
dxWithMx._V3_AGSNVEC_addNewCols: referencing ('TMIN', 'KNOT~*~*~*~T', Timestamp('2025-09-23 22:00:00'), Timestamp('2025-09-23 22:00:00'))_n and ('TMIN', 'ROHR~*~*~*~TVEC', Timestamp('2025-09-23 22:00:00'), Timestamp('2025-09-23 22:00:00')) FAILED
dxWithMx._V3_AGSNVEC_addNewCols: Exception: Line: 2186: <class 'KeyError'>: "None of [Index(['('TMAX', 'KNOT~*~*~*~T', Timestamp('2025-09-23 22:00:00'), Timestamp('2025-09-23 22:00:00'))_n', ('TMAX', 'ROHR~*~*~*~TVEC', 2025-09-23 22:00:00, 2025-09-23 22:00:00)], dtype='object')] are in the [columns]"
dxWithMx._V3_AGSNVEC_addNewCols: colNameNewFlat:T_n_max: Spaltenpaare NCHT extrahiert:
dxWithMx._V3_AGSNVEC_addNewCols: referencing ('TMAX', 'KNOT~*~*~*~T', Timestamp('2025-09-23 22:00:00'), Timestamp('2025-09-23 22:00:00'))_n and ('TMAX', 'ROHR~*~*~*~TVEC', Timestamp('2025-09-23 22:00:00'), Timestamp('2025-09-23 22:00:00')) FAILED
dxWithMx._V3_AGSNVEC_addNewCols: Exception: Line: 2186: <class 'KeyError'>: "None of [Index(['('TIME', 'KNOT~*~*~*~T', Timestamp('2025-09-23 22:00:00'), Timestamp('2025-09-23 22:00:00'))_n', ('TIME', 'ROHR~*~*~*~TVEC', 2025-09-23 22:00:00, 2025-09-23 22:00:00)], dtype='object')] are in the [columns]"
dxWithMx._V3_AGSNVEC_addNewCols: colNameNewFlat:T_n_end: Spaltenpaare NCHT extrahiert:
dxWithMx._V3_AGSNVEC_addNewCols: referencing ('TIME', 'KNOT~*~*~*~T', Timestamp('2025-09-23 22:00:00'), Timestamp('2025-09-23 22:00:00'))_n and ('TIME', 'ROHR~*~*~*~TVEC', Timestamp('2025-09-23 22:00:00'), Timestamp('2025-09-23 22:00:00')) FAILED
dxWithMx._V3_AGSNVEC_addNewCols: Exception: Line: 2186: <class 'KeyError'>: "None of [Index(['('TMIN', 'KNOT~*~*~*~PH', Timestamp('2025-09-23 22:00:00'), Timestamp('2025-09-23 22:00:00'))_n', ('TMIN', 'manPVEC', 2025-09-23 22:00:00, 2025-09-23 22:00:00)], dtype='object')] are in the [columns]"
dxWithMx._V3_AGSNVEC_addNewCols: colNameNewFlat:PH_n_min: Spaltenpaare NCHT extrahiert:
dxWithMx._V3_AGSNVEC_addNewCols: referencing ('TMIN', 'KNOT~*~*~*~PH', Timestamp('2025-09-23 22:00:00'), Timestamp('2025-09-23 22:00:00'))_n and ('TMIN', 'manPVEC', Timestamp('2025-09-23 22:00:00'), Timestamp('2025-09-23 22:00:00')) FAILED
dxWithMx._V3_AGSNVEC_addNewCols: Exception: Line: 2186: <class 'KeyError'>: "None of [Index(['('TMAX', 'KNOT~*~*~*~PH', Timestamp('2025-09-23 22:00:00'), Timestamp('2025-09-23 22:00:00'))_n', ('TMAX', 'manPVEC', 2025-09-23 22:00:00, 2025-09-23 22:00:00)], dtype='object')] are in the [columns]"
dxWithMx._V3_AGSNVEC_addNewCols: colNameNewFlat:PH_n_max: Spaltenpaare NCHT extrahiert:
dxWithMx._V3_AGSNVEC_addNewCols: referencing ('TMAX', 'KNOT~*~*~*~PH', Timestamp('2025-09-23 22:00:00'), Timestamp('2025-09-23 22:00:00'))_n and ('TMAX', 'manPVEC', Timestamp('2025-09-23 22:00:00'), Timestamp('2025-09-23 22:00:00')) FAILED
dxWithMx._V3_AGSNVEC_addNewCols: Exception: Line: 2186: <class 'KeyError'>: "None of [Index(['('TIME', 'KNOT~*~*~*~PH', Timestamp('2025-09-23 22:00:00'), Timestamp('2025-09-23 22:00:00'))_n', ('TIME', 'manPVEC', 2025-09-23 22:00:00, 2025-09-23 22:00:00)], dtype='object')] are in the [columns]"
dxWithMx._V3_AGSNVEC_addNewCols: colNameNewFlat:PH_n_end: Spaltenpaare NCHT extrahiert:
dxWithMx._V3_AGSNVEC_addNewCols: referencing ('TIME', 'KNOT~*~*~*~PH', Timestamp('2025-09-23 22:00:00'), Timestamp('2025-09-23 22:00:00'))_n and ('TIME', 'manPVEC', Timestamp('2025-09-23 22:00:00'), Timestamp('2025-09-23 22:00:00')) FAILED
dxWithMx._V3_AGSNVEC_addNewCols: Exception: Line: 2186: <class 'KeyError'>: "None of [Index(['('TMIN', 'mlc', Timestamp('2025-09-23 22:00:00'), Timestamp('2025-09-23 22:00:00'))_n', ('TMIN', 'mlcPVEC', 2025-09-23 22:00:00, 2025-09-23 22:00:00)], dtype='object')] are in the [columns]"
dxWithMx._V3_AGSNVEC_addNewCols: colNameNewFlat:mlc_n_min: Spaltenpaare NCHT extrahiert:
dxWithMx._V3_AGSNVEC_addNewCols: referencing ('TMIN', 'mlc', Timestamp('2025-09-23 22:00:00'), Timestamp('2025-09-23 22:00:00'))_n and ('TMIN', 'mlcPVEC', Timestamp('2025-09-23 22:00:00'), Timestamp('2025-09-23 22:00:00')) FAILED
dxWithMx._V3_AGSNVEC_addNewCols: Exception: Line: 2186: <class 'KeyError'>: "None of [Index(['('TMAX', 'mlc', Timestamp('2025-09-23 22:00:00'), Timestamp('2025-09-23 22:00:00'))_n', ('TMAX', 'mlcPVEC', 2025-09-23 22:00:00, 2025-09-23 22:00:00)], dtype='object')] are in the [columns]"
dxWithMx._V3_AGSNVEC_addNewCols: colNameNewFlat:mlc_n_max: Spaltenpaare NCHT extrahiert:
dxWithMx._V3_AGSNVEC_addNewCols: referencing ('TMAX', 'mlc', Timestamp('2025-09-23 22:00:00'), Timestamp('2025-09-23 22:00:00'))_n and ('TMAX', 'mlcPVEC', Timestamp('2025-09-23 22:00:00'), Timestamp('2025-09-23 22:00:00')) FAILED
dxWithMx._V3_AGSNVEC_addNewCols: Exception: Line: 2186: <class 'KeyError'>: "None of [Index(['('TIME', 'mlc', Timestamp('2025-09-23 22:00:00'), Timestamp('2025-09-23 22:00:00'))_n', ('TIME', 'mlcPVEC', 2025-09-23 22:00:00, 2025-09-23 22:00:00)], dtype='object')] are in the [columns]"
dxWithMx._V3_AGSNVEC_addNewCols: colNameNewFlat:mlc_n_end: Spaltenpaare NCHT extrahiert:
dxWithMx._V3_AGSNVEC_addNewCols: referencing ('TIME', 'mlc', Timestamp('2025-09-23 22:00:00'), Timestamp('2025-09-23 22:00:00'))_n and ('TIME', 'mlcPVEC', Timestamp('2025-09-23 22:00:00'), Timestamp('2025-09-23 22:00:00')) FAILED
dxWithMx._V3_AGSNVEC_addNewCols: Exception: Line: 2186: <class 'KeyError'>: "None of [Index(['('TMIN', 'H', Timestamp('2025-09-23 22:00:00'), Timestamp('2025-09-23 22:00:00'))_n', ('TMIN', 'barBzgPVEC', 2025-09-23 22:00:00, 2025-09-23 22:00:00)], dtype='object')] are in the [columns]"
dxWithMx._V3_AGSNVEC_addNewCols: colNameNewFlat:H_n_min: Spaltenpaare NCHT extrahiert:
dxWithMx._V3_AGSNVEC_addNewCols: referencing ('TMIN', 'H', Timestamp('2025-09-23 22:00:00'), Timestamp('2025-09-23 22:00:00'))_n and ('TMIN', 'barBzgPVEC', Timestamp('2025-09-23 22:00:00'), Timestamp('2025-09-23 22:00:00')) FAILED
dxWithMx._V3_AGSNVEC_addNewCols: Exception: Line: 2186: <class 'KeyError'>: "None of [Index(['('TMAX', 'H', Timestamp('2025-09-23 22:00:00'), Timestamp('2025-09-23 22:00:00'))_n', ('TMAX', 'barBzgPVEC', 2025-09-23 22:00:00, 2025-09-23 22:00:00)], dtype='object')] are in the [columns]"
dxWithMx._V3_AGSNVEC_addNewCols: colNameNewFlat:H_n_max: Spaltenpaare NCHT extrahiert:
dxWithMx._V3_AGSNVEC_addNewCols: referencing ('TMAX', 'H', Timestamp('2025-09-23 22:00:00'), Timestamp('2025-09-23 22:00:00'))_n and ('TMAX', 'barBzgPVEC', Timestamp('2025-09-23 22:00:00'), Timestamp('2025-09-23 22:00:00')) FAILED
dxWithMx._V3_AGSNVEC_addNewCols: Exception: Line: 2186: <class 'KeyError'>: "None of [Index(['('TIME', 'H', Timestamp('2025-09-23 22:00:00'), Timestamp('2025-09-23 22:00:00'))_n', ('TIME', 'barBzgPVEC', 2025-09-23 22:00:00, 2025-09-23 22:00:00)], dtype='object')] are in the [columns]"
dxWithMx._V3_AGSNVEC_addNewCols: colNameNewFlat:H_n_end: Spaltenpaare NCHT extrahiert:
dxWithMx._V3_AGSNVEC_addNewCols: referencing ('TIME', 'H', Timestamp('2025-09-23 22:00:00'), Timestamp('2025-09-23 22:00:00'))_n and ('TIME', 'barBzgPVEC', Timestamp('2025-09-23 22:00:00'), Timestamp('2025-09-23 22:00:00')) FAILED
dxWithMx._V3_AGSNVEC_addNewCols: Exception: Line: 2186: <class 'KeyError'>: "None of [Index(['('TMIN', 'QM', Timestamp('2025-09-23 22:00:00'), Timestamp('2025-09-23 22:00:00'))', ('TMIN', 'tMVEC', 2025-09-23 22:00:00, 2025-09-23 22:00:00)], dtype='object')] are in the [columns]"
dxWithMx._V3_AGSNVEC_addNewCols: colNameNewFlat:QM_min: Spaltenpaare NCHT extrahiert:
dxWithMx._V3_AGSNVEC_addNewCols: referencing ('TMIN', 'QM', Timestamp('2025-09-23 22:00:00'), Timestamp('2025-09-23 22:00:00')) and ('TMIN', 'tMVEC', Timestamp('2025-09-23 22:00:00'), Timestamp('2025-09-23 22:00:00')) FAILED
dxWithMx._V3_AGSNVEC_addNewCols: Exception: Line: 2186: <class 'KeyError'>: "None of [Index(['('TMAX', 'QM', Timestamp('2025-09-23 22:00:00'), Timestamp('2025-09-23 22:00:00'))', ('TMAX', 'tMVEC', 2025-09-23 22:00:00, 2025-09-23 22:00:00)], dtype='object')] are in the [columns]"
dxWithMx._V3_AGSNVEC_addNewCols: colNameNewFlat:QM_max: Spaltenpaare NCHT extrahiert:
dxWithMx._V3_AGSNVEC_addNewCols: referencing ('TMAX', 'QM', Timestamp('2025-09-23 22:00:00'), Timestamp('2025-09-23 22:00:00')) and ('TMAX', 'tMVEC', Timestamp('2025-09-23 22:00:00'), Timestamp('2025-09-23 22:00:00')) FAILED
dxWithMx._V3_AGSNVEC_addNewCols: Exception: Line: 2186: <class 'KeyError'>: "None of [Index(['('TIME', 'QM', Timestamp('2025-09-23 22:00:00'), Timestamp('2025-09-23 22:00:00'))', ('TIME', 'tMVEC', 2025-09-23 22:00:00, 2025-09-23 22:00:00)], dtype='object')] are in the [columns]"
dxWithMx._V3_AGSNVEC_addNewCols: colNameNewFlat:QM_end: Spaltenpaare NCHT extrahiert:
dxWithMx._V3_AGSNVEC_addNewCols: referencing ('TIME', 'QM', Timestamp('2025-09-23 22:00:00'), Timestamp('2025-09-23 22:00:00')) and ('TIME', 'tMVEC', Timestamp('2025-09-23 22:00:00'), Timestamp('2025-09-23 22:00:00')) FAILED
dxWithMx._V3_AGSNVEC_addNewCols: _Done.
dxWithMx._V3_AGSNVEC: Starting to filter columns based on timestamps.
dxWithMx._V3_AGSNVEC: Unique timestamps sorted: []
dxWithMx._V3_AGSNVEC: tuple-cols:
dxWithMx._V3_AGSNVEC: ('STAT', 'ROHR~*~*~*~ETAAV', Timestamp('2025-09-23 22:00:00'), Timestamp('2025-09-23 22:00:00'))
dxWithMx._V3_AGSNVEC: ('STAT', 'ROHR~*~*~*~IAKTIV', Timestamp('2025-09-23 22:00:00'), Timestamp('2025-09-23 22:00:00'))
dxWithMx._V3_AGSNVEC: ('STAT', 'ROHR~*~*~*~IRTRENN', Timestamp('2025-09-23 22:00:00'), Timestamp('2025-09-23 22:00:00'))
dxWithMx._V3_AGSNVEC: ('STAT', 'ROHR~*~*~*~JV', Timestamp('2025-09-23 22:00:00'), Timestamp('2025-09-23 22:00:00'))
dxWithMx._V3_AGSNVEC: ('STAT', 'ROHR~*~*~*~LAMBDA', Timestamp('2025-09-23 22:00:00'), Timestamp('2025-09-23 22:00:00'))
dxWithMx._V3_AGSNVEC: ('STAT', 'ROHR~*~*~*~LECKEINAUS', Timestamp('2025-09-23 22:00:00'), Timestamp('2025-09-23 22:00:00'))
dxWithMx._V3_AGSNVEC: ('STAT', 'ROHR~*~*~*~LECKMENGE', Timestamp('2025-09-23 22:00:00'), Timestamp('2025-09-23 22:00:00'))
dxWithMx._V3_AGSNVEC: ('STAT', 'ROHR~*~*~*~LECKORT', Timestamp('2025-09-23 22:00:00'), Timestamp('2025-09-23 22:00:00'))
dxWithMx._V3_AGSNVEC: ('STAT', 'ROHR~*~*~*~PDAMPF', Timestamp('2025-09-23 22:00:00'), Timestamp('2025-09-23 22:00:00'))
dxWithMx._V3_AGSNVEC: ('STAT', 'ROHR~*~*~*~PHR', Timestamp('2025-09-23 22:00:00'), Timestamp('2025-09-23 22:00:00'))
dxWithMx._V3_AGSNVEC: ('STAT', 'ROHR~*~*~*~PMIN', Timestamp('2025-09-23 22:00:00'), Timestamp('2025-09-23 22:00:00'))
dxWithMx._V3_AGSNVEC: ('STAT', 'ROHR~*~*~*~QI2', Timestamp('2025-09-23 22:00:00'), Timestamp('2025-09-23 22:00:00'))
dxWithMx._V3_AGSNVEC: ('STAT', 'ROHR~*~*~*~QK2', Timestamp('2025-09-23 22:00:00'), Timestamp('2025-09-23 22:00:00'))
dxWithMx._V3_AGSNVEC: ('STAT', 'ROHR~*~*~*~QMAV', Timestamp('2025-09-23 22:00:00'), Timestamp('2025-09-23 22:00:00'))
dxWithMx._V3_AGSNVEC: ('STAT', 'ROHR~*~*~*~QMI', Timestamp('2025-09-23 22:00:00'), Timestamp('2025-09-23 22:00:00'))
dxWithMx._V3_AGSNVEC: ('STAT', 'ROHR~*~*~*~QMK', Timestamp('2025-09-23 22:00:00'), Timestamp('2025-09-23 22:00:00'))
dxWithMx._V3_AGSNVEC: ('STAT', 'ROHR~*~*~*~RHOAV', Timestamp('2025-09-23 22:00:00'), Timestamp('2025-09-23 22:00:00'))
dxWithMx._V3_AGSNVEC: ('STAT', 'ROHR~*~*~*~VAV', Timestamp('2025-09-23 22:00:00'), Timestamp('2025-09-23 22:00:00'))
dxWithMx._V3_AGSNVEC: ('STAT', 'ROHR~*~*~*~VI', Timestamp('2025-09-23 22:00:00'), Timestamp('2025-09-23 22:00:00'))
dxWithMx._V3_AGSNVEC: ('STAT', 'ROHR~*~*~*~VK', Timestamp('2025-09-23 22:00:00'), Timestamp('2025-09-23 22:00:00'))
dxWithMx._V3_AGSNVEC: ('STAT', 'ROHR~*~*~*~VOLDA', Timestamp('2025-09-23 22:00:00'), Timestamp('2025-09-23 22:00:00'))
dxWithMx._V3_AGSNVEC: ('STAT', 'ROHR~*~*~*~WVL', Timestamp('2025-09-23 22:00:00'), Timestamp('2025-09-23 22:00:00'))
dxWithMx._V3_AGSNVEC: ('STAT', 'ROHR~*~*~*~MVEC', Timestamp('2025-09-23 22:00:00'), Timestamp('2025-09-23 22:00:00'))
dxWithMx._V3_AGSNVEC: ('STAT', 'ROHR~*~*~*~PVEC', Timestamp('2025-09-23 22:00:00'), Timestamp('2025-09-23 22:00:00'))
dxWithMx._V3_AGSNVEC: ('STAT', 'ROHR~*~*~*~PVECMAX_INST', Timestamp('2025-09-23 22:00:00'), Timestamp('2025-09-23 22:00:00'))
dxWithMx._V3_AGSNVEC: ('STAT', 'ROHR~*~*~*~PVECMIN_INST', Timestamp('2025-09-23 22:00:00'), Timestamp('2025-09-23 22:00:00'))
dxWithMx._V3_AGSNVEC: ('STAT', 'ROHR~*~*~*~RHOVEC', Timestamp('2025-09-23 22:00:00'), Timestamp('2025-09-23 22:00:00'))
dxWithMx._V3_AGSNVEC: ('STAT', 'ROHR~*~*~*~TVEC', Timestamp('2025-09-23 22:00:00'), Timestamp('2025-09-23 22:00:00'))
dxWithMx._V3_AGSNVEC: ('STAT', 'manPVEC', Timestamp('2025-09-23 22:00:00'), Timestamp('2025-09-23 22:00:00'))
dxWithMx._V3_AGSNVEC: ('STAT', 'mlcPVEC', Timestamp('2025-09-23 22:00:00'), Timestamp('2025-09-23 22:00:00'))
dxWithMx._V3_AGSNVEC: ('STAT', 'barBzgPVEC', Timestamp('2025-09-23 22:00:00'), Timestamp('2025-09-23 22:00:00'))
dxWithMx._V3_AGSNVEC: ('STAT', 'manPVECMAX_INST', Timestamp('2025-09-23 22:00:00'), Timestamp('2025-09-23 22:00:00'))
dxWithMx._V3_AGSNVEC: ('STAT', 'mlcPVECMAX_INST', Timestamp('2025-09-23 22:00:00'), Timestamp('2025-09-23 22:00:00'))
dxWithMx._V3_AGSNVEC: ('STAT', 'barBzgPVECMAX_INST', Timestamp('2025-09-23 22:00:00'), Timestamp('2025-09-23 22:00:00'))
dxWithMx._V3_AGSNVEC: ('STAT', 'manPVECMIN_INST', Timestamp('2025-09-23 22:00:00'), Timestamp('2025-09-23 22:00:00'))
dxWithMx._V3_AGSNVEC: ('STAT', 'mlcPVECMIN_INST', Timestamp('2025-09-23 22:00:00'), Timestamp('2025-09-23 22:00:00'))
dxWithMx._V3_AGSNVEC: ('STAT', 'barBzgPVECMIN_INST', Timestamp('2025-09-23 22:00:00'), Timestamp('2025-09-23 22:00:00'))
dxWithMx._V3_AGSNVEC: ('STAT', 'QMVEC', Timestamp('2025-09-23 22:00:00'), Timestamp('2025-09-23 22:00:00'))
dxWithMx._V3_AGSNVEC: ('STAT', 'tMVEC', Timestamp('2025-09-23 22:00:00'), Timestamp('2025-09-23 22:00:00'))
dxWithMx._V3_AGSNVEC: str-cols:
dxWithMx._V3_AGSNVEC: Pos
dxWithMx._V3_AGSNVEC: pk
dxWithMx._V3_AGSNVEC: tk
dxWithMx._V3_AGSNVEC: LFDNR
dxWithMx._V3_AGSNVEC: NAME
dxWithMx._V3_AGSNVEC: XL
dxWithMx._V3_AGSNVEC: compNr
dxWithMx._V3_AGSNVEC: nextNODE
dxWithMx._V3_AGSNVEC: OBJTYPE
dxWithMx._V3_AGSNVEC: OBJID
dxWithMx._V3_AGSNVEC: L
dxWithMx._V3_AGSNVEC: DN
dxWithMx._V3_AGSNVEC: Am2
dxWithMx._V3_AGSNVEC: Vm3
dxWithMx._V3_AGSNVEC: NAME_CONT
dxWithMx._V3_AGSNVEC: NAME_i
dxWithMx._V3_AGSNVEC: NAME_k
dxWithMx._V3_AGSNVEC: ZKOR_n
dxWithMx._V3_AGSNVEC: BESCHREIBUNG_n
dxWithMx._V3_AGSNVEC: KVR_n
dxWithMx._V3_AGSNVEC: LSum
dxWithMx._V3_AGSNVEC: direction
dxWithMx._V3_AGSNVEC: ('STAT', 'QM', Timestamp('2025-09-23 22:00:00'), Timestamp('2025-09-23 22:00:00'))
dxWithMx._V3_AGSNVEC: QM
dxWithMx._V3_AGSNVEC: ('STAT', 'KNOT~*~*~*~PH', Timestamp('2025-09-23 22:00:00'), Timestamp('2025-09-23 22:00:00'))_n
dxWithMx._V3_AGSNVEC: ('STAT', 'KNOT~*~*~*~H', Timestamp('2025-09-23 22:00:00'), Timestamp('2025-09-23 22:00:00'))_n
dxWithMx._V3_AGSNVEC: ('STAT', 'KNOT~*~*~*~T', Timestamp('2025-09-23 22:00:00'), Timestamp('2025-09-23 22:00:00'))_n
dxWithMx._V3_AGSNVEC: ('STAT', 'KNOT~*~*~*~RHO', Timestamp('2025-09-23 22:00:00'), Timestamp('2025-09-23 22:00:00'))_n
dxWithMx._V3_AGSNVEC: PH_n
dxWithMx._V3_AGSNVEC: T_n
dxWithMx._V3_AGSNVEC: H_n
dxWithMx._V3_AGSNVEC: RHO_n
dxWithMx._V3_AGSNVEC: mlc_n
dxWithMx._V3_AGSNVEC: ('STAT', 'mlc', Timestamp('2025-09-23 22:00:00'), Timestamp('2025-09-23 22:00:00'))_n
dxWithMx._V3_AGSNVEC: pk_ROHRVEC
dxWithMx._V3_AGSNVEC: fkDE
dxWithMx._V3_AGSNVEC: rk
dxWithMx._V3_AGSNVEC: tk_ROHRVEC
dxWithMx._V3_AGSNVEC: fkKI
dxWithMx._V3_AGSNVEC: fkKK
dxWithMx._V3_AGSNVEC: fkDTRO_ROWD
dxWithMx._V3_AGSNVEC: fkLTGR
dxWithMx._V3_AGSNVEC: fkSTRASSE
dxWithMx._V3_AGSNVEC: L_ROHRVEC
dxWithMx._V3_AGSNVEC: LZU
dxWithMx._V3_AGSNVEC: RAU
dxWithMx._V3_AGSNVEC: JLAMBS
dxWithMx._V3_AGSNVEC: LAMBDA0
dxWithMx._V3_AGSNVEC: ZEIN
dxWithMx._V3_AGSNVEC: ZAUS
dxWithMx._V3_AGSNVEC: ZUML
dxWithMx._V3_AGSNVEC: ASOLL
dxWithMx._V3_AGSNVEC: INDSCHALL
dxWithMx._V3_AGSNVEC: BAUJAHR
dxWithMx._V3_AGSNVEC: HAL
dxWithMx._V3_AGSNVEC: fkCONT
dxWithMx._V3_AGSNVEC: fk2LROHR
dxWithMx._V3_AGSNVEC: BESCHREIBUNG
dxWithMx._V3_AGSNVEC: GEOMWKB
dxWithMx._V3_AGSNVEC: DELETED
dxWithMx._V3_AGSNVEC: SELECT1
dxWithMx._V3_AGSNVEC: IDREFERENZ
dxWithMx._V3_AGSNVEC: KENNUNG
dxWithMx._V3_AGSNVEC: IPLANUNG
dxWithMx._V3_AGSNVEC: KVR
dxWithMx._V3_AGSNVEC: pk_BZ
dxWithMx._V3_AGSNVEC: fkDE_BZ
dxWithMx._V3_AGSNVEC: fk
dxWithMx._V3_AGSNVEC: QSVB
dxWithMx._V3_AGSNVEC: IRTRENN
dxWithMx._V3_AGSNVEC: LECKSTATUS
dxWithMx._V3_AGSNVEC: LECKSTART
dxWithMx._V3_AGSNVEC: LECKEND
dxWithMx._V3_AGSNVEC: LECKORT
dxWithMx._V3_AGSNVEC: LECKMENGE
dxWithMx._V3_AGSNVEC: IMPTNZ
dxWithMx._V3_AGSNVEC: ZVLIMPTNZ
dxWithMx._V3_AGSNVEC: KANTENZV
dxWithMx._V3_AGSNVEC: GEOM
dxWithMx._V3_AGSNVEC: GRAF
dxWithMx._V3_AGSNVEC: MId
dxWithMx._V3_AGSNVEC: MText
dxWithMx._V3_AGSNVEC: Basis
dxWithMx._V3_AGSNVEC: Variante
dxWithMx._V3_AGSNVEC: BZ
dxWithMx._V3_AGSNVEC: Geaendert
dxWithMx._V3_AGSNVEC: Erstellt
dxWithMx._V3_AGSNVEC: pk_VMBZ
dxWithMx._V3_AGSNVEC: fkBASIS
dxWithMx._V3_AGSNVEC: fkVARIANTE
dxWithMx._V3_AGSNVEC: fkBZ
dxWithMx._V3_AGSNVEC: MZ
dxWithMx._V3_AGSNVEC: MT
dxWithMx._V3_AGSNVEC: pk_CONT
dxWithMx._V3_AGSNVEC: fkDE_CONT
dxWithMx._V3_AGSNVEC: rk_CONT
dxWithMx._V3_AGSNVEC: tk_CONT
dxWithMx._V3_AGSNVEC: ID_CONT
dxWithMx._V3_AGSNVEC: NAME_CONT_ROHRVEC
dxWithMx._V3_AGSNVEC: IDPARENT_CONT
dxWithMx._V3_AGSNVEC: rkPARENT_CONT
dxWithMx._V3_AGSNVEC: LFDNR_CONT
dxWithMx._V3_AGSNVEC: GRAF_CONT
dxWithMx._V3_AGSNVEC: FONT_CONT
dxWithMx._V3_AGSNVEC: GEOM_CONT
dxWithMx._V3_AGSNVEC: DELETED_CONT
dxWithMx._V3_AGSNVEC: SELECT1_CONT
dxWithMx._V3_AGSNVEC: IDREFERENZ_CONT
dxWithMx._V3_AGSNVEC: NAME_DTRO
dxWithMx._V3_AGSNVEC: DN_ROHRVEC
dxWithMx._V3_AGSNVEC: DI
dxWithMx._V3_AGSNVEC: DA
dxWithMx._V3_AGSNVEC: S
dxWithMx._V3_AGSNVEC: KT
dxWithMx._V3_AGSNVEC: PN
dxWithMx._V3_AGSNVEC: Am2_ROHRVEC
dxWithMx._V3_AGSNVEC: Vm3_ROHRVEC
dxWithMx._V3_AGSNVEC: NAME_LTGR
dxWithMx._V3_AGSNVEC: NAME_STRASSE
dxWithMx._V3_AGSNVEC: tk_i
dxWithMx._V3_AGSNVEC: NAME_i_ROHRVEC
dxWithMx._V3_AGSNVEC: tk_k
dxWithMx._V3_AGSNVEC: NAME_k_ROHRVEC
dxWithMx._V3_AGSNVEC: mx2NofPts
dxWithMx._V3_AGSNVEC: dL
dxWithMx._V3_AGSNVEC: mx2Idx
dxWithMx._V3_AGSNVEC: ('STAT', 'KNOT~*~*~*~PH', Timestamp('2025-09-23 22:00:00'), Timestamp('2025-09-23 22:00:00'))_i
dxWithMx._V3_AGSNVEC: ('STAT', 'KNOT~*~*~*~H', Timestamp('2025-09-23 22:00:00'), Timestamp('2025-09-23 22:00:00'))_i
dxWithMx._V3_AGSNVEC: ('STAT', 'KNOT~*~*~*~T', Timestamp('2025-09-23 22:00:00'), Timestamp('2025-09-23 22:00:00'))_i
dxWithMx._V3_AGSNVEC: ('STAT', 'KNOT~*~*~*~RHO', Timestamp('2025-09-23 22:00:00'), Timestamp('2025-09-23 22:00:00'))_i
dxWithMx._V3_AGSNVEC: ('STAT', 'KNOT~*~*~*~PH', Timestamp('2025-09-23 22:00:00'), Timestamp('2025-09-23 22:00:00'))_k
dxWithMx._V3_AGSNVEC: ('STAT', 'KNOT~*~*~*~H', Timestamp('2025-09-23 22:00:00'), Timestamp('2025-09-23 22:00:00'))_k
dxWithMx._V3_AGSNVEC: ('STAT', 'KNOT~*~*~*~T', Timestamp('2025-09-23 22:00:00'), Timestamp('2025-09-23 22:00:00'))_k
dxWithMx._V3_AGSNVEC: ('STAT', 'KNOT~*~*~*~RHO', Timestamp('2025-09-23 22:00:00'), Timestamp('2025-09-23 22:00:00'))_k
dxWithMx._V3_AGSNVEC: QMAVAbs
dxWithMx._V3_AGSNVEC: VAVAbs
dxWithMx._V3_AGSNVEC: PHRAbs
dxWithMx._V3_AGSNVEC: JVAbs
dxWithMx._V3_AGSNVEC: LAMBDA
dxWithMx._V3_AGSNVEC: IptIdx
dxWithMx._V3_AGSNVEC: SVEC
dxWithMx._V3_AGSNVEC: IptIdxAsNo
dxWithMx._V3_AGSNVEC: ZVEC
dxWithMx._V3_AGSNVEC: _Done.
dxWithMx.__init__: _Done.
PT3S.dxAndMxHelperFcts.readDxAndMx: _Done.
